==============================================================
Vitis HLS - High-Level Synthesis from C, C++ and OpenCL v2024.1 (64-bit)
Tool Version Limit: 2024.05
Copyright 1986-2022 Xilinx, Inc. All Rights Reserved.
Copyright 2022-2024 Advanced Micro Devices, Inc. All Rights Reserved.

==============================================================
INFO: [HLS 200-1505] Using default flow_target 'vivado'
INFO: [HLS 200-1510] Running: config_array_partition -maximum_size 4096 
ERROR: [HLS 200-101] config_array_partition: Unknown option '-maximum_size'.
ERROR: [HLS 200-101] config_array_partition: Unknown option '4096'.
INFO: [HLS 200-1510] Running: config_compile -name_max_length 80 
INFO: [XFORM 203-1161] The maximum of name length is set to 80.
INFO: [HLS 200-1510] Running: set_part xcvu13p-flga2577-2-e 
ERROR: [HLS 200-1023] Part 'xcvu13p-flga2577-2-e' is not installed.
==============================================================
Vitis HLS - High-Level Synthesis from C, C++ and OpenCL v2024.1 (64-bit)
Tool Version Limit: 2024.05
Copyright 1986-2022 Xilinx, Inc. All Rights Reserved.
Copyright 2022-2024 Advanced Micro Devices, Inc. All Rights Reserved.

==============================================================
INFO: [HLS 200-1505] Using flow_target 'vivado'
INFO: [HLS 200-1464] Running solution command: config_compile -name_max_length=80
INFO: [XFORM 203-1161] The maximum of name length is set to 80.
INFO: [HLS 200-1510] Running: config_array_partition -maximum_size 4096 
ERROR: [HLS 200-101] config_array_partition: Unknown option '-maximum_size'.
ERROR: [HLS 200-101] config_array_partition: Unknown option '4096'.
INFO: [HLS 200-1510] Running: config_compile -name_max_length 80 
INFO: [XFORM 203-1161] The maximum of name length is set to 80.
INFO: [HLS 200-1510] Running: set_part xcvu13p-flga2577-2-e 
ERROR: [HLS 200-1023] Part 'xcvu13p-flga2577-2-e' is not installed.
==============================================================
Vitis HLS - High-Level Synthesis from C, C++ and OpenCL v2024.1 (64-bit)
Tool Version Limit: 2024.05
Copyright 1986-2022 Xilinx, Inc. All Rights Reserved.
Copyright 2022-2024 Advanced Micro Devices, Inc. All Rights Reserved.

==============================================================
INFO: [HLS 200-1505] Using flow_target 'vivado'
INFO: [HLS 200-1464] Running solution command: config_compile -name_max_length=80
INFO: [XFORM 203-1161] The maximum of name length is set to 80.
INFO: [HLS 200-1510] Running: config_array_partition -maximum_size 4096 
ERROR: [HLS 200-101] config_array_partition: Unknown option '-maximum_size'.
ERROR: [HLS 200-101] config_array_partition: Unknown option '4096'.
INFO: [HLS 200-1510] Running: config_compile -name_max_length 80 
INFO: [XFORM 203-1161] The maximum of name length is set to 80.
INFO: [HLS 200-1510] Running: set_part xcvu47p-fsvh2892-2-e 
INFO: [HLS 200-1611] Setting target device to 'xcvu47p-fsvh2892-2-e'
INFO: [XFORM 203-1161] The maximum of name length is set to 80.
INFO: [HLS 200-1510] Running: config_schedule -enable_dsp_full_reg=false 
INFO: [HLS 200-1510] Running: create_clock -period 5 -name default 
INFO: [SYN 201-201] Setting up clock 'default' with a period of 5ns.
INFO: [HLS 200-1510] Running: set_clock_uncertainty 27% default 
INFO: [SYN 201-201] Setting up clock 'default' with an uncertainty of 1.35ns.
INFO: [HLS 200-1510] Running: csim_design 
INFO: [SIM 211-2] *************** CSIM start ***************
INFO: [SIM 211-4] CSIM will launch CLANG as the compiler.
INFO: [HLS 200-2036] Building debug C Simulation binaries
INFO: [SIM 211-1] CSim done with 0 errors.
INFO: [SIM 211-3] *************** CSIM finish ***************
INFO: [HLS 200-2161] Finished Command csim_design Elapsed time: 00:00:12; Allocated memory: 0.281 MB.
INFO: [HLS 200-1510] Running: csynth_design 
INFO: [HLS 200-111] Finished File checks and directory preparation: CPU user time: 0.11 seconds. CPU system time: 0.01 seconds. Elapsed time: 0.13 seconds; current allocated memory: 256.652 MB.
INFO: [HLS 200-10] Analyzing design file 'firmware/myproject.cpp' ... 
WARNING: [HLS 207-5538] 'Resource pragma' is deprecated, use 'bind_op/bind_storage pragma' instead (firmware/nnet_utils/nnet_dense_resource.h:33:9)
WARNING: [HLS 207-5538] 'Resource pragma' is deprecated, use 'bind_op/bind_storage pragma' instead (firmware/nnet_utils/nnet_dense_resource.h:107:9)
WARNING: [HLS 207-5538] 'Resource pragma' is deprecated, use 'bind_op/bind_storage pragma' instead (firmware/nnet_utils/nnet_dense_resource.h:189:9)
WARNING: [HLS 207-5292] unused parameter 'keep' (firmware/nnet_utils/nnet_helpers.h:285:99)
WARNING: [HLS 207-5292] unused parameter 'data' (firmware/nnet_utils/nnet_function_stubs.h:14:36)
WARNING: [HLS 207-5292] unused parameter 'buffer' (firmware/nnet_utils/nnet_function_stubs.h:15:36)
WARNING: [HLS 207-5292] unused parameter 'partition' (firmware/nnet_utils/nnet_function_stubs.h:16:44)
WARNING: [HLS 207-5292] unused parameter 'data' (firmware/nnet_utils/nnet_function_stubs.h:24:24)
WARNING: [HLS 207-5292] unused parameter 'buffer' (firmware/nnet_utils/nnet_function_stubs.h:25:24)
WARNING: [HLS 207-5292] unused parameter 'partition' (firmware/nnet_utils/nnet_function_stubs.h:26:32)
WARNING: [HLS 207-5292] unused parameter 'data' (firmware/nnet_utils/nnet_function_stubs.h:33:30)
WARNING: [HLS 207-5292] unused parameter 'res' (firmware/nnet_utils/nnet_function_stubs.h:33:58)
WARNING: [HLS 207-5292] unused parameter 'weights' (firmware/nnet_utils/nnet_function_stubs.h:34:51)
WARNING: [HLS 207-5292] unused parameter 'biases' (firmware/nnet_utils/nnet_function_stubs.h:35:49)
WARNING: [HLS 207-5292] unused parameter 'data' (firmware/nnet_utils/nnet_function_stubs.h:42:29)
WARNING: [HLS 207-5292] unused parameter 'res' (firmware/nnet_utils/nnet_function_stubs.h:42:80)
WARNING: [HLS 207-5292] unused parameter 'weights' (firmware/nnet_utils/nnet_function_stubs.h:43:50)
WARNING: [HLS 207-5292] unused parameter 'biases' (firmware/nnet_utils/nnet_function_stubs.h:44:48)
WARNING: [HLS 207-5292] unused parameter 'data' (firmware/nnet_utils/nnet_code_gen.h:16:39)
WARNING: [HLS 207-5292] unused parameter 'res' (firmware/nnet_utils/nnet_code_gen.h:17:38)
WARNING: [HLS 207-5292] unused parameter 'weights' (firmware/nnet_utils/nnet_code_gen.h:18:60)
WARNING: [HLS 207-5292] unused parameter 'biases' (firmware/nnet_utils/nnet_code_gen.h:19:58)
INFO: [HLS 200-111] Finished Source Code Analysis and Preprocessing: CPU user time: 11.81 seconds. CPU system time: 1.02 seconds. Elapsed time: 13.79 seconds; current allocated memory: 262.684 MB.
INFO: [HLS 200-777] Using interface defaults for 'Vivado' flow target.
INFO: [HLS 200-1995] There were 6,341 instructions in the design after the 'Compile/Link' phase of compilation. See the Design Size Report for more details: /home/ubuntu/hls4ml_tests/my_hls_prj/myproject_prj/solution1/syn/report/csynth_design_size.rpt
WARNING: [HLS 200-1995] There were 343,445 instructions in the design after the 'Unroll/Inline (step 1)' phase of compilation. See the Design Size Report for more details: /home/ubuntu/hls4ml_tests/my_hls_prj/myproject_prj/solution1/syn/report/csynth_design_size.rpt
WARNING: [HLS 200-1995] There were 244,000 instructions in the design after the 'Unroll/Inline (step 2)' phase of compilation. See the Design Size Report for more details: /home/ubuntu/hls4ml_tests/my_hls_prj/myproject_prj/solution1/syn/report/csynth_design_size.rpt
WARNING: [HLS 200-1995] There were 237,767 instructions in the design after the 'Unroll/Inline (step 3)' phase of compilation. See the Design Size Report for more details: /home/ubuntu/hls4ml_tests/my_hls_prj/myproject_prj/solution1/syn/report/csynth_design_size.rpt
WARNING: [HLS 200-1995] There were 217,157 instructions in the design after the 'Unroll/Inline (step 4)' phase of compilation. See the Design Size Report for more details: /home/ubuntu/hls4ml_tests/my_hls_prj/myproject_prj/solution1/syn/report/csynth_design_size.rpt
WARNING: [HLS 200-1995] There were 215,049 instructions in the design after the 'Array/Struct' phase of compilation. See the Design Size Report for more details: /home/ubuntu/hls4ml_tests/my_hls_prj/myproject_prj/solution1/syn/report/csynth_design_size.rpt
WARNING: [HLS 200-1995] There were 215,049 instructions in the design after the 'Array/Struct (step 2)' phase of compilation. See the Design Size Report for more details: /home/ubuntu/hls4ml_tests/my_hls_prj/myproject_prj/solution1/syn/report/csynth_design_size.rpt
WARNING: [HLS 200-1995] There were 215,049 instructions in the design after the 'Array/Struct (step 3)' phase of compilation. See the Design Size Report for more details: /home/ubuntu/hls4ml_tests/my_hls_prj/myproject_prj/solution1/syn/report/csynth_design_size.rpt
WARNING: [HLS 200-1995] There were 215,081 instructions in the design after the 'Array/Struct (step 4)' phase of compilation. See the Design Size Report for more details: /home/ubuntu/hls4ml_tests/my_hls_prj/myproject_prj/solution1/syn/report/csynth_design_size.rpt
WARNING: [HLS 200-1995] There were 215,033 instructions in the design after the 'Array/Struct (step 5)' phase of compilation. See the Design Size Report for more details: /home/ubuntu/hls4ml_tests/my_hls_prj/myproject_prj/solution1/syn/report/csynth_design_size.rpt
WARNING: [HLS 200-1995] There were 215,033 instructions in the design after the 'Performance' phase of compilation. See the Design Size Report for more details: /home/ubuntu/hls4ml_tests/my_hls_prj/myproject_prj/solution1/syn/report/csynth_design_size.rpt
WARNING: [HLS 200-1995] There were 215,033 instructions in the design after the 'Performance (step 2)' phase of compilation. See the Design Size Report for more details: /home/ubuntu/hls4ml_tests/my_hls_prj/myproject_prj/solution1/syn/report/csynth_design_size.rpt
WARNING: [HLS 200-1995] There were 215,033 instructions in the design after the 'Performance (step 3)' phase of compilation. See the Design Size Report for more details: /home/ubuntu/hls4ml_tests/my_hls_prj/myproject_prj/solution1/syn/report/csynth_design_size.rpt
WARNING: [HLS 200-1995] There were 215,033 instructions in the design after the 'Performance (step 4)' phase of compilation. See the Design Size Report for more details: /home/ubuntu/hls4ml_tests/my_hls_prj/myproject_prj/solution1/syn/report/csynth_design_size.rpt
WARNING: [HLS 200-1995] There were 215,038 instructions in the design after the 'HW Transforms' phase of compilation. See the Design Size Report for more details: /home/ubuntu/hls4ml_tests/my_hls_prj/myproject_prj/solution1/syn/report/csynth_design_size.rpt
WARNING: [HLS 200-1995] There were 215,044 instructions in the design after the 'HW Transforms (step 2)' phase of compilation. See the Design Size Report for more details: /home/ubuntu/hls4ml_tests/my_hls_prj/myproject_prj/solution1/syn/report/csynth_design_size.rpt
INFO: [HLS 214-131] Inlining function 'nnet::product::mult<ap_fixed<16, 6, (ap_q_mode)5, (ap_o_mode)3, 0>, ap_fixed<16, 6, (ap_q_mode)5, (ap_o_mode)3, 0> >::product(ap_fixed<16, 6, (ap_q_mode)5, (ap_o_mode)3, 0>, ap_fixed<16, 6, (ap_q_mode)5, (ap_o_mode)3, 0>)' into 'void nnet::dense_latency<ap_fixed<16, 6, (ap_q_mode)5, (ap_o_mode)3, 0>, ap_fixed<37, 17, (ap_q_mode)5, (ap_o_mode)3, 0>, config2>(ap_fixed<16, 6, (ap_q_mode)5, (ap_o_mode)3, 0>*, ap_fixed<37, 17, (ap_q_mode)5, (ap_o_mode)3, 0>*, config2::weight_t*, config2::bias_t*)' (firmware/nnet_utils/nnet_dense_latency.h:42:27)
INFO: [HLS 214-131] Inlining function 'nnet::DenseLatency<ap_fixed<16, 6, (ap_q_mode)5, (ap_o_mode)3, 0>, ap_fixed<37, 17, (ap_q_mode)5, (ap_o_mode)3, 0>, config2>::dense(ap_fixed<16, 6, (ap_q_mode)5, (ap_o_mode)3, 0>*, ap_fixed<37, 17, (ap_q_mode)5, (ap_o_mode)3, 0>*, ap_fixed<16, 6, (ap_q_mode)5, (ap_o_mode)3, 0>*, ap_fixed<16, 6, (ap_q_mode)5, (ap_o_mode)3, 0>*)' into 'void nnet::dense<ap_fixed<16, 6, (ap_q_mode)5, (ap_o_mode)3, 0>, ap_fixed<37, 17, (ap_q_mode)5, (ap_o_mode)3, 0>, config2>(ap_fixed<16, 6, (ap_q_mode)5, (ap_o_mode)3, 0>*, ap_fixed<37, 17, (ap_q_mode)5, (ap_o_mode)3, 0>*, config2::weight_t*, config2::bias_t*)' (firmware/nnet_utils/nnet_dense.h:45:2)
INFO: [HLS 214-131] Inlining function 'nnet::product::mult<ap_fixed<16, 6, (ap_q_mode)5, (ap_o_mode)3, 0>, ap_fixed<16, 6, (ap_q_mode)5, (ap_o_mode)3, 0> >::product(ap_fixed<16, 6, (ap_q_mode)5, (ap_o_mode)3, 0>, ap_fixed<16, 6, (ap_q_mode)5, (ap_o_mode)3, 0>)' into 'void nnet::dense_latency<ap_fixed<16, 6, (ap_q_mode)5, (ap_o_mode)3, 0>, ap_fixed<36, 16, (ap_q_mode)5, (ap_o_mode)3, 0>, config4>(ap_fixed<16, 6, (ap_q_mode)5, (ap_o_mode)3, 0>*, ap_fixed<36, 16, (ap_q_mode)5, (ap_o_mode)3, 0>*, config4::weight_t*, config4::bias_t*)' (firmware/nnet_utils/nnet_dense_latency.h:42:27)
INFO: [HLS 214-131] Inlining function 'nnet::DenseLatency<ap_fixed<16, 6, (ap_q_mode)5, (ap_o_mode)3, 0>, ap_fixed<36, 16, (ap_q_mode)5, (ap_o_mode)3, 0>, config4>::dense(ap_fixed<16, 6, (ap_q_mode)5, (ap_o_mode)3, 0>*, ap_fixed<36, 16, (ap_q_mode)5, (ap_o_mode)3, 0>*, ap_fixed<16, 6, (ap_q_mode)5, (ap_o_mode)3, 0>*, ap_fixed<16, 6, (ap_q_mode)5, (ap_o_mode)3, 0>*)' into 'void nnet::dense<ap_fixed<16, 6, (ap_q_mode)5, (ap_o_mode)3, 0>, ap_fixed<36, 16, (ap_q_mode)5, (ap_o_mode)3, 0>, config4>(ap_fixed<16, 6, (ap_q_mode)5, (ap_o_mode)3, 0>*, ap_fixed<36, 16, (ap_q_mode)5, (ap_o_mode)3, 0>*, config4::weight_t*, config4::bias_t*)' (firmware/nnet_utils/nnet_dense.h:45:2)
INFO: [HLS 214-131] Inlining function 'void nnet::dense<ap_fixed<16, 6, (ap_q_mode)5, (ap_o_mode)3, 0>, ap_fixed<37, 17, (ap_q_mode)5, (ap_o_mode)3, 0>, config2>(ap_fixed<16, 6, (ap_q_mode)5, (ap_o_mode)3, 0>*, ap_fixed<37, 17, (ap_q_mode)5, (ap_o_mode)3, 0>*, config2::weight_t*, config2::bias_t*)' into 'myproject(ap_fixed<16, 6, (ap_q_mode)5, (ap_o_mode)3, 0>*, ap_fixed<16, 6, (ap_q_mode)5, (ap_o_mode)3, 0>*)' (firmware/myproject.cpp:36:2)
INFO: [HLS 214-131] Inlining function 'void nnet::dense<ap_fixed<16, 6, (ap_q_mode)5, (ap_o_mode)3, 0>, ap_fixed<36, 16, (ap_q_mode)5, (ap_o_mode)3, 0>, config4>(ap_fixed<16, 6, (ap_q_mode)5, (ap_o_mode)3, 0>*, ap_fixed<36, 16, (ap_q_mode)5, (ap_o_mode)3, 0>*, config4::weight_t*, config4::bias_t*)' into 'myproject(ap_fixed<16, 6, (ap_q_mode)5, (ap_o_mode)3, 0>*, ap_fixed<16, 6, (ap_q_mode)5, (ap_o_mode)3, 0>*)' (firmware/myproject.cpp:44:2)
INFO: [HLS 214-131] Inlining function 'void nnet::softmax<ap_fixed<36, 16, (ap_q_mode)5, (ap_o_mode)3, 0>, ap_fixed<16, 6, (ap_q_mode)5, (ap_o_mode)3, 0>, softmax_config5>(ap_fixed<36, 16, (ap_q_mode)5, (ap_o_mode)3, 0>*, ap_fixed<16, 6, (ap_q_mode)5, (ap_o_mode)3, 0>*)' into 'myproject(ap_fixed<16, 6, (ap_q_mode)5, (ap_o_mode)3, 0>*, ap_fixed<16, 6, (ap_q_mode)5, (ap_o_mode)3, 0>*)' (firmware/myproject.cpp:46:5)
INFO: [HLS 214-291] Loop 'VITIS_LOOP_266_3' is marked as complete unroll implied by the pipeline pragma (firmware/nnet_utils/nnet_activation.h:266:23)
INFO: [HLS 214-291] Loop 'VITIS_LOOP_252_2' is marked as complete unroll implied by the pipeline pragma (firmware/nnet_utils/nnet_activation.h:252:23)
INFO: [HLS 214-291] Loop 'VITIS_LOOP_243_1' is marked as complete unroll implied by the pipeline pragma (firmware/nnet_utils/nnet_activation.h:243:23)
INFO: [HLS 214-291] Loop 'VITIS_LOOP_151_1' is marked as complete unroll implied by the pipeline pragma (firmware/nnet_utils/nnet_activation.h:151:23)
INFO: [HLS 214-291] Loop 'Result' is marked as complete unroll implied by the pipeline pragma (firmware/nnet_utils/nnet_dense_latency.h:64:5)
INFO: [HLS 214-291] Loop 'Accum1' is marked as complete unroll implied by the pipeline pragma (firmware/nnet_utils/nnet_dense_latency.h:54:5)
INFO: [HLS 214-291] Loop 'Accum2' is marked as complete unroll implied by the pipeline pragma (firmware/nnet_utils/nnet_dense_latency.h:56:9)
INFO: [HLS 214-291] Loop 'ResetAccum' is marked as complete unroll implied by the pipeline pragma (firmware/nnet_utils/nnet_dense_latency.h:48:5)
INFO: [HLS 214-291] Loop 'Product1' is marked as complete unroll implied by the pipeline pragma (firmware/nnet_utils/nnet_dense_latency.h:37:5)
INFO: [HLS 214-291] Loop 'Product2' is marked as complete unroll implied by the pipeline pragma (firmware/nnet_utils/nnet_dense_latency.h:40:9)
INFO: [HLS 214-291] Loop 'VITIS_LOOP_43_1' is marked as complete unroll implied by the pipeline pragma (firmware/nnet_utils/nnet_activation.h:43:22)
INFO: [HLS 214-186] Unrolling loop 'VITIS_LOOP_266_3' (firmware/nnet_utils/nnet_activation.h:266:23) in function 'nnet::softmax_stable<ap_fixed<36, 16, (ap_q_mode)5, (ap_o_mode)3, 0>, ap_fixed<16, 6, (ap_q_mode)5, (ap_o_mode)3, 0>, softmax_config5>' completely with a factor of 4 (firmware/nnet_utils/nnet_activation.h:216:0)
INFO: [HLS 214-186] Unrolling loop 'VITIS_LOOP_252_2' (firmware/nnet_utils/nnet_activation.h:252:23) in function 'nnet::softmax_stable<ap_fixed<36, 16, (ap_q_mode)5, (ap_o_mode)3, 0>, ap_fixed<16, 6, (ap_q_mode)5, (ap_o_mode)3, 0>, softmax_config5>' completely with a factor of 4 (firmware/nnet_utils/nnet_activation.h:216:0)
INFO: [HLS 214-186] Unrolling loop 'VITIS_LOOP_243_1' (firmware/nnet_utils/nnet_activation.h:243:23) in function 'nnet::softmax_stable<ap_fixed<36, 16, (ap_q_mode)5, (ap_o_mode)3, 0>, ap_fixed<16, 6, (ap_q_mode)5, (ap_o_mode)3, 0>, softmax_config5>' completely with a factor of 4 (firmware/nnet_utils/nnet_activation.h:216:0)
INFO: [HLS 214-186] Unrolling loop 'VITIS_LOOP_151_1' (firmware/nnet_utils/nnet_activation.h:151:23) in function 'nnet::init_exp_table<ap_fixed<36, 16, (ap_q_mode)5, (ap_o_mode)3, 0>, softmax_config5>' completely with a factor of 1024 (firmware/nnet_utils/nnet_activation.h:149:0)
INFO: [HLS 214-186] Unrolling loop 'Result' (firmware/nnet_utils/nnet_dense_latency.h:64:5) in function 'nnet::dense_latency<ap_fixed<16, 6, (ap_q_mode)5, (ap_o_mode)3, 0>, ap_fixed<36, 16, (ap_q_mode)5, (ap_o_mode)3, 0>, config4>' completely with a factor of 4 (firmware/nnet_utils/nnet_dense_latency.h:15:0)
INFO: [HLS 214-186] Unrolling loop 'Accum1' (firmware/nnet_utils/nnet_dense_latency.h:54:5) in function 'nnet::dense_latency<ap_fixed<16, 6, (ap_q_mode)5, (ap_o_mode)3, 0>, ap_fixed<36, 16, (ap_q_mode)5, (ap_o_mode)3, 0>, config4>' completely with a factor of 8 (firmware/nnet_utils/nnet_dense_latency.h:15:0)
INFO: [HLS 214-186] Unrolling loop 'Accum2' (firmware/nnet_utils/nnet_dense_latency.h:56:9) in function 'nnet::dense_latency<ap_fixed<16, 6, (ap_q_mode)5, (ap_o_mode)3, 0>, ap_fixed<36, 16, (ap_q_mode)5, (ap_o_mode)3, 0>, config4>' completely with a factor of 4 (firmware/nnet_utils/nnet_dense_latency.h:15:0)
INFO: [HLS 214-186] Unrolling loop 'ResetAccum' (firmware/nnet_utils/nnet_dense_latency.h:48:5) in function 'nnet::dense_latency<ap_fixed<16, 6, (ap_q_mode)5, (ap_o_mode)3, 0>, ap_fixed<36, 16, (ap_q_mode)5, (ap_o_mode)3, 0>, config4>' completely with a factor of 4 (firmware/nnet_utils/nnet_dense_latency.h:15:0)
INFO: [HLS 214-186] Unrolling loop 'Product1' (firmware/nnet_utils/nnet_dense_latency.h:37:5) in function 'nnet::dense_latency<ap_fixed<16, 6, (ap_q_mode)5, (ap_o_mode)3, 0>, ap_fixed<36, 16, (ap_q_mode)5, (ap_o_mode)3, 0>, config4>' completely with a factor of 8 (firmware/nnet_utils/nnet_dense_latency.h:15:0)
INFO: [HLS 214-186] Unrolling loop 'Product2' (firmware/nnet_utils/nnet_dense_latency.h:40:9) in function 'nnet::dense_latency<ap_fixed<16, 6, (ap_q_mode)5, (ap_o_mode)3, 0>, ap_fixed<36, 16, (ap_q_mode)5, (ap_o_mode)3, 0>, config4>' completely with a factor of 4 (firmware/nnet_utils/nnet_dense_latency.h:15:0)
INFO: [HLS 214-186] Unrolling loop 'VITIS_LOOP_43_1' (firmware/nnet_utils/nnet_activation.h:43:22) in function 'nnet::relu<ap_fixed<37, 17, (ap_q_mode)5, (ap_o_mode)3, 0>, ap_fixed<16, 6, (ap_q_mode)5, (ap_o_mode)3, 0>, relu_config3>' completely with a factor of 8 (firmware/nnet_utils/nnet_activation.h:39:0)
INFO: [HLS 214-186] Unrolling loop 'Result' (firmware/nnet_utils/nnet_dense_latency.h:64:5) in function 'nnet::dense_latency<ap_fixed<16, 6, (ap_q_mode)5, (ap_o_mode)3, 0>, ap_fixed<37, 17, (ap_q_mode)5, (ap_o_mode)3, 0>, config2>' completely with a factor of 8 (firmware/nnet_utils/nnet_dense_latency.h:15:0)
INFO: [HLS 214-186] Unrolling loop 'Accum1' (firmware/nnet_utils/nnet_dense_latency.h:54:5) in function 'nnet::dense_latency<ap_fixed<16, 6, (ap_q_mode)5, (ap_o_mode)3, 0>, ap_fixed<37, 17, (ap_q_mode)5, (ap_o_mode)3, 0>, config2>' completely with a factor of 16 (firmware/nnet_utils/nnet_dense_latency.h:15:0)
INFO: [HLS 214-186] Unrolling loop 'Accum2' (firmware/nnet_utils/nnet_dense_latency.h:56:9) in function 'nnet::dense_latency<ap_fixed<16, 6, (ap_q_mode)5, (ap_o_mode)3, 0>, ap_fixed<37, 17, (ap_q_mode)5, (ap_o_mode)3, 0>, config2>' completely with a factor of 8 (firmware/nnet_utils/nnet_dense_latency.h:15:0)
INFO: [HLS 214-186] Unrolling loop 'ResetAccum' (firmware/nnet_utils/nnet_dense_latency.h:48:5) in function 'nnet::dense_latency<ap_fixed<16, 6, (ap_q_mode)5, (ap_o_mode)3, 0>, ap_fixed<37, 17, (ap_q_mode)5, (ap_o_mode)3, 0>, config2>' completely with a factor of 8 (firmware/nnet_utils/nnet_dense_latency.h:15:0)
INFO: [HLS 214-186] Unrolling loop 'Product1' (firmware/nnet_utils/nnet_dense_latency.h:37:5) in function 'nnet::dense_latency<ap_fixed<16, 6, (ap_q_mode)5, (ap_o_mode)3, 0>, ap_fixed<37, 17, (ap_q_mode)5, (ap_o_mode)3, 0>, config2>' completely with a factor of 16 (firmware/nnet_utils/nnet_dense_latency.h:15:0)
INFO: [HLS 214-186] Unrolling loop 'Product2' (firmware/nnet_utils/nnet_dense_latency.h:40:9) in function 'nnet::dense_latency<ap_fixed<16, 6, (ap_q_mode)5, (ap_o_mode)3, 0>, ap_fixed<37, 17, (ap_q_mode)5, (ap_o_mode)3, 0>, config2>' completely with a factor of 8 (firmware/nnet_utils/nnet_dense_latency.h:15:0)
INFO: [HLS 214-178] Inlining function 'std::enable_if<!(std::is_same<ap_fixed<16, 6, (ap_q_mode)5, (ap_o_mode)3, 0>, ap_uint<1> >::value), ap_fixed<37, 17, (ap_q_mode)5, (ap_o_mode)3, 0> >::type nnet::cast<ap_fixed<16, 6, (ap_q_mode)5, (ap_o_mode)3, 0>, ap_fixed<37, 17, (ap_q_mode)5, (ap_o_mode)3, 0>, config2>(config2::accum_t)' into 'void nnet::dense_latency<ap_fixed<16, 6, (ap_q_mode)5, (ap_o_mode)3, 0>, ap_fixed<37, 17, (ap_q_mode)5, (ap_o_mode)3, 0>, config2>(ap_fixed<16, 6, (ap_q_mode)5, (ap_o_mode)3, 0>*, ap_fixed<37, 17, (ap_q_mode)5, (ap_o_mode)3, 0>*, config2::weight_t*, config2::bias_t*)' (firmware/nnet_utils/nnet_dense_latency.h:15:0)
INFO: [HLS 214-178] Inlining function 'std::enable_if<!(std::is_same<ap_fixed<16, 6, (ap_q_mode)5, (ap_o_mode)3, 0>, ap_uint<1> >::value), ap_fixed<36, 16, (ap_q_mode)5, (ap_o_mode)3, 0> >::type nnet::cast<ap_fixed<16, 6, (ap_q_mode)5, (ap_o_mode)3, 0>, ap_fixed<36, 16, (ap_q_mode)5, (ap_o_mode)3, 0>, config4>(config4::accum_t)' into 'void nnet::dense_latency<ap_fixed<16, 6, (ap_q_mode)5, (ap_o_mode)3, 0>, ap_fixed<36, 16, (ap_q_mode)5, (ap_o_mode)3, 0>, config4>(ap_fixed<16, 6, (ap_q_mode)5, (ap_o_mode)3, 0>*, ap_fixed<36, 16, (ap_q_mode)5, (ap_o_mode)3, 0>*, config4::weight_t*, config4::bias_t*)' (firmware/nnet_utils/nnet_dense_latency.h:15:0)
INFO: [HLS 214-178] Inlining function 'nnet::Op_max<ap_fixed<36, 16, (ap_q_mode)5, (ap_o_mode)3, 0> >::operator()(ap_fixed<36, 16, (ap_q_mode)5, (ap_o_mode)3, 0>, ap_fixed<36, 16, (ap_q_mode)5, (ap_o_mode)3, 0>)' into 'ap_fixed<36, 16, (ap_q_mode)5, (ap_o_mode)3, 0> nnet::reduce<ap_fixed<36, 16, (ap_q_mode)5, (ap_o_mode)3, 0>, 2, nnet::Op_max<ap_fixed<36, 16, (ap_q_mode)5, (ap_o_mode)3, 0> > >(ap_fixed<36, 16, (ap_q_mode)5, (ap_o_mode)3, 0> const*, nnet::Op_max<ap_fixed<36, 16, (ap_q_mode)5, (ap_o_mode)3, 0> >)' (firmware/nnet_utils/nnet_common.h:37:0)
INFO: [HLS 214-178] Inlining function 'ap_fixed<36, 16, (ap_q_mode)5, (ap_o_mode)3, 0> nnet::reduce<ap_fixed<36, 16, (ap_q_mode)5, (ap_o_mode)3, 0>, 2, nnet::Op_max<ap_fixed<36, 16, (ap_q_mode)5, (ap_o_mode)3, 0> > >(ap_fixed<36, 16, (ap_q_mode)5, (ap_o_mode)3, 0> const*, nnet::Op_max<ap_fixed<36, 16, (ap_q_mode)5, (ap_o_mode)3, 0> >)' into 'ap_fixed<36, 16, (ap_q_mode)5, (ap_o_mode)3, 0> nnet::reduce<ap_fixed<36, 16, (ap_q_mode)5, (ap_o_mode)3, 0>, 4, nnet::Op_max<ap_fixed<36, 16, (ap_q_mode)5, (ap_o_mode)3, 0> > >(ap_fixed<36, 16, (ap_q_mode)5, (ap_o_mode)3, 0> const*, nnet::Op_max<ap_fixed<36, 16, (ap_q_mode)5, (ap_o_mode)3, 0> >)' (firmware/nnet_utils/nnet_common.h:37:0)
INFO: [HLS 214-178] Inlining function 'nnet::Op_max<ap_fixed<36, 16, (ap_q_mode)5, (ap_o_mode)3, 0> >::operator()(ap_fixed<36, 16, (ap_q_mode)5, (ap_o_mode)3, 0>, ap_fixed<36, 16, (ap_q_mode)5, (ap_o_mode)3, 0>) (.42)' into 'ap_fixed<36, 16, (ap_q_mode)5, (ap_o_mode)3, 0> nnet::reduce<ap_fixed<36, 16, (ap_q_mode)5, (ap_o_mode)3, 0>, 4, nnet::Op_max<ap_fixed<36, 16, (ap_q_mode)5, (ap_o_mode)3, 0> > >(ap_fixed<36, 16, (ap_q_mode)5, (ap_o_mode)3, 0> const*, nnet::Op_max<ap_fixed<36, 16, (ap_q_mode)5, (ap_o_mode)3, 0> >)' (firmware/nnet_utils/nnet_common.h:37:0)
INFO: [HLS 214-178] Inlining function 'nnet::Op_add<ap_fixed<18, 8, (ap_q_mode)0, (ap_o_mode)0, 0> >::operator()(ap_fixed<18, 8, (ap_q_mode)0, (ap_o_mode)0, 0>, ap_fixed<18, 8, (ap_q_mode)0, (ap_o_mode)0, 0>) (.18.28)' into 'ap_fixed<18, 8, (ap_q_mode)0, (ap_o_mode)0, 0> nnet::reduce<ap_fixed<18, 8, (ap_q_mode)0, (ap_o_mode)0, 0>, 2, nnet::Op_add<ap_fixed<18, 8, (ap_q_mode)0, (ap_o_mode)0, 0> > >(ap_fixed<18, 8, (ap_q_mode)0, (ap_o_mode)0, 0> const*, nnet::Op_add<ap_fixed<18, 8, (ap_q_mode)0, (ap_o_mode)0, 0> >)' (firmware/nnet_utils/nnet_common.h:37:0)
INFO: [HLS 214-178] Inlining function 'ap_fixed<18, 8, (ap_q_mode)0, (ap_o_mode)0, 0> nnet::reduce<ap_fixed<18, 8, (ap_q_mode)0, (ap_o_mode)0, 0>, 2, nnet::Op_add<ap_fixed<18, 8, (ap_q_mode)0, (ap_o_mode)0, 0> > >(ap_fixed<18, 8, (ap_q_mode)0, (ap_o_mode)0, 0> const*, nnet::Op_add<ap_fixed<18, 8, (ap_q_mode)0, (ap_o_mode)0, 0> >)' into 'ap_fixed<18, 8, (ap_q_mode)0, (ap_o_mode)0, 0> nnet::reduce<ap_fixed<18, 8, (ap_q_mode)0, (ap_o_mode)0, 0>, 4, nnet::Op_add<ap_fixed<18, 8, (ap_q_mode)0, (ap_o_mode)0, 0> > >(ap_fixed<18, 8, (ap_q_mode)0, (ap_o_mode)0, 0> const*, nnet::Op_add<ap_fixed<18, 8, (ap_q_mode)0, (ap_o_mode)0, 0> >)' (firmware/nnet_utils/nnet_common.h:37:0)
INFO: [HLS 214-178] Inlining function 'nnet::Op_add<ap_fixed<18, 8, (ap_q_mode)0, (ap_o_mode)0, 0> >::operator()(ap_fixed<18, 8, (ap_q_mode)0, (ap_o_mode)0, 0>, ap_fixed<18, 8, (ap_q_mode)0, (ap_o_mode)0, 0>) (.18.28)' into 'ap_fixed<18, 8, (ap_q_mode)0, (ap_o_mode)0, 0> nnet::reduce<ap_fixed<18, 8, (ap_q_mode)0, (ap_o_mode)0, 0>, 4, nnet::Op_add<ap_fixed<18, 8, (ap_q_mode)0, (ap_o_mode)0, 0> > >(ap_fixed<18, 8, (ap_q_mode)0, (ap_o_mode)0, 0> const*, nnet::Op_add<ap_fixed<18, 8, (ap_q_mode)0, (ap_o_mode)0, 0> >)' (firmware/nnet_utils/nnet_common.h:37:0)
INFO: [HLS 214-178] Inlining function 'ap_fixed<36, 16, (ap_q_mode)5, (ap_o_mode)3, 0> nnet::reduce<ap_fixed<36, 16, (ap_q_mode)5, (ap_o_mode)3, 0>, 4, nnet::Op_max<ap_fixed<36, 16, (ap_q_mode)5, (ap_o_mode)3, 0> > >(ap_fixed<36, 16, (ap_q_mode)5, (ap_o_mode)3, 0> const*, nnet::Op_max<ap_fixed<36, 16, (ap_q_mode)5, (ap_o_mode)3, 0> >)' into 'void nnet::softmax_stable<ap_fixed<36, 16, (ap_q_mode)5, (ap_o_mode)3, 0>, ap_fixed<16, 6, (ap_q_mode)5, (ap_o_mode)3, 0>, softmax_config5>(ap_fixed<36, 16, (ap_q_mode)5, (ap_o_mode)3, 0>*, ap_fixed<16, 6, (ap_q_mode)5, (ap_o_mode)3, 0>*)' (firmware/nnet_utils/nnet_activation.h:216:0)
INFO: [HLS 214-178] Inlining function 'unsigned int nnet::softmax_idx_from_real_val<ap_fixed<36, 16, (ap_q_mode)5, (ap_o_mode)3, 0>, softmax_config5>(ap_fixed<36, 16, (ap_q_mode)5, (ap_o_mode)3, 0>)' into 'void nnet::softmax_stable<ap_fixed<36, 16, (ap_q_mode)5, (ap_o_mode)3, 0>, ap_fixed<16, 6, (ap_q_mode)5, (ap_o_mode)3, 0>, softmax_config5>(ap_fixed<36, 16, (ap_q_mode)5, (ap_o_mode)3, 0>*, ap_fixed<16, 6, (ap_q_mode)5, (ap_o_mode)3, 0>*)' (firmware/nnet_utils/nnet_activation.h:216:0)
INFO: [HLS 214-178] Inlining function 'ap_fixed<18, 8, (ap_q_mode)0, (ap_o_mode)0, 0> nnet::reduce<ap_fixed<18, 8, (ap_q_mode)0, (ap_o_mode)0, 0>, 4, nnet::Op_add<ap_fixed<18, 8, (ap_q_mode)0, (ap_o_mode)0, 0> > >(ap_fixed<18, 8, (ap_q_mode)0, (ap_o_mode)0, 0> const*, nnet::Op_add<ap_fixed<18, 8, (ap_q_mode)0, (ap_o_mode)0, 0> >)' into 'void nnet::softmax_stable<ap_fixed<36, 16, (ap_q_mode)5, (ap_o_mode)3, 0>, ap_fixed<16, 6, (ap_q_mode)5, (ap_o_mode)3, 0>, softmax_config5>(ap_fixed<36, 16, (ap_q_mode)5, (ap_o_mode)3, 0>*, ap_fixed<16, 6, (ap_q_mode)5, (ap_o_mode)3, 0>*)' (firmware/nnet_utils/nnet_activation.h:216:0)
INFO: [HLS 214-178] Inlining function 'unsigned int nnet::softmax_idx_from_real_val<ap_fixed<18, 8, (ap_q_mode)0, (ap_o_mode)0, 0>, softmax_config5>(ap_fixed<18, 8, (ap_q_mode)0, (ap_o_mode)0, 0>)' into 'void nnet::softmax_stable<ap_fixed<36, 16, (ap_q_mode)5, (ap_o_mode)3, 0>, ap_fixed<16, 6, (ap_q_mode)5, (ap_o_mode)3, 0>, softmax_config5>(ap_fixed<36, 16, (ap_q_mode)5, (ap_o_mode)3, 0>*, ap_fixed<16, 6, (ap_q_mode)5, (ap_o_mode)3, 0>*)' (firmware/nnet_utils/nnet_activation.h:216:0)
INFO: [HLS 214-248] Applying array_partition to 'b4': Complete partitioning on dimension 1. (firmware/weights/b4.h:12:0)
INFO: [HLS 214-248] Applying array_partition to 'b2': Complete partitioning on dimension 1. (firmware/weights/b2.h:12:0)
INFO: [HLS 214-248] Applying array_partition to 'layer2_out': Complete partitioning on dimension 1. (firmware/myproject.cpp:34:17)
INFO: [HLS 214-248] Applying array_partition to 'layer3_out': Complete partitioning on dimension 1. (firmware/myproject.cpp:38:14)
INFO: [HLS 214-248] Applying array_partition to 'layer4_out': Complete partitioning on dimension 1. (firmware/myproject.cpp:42:22)
INFO: [HLS 214-248] Applying array_partition to 'layer5_out': Complete partitioning on dimension 1. (firmware/myproject.cpp:10:0)
INFO: [HLS 214-248] Applying array_reshape to 'input_layer': Complete reshaping on dimension 1. (firmware/myproject.cpp:10:0)
INFO: [HLS 200-111] Finished Compiling Optimization and Transform: CPU user time: 157.17 seconds. CPU system time: 1.44 seconds. Elapsed time: 161.68 seconds; current allocated memory: 273.148 MB.
INFO: [HLS 200-111] Finished Checking Pragmas: CPU user time: 0 seconds. CPU system time: 0 seconds. Elapsed time: 0 seconds; current allocated memory: 273.148 MB.
INFO: [HLS 200-10] Starting code transformations ...
INFO: [HLS 200-111] Finished Standard Transforms: CPU user time: 18.14 seconds. CPU system time: 0.2 seconds. Elapsed time: 18.43 seconds; current allocated memory: 424.930 MB.
INFO: [HLS 200-10] Checking synthesizability ...
INFO: [XFORM 203-602] Inlining function 'nnet::exp_fcn_float' into 'nnet::init_exp_table<ap_fixed<36, 16, (ap_q_mode)5, (ap_o_mode)3, 0>, softmax_config5>' (firmware/nnet_utils/nnet_activation.h:154) automatically.
WARNING: [SYNCHK 200-23] firmware/nnet_utils/nnet_activation.h:138: variable-indexed range selection may cause suboptimal QoR.
INFO: [SYNCHK 200-10] 0 error(s), 1 warning(s).
INFO: [HLS 200-111] Finished Checking Synthesizability: CPU user time: 10.65 seconds. CPU system time: 0.16 seconds. Elapsed time: 10.81 seconds; current allocated memory: 675.250 MB.
INFO: [XFORM 203-602] Inlining function 'nnet::exp_fcn_float' into 'nnet::init_exp_table<ap_fixed<36, 16, (ap_q_mode)5, (ap_o_mode)3, 0>, softmax_config5>' (firmware/nnet_utils/nnet_activation.h:154) automatically.
INFO: [XFORM 203-401] Performing if-conversion on hyperblock from (firmware/nnet_utils/nnet_activation.h:133:92) to (firmware/nnet_utils/nnet_activation.h:138:5) in function 'nnet::softmax_real_val_from_idx<ap_fixed<36, 16, (ap_q_mode)5, (ap_o_mode)3, 0>, softmax_config5>'... converting 10 basic blocks.
INFO: [XFORM 203-401] Performing if-conversion on hyperblock from (firmware/nnet_utils/nnet_activation.h:42:9) to (firmware/nnet_utils/nnet_activation.h:50:1) in function 'nnet::relu<ap_fixed<37, 17, (ap_q_mode)5, (ap_o_mode)3, 0>, ap_fixed<16, 6, (ap_q_mode)5, (ap_o_mode)3, 0>, relu_config3>'... converting 17 basic blocks.
INFO: [XFORM 203-401] Performing if-conversion on hyperblock from (firmware/nnet_utils/nnet_activation.h:149:52) to (firmware/nnet_utils/nnet_activation.h:157:1) in function 'nnet::init_exp_table<ap_fixed<36, 16, (ap_q_mode)5, (ap_o_mode)3, 0>, softmax_config5>'... converting 27649 basic blocks.
INFO: [XFORM 203-11] Balancing expressions in function 'nnet::dense_latency<ap_fixed<16, 6, (ap_q_mode)5, (ap_o_mode)3, 0>, ap_fixed<37, 17, (ap_q_mode)5, (ap_o_mode)3, 0>, config2>' (firmware/nnet_utils/nnet_dense_latency.h:33:21)...120 expression(s) balanced.
INFO: [XFORM 203-11] Balancing expressions in function 'nnet::dense_latency<ap_fixed<16, 6, (ap_q_mode)5, (ap_o_mode)3, 0>, ap_fixed<36, 16, (ap_q_mode)5, (ap_o_mode)3, 0>, config4>' (firmware/nnet_utils/nnet_dense_latency.h:33:1)...28 expression(s) balanced.
INFO: [HLS 200-111] Finished Loop, function and other optimizations: CPU user time: 636.3 seconds. CPU system time: 0.32 seconds. Elapsed time: 636.63 seconds; current allocated memory: 1000.656 MB.
INFO: [XFORM 203-603] Evaluating the output(s) of a call to function 'nnet::softmax_real_val_from_idx<ap_fixed<36, 16, (ap_q_mode)5, (ap_o_mode)3, 0>, softmax_config5>' (firmware/nnet_utils/nnet_activation.h:153:19) in function 'nnet::init_exp_table<ap_fixed<36, 16, (ap_q_mode)5, (ap_o_mode)3, 0>, softmax_config5>' and propagating its result(s) since all actual argument(s) to the function are constants.
INFO: [HLS 200-111] Finished Architecture Synthesis: CPU user time: 1286.52 seconds. CPU system time: 0.18 seconds. Elapsed time: 1286.73 seconds; current allocated memory: 1.156 GB.
INFO: [HLS 200-10] Starting hardware synthesis ...
INFO: [HLS 200-10] Synthesizing 'myproject' ...
WARNING: [SYN 201-103] Legalizing function name 'dense_latency<ap_fixed<16, 6, 5, 3, 0>, ap_fixed<37, 17, 5, 3, 0>, config2>' to 'dense_latency_ap_fixed_16_6_5_3_0_ap_fixed_37_17_5_3_0_config2_s'.
WARNING: [SYN 201-103] Legalizing function name 'relu<ap_fixed<37, 17, 5, 3, 0>, ap_fixed<16, 6, 5, 3, 0>, relu_config3>' to 'relu_ap_fixed_37_17_5_3_0_ap_fixed_16_6_5_3_0_relu_config3_s'.
WARNING: [SYN 201-103] Legalizing function name 'dense_latency<ap_fixed<16, 6, 5, 3, 0>, ap_fixed<36, 16, 5, 3, 0>, config4>' to 'dense_latency_ap_fixed_16_6_5_3_0_ap_fixed_36_16_5_3_0_config4_s'.
WARNING: [SYN 201-103] Legalizing function name 'init_exp_table<ap_fixed<36, 16, 5, 3, 0>, softmax_config5>' to 'init_exp_table_ap_fixed_36_16_5_3_0_softmax_config5_s'.
WARNING: [SYN 201-103] Legalizing function name 'softmax_stable<ap_fixed,ap_fixed<16,6,5,3,0>,softmax_config5>' to 'softmax_stable_ap_fixed_ap_fixed_16_6_5_3_0_softmax_config5_s'.
INFO: [HLS 200-10] ----------------------------------------------------------------
INFO: [HLS 200-42] -- Implementing module 'dense_latency_ap_fixed_16_6_5_3_0_ap_fixed_37_17_5_3_0_config2_s' 
INFO: [HLS 200-10] ----------------------------------------------------------------
INFO: [SCHED 204-11] Starting scheduling ...
INFO: [SCHED 204-61] Pipelining function 'dense_latency<ap_fixed<16, 6, 5, 3, 0>, ap_fixed<37, 17, 5, 3, 0>, config2>'.
INFO: [HLS 200-1470] Pipelining result : Target II = NA, Final II = 1, Depth = 2, function 'dense_latency<ap_fixed<16, 6, 5, 3, 0>, ap_fixed<37, 17, 5, 3, 0>, config2>'
INFO: [SCHED 204-11] Finished scheduling.
INFO: [HLS 200-111] Finished Scheduling: CPU user time: 2.23 seconds. CPU system time: 0.1 seconds. Elapsed time: 2.38 seconds; current allocated memory: 1.156 GB.
INFO: [BIND 205-100] Starting micro-architecture generation ...
INFO: [BIND 205-101] Performing variable lifetime analysis.
INFO: [BIND 205-101] Exploring resource sharing.
INFO==============================================================
Vitis HLS - High-Level Synthesis from C, C++ and OpenCL v2024.1 (64-bit)
Tool Version Limit: 2024.05
Copyright 1986-2022 Xilinx, Inc. All Rights Reserved.
Copyright 2022-2024 Advanced Micro Devices, Inc. All Rights Reserved.

==============================================================
INFO: [SYN 201-201] Setting up clock 'default' with a period of 5ns.
INFO: [SYN 201-201] Setting up clock 'default' with an uncertainty of 1.35ns.
INFO: [HLS 200-1611] Setting target device to 'xcvu47p-fsvh2892-2-e'
INFO: [HLS 200-1505] Using flow_target 'vivado'
INFO: [HLS 200-1464] Running solution command: config_compile -name_max_length=80
INFO: [XFORM 203-1161] The maximum of name length is set to 80.
INFO: [HLS 200-1464] Running solution command: config_schedule -enable_dsp_full_reg=0
INFO: [HLS 200-1510] Running: config_array_partition -maximum_size 4096 
ERROR: [HLS 200-101] config_array_partition: Unknown option '-maximum_size'.
ERROR: [HLS 200-101] config_array_partition: Unknown option '4096'.
INFO: [HLS 200-1510] Running: config_compile -name_max_length 80 
INFO: [XFORM 203-1161] The maximum of name length is set to 80.
INFO: [HLS 200-1510] Running: set_part xcvu47p-fsvh2892-2-e 
INFO: [XFORM 203-1161] The maximum of name length is set to 80.
INFO: [HLS 200-1510] Running: config_schedule -enable_dsp_full_reg=false 
INFO: [HLS 200-1510] Running: create_clock -period 5 -name default 
INFO: [HLS 200-1510] Running: set_clock_uncertainty 27% default 
INFO: [HLS 200-1510] Running: csim_design 
INFO: [SIM 211-2] *************** CSIM start ***************
INFO: [SIM 211-4] CSIM will launch CLANG as the compiler.
INFO: [HLS 200-2036] Building debug C Simulation binaries
INFO: [SIM 211-1] CSim done with 0 errors.
INFO: [SIM 211-3] *************** CSIM finish ***************
INFO: [HLS 200-2161] Finished Command csim_design Elapsed time: 00:00:00; Allocated memory: 0.000 MB.
INFO: [HLS 200-1510] Running: csynth_design 
INFO: [HLS 200-111] Finished File checks and directory preparation: CPU user time: 0.1 seconds. CPU system time: 0.03 seconds. Elapsed time: 0.12 seconds; current allocated memory: 277.109 MB.
INFO: [HLS 200-10] Analyzing design file 'firmware/myproject.cpp' ... 
WARNING: [HLS 207-5538] 'Resource pragma' is deprecated, use 'bind_op/bind_storage pragma' instead (firmware/nnet_utils/nnet_dense_resource.h:33:9)
WARNING: [HLS 207-5538] 'Resource pragma' is deprecated, use 'bind_op/bind_storage pragma' instead (firmware/nnet_utils/nnet_dense_resource.h:107:9)
WARNING: [HLS 207-5538] 'Resource pragma' is deprecated, use 'bind_op/bind_storage pragma' instead (firmware/nnet_utils/nnet_dense_resource.h:189:9)
WARNING: [HLS 207-5292] unused parameter 'keep' (firmware/nnet_utils/nnet_helpers.h:285:99)
WARNING: [HLS 207-5292] unused parameter 'data' (firmware/nnet_utils/nnet_function_stubs.h:14:36)
WARNING: [HLS 207-5292] unused parameter 'buffer' (firmware/nnet_utils/nnet_function_stubs.h:15:36)
WARNING: [HLS 207-5292] unused parameter 'partition' (firmware/nnet_utils/nnet_function_stubs.h:16:44)
WARNING: [HLS 207-5292] unused parameter 'data' (firmware/nnet_utils/nnet_function_stubs.h:24:24)
WARNING: [HLS 207-5292] unused parameter 'buffer' (firmware/nnet_utils/nnet_function_stubs.h:25:24)
WARNING: [HLS 207-5292] unused parameter 'partition' (firmware/nnet_utils/nnet_function_stubs.h:26:32)
WARNING: [HLS 207-5292] unused parameter 'data' (firmware/nnet_utils/nnet_function_stubs.h:33:30)
WARNING: [HLS 207-5292] unused parameter 'res' (firmware/nnet_utils/nnet_function_stubs.h:33:58)
WARNING: [HLS 207-5292] unused parameter 'weights' (firmware/nnet_utils/nnet_function_stubs.h:34:51)
WARNING: [HLS 207-5292] unused parameter 'biases' (firmware/nnet_utils/nnet_function_stubs.h:35:49)
WARNING: [HLS 207-5292] unused parameter 'data' (firmware/nnet_utils/nnet_function_stubs.h:42:29)
WARNING: [HLS 207-5292] unused parameter 'res' (firmware/nnet_utils/nnet_function_stubs.h:42:80)
WARNING: [HLS 207-5292] unused parameter 'weights' (firmware/nnet_utils/nnet_function_stubs.h:43:50)
WARNING: [HLS 207-5292] unused parameter 'biases' (firmware/nnet_utils/nnet_function_stubs.h:44:48)
WARNING: [HLS 207-5292] unused parameter 'data' (firmware/nnet_utils/nnet_code_gen.h:16:39)
WARNING: [HLS 207-5292] unused parameter 'res' (firmware/nnet_utils/nnet_code_gen.h:17:38)
WARNING: [HLS 207-5292] unused parameter 'weights' (firmware/nnet_utils/nnet_code_gen.h:18:60)
WARNING: [HLS 207-5292] unused parameter 'biases' (firmware/nnet_utils/nnet_code_gen.h:19:58)
INFO: [HLS 200-111] Finished Source Code Analysis and Preprocessing: CPU user time: 11.45 seconds. CPU system time: 0.96 seconds. Elapsed time: 12.41 seconds; current allocated memory: 282.816 MB.
INFO: [HLS 200-777] Using interface defaults for 'Vivado' flow target.
INFO: [HLS 200-1995] There were 6,341 instructions in the design after the 'Compile/Link' phase of compilation. See the Design Size Report for more details: /home/ubuntu/hls4ml_tests/my_hls_prj/myproject_prj/solution1/syn/report/csynth_design_size.rpt
WARNING: [HLS 200-1995] There were 343,445 instructions in the design after the 'Unroll/Inline (step 1)' phase of compilation. See the Design Size Report for more details: /home/ubuntu/hls4ml_tests/my_hls_prj/myproject_prj/solution1/syn/report/csynth_design_size.rpt
WARNING: [HLS 200-1995] There were 244,000 instructions in the design after the 'Unroll/Inline (step 2)' phase of compilation. See the Design Size Report for more details: /home/ubuntu/hls4ml_tests/my_hls_prj/myproject_prj/solution1/syn/report/csynth_design_size.rpt
WARNING: [HLS 200-1995] There were 237,767 instructions in the design after the 'Unroll/Inline (step 3)' phase of compilation. See the Design Size Report for more details: /home/ubuntu/hls4ml_tests/my_hls_prj/myproject_prj/solution1/syn/report/csynth_design_size.rpt
WARNING: [HLS 200-1995] There were 217,157 instructions in the design after the 'Unroll/Inline (step 4)' phase of compilation. See the Design Size Report for more details: /home/ubuntu/hls4ml_tests/my_hls_prj/myproject_prj/solution1/syn/report/csynth_design_size.rpt
WARNING: [HLS 200-1995] There were 215,049 instructions in the design after the 'Array/Struct' phase of compilation. See the Design Size Report for more details: /home/ubuntu/hls4ml_tests/my_hls_prj/myproject_prj/solution1/syn/report/csynth_design_size.rpt
WARNING: [HLS 200-1995] There were 215,049 instructions in the design after the 'Array/Struct (step 2)' phase of compilation. See the Design Size Report for more details: /home/ubuntu/hls4ml_tests/my_hls_prj/myproject_prj/solution1/syn/report/csynth_design_size.rpt
WARNING: [HLS 200-1995] There were 215,049 instructions in the design after the 'Array/Struct (step 3)' phase of compilation. See the Design Size Report for more details: /home/ubuntu/hls4ml_tests/my_hls_prj/myproject_prj/solution1/syn/report/csynth_design_size.rpt
WARNING: [HLS 200-1995] There were 215,081 instructions in the design after the 'Array/Struct (step 4)' phase of compilation. See the Design Size Report for more details: /home/ubuntu/hls4ml_tests/my_hls_prj/myproject_prj/solution1/syn/report/csynth_design_size.rpt
WARNING: [HLS 200-1995] There were 215,033 instructions in the design after the 'Array/Struct (step 5)' phase of compilation. See the Design Size Report for more details: /home/ubuntu/hls4ml_tests/my_hls_prj/myproject_prj/solution1/syn/report/csynth_design_size.rpt
WARNING: [HLS 200-1995] There were 215,033 instructions in the design after the 'Performance' phase of compilation. See the Design Size Report for more details: /home/ubuntu/hls4ml_tests/my_hls_prj/myproject_prj/solution1/syn/report/csynth_design_size.rpt
WARNING: [HLS 200-1995] There were 215,033 instructions in the design after the 'Performance (step 2)' phase of compilation. See the Design Size Report for more details: /home/ubuntu/hls4ml_tests/my_hls_prj/myproject_prj/solution1/syn/report/csynth_design_size.rpt
WARNING: [HLS 200-1995] There were 215,033 instructions in the design after the 'Performance (step 3)' phase of compilation. See the Design Size Report for more details: /home/ubuntu/hls4ml_tests/my_hls_prj/myproject_prj/solution1/syn/report/csynth_design_size.rpt
WARNING: [HLS 200-1995] There were 215,033 instructions in the design after the 'Performance (step 4)' phase of compilation. See the Design Size Report for more details: /home/ubuntu/hls4ml_tests/my_hls_prj/myproject_prj/solution1/syn/report/csynth_design_size.rpt
WARNING: [HLS 200-1995] There were 215,038 instructions in the design after the 'HW Transforms' phase of compilation. See the Design Size Report for more details: /home/ubuntu/hls4ml_tests/my_hls_prj/myproject_prj/solution1/syn/report/csynth_design_size.rpt
WARNING: [HLS 200-1995] There were 215,044 instructions in the design after the 'HW Transforms (step 2)' phase of compilation. See the Design Size Report for more details: /home/ubuntu/hls4ml_tests/my_hls_prj/myproject_prj/solution1/syn/report/csynth_design_size.rpt
INFO: [HLS 214-131] Inlining function 'nnet::product::mult<ap_fixed<16, 6, (ap_q_mode)5, (ap_o_mode)3, 0>, ap_fixed<16, 6, (ap_q_mode)5, (ap_o_mode)3, 0> >::product(ap_fixed<16, 6, (ap_q_mode)5, (ap_o_mode)3, 0>, ap_fixed<16, 6, (ap_q_mode)5, (ap_o_mode)3, 0>)' into 'void nnet::dense_latency<ap_fixed<16, 6, (ap_q_mode)5, (ap_o_mode)3, 0>, ap_fixed<37, 17, (ap_q_mode)5, (ap_o_mode)3, 0>, config2>(ap_fixed<16, 6, (ap_q_mode)5, (ap_o_mode)3, 0>*, ap_fixed<37, 17, (ap_q_mode)5, (ap_o_mode)3, 0>*, config2::weight_t*, config2::bias_t*)' (firmware/nnet_utils/nnet_dense_latency.h:42:27)
INFO: [HLS 214-131] Inlining function 'nnet::DenseLatency<ap_fixed<16, 6, (ap_q_mode)5, (ap_o_mode)3, 0>, ap_fixed<37, 17, (ap_q_mode)5, (ap_o_mode)3, 0>, config2>::dense(ap_fixed<16, 6, (ap_q_mode)5, (ap_o_mode)3, 0>*, ap_fixed<37, 17, (ap_q_mode)5, (ap_o_mode)3, 0>*, ap_fixed<16, 6, (ap_q_mode)5, (ap_o_mode)3, 0>*, ap_fixed<16, 6, (ap_q_mode)5, (ap_o_mode)3, 0>*)' into 'void nnet::dense<ap_fixed<16, 6, (ap_q_mode)5, (ap_o_mode)3, 0>, ap_fixed<37, 17, (ap_q_mode)5, (ap_o_mode)3, 0>, config2>(ap_fixed<16, 6, (ap_q_mode)5, (ap_o_mode)3, 0>*, ap_fixed<37, 17, (ap_q_mode)5, (ap_o_mode)3, 0>*, config2::weight_t*, config2::bias_t*)' (firmware/nnet_utils/nnet_dense.h:45:2)
INFO: [HLS 214-131] Inlining function 'nnet::product::mult<ap_fixed<16, 6, (ap_q_mode)5, (ap_o_mode)3, 0>, ap_fixed<16, 6, (ap_q_mode)5, (ap_o_mode)3, 0> >::product(ap_fixed<16, 6, (ap_q_mode)5, (ap_o_mode)3, 0>, ap_fixed<16, 6, (ap_q_mode)5, (ap_o_mode)3, 0>)' into 'void nnet::dense_latency<ap_fixed<16, 6, (ap_q_mode)5, (ap_o_mode)3, 0>, ap_fixed<36, 16, (ap_q_mode)5, (ap_o_mode)3, 0>, config4>(ap_fixed<16, 6, (ap_q_mode)5, (ap_o_mode)3, 0>*, ap_fixed<36, 16, (ap_q_mode)5, (ap_o_mode)3, 0>*, config4::weight_t*, config4::bias_t*)' (firmware/nnet_utils/nnet_dense_latency.h:42:27)
INFO: [HLS 214-131] Inlining function 'nnet::DenseLatency<ap_fixed<16, 6, (ap_q_mode)5, (ap_o_mode)3, 0>, ap_fixed<36, 16, (ap_q_mode)5, (ap_o_mode)3, 0>, config4>::dense(ap_fixed<16, 6, (ap_q_mode)5, (ap_o_mode)3, 0>*, ap_fixed<36, 16, (ap_q_mode)5, (ap_o_mode)3, 0>*, ap_fixed<16, 6, (ap_q_mode)5, (ap_o_mode)3, 0>*, ap_fixed<16, 6, (ap_q_mode)5, (ap_o_mode)3, 0>*)' into 'void nnet::dense<ap_fixed<16, 6, (ap_q_mode)5, (ap_o_mode)3, 0>, ap_fixed<36, 16, (ap_q_mode)5, (ap_o_mode)3, 0>, config4>(ap_fixed<16, 6, (ap_q_mode)5, (ap_o_mode)3, 0>*, ap_fixed<36, 16, (ap_q_mode)5, (ap_o_mode)3, 0>*, config4::weight_t*, config4::bias_t*)' (firmware/nnet_utils/nnet_dense.h:45:2)
INFO: [HLS 214-131] Inlining function 'void nnet::dense<ap_fixed<16, 6, (ap_q_mode)5, (ap_o_mode)3, 0>, ap_fixed<37, 17, (ap_q_mode)5, (ap_o_mode)3, 0>, config2>(ap_fixed<16, 6, (ap_q_mode)5, (ap_o_mode)3, 0>*, ap_fixed<37, 17, (ap_q_mode)5, (ap_o_mode)3, 0>*, config2::weight_t*, config2::bias_t*)' into 'myproject(ap_fixed<16, 6, (ap_q_mode)5, (ap_o_mode)3, 0>*, ap_fixed<16, 6, (ap_q_mode)5, (ap_o_mode)3, 0>*)' (firmware/myproject.cpp:36:2)
INFO: [HLS 214-131] Inlining function 'void nnet::dense<ap_fixed<16, 6, (ap_q_mode)5, (ap_o_mode)3, 0>, ap_fixed<36, 16, (ap_q_mode)5, (ap_o_mode)3, 0>, config4>(ap_fixed<16, 6, (ap_q_mode)5, (ap_o_mode)3, 0>*, ap_fixed<36, 16, (ap_q_mode)5, (ap_o_mode)3, 0>*, config4::weight_t*, config4::bias_t*)' into 'myproject(ap_fixed<16, 6, (ap_q_mode)5, (ap_o_mode)3, 0>*, ap_fixed<16, 6, (ap_q_mode)5, (ap_o_mode)3, 0>*)' (firmware/myproject.cpp:44:2)
INFO: [HLS 214-131] Inlining function 'void nnet::softmax<ap_fixed<36, 16, (ap_q_mode)5, (ap_o_mode)3, 0>, ap_fixed<16, 6, (ap_q_mode)5, (ap_o_mode)3, 0>, softmax_config5>(ap_fixed<36, 16, (ap_q_mode)5, (ap_o_mode)3, 0>*, ap_fixed<16, 6, (ap_q_mode)5, (ap_o_mode)3, 0>*)' into 'myproject(ap_fixed<16, 6, (ap_q_mode)5, (ap_o_mode)3, 0>*, ap_fixed<16, 6, (ap_q_mode)5, (ap_o_mode)3, 0>*)' (firmware/myproject.cpp:46:5)
INFO: [HLS 214-291] Loop 'VITIS_LOOP_266_3' is marked as complete unroll implied by the pipeline pragma (firmware/nnet_utils/nnet_activation.h:266:23)
INFO: [HLS 214-291] Loop 'VITIS_LOOP_252_2' is marked as complete unroll implied by the pipeline pragma (firmware/nnet_utils/nnet_activation.h:252:23)
INFO: [HLS 214-291] Loop 'VITIS_LOOP_243_1' is marked as complete unroll implied by the pipeline pragma (firmware/nnet_utils/nnet_activation.h:243:23)
INFO: [HLS 214-291] Loop 'VITIS_LOOP_151_1' is marked as complete unroll implied by the pipeline pragma (firmware/nnet_utils/nnet_activation.h:151:23)
INFO: [HLS 214-291] Loop 'Result' is marked as complete unroll implied by the pipeline pragma (firmware/nnet_utils/nnet_dense_latency.h:64:5)
INFO: [HLS 214-291] Loop 'Accum1' is marked as complete unroll implied by the pipeline pragma (firmware/nnet_utils/nnet_dense_latency.h:54:5)
INFO: [HLS 214-291] Loop 'Accum2' is marked as complete unroll implied by the pipeline pragma (firmware/nnet_utils/nnet_dense_latency.h:56:9)
INFO: [HLS 214-291] Loop 'ResetAccum' is marked as complete unroll implied by the pipeline pragma (firmware/nnet_utils/nnet_dense_latency.h:48:5)
INFO: [HLS 214-291] Loop 'Product1' is marked as complete unroll implied by the pipeline pragma (firmware/nnet_utils/nnet_dense_latency.h:37:5)
INFO: [HLS 214-291] Loop 'Product2' is marked as complete unroll implied by the pipeline pragma (firmware/nnet_utils/nnet_dense_latency.h:40:9)
INFO: [HLS 214-291] Loop 'VITIS_LOOP_43_1' is marked as complete unroll implied by the pipeline pragma (firmware/nnet_utils/nnet_activation.h:43:22)
INFO: [HLS 214-186] Unrolling loop 'VITIS_LOOP_266_3' (firmware/nnet_utils/nnet_activation.h:266:23) in function 'nnet::softmax_stable<ap_fixed<36, 16, (ap_q_mode)5, (ap_o_mode)3, 0>, ap_fixed<16, 6, (ap_q_mode)5, (ap_o_mode)3, 0>, softmax_config5>' completely with a factor of 4 (firmware/nnet_utils/nnet_activation.h:216:0)
INFO: [HLS 214-186] Unrolling loop 'VITIS_LOOP_252_2' (firmware/nnet_utils/nnet_activation.h:252:23) in function 'nnet::softmax_stable<ap_fixed<36, 16, (ap_q_mode)5, (ap_o_mode)3, 0>, ap_fixed<16, 6, (ap_q_mode)5, (ap_o_mode)3, 0>, softmax_config5>' completely with a factor of 4 (firmware/nnet_utils/nnet_activation.h:216:0)
INFO: [HLS 214-186] Unrolling loop 'VITIS_LOOP_243_1' (firmware/nnet_utils/nnet_activation.h:243:23) in function 'nnet::softmax_stable<ap_fixed<36, 16, (ap_q_mode)5, (ap_o_mode)3, 0>, ap_fixed<16, 6, (ap_q_mode)5, (ap_o_mode)3, 0>, softmax_config5>' completely with a factor of 4 (firmware/nnet_utils/nnet_activation.h:216:0)
INFO: [HLS 214-186] Unrolling loop 'VITIS_LOOP_151_1' (firmware/nnet_utils/nnet_activation.h:151:23) in function 'nnet::init_exp_table<ap_fixed<36, 16, (ap_q_mode)5, (ap_o_mode)3, 0>, softmax_config5>' completely with a factor of 1024 (firmware/nnet_utils/nnet_activation.h:149:0)
INFO: [HLS 214-186] Unrolling loop 'Result' (firmware/nnet_utils/nnet_dense_latency.h:64:5) in function 'nnet::dense_latency<ap_fixed<16, 6, (ap_q_mode)5, (ap_o_mode)3, 0>, ap_fixed<36, 16, (ap_q_mode)5, (ap_o_mode)3, 0>, config4>' completely with a factor of 4 (firmware/nnet_utils/nnet_dense_latency.h:15:0)
INFO: [HLS 214-186] Unrolling loop 'Accum1' (firmware/nnet_utils/nnet_dense_latency.h:54:5) in function 'nnet::dense_latency<ap_fixed<16, 6, (ap_q_mode)5, (ap_o_mode)3, 0>, ap_fixed<36, 16, (ap_q_mode)5, (ap_o_mode)3, 0>, config4>' completely with a factor of 8 (firmware/nnet_utils/nnet_dense_latency.h:15:0)
INFO: [HLS 214-186] Unrolling loop 'Accum2' (firmware/nnet_utils/nnet_dense_latency.h:56:9) in function 'nnet::dense_latency<ap_fixed<16, 6, (ap_q_mode)5, (ap_o_mode)3, 0>, ap_fixed<36, 16, (ap_q_mode)5, (ap_o_mode)3, 0>, config4>' completely with a factor of 4 (firmware/nnet_utils/nnet_dense_latency.h:15:0)
INFO: [HLS 214-186] Unrolling loop 'ResetAccum' (firmware/nnet_utils/nnet_dense_latency.h:48:5) in function 'nnet::dense_latency<ap_fixed<16, 6, (ap_q_mode)5, (ap_o_mode)3, 0>, ap_fixed<36, 16, (ap_q_mode)5, (ap_o_mode)3, 0>, config4>' completely with a factor of 4 (firmware/nnet_utils/nnet_dense_latency.h:15:0)
INFO: [HLS 214-186] Unrolling loop 'Product1' (firmware/nnet_utils/nnet_dense_latency.h:37:5) in function 'nnet::dense_latency<ap_fixed<16, 6, (ap_q_mode)5, (ap_o_mode)3, 0>, ap_fixed<36, 16, (ap_q_mode)5, (ap_o_mode)3, 0>, config4>' completely with a factor of 8 (firmware/nnet_utils/nnet_dense_latency.h:15:0)
INFO: [HLS 214-186] Unrolling loop 'Product2' (firmware/nnet_utils/nnet_dense_latency.h:40:9) in function 'nnet::dense_latency<ap_fixed<16, 6, (ap_q_mode)5, (ap_o_mode)3, 0>, ap_fixed<36, 16, (ap_q_mode)5, (ap_o_mode)3, 0>, config4>' completely with a factor of 4 (firmware/nnet_utils/nnet_dense_latency.h:15:0)
INFO: [HLS 214-186] Unrolling loop 'VITIS_LOOP_43_1' (firmware/nnet_utils/nnet_activation.h:43:22) in function 'nnet::relu<ap_fixed<37, 17, (ap_q_mode)5, (ap_o_mode)3, 0>, ap_fixed<16, 6, (ap_q_mode)5, (ap_o_mode)3, 0>, relu_config3>' completely with a factor of 8 (firmware/nnet_utils/nnet_activation.h:39:0)
INFO: [HLS 214-186] Unrolling loop 'Result' (firmware/nnet_utils/nnet_dense_latency.h:64:5) in function 'nnet::dense_latency<ap_fixed<16, 6, (ap_q_mode)5, (ap_o_mode)3, 0>, ap_fixed<37, 17, (ap_q_mode)5, (ap_o_mode)3, 0>, config2>' completely with a factor of 8 (firmware/nnet_utils/nnet_dense_latency.h:15:0)
INFO: [HLS 214-186] Unrolling loop 'Accum1' (firmware/nnet_utils/nnet_dense_latency.h:54:5) in function 'nnet::dense_latency<ap_fixed<16, 6, (ap_q_mode)5, (ap_o_mode)3, 0>, ap_fixed<37, 17, (ap_q_mode)5, (ap_o_mode)3, 0>, config2>' completely with a factor of 16 (firmware/nnet_utils/nnet_dense_latency.h:15:0)
INFO: [HLS 214-186] Unrolling loop 'Accum2' (firmware/nnet_utils/nnet_dense_latency.h:56:9) in function 'nnet::dense_latency<ap_fixed<16, 6, (ap_q_mode)5, (ap_o_mode)3, 0>, ap_fixed<37, 17, (ap_q_mode)5, (ap_o_mode)3, 0>, config2>' completely with a factor of 8 (firmware/nnet_utils/nnet_dense_latency.h:15:0)
INFO: [HLS 214-186] Unrolling loop 'ResetAccum' (firmware/nnet_utils/nnet_dense_latency.h:48:5) in function 'nnet::dense_latency<ap_fixed<16, 6, (ap_q_mode)5, (ap_o_mode)3, 0>, ap_fixed<37, 17, (ap_q_mode)5, (ap_o_mode)3, 0>, config2>' completely with a factor of 8 (firmware/nnet_utils/nnet_dense_latency.h:15:0)
INFO: [HLS 214-186] Unrolling loop 'Product1' (firmware/nnet_utils/nnet_dense_latency.h:37:5) in function 'nnet::dense_latency<ap_fixed<16, 6, (ap_q_mode)5, (ap_o_mode)3, 0>, ap_fixed<37, 17, (ap_q_mode)5, (ap_o_mode)3, 0>, config2>' completely with a factor of 16 (firmware/nnet_utils/nnet_dense_latency.h:15:0)
INFO: [HLS 214-186] Unrolling loop 'Product2' (firmware/nnet_utils/nnet_dense_latency.h:40:9) in function 'nnet::dense_latency<ap_fixed<16, 6, (ap_q_mode)5, (ap_o_mode)3, 0>, ap_fixed<37, 17, (ap_q_mode)5, (ap_o_mode)3, 0>, config2>' completely with a factor of 8 (firmware/nnet_utils/nnet_dense_latency.h:15:0)
INFO: [HLS 214-178] Inlining function 'std::enable_if<!(std::is_same<ap_fixed<16, 6, (ap_q_mode)5, (ap_o_mode)3, 0>, ap_uint<1> >::value), ap_fixed<37, 17, (ap_q_mode)5, (ap_o_mode)3, 0> >::type nnet::cast<ap_fixed<16, 6, (ap_q_mode)5, (ap_o_mode)3, 0>, ap_fixed<37, 17, (ap_q_mode)5, (ap_o_mode)3, 0>, config2>(config2::accum_t)' into 'void nnet::dense_latency<ap_fixed<16, 6, (ap_q_mode)5, (ap_o_mode)3, 0>, ap_fixed<37, 17, (ap_q_mode)5, (ap_o_mode)3, 0>, config2>(ap_fixed<16, 6, (ap_q_mode)5, (ap_o_mode)3, 0>*, ap_fixed<37, 17, (ap_q_mode)5, (ap_o_mode)3, 0>*, config2::weight_t*, config2::bias_t*)' (firmware/nnet_utils/nnet_dense_latency.h:15:0)
INFO: [HLS 214-178] Inlining function 'std::enable_if<!(std::is_same<ap_fixed<16, 6, (ap_q_mode)5, (ap_o_mode)3, 0>, ap_uint<1> >::value), ap_fixed<36, 16, (ap_q_mode)5, (ap_o_mode)3, 0> >::type nnet::cast<ap_fixed<16, 6, (ap_q_mode)5, (ap_o_mode)3, 0>, ap_fixed<36, 16, (ap_q_mode)5, (ap_o_mode)3, 0>, config4>(config4::accum_t)' into 'void nnet::dense_latency<ap_fixed<16, 6, (ap_q_mode)5, (ap_o_mode)3, 0>, ap_fixed<36, 16, (ap_q_mode)5, (ap_o_mode)3, 0>, config4>(ap_fixed<16, 6, (ap_q_mode)5, (ap_o_mode)3, 0>*, ap_fixed<36, 16, (ap_q_mode)5, (ap_o_mode)3, 0>*, config4::weight_t*, config4::bias_t*)' (firmware/nnet_utils/nnet_dense_latency.h:15:0)
INFO: [HLS 214-178] Inlining function 'nnet::Op_max<ap_fixed<36, 16, (ap_q_mode)5, (ap_o_mode)3, 0> >::operator()(ap_fixed<36, 16, (ap_q_mode)5, (ap_o_mode)3, 0>, ap_fixed<36, 16, (ap_q_mode)5, (ap_o_mode)3, 0>)' into 'ap_fixed<36, 16, (ap_q_mode)5, (ap_o_mode)3, 0> nnet::reduce<ap_fixed<36, 16, (ap_q_mode)5, (ap_o_mode)3, 0>, 2, nnet::Op_max<ap_fixed<36, 16, (ap_q_mode)5, (ap_o_mode)3, 0> > >(ap_fixed<36, 16, (ap_q_mode)5, (ap_o_mode)3, 0> const*, nnet::Op_max<ap_fixed<36, 16, (ap_q_mode)5, (ap_o_mode)3, 0> >)' (firmware/nnet_utils/nnet_common.h:37:0)
INFO: [HLS 214-178] Inlining function 'ap_fixed<36, 16, (ap_q_mode)5, (ap_o_mode)3, 0> nnet::reduce<ap_fixed<36, 16, (ap_q_mode)5, (ap_o_mode)3, 0>, 2, nnet::Op_max<ap_fixed<36, 16, (ap_q_mode)5, (ap_o_mode)3, 0> > >(ap_fixed<36, 16, (ap_q_mode)5, (ap_o_mode)3, 0> const*, nnet::Op_max<ap_fixed<36, 16, (ap_q_mode)5, (ap_o_mode)3, 0> >)' into 'ap_fixed<36, 16, (ap_q_mode)5, (ap_o_mode)3, 0> nnet::reduce<ap_fixed<36, 16, (ap_q_mode)5, (ap_o_mode)3, 0>, 4, nnet::Op_max<ap_fixed<36, 16, (ap_q_mode)5, (ap_o_mode)3, 0> > >(ap_fixed<36, 16, (ap_q_mode)5, (ap_o_mode)3, 0> const*, nnet::Op_max<ap_fixed<36, 16, (ap_q_mode)5, (ap_o_mode)3, 0> >)' (firmware/nnet_utils/nnet_common.h:37:0)
INFO: [HLS 214-178] Inlining function 'nnet::Op_max<ap_fixed<36, 16, (ap_q_mode)5, (ap_o_mode)3, 0> >::operator()(ap_fixed<36, 16, (ap_q_mode)5, (ap_o_mode)3, 0>, ap_fixed<36, 16, (ap_q_mode)5, (ap_o_mode)3, 0>) (.42)' into 'ap_fixed<36, 16, (ap_q_mode)5, (ap_o_mode)3, 0> nnet::reduce<ap_fixed<36, 16, (ap_q_mode)5, (ap_o_mode)3, 0>, 4, nnet::Op_max<ap_fixed<36, 16, (ap_q_mode)5, (ap_o_mode)3, 0> > >(ap_fixed<36, 16, (ap_q_mode)5, (ap_o_mode)3, 0> const*, nnet::Op_max<ap_fixed<36, 16, (ap_q_mode)5, (ap_o_mode)3, 0> >)' (firmware/nnet_utils/nnet_common.h:37:0)
INFO: [HLS 214-178] Inlining function 'nnet::Op_add<ap_fixed<18, 8, (ap_q_mode)0, (ap_o_mode)0, 0> >::operator()(ap_fixed<18, 8, (ap_q_mode)0, (ap_o_mode)0, 0>, ap_fixed<18, 8, (ap_q_mode)0, (ap_o_mode)0, 0>) (.18.28)' into 'ap_fixed<18, 8, (ap_q_mode)0, (ap_o_mode)0, 0> nnet::reduce<ap_fixed<18, 8, (ap_q_mode)0, (ap_o_mode)0, 0>, 2, nnet::Op_add<ap_fixed<18, 8, (ap_q_mode)0, (ap_o_mode)0, 0> > >(ap_fixed<18, 8, (ap_q_mode)0, (ap_o_mode)0, 0> const*, nnet::Op_add<ap_fixed<18, 8, (ap_q_mode)0, (ap_o_mode)0, 0> >)' (firmware/nnet_utils/nnet_common.h:37:0)
INFO: [HLS 214-178] Inlining function 'ap_fixed<18, 8, (ap_q_mode)0, (ap_o_mode)0, 0> nnet::reduce<ap_fixed<18, 8, (ap_q_mode)0, (ap_o_mode)0, 0>, 2, nnet::Op_add<ap_fixed<18, 8, (ap_q_mode)0, (ap_o_mode)0, 0> > >(ap_fixed<18, 8, (ap_q_mode)0, (ap_o_mode)0, 0> const*, nnet::Op_add<ap_fixed<18, 8, (ap_q_mode)0, (ap_o_mode)0, 0> >)' into 'ap_fixed<18, 8, (ap_q_mode)0, (ap_o_mode)0, 0> nnet::reduce<ap_fixed<18, 8, (ap_q_mode)0, (ap_o_mode)0, 0>, 4, nnet::Op_add<ap_fixed<18, 8, (ap_q_mode)0, (ap_o_mode)0, 0> > >(ap_fixed<18, 8, (ap_q_mode)0, (ap_o_mode)0, 0> const*, nnet::Op_add<ap_fixed<18, 8, (ap_q_mode)0, (ap_o_mode)0, 0> >)' (firmware/nnet_utils/nnet_common.h:37:0)
INFO: [HLS 214-178] Inlining function 'nnet::Op_add<ap_fixed<18, 8, (ap_q_mode)0, (ap_o_mode)0, 0> >::operator()(ap_fixed<18, 8, (ap_q_mode)0, (ap_o_mode)0, 0>, ap_fixed<18, 8, (ap_q_mode)0, (ap_o_mode)0, 0>) (.18.28)' into 'ap_fixed<18, 8, (ap_q_mode)0, (ap_o_mode)0, 0> nnet::reduce<ap_fixed<18, 8, (ap_q_mode)0, (ap_o_mode)0, 0>, 4, nnet::Op_add<ap_fixed<18, 8, (ap_q_mode)0, (ap_o_mode)0, 0> > >(ap_fixed<18, 8, (ap_q_mode)0, (ap_o_mode)0, 0> const*, nnet::Op_add<ap_fixed<18, 8, (ap_q_mode)0, (ap_o_mode)0, 0> >)' (firmware/nnet_utils/nnet_common.h:37:0)
INFO: [HLS 214-178] Inlining function 'ap_fixed<36, 16, (ap_q_mode)5, (ap_o_mode)3, 0> nnet::reduce<ap_fixed<36, 16, (ap_q_mode)5, (ap_o_mode)3, 0>, 4, nnet::Op_max<ap_fixed<36, 16, (ap_q_mode)5, (ap_o_mode)3, 0> > >(ap_fixed<36, 16, (ap_q_mode)5, (ap_o_mode)3, 0> const*, nnet::Op_max<ap_fixed<36, 16, (ap_q_mode)5, (ap_o_mode)3, 0> >)' into 'void nnet::softmax_stable<ap_fixed<36, 16, (ap_q_mode)5, (ap_o_mode)3, 0>, ap_fixed<16, 6, (ap_q_mode)5, (ap_o_mode)3, 0>, softmax_config5>(ap_fixed<36, 16, (ap_q_mode)5, (ap_o_mode)3, 0>*, ap_fixed<16, 6, (ap_q_mode)5, (ap_o_mode)3, 0>*)' (firmware/nnet_utils/nnet_activation.h:216:0)
INFO: [HLS 214-178] Inlining function 'unsigned int nnet::softmax_idx_from_real_val<ap_fixed<36, 16, (ap_q_mode)5, (ap_o_mode)3, 0>, softmax_config5>(ap_fixed<36, 16, (ap_q_mode)5, (ap_o_mode)3, 0>)' into 'void nnet::softmax_stable<ap_fixed<36, 16, (ap_q_mode)5, (ap_o_mode)3, 0>, ap_fixed<16, 6, (ap_q_mode)5, (ap_o_mode)3, 0>, softmax_config5>(ap_fixed<36, 16, (ap_q_mode)5, (ap_o_mode)3, 0>*, ap_fixed<16, 6, (ap_q_mode)5, (ap_o_mode)3, 0>*)' (firmware/nnet_utils/nnet_activation.h:216:0)
INFO: [HLS 214-178] Inlining function 'ap_fixed<18, 8, (ap_q_mode)0, (ap_o_mode)0, 0> nnet::reduce<ap_fixed<18, 8, (ap_q_mode)0, (ap_o_mode)0, 0>, 4, nnet::Op_add<ap_fixed<18, 8, (ap_q_mode)0, (ap_o_mode)0, 0> > >(ap_fixed<18, 8, (ap_q_mode)0, (ap_o_mode)0, 0> const*, nnet::Op_add<ap_fixed<18, 8, (ap_q_mode)0, (ap_o_mode)0, 0> >)' into 'void nnet::softmax_stable<ap_fixed<36, 16, (ap_q_mode)5, (ap_o_mode)3, 0>, ap_fixed<16, 6, (ap_q_mode)5, (ap_o_mode)3, 0>, softmax_config5>(ap_fixed<36, 16, (ap_q_mode)5, (ap_o_mode)3, 0>*, ap_fixed<16, 6, (ap_q_mode)5, (ap_o_mode)3, 0>*)' (firmware/nnet_utils/nnet_activation.h:216:0)
INFO: [HLS 214-178] Inlining function 'unsigned int nnet::softmax_idx_from_real_val<ap_fixed<18, 8, (ap_q_mode)0, (ap_o_mode)0, 0>, softmax_config5>(ap_fixed<18, 8, (ap_q_mode)0, (ap_o_mode)0, 0>)' into 'void nnet::softmax_stable<ap_fixed<36, 16, (ap_q_mode)5, (ap_o_mode)3, 0>, ap_fixed<16, 6, (ap_q_mode)5, (ap_o_mode)3, 0>, softmax_config5>(ap_fixed<36, 16, (ap_q_mode)5, (ap_o_mode)3, 0>*, ap_fixed<16, 6, (ap_q_mode)5, (ap_o_mode)3, 0>*)' (firmware/nnet_utils/nnet_activation.h:216:0)
INFO: [HLS 214-248] Applying array_partition to 'b4': Complete partitioning on dimension 1. (firmware/weights/b4.h:12:0)
INFO: [HLS 214-248] Applying array_partition to 'b2': Complete partitioning on dimension 1. (firmware/weights/b2.h:12:0)
INFO: [HLS 214-248] Applying array_partition to 'layer2_out': Complete partitioning on dimension 1. (firmware/myproject.cpp:34:17)
INFO: [HLS 214-248] Applying array_partition to 'layer3_out': Complete partitioning on dimension 1. (firmware/myproject.cpp:38:14)
INFO: [HLS 214-248] Applying array_partition to 'layer4_out': Complete partitioning on dimension 1. (firmware/myproject.cpp:42:22)
INFO: [HLS 214-248] Applying array_partition to 'layer5_out': Complete partitioning on dimension 1. (firmware/myproject.cpp:10:0)
INFO: [HLS 214-248] Applying array_reshape to 'input_layer': Complete reshaping on dimension 1. (firmware/myproject.cpp:10:0)
INFO: [HLS 200-111] Finished Compiling Optimization and Transform: CPU user time: 147.94 seconds. CPU system time: 1.41 seconds. Elapsed time: 150.9 seconds; current allocated memory: 293.266 MB.
INFO: [HLS 200-111] Finished Checking Pragmas: CPU user time: 0 seconds. CPU system time: 0 seconds. Elapsed time: 0 seconds; current allocated memory: 293.266 MB.
INFO: [HLS 200-10] Starting code transformations ...
INFO: [HLS 200-111] Finished Standard Transforms: CPU user time: 16.21 seconds. CPU system time: 0.24 seconds. Elapsed time: 16.45 seconds; current allocated memory: 515.488 MB.
INFO: [HLS 200-10] Checking synthesizability ...
INFO: [XFORM 203-602] Inlining function 'nnet::exp_fcn_float' into 'nnet::init_exp_table<ap_fixed<36, 16, (ap_q_mode)5, (ap_o_mode)3, 0>, softmax_config5>' (firmware/nnet_utils/nnet_activation.h:154) automatically.
WARNING: [SYNCHK 200-23] firmware/nnet_utils/nnet_activation.h:138: variable-indexed range selection may cause suboptimal QoR.
INFO: [SYNCHK 200-10] 0 error(s), 1 warning(s).
INFO: [HLS 200-111] Finished Checking Synthesizability: CPU user time: 10.04 seconds. CPU system time: 0.15 seconds. Elapsed time: 10.2 seconds; current allocated memory: 701.871 MB.
INFO: [XFORM 203-602] Inlining function 'nnet::exp_fcn_float' into 'nnet::init_exp_table<ap_fixed<36, 16, (ap_q_mode)5, (ap_o_mode)3, 0>, softmax_config5>' (firmware/nnet_utils/nnet_activation.h:154) automatically.
INFO: [XFORM 203-401] Performing if-conversion on hyperblock from (firmware/nnet_utils/nnet_activation.h:133:92) to (firmware/nnet_utils/nnet_activation.h:138:5) in function 'nnet::softmax_real_val_from_idx<ap_fixed<36, 16, (ap_q_mode)5, (ap_o_mode)3, 0>, softmax_config5>'... converting 10 basic blocks.
INFO: [XFORM 203-401] Performing if-conversion on hyperblock from (firmware/nnet_utils/nnet_activation.h:42:9) to (firmware/nnet_utils/nnet_activation.h:50:1) in function 'nnet::relu<ap_fixed<37, 17, (ap_q_mode)5, (ap_o_mode)3, 0>, ap_fixed<16, 6, (ap_q_mode)5, (ap_o_mode)3, 0>, relu_config3>'... converting 17 basic blocks.
INFO: [XFORM 203-401] Performing if-conversion on hyperblock from (firmware/nnet_utils/nnet_activation.h:149:52) to (firmware/nnet_utils/nnet_activation.h:157:1) in function 'nnet::init_exp_table<ap_fixed<36, 16, (ap_q_mode)5, (ap_o_mode)3, 0>, softmax_config5>'... converting 27649 basic blocks.
INFO: [XFORM 203-11] Balancing expressions in function 'nnet::dense_latency<ap_fixed<16, 6, (ap_q_mode)5, (ap_o_mode)3, 0>, ap_fixed<37, 17, (ap_q_mode)5, (ap_o_mode)3, 0>, config2>' (firmware/nnet_utils/nnet_dense_latency.h:33:21)...120 expression(s) balanced.
INFO: [XFORM 203-11] Balancing expressions in function 'nnet::dense_latency<ap_fixed<16, 6, (ap_q_mode)5, (ap_o_mode)3, 0>, ap_fixed<36, 16, (ap_q_mode)5, (ap_o_mode)3, 0>, config4>' (firmware/nnet_utils/nnet_dense_latency.h:33:1)...28 expression(s) balanced.
INFO: [HLS 200-111] Finished Loop, function and other optimizations: CPU user time: 579.22 seconds. CPU system time: 0.31 seconds. Elapsed time: 579.58 seconds; current allocated memory: 882.371 MB.
INFO: [XFORM 203-603] Evaluating the output(s) of a call to function 'nnet::softmax_real_val_from_idx<ap_fixed<36, 16, (ap_q_mode)5, (ap_o_mode)3, 0>, softmax_config5>' (firmware/nnet_utils/nnet_activation.h:153:19) in function 'nnet::init_exp_table<ap_fixed<36, 16, (ap_q_mode)5, (ap_o_mode)3, 0>, softmax_config5>' and propagating its result(s) since all actual argument(s) to the function are constants.
INFO: [HLS 200-111] Finished Architecture Synthesis: CPU user time: 1256.11 seconds. CPU system time: 0.26 seconds. Elapsed time: 1256.51 seconds; current allocated memory: 1.226 GB.
INFO: [HLS 200-10] Starting hardware synthesis ...
INFO: [HLS 200-10] Synthesizing 'myproject' ...
WARNING: [SYN 201-103] Legalizing function name 'dense_latency<ap_fixed<16, 6, 5, 3, 0>, ap_fixed<37, 17, 5, 3, 0>, config2>' to 'dense_latency_ap_fixed_16_6_5_3_0_ap_fixed_37_17_5_3_0_config2_s'.
WARNING: [SYN 201-103] Legalizing function name 'relu<ap_fixed<37, 17, 5, 3, 0>, ap_fixed<16, 6, 5, 3, 0>, relu_config3>' to 'relu_ap_fixed_37_17_5_3_0_ap_fixed_16_6_5_3_0_relu_config3_s'.
WARNING: [SYN 201-103] Legalizing function name 'dense_latency<ap_fixed<16, 6, 5, 3, 0>, ap_fixed<36, 16, 5, 3, 0>, config4>' to 'dense_latency_ap_fixed_16_6_5_3_0_ap_fixed_36_16_5_3_0_config4_s'.
WARNING: [SYN 201-103] Legalizing function name 'init_exp_table<ap_fixed<36, 16, 5, 3, 0>, softmax_config5>' to 'init_exp_table_ap_fixed_36_16_5_3_0_softmax_config5_s'.
WARNING: [SYN 201-103] Legalizing function name 'softmax_stable<ap_fixed,ap_fixed<16,6,5,3,0>,softmax_config5>' to 'softmax_stable_ap_fixed_ap_fixed_16_6_5_3_0_softmax_config5_s'.
INFO: [HLS 200-10] ----------------------------------------------------------------
INFO: [HLS 200-42] -- Implementing module 'dense_latency_ap_fixed_16_6_5_3_0_ap_fixed_37_17_5_3_0_config2_s' 
INFO: [HLS 200-10] ----------------------------------------------------------------
INFO: [SCHED 204-11] Starting scheduling ...
INFO: [SCHED 204-61] Pipelining function 'dense_latency<ap_fixed<16, 6, 5, 3, 0>, ap_fixed<37, 17, 5, 3, 0>, config2>'.
INFO: [HLS 200-1470] Pipelining result : Target II = NA, Final II = 1, Depth = 2, function 'dense_latency<ap_fixed<16, 6, 5, 3, 0>, ap_fixed<37, 17, 5, 3, 0>, config2>'
INFO: [SCHED 204-11] Finished scheduling.
INFO: [HLS 200-111] Finished Scheduling: CPU user time: 2.22 seconds. CPU system time: 0.11 seconds. Elapsed time: 2.33 seconds; current allocated memory: 1.226 GB.
INFO: [BIND 205-100] Starting micro-architecture generation ...
INFO: [BIND 205-101] Performing variable lifetime analysis.
INFO: [BIND 205-101] Exploring resource sharing.
INFO==============================================================
Vitis HLS - High-Level Synthesis from C, C++ and OpenCL v2024.1 (64-bit)
Tool Version Limit: 2024.05
Copyright 1986-2022 Xilinx, Inc. All Rights Reserved.
Copyright 2022-2024 Advanced Micro Devices, Inc. All Rights Reserved.

==============================================================
==============================================================
Vitis HLS - High-Level Synthesis from C, C++ and OpenCL v2024.1 (64-bit)
Tool Version Limit: 2024.05
Copyright 1986-2022 Xilinx, Inc. All Rights Reserved.
Copyright 2022-2024 Advanced Micro Devices, Inc. All Rights Reserved.

==============================================================
INFO: [SYN 201-201] Setting up clock 'default' with a period of 5ns.
INFO: [SYN 201-201] Setting up clock 'default' with an uncertainty of 1.35ns.
INFO: [HLS 200-1611] Setting target device to 'xcvu47p-fsvh2892-2-e'
INFO: [HLS 200-1505] Using flow_target 'vivado'
INFO: [HLS 200-1464] Running solution command: config_compile -name_max_length=80
INFO: [XFORM 203-1161] The maximum of name length is set to 80.
INFO: [HLS 200-1464] Running solution command: config_compile -complex-mul-dsp=0
INFO: [XFORM 203-1161] The maximum of name length is set to 80.
INFO: [HLS 200-1464] Running solution command: config_schedule -enable_dsp_full_reg=0
INFO: [HLS 200-1510] Running: config_array_partition -maximum_size 4096 
ERROR: [HLS 200-101] config_array_partition: Unknown option '-maximum_size'.
ERROR: [HLS 200-101] config_array_partition: Unknown option '4096'.
INFO: [HLS 200-1510] Running: config_compile -name_max_length 80 
INFO: [XFORM 203-1161] The maximum of name length is set to 80.
INFO: [HLS 200-1510] Running: set_part xcvu47p-fsvh2892-2-e 
INFO: [XFORM 203-1161] The maximum of name length is set to 80.
INFO: [HLS 200-1510] Running: config_schedule -enable_dsp_full_reg=false 
INFO: [HLS 200-1510] Running: create_clock -period 5 -name default 
INFO: [HLS 200-1510] Running: set_clock_uncertainty 27% default 
INFO: [HLS 200-1510] Running: csim_design 
INFO: [SIM 211-2] *************** CSIM start ***************
INFO: [SIM 211-4] CSIM will launch CLANG as the compiler.
INFO: [HLS 200-2036] Building debug C Simulation binaries
INFO: [SIM 211-1] CSim done with 0 errors.
INFO: [SIM 211-3] *************** CSIM finish ***************
INFO: [HLS 200-2161] Finished Command csim_design Elapsed time: 00:00:00; Allocated memory: 0.000 MB.
==============================================================
Vitis HLS - High-Level Synthesis from C, C++ and OpenCL v2024.1 (64-bit)
Tool Version Limit: 2024.05
Copyright 1986-2022 Xilinx, Inc. All Rights Reserved.
Copyright 2022-2024 Advanced Micro Devices, Inc. All Rights Reserved.

==============================================================
INFO: [SYN 201-201] Setting up clock 'default' with a period of 5ns.
INFO: [SYN 201-201] Setting up clock 'default' with an uncertainty of 1.35ns.
INFO: [HLS 200-1611] Setting target device to 'xcvu47p-fsvh2892-2-e'
INFO: [HLS 200-1505] Using flow_target 'vivado'
INFO: [HLS 200-1464] Running solution command: config_compile -name_max_length=80
INFO: [XFORM 203-1161] The maximum of name length is set to 80.
INFO: [HLS 200-1464] Running solution command: config_compile -complex-mul-dsp=0
INFO: [XFORM 203-1161] The maximum of name length is set to 80.
INFO: [HLS 200-1464] Running solution command: config_schedule -enable_dsp_full_reg=0
INFO: [HLS 200-1510] Running: config_array_partition -maximum_size 4096 
ERROR: [HLS 200-101] config_array_partition: Unknown option '-maximum_size'.
ERROR: [HLS 200-101] config_array_partition: Unknown option '4096'.
INFO: [HLS 200-1510] Running: config_compile -name_max_length 80 
INFO: [XFORM 203-1161] The maximum of name length is set to 80.
INFO: [HLS 200-1510] Running: set_part xcvu47p-fsvh2892-2-e 
INFO: [XFORM 203-1161] The maximum of name length is set to 80.
INFO: [HLS 200-1510] Running: config_schedule -enable_dsp_full_reg=false 
INFO: [HLS 200-1510] Running: create_clock -period 5 -name default 
INFO: [HLS 200-1510] Running: set_clock_uncertainty 27% default 
INFO: [HLS 200-1510] Running: csim_design 
INFO: [SIM 211-2] *************** CSIM start ***************
INFO: [SIM 211-4] CSIM will launch CLANG as the compiler.
INFO: [HLS 200-2036] Building debug C Simulation binaries
INFO: [SIM 211-1] CSim done with 0 errors.
INFO: [SIM 211-3] *************** CSIM finish ***************
INFO: [HLS 200-2161] Finished Command csim_design Elapsed time: 00:00:00; Allocated memory: 0.000 MB.
==============================================================
Vitis HLS - High-Level Synthesis from C, C++ and OpenCL v2024.1 (64-bit)
Tool Version Limit: 2024.05
Copyright 1986-2022 Xilinx, Inc. All Rights Reserved.
Copyright 2022-2024 Advanced Micro Devices, Inc. All Rights Reserved.

==============================================================
INFO: [SYN 201-201] Setting up clock 'default' with a period of 5ns.
INFO: [SYN 201-201] Setting up clock 'default' with an uncertainty of 1.35ns.
INFO: [HLS 200-1611] Setting target device to 'xcvu47p-fsvh2892-2-e'
INFO: [HLS 200-1505] Using flow_target 'vivado'
INFO: [HLS 200-1464] Running solution command: config_compile -name_max_length=80
INFO: [XFORM 203-1161] The maximum of name length is set to 80.
INFO: [HLS 200-1464] Running solution command: config_compile -complex-mul-dsp=0
INFO: [XFORM 203-1161] The maximum of name length is set to 80.
INFO: [HLS 200-1464] Running solution command: config_schedule -enable_dsp_full_reg=0
INFO: [HLS 200-1510] Running: config_array_partition -maximum_size 4096 
ERROR: [HLS 200-101] config_array_partition: Unknown option '-maximum_size'.
ERROR: [HLS 200-101] config_array_partition: Unknown option '4096'.
INFO: [HLS 200-1510] Running: config_compile -name_max_length 80 
INFO: [XFORM 203-1161] The maximum of name length is set to 80.
INFO: [HLS 200-1510] Running: set_part xcvu47p-fsvh2892-2-e 
INFO: [XFORM 203-1161] The maximum of name length is set to 80.
INFO: [HLS 200-1510] Running: config_schedule -enable_dsp_full_reg=false 
INFO: [HLS 200-1510] Running: create_clock -period 5 -name default 
INFO: [HLS 200-1510] Running: set_clock_uncertainty 27% default 
INFO: [HLS 200-1510] Running: csim_design 
INFO: [SIM 211-2] *************** CSIM start ***************
INFO: [SIM 211-4] CSIM will launch CLANG as the compiler.
INFO: [HLS 200-2036] Building debug C Simulation binaries
INFO: [SIM 211-1] CSim done with 0 errors.
INFO: [SIM 211-3] *************** CSIM finish ***************
INFO: [HLS 200-2161] Finished Command csim_design Elapsed time: 00:00:00; Allocated memory: 0.000 MB.
INFO: [HLS 200-1510] Running: csynth_design 
INFO: [HLS 200-111] Finished File checks and directory preparation: CPU user time: 0.11 seconds. CPU system time: 0.02 seconds. Elapsed time: 0.12 seconds; current allocated memory: 277.160 MB.
INFO: [HLS 200-10] Analyzing design file 'firmware/myproject.cpp' ... 
WARNING: [HLS 207-5538] 'Resource pragma' is deprecated, use 'bind_op/bind_storage pragma' instead (firmware/nnet_utils/nnet_dense_resource.h:33:9)
WARNING: [HLS 207-5538] 'Resource pragma' is deprecated, use 'bind_op/bind_storage pragma' instead (firmware/nnet_utils/nnet_dense_resource.h:107:9)
WARNING: [HLS 207-5538] 'Resource pragma' is deprecated, use 'bind_op/bind_storage pragma' instead (firmware/nnet_utils/nnet_dense_resource.h:189:9)
WARNING: [HLS 207-5292] unused parameter 'keep' (firmware/nnet_utils/nnet_helpers.h:285:99)
WARNING: [HLS 207-5292] unused parameter 'data' (firmware/nnet_utils/nnet_function_stubs.h:14:36)
WARNING: [HLS 207-5292] unused parameter 'buffer' (firmware/nnet_utils/nnet_function_stubs.h:15:36)
WARNING: [HLS 207-5292] unused parameter 'partition' (firmware/nnet_utils/nnet_function_stubs.h:16:44)
WARNING: [HLS 207-5292] unused parameter 'data' (firmware/nnet_utils/nnet_function_stubs.h:24:24)
WARNING: [HLS 207-5292] unused parameter 'buffer' (firmware/nnet_utils/nnet_function_stubs.h:25:24)
WARNING: [HLS 207-5292] unused parameter 'partition' (firmware/nnet_utils/nnet_function_stubs.h:26:32)
WARNING: [HLS 207-5292] unused parameter 'data' (firmware/nnet_utils/nnet_function_stubs.h:33:30)
WARNING: [HLS 207-5292] unused parameter 'res' (firmware/nnet_utils/nnet_function_stubs.h:33:58)
WARNING: [HLS 207-5292] unused parameter 'weights' (firmware/nnet_utils/nnet_function_stubs.h:34:51)
WARNING: [HLS 207-5292] unused parameter 'biases' (firmware/nnet_utils/nnet_function_stubs.h:35:49)
WARNING: [HLS 207-5292] unused parameter 'data' (firmware/nnet_utils/nnet_function_stubs.h:42:29)
WARNING: [HLS 207-5292] unused parameter 'res' (firmware/nnet_utils/nnet_function_stubs.h:42:80)
WARNING: [HLS 207-5292] unused parameter 'weights' (firmware/nnet_utils/nnet_function_stubs.h:43:50)
WARNING: [HLS 207-5292] unused parameter 'biases' (firmware/nnet_utils/nnet_function_stubs.h:44:48)
WARNING: [HLS 207-5292] unused parameter 'data' (firmware/nnet_utils/nnet_code_gen.h:16:39)
WARNING: [HLS 207-5292] unused parameter 'res' (firmware/nnet_utils/nnet_code_gen.h:17:38)
WARNING: [HLS 207-5292] unused parameter 'weights' (firmware/nnet_utils/nnet_code_gen.h:18:60)
WARNING: [HLS 207-5292] unused parameter 'biases' (firmware/nnet_utils/nnet_code_gen.h:19:58)
INFO: [HLS 200-111] Finished Source Code Analysis and Preprocessing: CPU user time: 11.49 seconds. CPU system time: 0.94 seconds. Elapsed time: 13.69 seconds; current allocated memory: 282.840 MB.
INFO: [HLS 200-777] Using interface defaults for 'Vivado' flow target.
INFO: [HLS 200-1995] There were 6,341 instructions in the design after the 'Compile/Link' phase of compilation. See the Design Size Report for more details: /home/ubuntu/hls4ml_tests/my_hls_prj/myproject_prj/solution1/syn/report/csynth_design_size.rpt
WARNING: [HLS 200-1995] There were 343,445 instructions in the design after the 'Unroll/Inline (step 1)' phase of compilation. See the Design Size Report for more details: /home/ubuntu/hls4ml_tests/my_hls_prj/myproject_prj/solution1/syn/report/csynth_design_size.rpt
WARNING: [HLS 200-1995] There were 244,000 instructions in the design after the 'Unroll/Inline (step 2)' phase of compilation. See the Design Size Report for more details: /home/ubuntu/hls4ml_tests/my_hls_prj/myproject_prj/solution1/syn/report/csynth_design_size.rpt
WARNING: [HLS 200-1995] There were 237,767 instructions in the design after the 'Unroll/Inline (step 3)' phase of compilation. See the Design Size Report for more details: /home/ubuntu/hls4ml_tests/my_hls_prj/myproject_prj/solution1/syn/report/csynth_design_size.rpt
WARNING: [HLS 200-1995] There were 217,157 instructions in the design after the 'Unroll/Inline (step 4)' phase of compilation. See the Design Size Report for more details: /home/ubuntu/hls4ml_tests/my_hls_prj/myproject_prj/solution1/syn/report/csynth_design_size.rpt
WARNING: [HLS 200-1995] There were 215,049 instructions in the design after the 'Array/Struct' phase of compilation. See the Design Size Report for more details: /home/ubuntu/hls4ml_tests/my_hls_prj/myproject_prj/solution1/syn/report/csynth_design_size.rpt
WARNING: [HLS 200-1995] There were 215,049 instructions in the design after the 'Array/Struct (step 2)' phase of compilation. See the Design Size Report for more details: /home/ubuntu/hls4ml_tests/my_hls_prj/myproject_prj/solution1/syn/report/csynth_design_size.rpt
WARNING: [HLS 200-1995] There were 215,049 instructions in the design after the 'Array/Struct (step 3)' phase of compilation. See the Design Size Report for more details: /home/ubuntu/hls4ml_tests/my_hls_prj/myproject_prj/solution1/syn/report/csynth_design_size.rpt
WARNING: [HLS 200-1995] There were 215,081 instructions in the design after the 'Array/Struct (step 4)' phase of compilation. See the Design Size Report for more details: /home/ubuntu/hls4ml_tests/my_hls_prj/myproject_prj/solution1/syn/report/csynth_design_size.rpt
WARNING: [HLS 200-1995] There were 215,033 instructions in the design after the 'Array/Struct (step 5)' phase of compilation. See the Design Size Report for more details: /home/ubuntu/hls4ml_tests/my_hls_prj/myproject_prj/solution1/syn/report/csynth_design_size.rpt
WARNING: [HLS 200-1995] There were 215,033 instructions in the design after the 'Performance' phase of compilation. See the Design Size Report for more details: /home/ubuntu/hls4ml_tests/my_hls_prj/myproject_prj/solution1/syn/report/csynth_design_size.rpt
WARNING: [HLS 200-1995] There were 215,033 instructions in the design after the 'Performance (step 2)' phase of compilation. See the Design Size Report for more details: /home/ubuntu/hls4ml_tests/my_hls_prj/myproject_prj/solution1/syn/report/csynth_design_size.rpt
WARNING: [HLS 200-1995] There were 215,033 instructions in the design after the 'Performance (step 3)' phase of compilation. See the Design Size Report for more details: /home/ubuntu/hls4ml_tests/my_hls_prj/myproject_prj/solution1/syn/report/csynth_design_size.rpt
WARNING: [HLS 200-1995] There were 215,033 instructions in the design after the 'Performance (step 4)' phase of compilation. See the Design Size Report for more details: /home/ubuntu/hls4ml_tests/my_hls_prj/myproject_prj/solution1/syn/report/csynth_design_size.rpt
WARNING: [HLS 200-1995] There were 215,038 instructions in the design after the 'HW Transforms' phase of compilation. See the Design Size Report for more details: /home/ubuntu/hls4ml_tests/my_hls_prj/myproject_prj/solution1/syn/report/csynth_design_size.rpt
WARNING: [HLS 200-1995] There were 215,044 instructions in the design after the 'HW Transforms (step 2)' phase of compilation. See the Design Size Report for more details: /home/ubuntu/hls4ml_tests/my_hls_prj/myproject_prj/solution1/syn/report/csynth_design_size.rpt
INFO: [HLS 214-131] Inlining function 'nnet::product::mult<ap_fixed<16, 6, (ap_q_mode)5, (ap_o_mode)3, 0>, ap_fixed<16, 6, (ap_q_mode)5, (ap_o_mode)3, 0> >::product(ap_fixed<16, 6, (ap_q_mode)5, (ap_o_mode)3, 0>, ap_fixed<16, 6, (ap_q_mode)5, (ap_o_mode)3, 0>)' into 'void nnet::dense_latency<ap_fixed<16, 6, (ap_q_mode)5, (ap_o_mode)3, 0>, ap_fixed<37, 17, (ap_q_mode)5, (ap_o_mode)3, 0>, config2>(ap_fixed<16, 6, (ap_q_mode)5, (ap_o_mode)3, 0>*, ap_fixed<37, 17, (ap_q_mode)5, (ap_o_mode)3, 0>*, config2::weight_t*, config2::bias_t*)' (firmware/nnet_utils/nnet_dense_latency.h:42:27)
INFO: [HLS 214-131] Inlining function 'nnet::DenseLatency<ap_fixed<16, 6, (ap_q_mode)5, (ap_o_mode)3, 0>, ap_fixed<37, 17, (ap_q_mode)5, (ap_o_mode)3, 0>, config2>::dense(ap_fixed<16, 6, (ap_q_mode)5, (ap_o_mode)3, 0>*, ap_fixed<37, 17, (ap_q_mode)5, (ap_o_mode)3, 0>*, ap_fixed<16, 6, (ap_q_mode)5, (ap_o_mode)3, 0>*, ap_fixed<16, 6, (ap_q_mode)5, (ap_o_mode)3, 0>*)' into 'void nnet::dense<ap_fixed<16, 6, (ap_q_mode)5, (ap_o_mode)3, 0>, ap_fixed<37, 17, (ap_q_mode)5, (ap_o_mode)3, 0>, config2>(ap_fixed<16, 6, (ap_q_mode)5, (ap_o_mode)3, 0>*, ap_fixed<37, 17, (ap_q_mode)5, (ap_o_mode)3, 0>*, config2::weight_t*, config2::bias_t*)' (firmware/nnet_utils/nnet_dense.h:45:2)
INFO: [HLS 214-131] Inlining function 'nnet::product::mult<ap_fixed<16, 6, (ap_q_mode)5, (ap_o_mode)3, 0>, ap_fixed<16, 6, (ap_q_mode)5, (ap_o_mode)3, 0> >::product(ap_fixed<16, 6, (ap_q_mode)5, (ap_o_mode)3, 0>, ap_fixed<16, 6, (ap_q_mode)5, (ap_o_mode)3, 0>)' into 'void nnet::dense_latency<ap_fixed<16, 6, (ap_q_mode)5, (ap_o_mode)3, 0>, ap_fixed<36, 16, (ap_q_mode)5, (ap_o_mode)3, 0>, config4>(ap_fixed<16, 6, (ap_q_mode)5, (ap_o_mode)3, 0>*, ap_fixed<36, 16, (ap_q_mode)5, (ap_o_mode)3, 0>*, config4::weight_t*, config4::bias_t*)' (firmware/nnet_utils/nnet_dense_latency.h:42:27)
INFO: [HLS 214-131] Inlining function 'nnet::DenseLatency<ap_fixed<16, 6, (ap_q_mode)5, (ap_o_mode)3, 0>, ap_fixed<36, 16, (ap_q_mode)5, (ap_o_mode)3, 0>, config4>::dense(ap_fixed<16, 6, (ap_q_mode)5, (ap_o_mode)3, 0>*, ap_fixed<36, 16, (ap_q_mode)5, (ap_o_mode)3, 0>*, ap_fixed<16, 6, (ap_q_mode)5, (ap_o_mode)3, 0>*, ap_fixed<16, 6, (ap_q_mode)5, (ap_o_mode)3, 0>*)' into 'void nnet::dense<ap_fixed<16, 6, (ap_q_mode)5, (ap_o_mode)3, 0>, ap_fixed<36, 16, (ap_q_mode)5, (ap_o_mode)3, 0>, config4>(ap_fixed<16, 6, (ap_q_mode)5, (ap_o_mode)3, 0>*, ap_fixed<36, 16, (ap_q_mode)5, (ap_o_mode)3, 0>*, config4::weight_t*, config4::bias_t*)' (firmware/nnet_utils/nnet_dense.h:45:2)
INFO: [HLS 214-131] Inlining function 'void nnet::dense<ap_fixed<16, 6, (ap_q_mode)5, (ap_o_mode)3, 0>, ap_fixed<37, 17, (ap_q_mode)5, (ap_o_mode)3, 0>, config2>(ap_fixed<16, 6, (ap_q_mode)5, (ap_o_mode)3, 0>*, ap_fixed<37, 17, (ap_q_mode)5, (ap_o_mode)3, 0>*, config2::weight_t*, config2::bias_t*)' into 'myproject(ap_fixed<16, 6, (ap_q_mode)5, (ap_o_mode)3, 0>*, ap_fixed<16, 6, (ap_q_mode)5, (ap_o_mode)3, 0>*)' (firmware/myproject.cpp:36:2)
INFO: [HLS 214-131] Inlining function 'void nnet::dense<ap_fixed<16, 6, (ap_q_mode)5, (ap_o_mode)3, 0>, ap_fixed<36, 16, (ap_q_mode)5, (ap_o_mode)3, 0>, config4>(ap_fixed<16, 6, (ap_q_mode)5, (ap_o_mode)3, 0>*, ap_fixed<36, 16, (ap_q_mode)5, (ap_o_mode)3, 0>*, config4::weight_t*, config4::bias_t*)' into 'myproject(ap_fixed<16, 6, (ap_q_mode)5, (ap_o_mode)3, 0>*, ap_fixed<16, 6, (ap_q_mode)5, (ap_o_mode)3, 0>*)' (firmware/myproject.cpp:44:2)
INFO: [HLS 214-131] Inlining function 'void nnet::softmax<ap_fixed<36, 16, (ap_q_mode)5, (ap_o_mode)3, 0>, ap_fixed<16, 6, (ap_q_mode)5, (ap_o_mode)3, 0>, softmax_config5>(ap_fixed<36, 16, (ap_q_mode)5, (ap_o_mode)3, 0>*, ap_fixed<16, 6, (ap_q_mode)5, (ap_o_mode)3, 0>*)' into 'myproject(ap_fixed<16, 6, (ap_q_mode)5, (ap_o_mode)3, 0>*, ap_fixed<16, 6, (ap_q_mode)5, (ap_o_mode)3, 0>*)' (firmware/myproject.cpp:46:5)
INFO: [HLS 214-291] Loop 'VITIS_LOOP_266_3' is marked as complete unroll implied by the pipeline pragma (firmware/nnet_utils/nnet_activation.h:266:23)
INFO: [HLS 214-291] Loop 'VITIS_LOOP_252_2' is marked as complete unroll implied by the pipeline pragma (firmware/nnet_utils/nnet_activation.h:252:23)
INFO: [HLS 214-291] Loop 'VITIS_LOOP_243_1' is marked as complete unroll implied by the pipeline pragma (firmware/nnet_utils/nnet_activation.h:243:23)
INFO: [HLS 214-291] Loop 'VITIS_LOOP_151_1' is marked as complete unroll implied by the pipeline pragma (firmware/nnet_utils/nnet_activation.h:151:23)
INFO: [HLS 214-291] Loop 'Result' is marked as complete unroll implied by the pipeline pragma (firmware/nnet_utils/nnet_dense_latency.h:64:5)
INFO: [HLS 214-291] Loop 'Accum1' is marked as complete unroll implied by the pipeline pragma (firmware/nnet_utils/nnet_dense_latency.h:54:5)
INFO: [HLS 214-291] Loop 'Accum2' is marked as complete unroll implied by the pipeline pragma (firmware/nnet_utils/nnet_dense_latency.h:56:9)
INFO: [HLS 214-291] Loop 'ResetAccum' is marked as complete unroll implied by the pipeline pragma (firmware/nnet_utils/nnet_dense_latency.h:48:5)
INFO: [HLS 214-291] Loop 'Product1' is marked as complete unroll implied by the pipeline pragma (firmware/nnet_utils/nnet_dense_latency.h:37:5)
INFO: [HLS 214-291] Loop 'Product2' is marked as complete unroll implied by the pipeline pragma (firmware/nnet_utils/nnet_dense_latency.h:40:9)
INFO: [HLS 214-291] Loop 'VITIS_LOOP_43_1' is marked as complete unroll implied by the pipeline pragma (firmware/nnet_utils/nnet_activation.h:43:22)
INFO: [HLS 214-186] Unrolling loop 'VITIS_LOOP_266_3' (firmware/nnet_utils/nnet_activation.h:266:23) in function 'nnet::softmax_stable<ap_fixed<36, 16, (ap_q_mode)5, (ap_o_mode)3, 0>, ap_fixed<16, 6, (ap_q_mode)5, (ap_o_mode)3, 0>, softmax_config5>' completely with a factor of 4 (firmware/nnet_utils/nnet_activation.h:216:0)
INFO: [HLS 214-186] Unrolling loop 'VITIS_LOOP_252_2' (firmware/nnet_utils/nnet_activation.h:252:23) in function 'nnet::softmax_stable<ap_fixed<36, 16, (ap_q_mode)5, (ap_o_mode)3, 0>, ap_fixed<16, 6, (ap_q_mode)5, (ap_o_mode)3, 0>, softmax_config5>' completely with a factor of 4 (firmware/nnet_utils/nnet_activation.h:216:0)
INFO: [HLS 214-186] Unrolling loop 'VITIS_LOOP_243_1' (firmware/nnet_utils/nnet_activation.h:243:23) in function 'nnet::softmax_stable<ap_fixed<36, 16, (ap_q_mode)5, (ap_o_mode)3, 0>, ap_fixed<16, 6, (ap_q_mode)5, (ap_o_mode)3, 0>, softmax_config5>' completely with a factor of 4 (firmware/nnet_utils/nnet_activation.h:216:0)
INFO: [HLS 214-186] Unrolling loop 'VITIS_LOOP_151_1' (firmware/nnet_utils/nnet_activation.h:151:23) in function 'nnet::init_exp_table<ap_fixed<36, 16, (ap_q_mode)5, (ap_o_mode)3, 0>, softmax_config5>' completely with a factor of 1024 (firmware/nnet_utils/nnet_activation.h:149:0)
INFO: [HLS 214-186] Unrolling loop 'Result' (firmware/nnet_utils/nnet_dense_latency.h:64:5) in function 'nnet::dense_latency<ap_fixed<16, 6, (ap_q_mode)5, (ap_o_mode)3, 0>, ap_fixed<36, 16, (ap_q_mode)5, (ap_o_mode)3, 0>, config4>' completely with a factor of 4 (firmware/nnet_utils/nnet_dense_latency.h:15:0)
INFO: [HLS 214-186] Unrolling loop 'Accum1' (firmware/nnet_utils/nnet_dense_latency.h:54:5) in function 'nnet::dense_latency<ap_fixed<16, 6, (ap_q_mode)5, (ap_o_mode)3, 0>, ap_fixed<36, 16, (ap_q_mode)5, (ap_o_mode)3, 0>, config4>' completely with a factor of 8 (firmware/nnet_utils/nnet_dense_latency.h:15:0)
INFO: [HLS 214-186] Unrolling loop 'Accum2' (firmware/nnet_utils/nnet_dense_latency.h:56:9) in function 'nnet::dense_latency<ap_fixed<16, 6, (ap_q_mode)5, (ap_o_mode)3, 0>, ap_fixed<36, 16, (ap_q_mode)5, (ap_o_mode)3, 0>, config4>' completely with a factor of 4 (firmware/nnet_utils/nnet_dense_latency.h:15:0)
INFO: [HLS 214-186] Unrolling loop 'ResetAccum' (firmware/nnet_utils/nnet_dense_latency.h:48:5) in function 'nnet::dense_latency<ap_fixed<16, 6, (ap_q_mode)5, (ap_o_mode)3, 0>, ap_fixed<36, 16, (ap_q_mode)5, (ap_o_mode)3, 0>, config4>' completely with a factor of 4 (firmware/nnet_utils/nnet_dense_latency.h:15:0)
INFO: [HLS 214-186] Unrolling loop 'Product1' (firmware/nnet_utils/nnet_dense_latency.h:37:5) in function 'nnet::dense_latency<ap_fixed<16, 6, (ap_q_mode)5, (ap_o_mode)3, 0>, ap_fixed<36, 16, (ap_q_mode)5, (ap_o_mode)3, 0>, config4>' completely with a factor of 8 (firmware/nnet_utils/nnet_dense_latency.h:15:0)
INFO: [HLS 214-186] Unrolling loop 'Product2' (firmware/nnet_utils/nnet_dense_latency.h:40:9) in function 'nnet::dense_latency<ap_fixed<16, 6, (ap_q_mode)5, (ap_o_mode)3, 0>, ap_fixed<36, 16, (ap_q_mode)5, (ap_o_mode)3, 0>, config4>' completely with a factor of 4 (firmware/nnet_utils/nnet_dense_latency.h:15:0)
INFO: [HLS 214-186] Unrolling loop 'VITIS_LOOP_43_1' (firmware/nnet_utils/nnet_activation.h:43:22) in function 'nnet::relu<ap_fixed<37, 17, (ap_q_mode)5, (ap_o_mode)3, 0>, ap_fixed<16, 6, (ap_q_mode)5, (ap_o_mode)3, 0>, relu_config3>' completely with a factor of 8 (firmware/nnet_utils/nnet_activation.h:39:0)
INFO: [HLS 214-186] Unrolling loop 'Result' (firmware/nnet_utils/nnet_dense_latency.h:64:5) in function 'nnet::dense_latency<ap_fixed<16, 6, (ap_q_mode)5, (ap_o_mode)3, 0>, ap_fixed<37, 17, (ap_q_mode)5, (ap_o_mode)3, 0>, config2>' completely with a factor of 8 (firmware/nnet_utils/nnet_dense_latency.h:15:0)
INFO: [HLS 214-186] Unrolling loop 'Accum1' (firmware/nnet_utils/nnet_dense_latency.h:54:5) in function 'nnet::dense_latency<ap_fixed<16, 6, (ap_q_mode)5, (ap_o_mode)3, 0>, ap_fixed<37, 17, (ap_q_mode)5, (ap_o_mode)3, 0>, config2>' completely with a factor of 16 (firmware/nnet_utils/nnet_dense_latency.h:15:0)
INFO: [HLS 214-186] Unrolling loop 'Accum2' (firmware/nnet_utils/nnet_dense_latency.h:56:9) in function 'nnet::dense_latency<ap_fixed<16, 6, (ap_q_mode)5, (ap_o_mode)3, 0>, ap_fixed<37, 17, (ap_q_mode)5, (ap_o_mode)3, 0>, config2>' completely with a factor of 8 (firmware/nnet_utils/nnet_dense_latency.h:15:0)
INFO: [HLS 214-186] Unrolling loop 'ResetAccum' (firmware/nnet_utils/nnet_dense_latency.h:48:5) in function 'nnet::dense_latency<ap_fixed<16, 6, (ap_q_mode)5, (ap_o_mode)3, 0>, ap_fixed<37, 17, (ap_q_mode)5, (ap_o_mode)3, 0>, config2>' completely with a factor of 8 (firmware/nnet_utils/nnet_dense_latency.h:15:0)
INFO: [HLS 214-186] Unrolling loop 'Product1' (firmware/nnet_utils/nnet_dense_latency.h:37:5) in function 'nnet::dense_latency<ap_fixed<16, 6, (ap_q_mode)5, (ap_o_mode)3, 0>, ap_fixed<37, 17, (ap_q_mode)5, (ap_o_mode)3, 0>, config2>' completely with a factor of 16 (firmware/nnet_utils/nnet_dense_latency.h:15:0)
INFO: [HLS 214-186] Unrolling loop 'Product2' (firmware/nnet_utils/nnet_dense_latency.h:40:9) in function 'nnet::dense_latency<ap_fixed<16, 6, (ap_q_mode)5, (ap_o_mode)3, 0>, ap_fixed<37, 17, (ap_q_mode)5, (ap_o_mode)3, 0>, config2>' completely with a factor of 8 (firmware/nnet_utils/nnet_dense_latency.h:15:0)
INFO: [HLS 214-178] Inlining function 'std::enable_if<!(std::is_same<ap_fixed<16, 6, (ap_q_mode)5, (ap_o_mode)3, 0>, ap_uint<1> >::value), ap_fixed<37, 17, (ap_q_mode)5, (ap_o_mode)3, 0> >::type nnet::cast<ap_fixed<16, 6, (ap_q_mode)5, (ap_o_mode)3, 0>, ap_fixed<37, 17, (ap_q_mode)5, (ap_o_mode)3, 0>, config2>(config2::accum_t)' into 'void nnet::dense_latency<ap_fixed<16, 6, (ap_q_mode)5, (ap_o_mode)3, 0>, ap_fixed<37, 17, (ap_q_mode)5, (ap_o_mode)3, 0>, config2>(ap_fixed<16, 6, (ap_q_mode)5, (ap_o_mode)3, 0>*, ap_fixed<37, 17, (ap_q_mode)5, (ap_o_mode)3, 0>*, config2::weight_t*, config2::bias_t*)' (firmware/nnet_utils/nnet_dense_latency.h:15:0)
INFO: [HLS 214-178] Inlining function 'std::enable_if<!(std::is_same<ap_fixed<16, 6, (ap_q_mode)5, (ap_o_mode)3, 0>, ap_uint<1> >::value), ap_fixed<36, 16, (ap_q_mode)5, (ap_o_mode)3, 0> >::type nnet::cast<ap_fixed<16, 6, (ap_q_mode)5, (ap_o_mode)3, 0>, ap_fixed<36, 16, (ap_q_mode)5, (ap_o_mode)3, 0>, config4>(config4::accum_t)' into 'void nnet::dense_latency<ap_fixed<16, 6, (ap_q_mode)5, (ap_o_mode)3, 0>, ap_fixed<36, 16, (ap_q_mode)5, (ap_o_mode)3, 0>, config4>(ap_fixed<16, 6, (ap_q_mode)5, (ap_o_mode)3, 0>*, ap_fixed<36, 16, (ap_q_mode)5, (ap_o_mode)3, 0>*, config4::weight_t*, config4::bias_t*)' (firmware/nnet_utils/nnet_dense_latency.h:15:0)
INFO: [HLS 214-178] Inlining function 'nnet::Op_max<ap_fixed<36, 16, (ap_q_mode)5, (ap_o_mode)3, 0> >::operator()(ap_fixed<36, 16, (ap_q_mode)5, (ap_o_mode)3, 0>, ap_fixed<36, 16, (ap_q_mode)5, (ap_o_mode)3, 0>)' into 'ap_fixed<36, 16, (ap_q_mode)5, (ap_o_mode)3, 0> nnet::reduce<ap_fixed<36, 16, (ap_q_mode)5, (ap_o_mode)3, 0>, 2, nnet::Op_max<ap_fixed<36, 16, (ap_q_mode)5, (ap_o_mode)3, 0> > >(ap_fixed<36, 16, (ap_q_mode)5, (ap_o_mode)3, 0> const*, nnet::Op_max<ap_fixed<36, 16, (ap_q_mode)5, (ap_o_mode)3, 0> >)' (firmware/nnet_utils/nnet_common.h:37:0)
INFO: [HLS 214-178] Inlining function 'ap_fixed<36, 16, (ap_q_mode)5, (ap_o_mode)3, 0> nnet::reduce<ap_fixed<36, 16, (ap_q_mode)5, (ap_o_mode)3, 0>, 2, nnet::Op_max<ap_fixed<36, 16, (ap_q_mode)5, (ap_o_mode)3, 0> > >(ap_fixed<36, 16, (ap_q_mode)5, (ap_o_mode)3, 0> const*, nnet::Op_max<ap_fixed<36, 16, (ap_q_mode)5, (ap_o_mode)3, 0> >)' into 'ap_fixed<36, 16, (ap_q_mode)5, (ap_o_mode)3, 0> nnet::reduce<ap_fixed<36, 16, (ap_q_mode)5, (ap_o_mode)3, 0>, 4, nnet::Op_max<ap_fixed<36, 16, (ap_q_mode)5, (ap_o_mode)3, 0> > >(ap_fixed<36, 16, (ap_q_mode)5, (ap_o_mode)3, 0> const*, nnet::Op_max<ap_fixed<36, 16, (ap_q_mode)5, (ap_o_mode)3, 0> >)' (firmware/nnet_utils/nnet_common.h:37:0)
INFO: [HLS 214-178] Inlining function 'nnet::Op_max<ap_fixed<36, 16, (ap_q_mode)5, (ap_o_mode)3, 0> >::operator()(ap_fixed<36, 16, (ap_q_mode)5, (ap_o_mode)3, 0>, ap_fixed<36, 16, (ap_q_mode)5, (ap_o_mode)3, 0>) (.42)' into 'ap_fixed<36, 16, (ap_q_mode)5, (ap_o_mode)3, 0> nnet::reduce<ap_fixed<36, 16, (ap_q_mode)5, (ap_o_mode)3, 0>, 4, nnet::Op_max<ap_fixed<36, 16, (ap_q_mode)5, (ap_o_mode)3, 0> > >(ap_fixed<36, 16, (ap_q_mode)5, (ap_o_mode)3, 0> const*, nnet::Op_max<ap_fixed<36, 16, (ap_q_mode)5, (ap_o_mode)3, 0> >)' (firmware/nnet_utils/nnet_common.h:37:0)
INFO: [HLS 214-178] Inlining function 'nnet::Op_add<ap_fixed<18, 8, (ap_q_mode)0, (ap_o_mode)0, 0> >::operator()(ap_fixed<18, 8, (ap_q_mode)0, (ap_o_mode)0, 0>, ap_fixed<18, 8, (ap_q_mode)0, (ap_o_mode)0, 0>) (.18.28)' into 'ap_fixed<18, 8, (ap_q_mode)0, (ap_o_mode)0, 0> nnet::reduce<ap_fixed<18, 8, (ap_q_mode)0, (ap_o_mode)0, 0>, 2, nnet::Op_add<ap_fixed<18, 8, (ap_q_mode)0, (ap_o_mode)0, 0> > >(ap_fixed<18, 8, (ap_q_mode)0, (ap_o_mode)0, 0> const*, nnet::Op_add<ap_fixed<18, 8, (ap_q_mode)0, (ap_o_mode)0, 0> >)' (firmware/nnet_utils/nnet_common.h:37:0)
INFO: [HLS 214-178] Inlining function 'ap_fixed<18, 8, (ap_q_mode)0, (ap_o_mode)0, 0> nnet::reduce<ap_fixed<18, 8, (ap_q_mode)0, (ap_o_mode)0, 0>, 2, nnet::Op_add<ap_fixed<18, 8, (ap_q_mode)0, (ap_o_mode)0, 0> > >(ap_fixed<18, 8, (ap_q_mode)0, (ap_o_mode)0, 0> const*, nnet::Op_add<ap_fixed<18, 8, (ap_q_mode)0, (ap_o_mode)0, 0> >)' into 'ap_fixed<18, 8, (ap_q_mode)0, (ap_o_mode)0, 0> nnet::reduce<ap_fixed<18, 8, (ap_q_mode)0, (ap_o_mode)0, 0>, 4, nnet::Op_add<ap_fixed<18, 8, (ap_q_mode)0, (ap_o_mode)0, 0> > >(ap_fixed<18, 8, (ap_q_mode)0, (ap_o_mode)0, 0> const*, nnet::Op_add<ap_fixed<18, 8, (ap_q_mode)0, (ap_o_mode)0, 0> >)' (firmware/nnet_utils/nnet_common.h:37:0)
INFO: [HLS 214-178] Inlining function 'nnet::Op_add<ap_fixed<18, 8, (ap_q_mode)0, (ap_o_mode)0, 0> >::operator()(ap_fixed<18, 8, (ap_q_mode)0, (ap_o_mode)0, 0>, ap_fixed<18, 8, (ap_q_mode)0, (ap_o_mode)0, 0>) (.18.28)' into 'ap_fixed<18, 8, (ap_q_mode)0, (ap_o_mode)0, 0> nnet::reduce<ap_fixed<18, 8, (ap_q_mode)0, (ap_o_mode)0, 0>, 4, nnet::Op_add<ap_fixed<18, 8, (ap_q_mode)0, (ap_o_mode)0, 0> > >(ap_fixed<18, 8, (ap_q_mode)0, (ap_o_mode)0, 0> const*, nnet::Op_add<ap_fixed<18, 8, (ap_q_mode)0, (ap_o_mode)0, 0> >)' (firmware/nnet_utils/nnet_common.h:37:0)
INFO: [HLS 214-178] Inlining function 'ap_fixed<36, 16, (ap_q_mode)5, (ap_o_mode)3, 0> nnet::reduce<ap_fixed<36, 16, (ap_q_mode)5, (ap_o_mode)3, 0>, 4, nnet::Op_max<ap_fixed<36, 16, (ap_q_mode)5, (ap_o_mode)3, 0> > >(ap_fixed<36, 16, (ap_q_mode)5, (ap_o_mode)3, 0> const*, nnet::Op_max<ap_fixed<36, 16, (ap_q_mode)5, (ap_o_mode)3, 0> >)' into 'void nnet::softmax_stable<ap_fixed<36, 16, (ap_q_mode)5, (ap_o_mode)3, 0>, ap_fixed<16, 6, (ap_q_mode)5, (ap_o_mode)3, 0>, softmax_config5>(ap_fixed<36, 16, (ap_q_mode)5, (ap_o_mode)3, 0>*, ap_fixed<16, 6, (ap_q_mode)5, (ap_o_mode)3, 0>*)' (firmware/nnet_utils/nnet_activation.h:216:0)
INFO: [HLS 214-178] Inlining function 'unsigned int nnet::softmax_idx_from_real_val<ap_fixed<36, 16, (ap_q_mode)5, (ap_o_mode)3, 0>, softmax_config5>(ap_fixed<36, 16, (ap_q_mode)5, (ap_o_mode)3, 0>)' into 'void nnet::softmax_stable<ap_fixed<36, 16, (ap_q_mode)5, (ap_o_mode)3, 0>, ap_fixed<16, 6, (ap_q_mode)5, (ap_o_mode)3, 0>, softmax_config5>(ap_fixed<36, 16, (ap_q_mode)5, (ap_o_mode)3, 0>*, ap_fixed<16, 6, (ap_q_mode)5, (ap_o_mode)3, 0>*)' (firmware/nnet_utils/nnet_activation.h:216:0)
INFO: [HLS 214-178] Inlining function 'ap_fixed<18, 8, (ap_q_mode)0, (ap_o_mode)0, 0> nnet::reduce<ap_fixed<18, 8, (ap_q_mode)0, (ap_o_mode)0, 0>, 4, nnet::Op_add<ap_fixed<18, 8, (ap_q_mode)0, (ap_o_mode)0, 0> > >(ap_fixed<18, 8, (ap_q_mode)0, (ap_o_mode)0, 0> const*, nnet::Op_add<ap_fixed<18, 8, (ap_q_mode)0, (ap_o_mode)0, 0> >)' into 'void nnet::softmax_stable<ap_fixed<36, 16, (ap_q_mode)5, (ap_o_mode)3, 0>, ap_fixed<16, 6, (ap_q_mode)5, (ap_o_mode)3, 0>, softmax_config5>(ap_fixed<36, 16, (ap_q_mode)5, (ap_o_mode)3, 0>*, ap_fixed<16, 6, (ap_q_mode)5, (ap_o_mode)3, 0>*)' (firmware/nnet_utils/nnet_activation.h:216:0)
INFO: [HLS 214-178] Inlining function 'unsigned int nnet::softmax_idx_from_real_val<ap_fixed<18, 8, (ap_q_mode)0, (ap_o_mode)0, 0>, softmax_config5>(ap_fixed<18, 8, (ap_q_mode)0, (ap_o_mode)0, 0>)' into 'void nnet::softmax_stable<ap_fixed<36, 16, (ap_q_mode)5, (ap_o_mode)3, 0>, ap_fixed<16, 6, (ap_q_mode)5, (ap_o_mode)3, 0>, softmax_config5>(ap_fixed<36, 16, (ap_q_mode)5, (ap_o_mode)3, 0>*, ap_fixed<16, 6, (ap_q_mode)5, (ap_o_mode)3, 0>*)' (firmware/nnet_utils/nnet_activation.h:216:0)
INFO: [HLS 214-248] Applying array_partition to 'b4': Complete partitioning on dimension 1. (firmware/weights/b4.h:12:0)
INFO: [HLS 214-248] Applying array_partition to 'b2': Complete partitioning on dimension 1. (firmware/weights/b2.h:12:0)
INFO: [HLS 214-248] Applying array_partition to 'layer2_out': Complete partitioning on dimension 1. (firmware/myproject.cpp:34:17)
INFO: [HLS 214-248] Applying array_partition to 'layer3_out': Complete partitioning on dimension 1. (firmware/myproject.cpp:38:14)
INFO: [HLS 214-248] Applying array_partition to 'layer4_out': Complete partitioning on dimension 1. (firmware/myproject.cpp:42:22)
INFO: [HLS 214-248] Applying array_partition to 'layer5_out': Complete partitioning on dimension 1. (firmware/myproject.cpp:10:0)
INFO: [HLS 214-248] Applying array_reshape to 'input_layer': Complete reshaping on dimension 1. (firmware/myproject.cpp:10:0)
INFO: [HLS 200-111] Finished Compiling Optimization and Transform: CPU user time: 144.89 seconds. CPU system time: 1.38 seconds. Elapsed time: 146.86 seconds; current allocated memory: 293.277 MB.
INFO: [HLS 200-111] Finished Checking Pragmas: CPU user time: 0 seconds. CPU system time: 0 seconds. Elapsed time: 0 seconds; current allocated memory: 293.277 MB.
INFO: [HLS 200-10] Starting code transformations ...
INFO: [HLS 200-111] Finished Standard Transforms: CPU user time: 16.19 seconds. CPU system time: 0.18 seconds. Elapsed time: 16.46 seconds; current allocated memory: 451.629 MB.
INFO: [HLS 200-10] Checking synthesizability ...
INFO: [XFORM 203-602] Inlining function 'nnet::exp_fcn_float' into 'nnet::init_exp_table<ap_fixed<36, 16, (ap_q_mode)5, (ap_o_mode)3, 0>, softmax_config5>' (firmware/nnet_utils/nnet_activation.h:154) automatically.
WARNING: [SYNCHK 200-23] firmware/nnet_utils/nnet_activation.h:138: variable-indexed range selection may cause suboptimal QoR.
INFO: [SYNCHK 200-10] 0 error(s), 1 warning(s).
INFO: [HLS 200-111] Finished Checking Synthesizability: CPU user time: 9.98 seconds. CPU system time: 0.19 seconds. Elapsed time: 10.21 seconds; current allocated memory: 697.895 MB.
INFO: [XFORM 203-602] Inlining function 'nnet::exp_fcn_float' into 'nnet::init_exp_table<ap_fixed<36, 16, (ap_q_mode)5, (ap_o_mode)3, 0>, softmax_config5>' (firmware/nnet_utils/nnet_activation.h:154) automatically.
INFO: [XFORM 203-401] Performing if-conversion on hyperblock from (firmware/nnet_utils/nnet_activation.h:133:92) to (firmware/nnet_utils/nnet_activation.h:138:5) in function 'nnet::softmax_real_val_from_idx<ap_fixed<36, 16, (ap_q_mode)5, (ap_o_mode)3, 0>, softmax_config5>'... converting 10 basic blocks.
INFO: [XFORM 203-401] Performing if-conversion on hyperblock from (firmware/nnet_utils/nnet_activation.h:42:9) to (firmware/nnet_utils/nnet_activation.h:50:1) in function 'nnet::relu<ap_fixed<37, 17, (ap_q_mode)5, (ap_o_mode)3, 0>, ap_fixed<16, 6, (ap_q_mode)5, (ap_o_mode)3, 0>, relu_config3>'... converting 17 basic blocks.
INFO: [XFORM 203-401] Performing if-conversion on hyperblock from (firmware/nnet_utils/nnet_activation.h:149:52) to (firmware/nnet_utils/nnet_activation.h:157:1) in function 'nnet::init_exp_table<ap_fixed<36, 16, (ap_q_mode)5, (ap_o_mode)3, 0>, softmax_config5>'... converting 27649 basic blocks.
INFO: [XFORM 203-11] Balancing expressions in function 'nnet::dense_latency<ap_fixed<16, 6, (ap_q_mode)5, (ap_o_mode)3, 0>, ap_fixed<37, 17, (ap_q_mode)5, (ap_o_mode)3, 0>, config2>' (firmware/nnet_utils/nnet_dense_latency.h:33:21)...120 expression(s) balanced.
INFO: [XFORM 203-11] Balancing expressions in function 'nnet::dense_latency<ap_fixed<16, 6, (ap_q_mode)5, (ap_o_mode)3, 0>, ap_fixed<36, 16, (ap_q_mode)5, (ap_o_mode)3, 0>, config4>' (firmware/nnet_utils/nnet_dense_latency.h:33:1)...28 expression(s) balanced.
INFO: [HLS 200-111] Finished Loop, function and other optimizations: CPU user time: 596.82 seconds. CPU system time: 0.21 seconds. Elapsed time: 597.07 seconds; current allocated memory: 963.043 MB.
INFO: [XFORM 203-603] Evaluating the output(s) of a call to function 'nnet::softmax_real_val_from_idx<ap_fixed<36, 16, (ap_q_mode)5, (ap_o_mode)3, 0>, softmax_config5>' (firmware/nnet_utils/nnet_activation.h:153:19) in function 'nnet::init_exp_table<ap_fixed<36, 16, (ap_q_mode)5, (ap_o_mode)3, 0>, softmax_config5>' and propagating its result(s) since all actual argument(s) to the function are constants.
INFO: [HLS 200-111] Finished Architecture Synthesis: CPU user time: 1326.38 seconds. CPU system time: 0.22 seconds. Elapsed time: 1326.64 seconds; current allocated memory: 1.207 GB.
INFO: [HLS 200-10] Starting hardware synthesis ...
INFO: [HLS 200-10] Synthesizing 'myproject' ...
WARNING: [SYN 201-103] Legalizing function name 'dense_latency<ap_fixed<16, 6, 5, 3, 0>, ap_fixed<37, 17, 5, 3, 0>, config2>' to 'dense_latency_ap_fixed_16_6_5_3_0_ap_fixed_37_17_5_3_0_config2_s'.
WARNING: [SYN 201-103] Legalizing function name 'relu<ap_fixed<37, 17, 5, 3, 0>, ap_fixed<16, 6, 5, 3, 0>, relu_config3>' to 'relu_ap_fixed_37_17_5_3_0_ap_fixed_16_6_5_3_0_relu_config3_s'.
WARNING: [SYN 201-103] Legalizing function name 'dense_latency<ap_fixed<16, 6, 5, 3, 0>, ap_fixed<36, 16, 5, 3, 0>, config4>' to 'dense_latency_ap_fixed_16_6_5_3_0_ap_fixed_36_16_5_3_0_config4_s'.
WARNING: [SYN 201-103] Legalizing function name 'init_exp_table<ap_fixed<36, 16, 5, 3, 0>, softmax_config5>' to 'init_exp_table_ap_fixed_36_16_5_3_0_softmax_config5_s'.
WARNING: [SYN 201-103] Legalizing function name 'softmax_stable<ap_fixed,ap_fixed<16,6,5,3,0>,softmax_config5>' to 'softmax_stable_ap_fixed_ap_fixed_16_6_5_3_0_softmax_config5_s'.
INFO: [HLS 200-10] ----------------------------------------------------------------
INFO: [HLS 200-42] -- Implementing module 'dense_latency_ap_fixed_16_6_5_3_0_ap_fixed_37_17_5_3_0_config2_s' 
INFO: [HLS 200-10] ----------------------------------------------------------------
INFO: [SCHED 204-11] Starting scheduling ...
INFO: [SCHED 204-61] Pipelining function 'dense_latency<ap_fixed<16, 6, 5, 3, 0>, ap_fixed<37, 17, 5, 3, 0>, config2>'.
INFO: [HLS 200-1470] Pipelining result : Target II = NA, Final II = 1, Depth = 2, function 'dense_latency<ap_fixed<16, 6, 5, 3, 0>, ap_fixed<37, 17, 5, 3, 0>, config2>'
INFO: [SCHED 204-11] Finished scheduling.
INFO: [HLS 200-111] Finished Scheduling: CPU user time: 2.28 seconds. CPU system time: 0.09 seconds. Elapsed time: 2.4 seconds; current allocated memory: 1.207 GB.
INFO: [BIND 205-100] Starting micro-architecture generation ...
INFO: [BIND 205-101] Performing variable lifetime analysis.
INFO: [BIND 205-101] Exploring resource sharing.
INFO==============================================================
Vitis HLS - High-Level Synthesis from C, C++ and OpenCL v2024.1 (64-bit)
Tool Version Limit: 2024.05
Copyright 1986-2022 Xilinx, Inc. All Rights Reserved.
Copyright 2022-2024 Advanced Micro Devices, Inc. All Rights Reserved.

==============================================================
INFO: [SYN 201-201] Setting up clock 'default' with a period of 5ns.
INFO: [SYN 201-201] Setting up clock 'default' with an uncertainty of 1.35ns.
INFO: [HLS 200-1611] Setting target device to 'xcvu47p-fsvh2892-2-e'
INFO: [HLS 200-1505] Using flow_target 'vivado'
INFO: [HLS 200-1464] Running solution command: config_compile -name_max_length=80
INFO: [XFORM 203-1161] The maximum of name length is set to 80.
INFO: [HLS 200-1464] Running solution command: config_compile -complex-mul-dsp=0
INFO: [XFORM 203-1161] The maximum of name length is set to 80.
INFO: [HLS 200-1464] Running solution command: config_schedule -enable_dsp_full_reg=0
INFO: [HLS 200-1510] Running: config_array_partition -maximum_size 4096 
ERROR: [HLS 200-101] config_array_partition: Unknown option '-maximum_size'.
ERROR: [HLS 200-101] config_array_partition: Unknown option '4096'.
INFO: [HLS 200-1510] Running: config_compile -name_max_length 80 
INFO: [XFORM 203-1161] The maximum of name length is set to 80.
INFO: [HLS 200-1510] Running: set_part xcvu47p-fsvh2892-2-e 
INFO: [XFORM 203-1161] The maximum of name length is set to 80.
INFO: [HLS 200-1510] Running: config_schedule -enable_dsp_full_reg=false 
INFO: [HLS 200-1510] Running: create_clock -period 5 -name default 
INFO: [HLS 200-1510] Running: set_clock_uncertainty 27% default 
INFO: [HLS 200-1510] Running: csim_design 
INFO: [SIM 211-2] *************** CSIM start ***************
INFO: [SIM 211-4] CSIM will launch CLANG as the compiler.
INFO: [HLS 200-2036] Building debug C Simulation binaries
INFO: [SIM 211-1] CSim done with 0 errors.
INFO: [SIM 211-3] *************** CSIM finish ***************
INFO: [HLS 200-2161] Finished Command csim_design Elapsed time: 00:00:00; Allocated memory: 0.000 MB.
INFO: [HLS 200-1510] Running: csynth_design 
INFO: [HLS 200-111] Finished File checks and directory preparation: CPU user time: 0.1 seconds. CPU system time: 0.03 seconds. Elapsed time: 0.13 seconds; current allocated memory: 277.137 MB.
INFO: [HLS 200-10] Analyzing design file 'firmware/myproject.cpp' ... 
WARNING: [HLS 207-5538] 'Resource pragma' is deprecated, use 'bind_op/bind_storage pragma' instead (firmware/nnet_utils/nnet_dense_resource.h:33:9)
WARNING: [HLS 207-5538] 'Resource pragma' is deprecated, use 'bind_op/bind_storage pragma' instead (firmware/nnet_utils/nnet_dense_resource.h:107:9)
WARNING: [HLS 207-5538] 'Resource pragma' is deprecated, use 'bind_op/bind_storage pragma' instead (firmware/nnet_utils/nnet_dense_resource.h:189:9)
WARNING: [HLS 207-5292] unused parameter 'keep' (firmware/nnet_utils/nnet_helpers.h:285:99)
WARNING: [HLS 207-5292] unused parameter 'data' (firmware/nnet_utils/nnet_function_stubs.h:14:36)
WARNING: [HLS 207-5292] unused parameter 'buffer' (firmware/nnet_utils/nnet_function_stubs.h:15:36)
WARNING: [HLS 207-5292] unused parameter 'partition' (firmware/nnet_utils/nnet_function_stubs.h:16:44)
WARNING: [HLS 207-5292] unused parameter 'data' (firmware/nnet_utils/nnet_function_stubs.h:24:24)
WARNING: [HLS 207-5292] unused parameter 'buffer' (firmware/nnet_utils/nnet_function_stubs.h:25:24)
WARNING: [HLS 207-5292] unused parameter 'partition' (firmware/nnet_utils/nnet_function_stubs.h:26:32)
WARNING: [HLS 207-5292] unused parameter 'data' (firmware/nnet_utils/nnet_function_stubs.h:33:30)
WARNING: [HLS 207-5292] unused parameter 'res' (firmware/nnet_utils/nnet_function_stubs.h:33:58)
WARNING: [HLS 207-5292] unused parameter 'weights' (firmware/nnet_utils/nnet_function_stubs.h:34:51)
WARNING: [HLS 207-5292] unused parameter 'biases' (firmware/nnet_utils/nnet_function_stubs.h:35:49)
WARNING: [HLS 207-5292] unused parameter 'data' (firmware/nnet_utils/nnet_function_stubs.h:42:29)
WARNING: [HLS 207-5292] unused parameter 'res' (firmware/nnet_utils/nnet_function_stubs.h:42:80)
WARNING: [HLS 207-5292] unused parameter 'weights' (firmware/nnet_utils/nnet_function_stubs.h:43:50)
WARNING: [HLS 207-5292] unused parameter 'biases' (firmware/nnet_utils/nnet_function_stubs.h:44:48)
WARNING: [HLS 207-5292] unused parameter 'data' (firmware/nnet_utils/nnet_code_gen.h:16:39)
WARNING: [HLS 207-5292] unused parameter 'res' (firmware/nnet_utils/nnet_code_gen.h:17:38)
WARNING: [HLS 207-5292] unused parameter 'weights' (firmware/nnet_utils/nnet_code_gen.h:18:60)
WARNING: [HLS 207-5292] unused parameter 'biases' (firmware/nnet_utils/nnet_code_gen.h:19:58)
INFO: [HLS 200-111] Finished Source Code Analysis and Preprocessing: CPU user time: 11.58 seconds. CPU system time: 1.06 seconds. Elapsed time: 13.74 seconds; current allocated memory: 282.867 MB.
INFO: [HLS 200-777] Using interface defaults for 'Vivado' flow target.
INFO: [HLS 200-1995] There were 6,341 instructions in the design after the 'Compile/Link' phase of compilation. See the Design Size Report for more details: /home/ubuntu/hls4ml_tests/my_hls_prj/myproject_prj/solution1/syn/report/csynth_design_size.rpt
WARNING: [HLS 200-1995] There were 343,445 instructions in the design after the 'Unroll/Inline (step 1)' phase of compilation. See the Design Size Report for more details: /home/ubuntu/hls4ml_tests/my_hls_prj/myproject_prj/solution1/syn/report/csynth_design_size.rpt
WARNING: [HLS 200-1995] There were 244,000 instructions in the design after the 'Unroll/Inline (step 2)' phase of compilation. See the Design Size Report for more details: /home/ubuntu/hls4ml_tests/my_hls_prj/myproject_prj/solution1/syn/report/csynth_design_size.rpt
WARNING: [HLS 200-1995] There were 237,767 instructions in the design after the 'Unroll/Inline (step 3)' phase of compilation. See the Design Size Report for more details: /home/ubuntu/hls4ml_tests/my_hls_prj/myproject_prj/solution1/syn/report/csynth_design_size.rpt
WARNING: [HLS 200-1995] There were 217,157 instructions in the design after the 'Unroll/Inline (step 4)' phase of compilation. See the Design Size Report for more details: /home/ubuntu/hls4ml_tests/my_hls_prj/myproject_prj/solution1/syn/report/csynth_design_size.rpt
WARNING: [HLS 200-1995] There were 215,049 instructions in the design after the 'Array/Struct' phase of compilation. See the Design Size Report for more details: /home/ubuntu/hls4ml_tests/my_hls_prj/myproject_prj/solution1/syn/report/csynth_design_size.rpt
WARNING: [HLS 200-1995] There were 215,049 instructions in the design after the 'Array/Struct (step 2)' phase of compilation. See the Design Size Report for more details: /home/ubuntu/hls4ml_tests/my_hls_prj/myproject_prj/solution1/syn/report/csynth_design_size.rpt
WARNING: [HLS 200-1995] There were 215,049 instructions in the design after the 'Array/Struct (step 3)' phase of compilation. See the Design Size Report for more details: /home/ubuntu/hls4ml_tests/my_hls_prj/myproject_prj/solution1/syn/report/csynth_design_size.rpt
WARNING: [HLS 200-1995] There were 215,081 instructions in the design after the 'Array/Struct (step 4)' phase of compilation. See the Design Size Report for more details: /home/ubuntu/hls4ml_tests/my_hls_prj/myproject_prj/solution1/syn/report/csynth_design_size.rpt
WARNING: [HLS 200-1995] There were 215,033 instructions in the design after the 'Array/Struct (step 5)' phase of compilation. See the Design Size Report for more details: /home/ubuntu/hls4ml_tests/my_hls_prj/myproject_prj/solution1/syn/report/csynth_design_size.rpt
WARNING: [HLS 200-1995] There were 215,033 instructions in the design after the 'Performance' phase of compilation. See the Design Size Report for more details: /home/ubuntu/hls4ml_tests/my_hls_prj/myproject_prj/solution1/syn/report/csynth_design_size.rpt
WARNING: [HLS 200-1995] There were 215,033 instructions in the design after the 'Performance (step 2)' phase of compilation. See the Design Size Report for more details: /home/ubuntu/hls4ml_tests/my_hls_prj/myproject_prj/solution1/syn/report/csynth_design_size.rpt
WARNING: [HLS 200-1995] There were 215,033 instructions in the design after the 'Performance (step 3)' phase of compilation. See the Design Size Report for more details: /home/ubuntu/hls4ml_tests/my_hls_prj/myproject_prj/solution1/syn/report/csynth_design_size.rpt
WARNING: [HLS 200-1995] There were 215,033 instructions in the design after the 'Performance (step 4)' phase of compilation. See the Design Size Report for more details: /home/ubuntu/hls4ml_tests/my_hls_prj/myproject_prj/solution1/syn/report/csynth_design_size.rpt
WARNING: [HLS 200-1995] There were 215,038 instructions in the design after the 'HW Transforms' phase of compilation. See the Design Size Report for more details: /home/ubuntu/hls4ml_tests/my_hls_prj/myproject_prj/solution1/syn/report/csynth_design_size.rpt
WARNING: [HLS 200-1995] There were 215,044 instructions in the design after the 'HW Transforms (step 2)' phase of compilation. See the Design Size Report for more details: /home/ubuntu/hls4ml_tests/my_hls_prj/myproject_prj/solution1/syn/report/csynth_design_size.rpt
INFO: [HLS 214-131] Inlining function 'nnet::product::mult<ap_fixed<16, 6, (ap_q_mode)5, (ap_o_mode)3, 0>, ap_fixed<16, 6, (ap_q_mode)5, (ap_o_mode)3, 0> >::product(ap_fixed<16, 6, (ap_q_mode)5, (ap_o_mode)3, 0>, ap_fixed<16, 6, (ap_q_mode)5, (ap_o_mode)3, 0>)' into 'void nnet::dense_latency<ap_fixed<16, 6, (ap_q_mode)5, (ap_o_mode)3, 0>, ap_fixed<37, 17, (ap_q_mode)5, (ap_o_mode)3, 0>, config2>(ap_fixed<16, 6, (ap_q_mode)5, (ap_o_mode)3, 0>*, ap_fixed<37, 17, (ap_q_mode)5, (ap_o_mode)3, 0>*, config2::weight_t*, config2::bias_t*)' (firmware/nnet_utils/nnet_dense_latency.h:42:27)
INFO: [HLS 214-131] Inlining function 'nnet::DenseLatency<ap_fixed<16, 6, (ap_q_mode)5, (ap_o_mode)3, 0>, ap_fixed<37, 17, (ap_q_mode)5, (ap_o_mode)3, 0>, config2>::dense(ap_fixed<16, 6, (ap_q_mode)5, (ap_o_mode)3, 0>*, ap_fixed<37, 17, (ap_q_mode)5, (ap_o_mode)3, 0>*, ap_fixed<16, 6, (ap_q_mode)5, (ap_o_mode)3, 0>*, ap_fixed<16, 6, (ap_q_mode)5, (ap_o_mode)3, 0>*)' into 'void nnet::dense<ap_fixed<16, 6, (ap_q_mode)5, (ap_o_mode)3, 0>, ap_fixed<37, 17, (ap_q_mode)5, (ap_o_mode)3, 0>, config2>(ap_fixed<16, 6, (ap_q_mode)5, (ap_o_mode)3, 0>*, ap_fixed<37, 17, (ap_q_mode)5, (ap_o_mode)3, 0>*, config2::weight_t*, config2::bias_t*)' (firmware/nnet_utils/nnet_dense.h:45:2)
INFO: [HLS 214-131] Inlining function 'nnet::product::mult<ap_fixed<16, 6, (ap_q_mode)5, (ap_o_mode)3, 0>, ap_fixed<16, 6, (ap_q_mode)5, (ap_o_mode)3, 0> >::product(ap_fixed<16, 6, (ap_q_mode)5, (ap_o_mode)3, 0>, ap_fixed<16, 6, (ap_q_mode)5, (ap_o_mode)3, 0>)' into 'void nnet::dense_latency<ap_fixed<16, 6, (ap_q_mode)5, (ap_o_mode)3, 0>, ap_fixed<36, 16, (ap_q_mode)5, (ap_o_mode)3, 0>, config4>(ap_fixed<16, 6, (ap_q_mode)5, (ap_o_mode)3, 0>*, ap_fixed<36, 16, (ap_q_mode)5, (ap_o_mode)3, 0>*, config4::weight_t*, config4::bias_t*)' (firmware/nnet_utils/nnet_dense_latency.h:42:27)
INFO: [HLS 214-131] Inlining function 'nnet::DenseLatency<ap_fixed<16, 6, (ap_q_mode)5, (ap_o_mode)3, 0>, ap_fixed<36, 16, (ap_q_mode)5, (ap_o_mode)3, 0>, config4>::dense(ap_fixed<16, 6, (ap_q_mode)5, (ap_o_mode)3, 0>*, ap_fixed<36, 16, (ap_q_mode)5, (ap_o_mode)3, 0>*, ap_fixed<16, 6, (ap_q_mode)5, (ap_o_mode)3, 0>*, ap_fixed<16, 6, (ap_q_mode)5, (ap_o_mode)3, 0>*)' into 'void nnet::dense<ap_fixed<16, 6, (ap_q_mode)5, (ap_o_mode)3, 0>, ap_fixed<36, 16, (ap_q_mode)5, (ap_o_mode)3, 0>, config4>(ap_fixed<16, 6, (ap_q_mode)5, (ap_o_mode)3, 0>*, ap_fixed<36, 16, (ap_q_mode)5, (ap_o_mode)3, 0>*, config4::weight_t*, config4::bias_t*)' (firmware/nnet_utils/nnet_dense.h:45:2)
INFO: [HLS 214-131] Inlining function 'void nnet::dense<ap_fixed<16, 6, (ap_q_mode)5, (ap_o_mode)3, 0>, ap_fixed<37, 17, (ap_q_mode)5, (ap_o_mode)3, 0>, config2>(ap_fixed<16, 6, (ap_q_mode)5, (ap_o_mode)3, 0>*, ap_fixed<37, 17, (ap_q_mode)5, (ap_o_mode)3, 0>*, config2::weight_t*, config2::bias_t*)' into 'myproject(ap_fixed<16, 6, (ap_q_mode)5, (ap_o_mode)3, 0>*, ap_fixed<16, 6, (ap_q_mode)5, (ap_o_mode)3, 0>*)' (firmware/myproject.cpp:36:2)
INFO: [HLS 214-131] Inlining function 'void nnet::dense<ap_fixed<16, 6, (ap_q_mode)5, (ap_o_mode)3, 0>, ap_fixed<36, 16, (ap_q_mode)5, (ap_o_mode)3, 0>, config4>(ap_fixed<16, 6, (ap_q_mode)5, (ap_o_mode)3, 0>*, ap_fixed<36, 16, (ap_q_mode)5, (ap_o_mode)3, 0>*, config4::weight_t*, config4::bias_t*)' into 'myproject(ap_fixed<16, 6, (ap_q_mode)5, (ap_o_mode)3, 0>*, ap_fixed<16, 6, (ap_q_mode)5, (ap_o_mode)3, 0>*)' (firmware/myproject.cpp:44:2)
INFO: [HLS 214-131] Inlining function 'void nnet::softmax<ap_fixed<36, 16, (ap_q_mode)5, (ap_o_mode)3, 0>, ap_fixed<16, 6, (ap_q_mode)5, (ap_o_mode)3, 0>, softmax_config5>(ap_fixed<36, 16, (ap_q_mode)5, (ap_o_mode)3, 0>*, ap_fixed<16, 6, (ap_q_mode)5, (ap_o_mode)3, 0>*)' into 'myproject(ap_fixed<16, 6, (ap_q_mode)5, (ap_o_mode)3, 0>*, ap_fixed<16, 6, (ap_q_mode)5, (ap_o_mode)3, 0>*)' (firmware/myproject.cpp:46:5)
INFO: [HLS 214-291] Loop 'VITIS_LOOP_266_3' is marked as complete unroll implied by the pipeline pragma (firmware/nnet_utils/nnet_activation.h:266:23)
INFO: [HLS 214-291] Loop 'VITIS_LOOP_252_2' is marked as complete unroll implied by the pipeline pragma (firmware/nnet_utils/nnet_activation.h:252:23)
INFO: [HLS 214-291] Loop 'VITIS_LOOP_243_1' is marked as complete unroll implied by the pipeline pragma (firmware/nnet_utils/nnet_activation.h:243:23)
INFO: [HLS 214-291] Loop 'VITIS_LOOP_151_1' is marked as complete unroll implied by the pipeline pragma (firmware/nnet_utils/nnet_activation.h:151:23)
INFO: [HLS 214-291] Loop 'Result' is marked as complete unroll implied by the pipeline pragma (firmware/nnet_utils/nnet_dense_latency.h:64:5)
INFO: [HLS 214-291] Loop 'Accum1' is marked as complete unroll implied by the pipeline pragma (firmware/nnet_utils/nnet_dense_latency.h:54:5)
INFO: [HLS 214-291] Loop 'Accum2' is marked as complete unroll implied by the pipeline pragma (firmware/nnet_utils/nnet_dense_latency.h:56:9)
INFO: [HLS 214-291] Loop 'ResetAccum' is marked as complete unroll implied by the pipeline pragma (firmware/nnet_utils/nnet_dense_latency.h:48:5)
INFO: [HLS 214-291] Loop 'Product1' is marked as complete unroll implied by the pipeline pragma (firmware/nnet_utils/nnet_dense_latency.h:37:5)
INFO: [HLS 214-291] Loop 'Product2' is marked as complete unroll implied by the pipeline pragma (firmware/nnet_utils/nnet_dense_latency.h:40:9)
INFO: [HLS 214-291] Loop 'VITIS_LOOP_43_1' is marked as complete unroll implied by the pipeline pragma (firmware/nnet_utils/nnet_activation.h:43:22)
INFO: [HLS 214-186] Unrolling loop 'VITIS_LOOP_266_3' (firmware/nnet_utils/nnet_activation.h:266:23) in function 'nnet::softmax_stable<ap_fixed<36, 16, (ap_q_mode)5, (ap_o_mode)3, 0>, ap_fixed<16, 6, (ap_q_mode)5, (ap_o_mode)3, 0>, softmax_config5>' completely with a factor of 4 (firmware/nnet_utils/nnet_activation.h:216:0)
INFO: [HLS 214-186] Unrolling loop 'VITIS_LOOP_252_2' (firmware/nnet_utils/nnet_activation.h:252:23) in function 'nnet::softmax_stable<ap_fixed<36, 16, (ap_q_mode)5, (ap_o_mode)3, 0>, ap_fixed<16, 6, (ap_q_mode)5, (ap_o_mode)3, 0>, softmax_config5>' completely with a factor of 4 (firmware/nnet_utils/nnet_activation.h:216:0)
INFO: [HLS 214-186] Unrolling loop 'VITIS_LOOP_243_1' (firmware/nnet_utils/nnet_activation.h:243:23) in function 'nnet::softmax_stable<ap_fixed<36, 16, (ap_q_mode)5, (ap_o_mode)3, 0>, ap_fixed<16, 6, (ap_q_mode)5, (ap_o_mode)3, 0>, softmax_config5>' completely with a factor of 4 (firmware/nnet_utils/nnet_activation.h:216:0)
INFO: [HLS 214-186] Unrolling loop 'VITIS_LOOP_151_1' (firmware/nnet_utils/nnet_activation.h:151:23) in function 'nnet::init_exp_table<ap_fixed<36, 16, (ap_q_mode)5, (ap_o_mode)3, 0>, softmax_config5>' completely with a factor of 1024 (firmware/nnet_utils/nnet_activation.h:149:0)
INFO: [HLS 214-186] Unrolling loop 'Result' (firmware/nnet_utils/nnet_dense_latency.h:64:5) in function 'nnet::dense_latency<ap_fixed<16, 6, (ap_q_mode)5, (ap_o_mode)3, 0>, ap_fixed<36, 16, (ap_q_mode)5, (ap_o_mode)3, 0>, config4>' completely with a factor of 4 (firmware/nnet_utils/nnet_dense_latency.h:15:0)
INFO: [HLS 214-186] Unrolling loop 'Accum1' (firmware/nnet_utils/nnet_dense_latency.h:54:5) in function 'nnet::dense_latency<ap_fixed<16, 6, (ap_q_mode)5, (ap_o_mode)3, 0>, ap_fixed<36, 16, (ap_q_mode)5, (ap_o_mode)3, 0>, config4>' completely with a factor of 8 (firmware/nnet_utils/nnet_dense_latency.h:15:0)
INFO: [HLS 214-186] Unrolling loop 'Accum2' (firmware/nnet_utils/nnet_dense_latency.h:56:9) in function 'nnet::dense_latency<ap_fixed<16, 6, (ap_q_mode)5, (ap_o_mode)3, 0>, ap_fixed<36, 16, (ap_q_mode)5, (ap_o_mode)3, 0>, config4>' completely with a factor of 4 (firmware/nnet_utils/nnet_dense_latency.h:15:0)
INFO: [HLS 214-186] Unrolling loop 'ResetAccum' (firmware/nnet_utils/nnet_dense_latency.h:48:5) in function 'nnet::dense_latency<ap_fixed<16, 6, (ap_q_mode)5, (ap_o_mode)3, 0>, ap_fixed<36, 16, (ap_q_mode)5, (ap_o_mode)3, 0>, config4>' completely with a factor of 4 (firmware/nnet_utils/nnet_dense_latency.h:15:0)
INFO: [HLS 214-186] Unrolling loop 'Product1' (firmware/nnet_utils/nnet_dense_latency.h:37:5) in function 'nnet::dense_latency<ap_fixed<16, 6, (ap_q_mode)5, (ap_o_mode)3, 0>, ap_fixed<36, 16, (ap_q_mode)5, (ap_o_mode)3, 0>, config4>' completely with a factor of 8 (firmware/nnet_utils/nnet_dense_latency.h:15:0)
INFO: [HLS 214-186] Unrolling loop 'Product2' (firmware/nnet_utils/nnet_dense_latency.h:40:9) in function 'nnet::dense_latency<ap_fixed<16, 6, (ap_q_mode)5, (ap_o_mode)3, 0>, ap_fixed<36, 16, (ap_q_mode)5, (ap_o_mode)3, 0>, config4>' completely with a factor of 4 (firmware/nnet_utils/nnet_dense_latency.h:15:0)
INFO: [HLS 214-186] Unrolling loop 'VITIS_LOOP_43_1' (firmware/nnet_utils/nnet_activation.h:43:22) in function 'nnet::relu<ap_fixed<37, 17, (ap_q_mode)5, (ap_o_mode)3, 0>, ap_fixed<16, 6, (ap_q_mode)5, (ap_o_mode)3, 0>, relu_config3>' completely with a factor of 8 (firmware/nnet_utils/nnet_activation.h:39:0)
INFO: [HLS 214-186] Unrolling loop 'Result' (firmware/nnet_utils/nnet_dense_latency.h:64:5) in function 'nnet::dense_latency<ap_fixed<16, 6, (ap_q_mode)5, (ap_o_mode)3, 0>, ap_fixed<37, 17, (ap_q_mode)5, (ap_o_mode)3, 0>, config2>' completely with a factor of 8 (firmware/nnet_utils/nnet_dense_latency.h:15:0)
INFO: [HLS 214-186] Unrolling loop 'Accum1' (firmware/nnet_utils/nnet_dense_latency.h:54:5) in function 'nnet::dense_latency<ap_fixed<16, 6, (ap_q_mode)5, (ap_o_mode)3, 0>, ap_fixed<37, 17, (ap_q_mode)5, (ap_o_mode)3, 0>, config2>' completely with a factor of 16 (firmware/nnet_utils/nnet_dense_latency.h:15:0)
INFO: [HLS 214-186] Unrolling loop 'Accum2' (firmware/nnet_utils/nnet_dense_latency.h:56:9) in function 'nnet::dense_latency<ap_fixed<16, 6, (ap_q_mode)5, (ap_o_mode)3, 0>, ap_fixed<37, 17, (ap_q_mode)5, (ap_o_mode)3, 0>, config2>' completely with a factor of 8 (firmware/nnet_utils/nnet_dense_latency.h:15:0)
INFO: [HLS 214-186] Unrolling loop 'ResetAccum' (firmware/nnet_utils/nnet_dense_latency.h:48:5) in function 'nnet::dense_latency<ap_fixed<16, 6, (ap_q_mode)5, (ap_o_mode)3, 0>, ap_fixed<37, 17, (ap_q_mode)5, (ap_o_mode)3, 0>, config2>' completely with a factor of 8 (firmware/nnet_utils/nnet_dense_latency.h:15:0)
INFO: [HLS 214-186] Unrolling loop 'Product1' (firmware/nnet_utils/nnet_dense_latency.h:37:5) in function 'nnet::dense_latency<ap_fixed<16, 6, (ap_q_mode)5, (ap_o_mode)3, 0>, ap_fixed<37, 17, (ap_q_mode)5, (ap_o_mode)3, 0>, config2>' completely with a factor of 16 (firmware/nnet_utils/nnet_dense_latency.h:15:0)
INFO: [HLS 214-186] Unrolling loop 'Product2' (firmware/nnet_utils/nnet_dense_latency.h:40:9) in function 'nnet::dense_latency<ap_fixed<16, 6, (ap_q_mode)5, (ap_o_mode)3, 0>, ap_fixed<37, 17, (ap_q_mode)5, (ap_o_mode)3, 0>, config2>' completely with a factor of 8 (firmware/nnet_utils/nnet_dense_latency.h:15:0)
INFO: [HLS 214-178] Inlining function 'std::enable_if<!(std::is_same<ap_fixed<16, 6, (ap_q_mode)5, (ap_o_mode)3, 0>, ap_uint<1> >::value), ap_fixed<37, 17, (ap_q_mode)5, (ap_o_mode)3, 0> >::type nnet::cast<ap_fixed<16, 6, (ap_q_mode)5, (ap_o_mode)3, 0>, ap_fixed<37, 17, (ap_q_mode)5, (ap_o_mode)3, 0>, config2>(config2::accum_t)' into 'void nnet::dense_latency<ap_fixed<16, 6, (ap_q_mode)5, (ap_o_mode)3, 0>, ap_fixed<37, 17, (ap_q_mode)5, (ap_o_mode)3, 0>, config2>(ap_fixed<16, 6, (ap_q_mode)5, (ap_o_mode)3, 0>*, ap_fixed<37, 17, (ap_q_mode)5, (ap_o_mode)3, 0>*, config2::weight_t*, config2::bias_t*)' (firmware/nnet_utils/nnet_dense_latency.h:15:0)
INFO: [HLS 214-178] Inlining function 'std::enable_if<!(std::is_same<ap_fixed<16, 6, (ap_q_mode)5, (ap_o_mode)3, 0>, ap_uint<1> >::value), ap_fixed<36, 16, (ap_q_mode)5, (ap_o_mode)3, 0> >::type nnet::cast<ap_fixed<16, 6, (ap_q_mode)5, (ap_o_mode)3, 0>, ap_fixed<36, 16, (ap_q_mode)5, (ap_o_mode)3, 0>, config4>(config4::accum_t)' into 'void nnet::dense_latency<ap_fixed<16, 6, (ap_q_mode)5, (ap_o_mode)3, 0>, ap_fixed<36, 16, (ap_q_mode)5, (ap_o_mode)3, 0>, config4>(ap_fixed<16, 6, (ap_q_mode)5, (ap_o_mode)3, 0>*, ap_fixed<36, 16, (ap_q_mode)5, (ap_o_mode)3, 0>*, config4::weight_t*, config4::bias_t*)' (firmware/nnet_utils/nnet_dense_latency.h:15:0)
INFO: [HLS 214-178] Inlining function 'nnet::Op_max<ap_fixed<36, 16, (ap_q_mode)5, (ap_o_mode)3, 0> >::operator()(ap_fixed<36, 16, (ap_q_mode)5, (ap_o_mode)3, 0>, ap_fixed<36, 16, (ap_q_mode)5, (ap_o_mode)3, 0>)' into 'ap_fixed<36, 16, (ap_q_mode)5, (ap_o_mode)3, 0> nnet::reduce<ap_fixed<36, 16, (ap_q_mode)5, (ap_o_mode)3, 0>, 2, nnet::Op_max<ap_fixed<36, 16, (ap_q_mode)5, (ap_o_mode)3, 0> > >(ap_fixed<36, 16, (ap_q_mode)5, (ap_o_mode)3, 0> const*, nnet::Op_max<ap_fixed<36, 16, (ap_q_mode)5, (ap_o_mode)3, 0> >)' (firmware/nnet_utils/nnet_common.h:37:0)
INFO: [HLS 214-178] Inlining function 'ap_fixed<36, 16, (ap_q_mode)5, (ap_o_mode)3, 0> nnet::reduce<ap_fixed<36, 16, (ap_q_mode)5, (ap_o_mode)3, 0>, 2, nnet::Op_max<ap_fixed<36, 16, (ap_q_mode)5, (ap_o_mode)3, 0> > >(ap_fixed<36, 16, (ap_q_mode)5, (ap_o_mode)3, 0> const*, nnet::Op_max<ap_fixed<36, 16, (ap_q_mode)5, (ap_o_mode)3, 0> >)' into 'ap_fixed<36, 16, (ap_q_mode)5, (ap_o_mode)3, 0> nnet::reduce<ap_fixed<36, 16, (ap_q_mode)5, (ap_o_mode)3, 0>, 4, nnet::Op_max<ap_fixed<36, 16, (ap_q_mode)5, (ap_o_mode)3, 0> > >(ap_fixed<36, 16, (ap_q_mode)5, (ap_o_mode)3, 0> const*, nnet::Op_max<ap_fixed<36, 16, (ap_q_mode)5, (ap_o_mode)3, 0> >)' (firmware/nnet_utils/nnet_common.h:37:0)
INFO: [HLS 214-178] Inlining function 'nnet::Op_max<ap_fixed<36, 16, (ap_q_mode)5, (ap_o_mode)3, 0> >::operator()(ap_fixed<36, 16, (ap_q_mode)5, (ap_o_mode)3, 0>, ap_fixed<36, 16, (ap_q_mode)5, (ap_o_mode)3, 0>) (.42)' into 'ap_fixed<36, 16, (ap_q_mode)5, (ap_o_mode)3, 0> nnet::reduce<ap_fixed<36, 16, (ap_q_mode)5, (ap_o_mode)3, 0>, 4, nnet::Op_max<ap_fixed<36, 16, (ap_q_mode)5, (ap_o_mode)3, 0> > >(ap_fixed<36, 16, (ap_q_mode)5, (ap_o_mode)3, 0> const*, nnet::Op_max<ap_fixed<36, 16, (ap_q_mode)5, (ap_o_mode)3, 0> >)' (firmware/nnet_utils/nnet_common.h:37:0)
INFO: [HLS 214-178] Inlining function 'nnet::Op_add<ap_fixed<18, 8, (ap_q_mode)0, (ap_o_mode)0, 0> >::operator()(ap_fixed<18, 8, (ap_q_mode)0, (ap_o_mode)0, 0>, ap_fixed<18, 8, (ap_q_mode)0, (ap_o_mode)0, 0>) (.18.28)' into 'ap_fixed<18, 8, (ap_q_mode)0, (ap_o_mode)0, 0> nnet::reduce<ap_fixed<18, 8, (ap_q_mode)0, (ap_o_mode)0, 0>, 2, nnet::Op_add<ap_fixed<18, 8, (ap_q_mode)0, (ap_o_mode)0, 0> > >(ap_fixed<18, 8, (ap_q_mode)0, (ap_o_mode)0, 0> const*, nnet::Op_add<ap_fixed<18, 8, (ap_q_mode)0, (ap_o_mode)0, 0> >)' (firmware/nnet_utils/nnet_common.h:37:0)
INFO: [HLS 214-178] Inlining function 'ap_fixed<18, 8, (ap_q_mode)0, (ap_o_mode)0, 0> nnet::reduce<ap_fixed<18, 8, (ap_q_mode)0, (ap_o_mode)0, 0>, 2, nnet::Op_add<ap_fixed<18, 8, (ap_q_mode)0, (ap_o_mode)0, 0> > >(ap_fixed<18, 8, (ap_q_mode)0, (ap_o_mode)0, 0> const*, nnet::Op_add<ap_fixed<18, 8, (ap_q_mode)0, (ap_o_mode)0, 0> >)' into 'ap_fixed<18, 8, (ap_q_mode)0, (ap_o_mode)0, 0> nnet::reduce<ap_fixed<18, 8, (ap_q_mode)0, (ap_o_mode)0, 0>, 4, nnet::Op_add<ap_fixed<18, 8, (ap_q_mode)0, (ap_o_mode)0, 0> > >(ap_fixed<18, 8, (ap_q_mode)0, (ap_o_mode)0, 0> const*, nnet::Op_add<ap_fixed<18, 8, (ap_q_mode)0, (ap_o_mode)0, 0> >)' (firmware/nnet_utils/nnet_common.h:37:0)
INFO: [HLS 214-178] Inlining function 'nnet::Op_add<ap_fixed<18, 8, (ap_q_mode)0, (ap_o_mode)0, 0> >::operator()(ap_fixed<18, 8, (ap_q_mode)0, (ap_o_mode)0, 0>, ap_fixed<18, 8, (ap_q_mode)0, (ap_o_mode)0, 0>) (.18.28)' into 'ap_fixed<18, 8, (ap_q_mode)0, (ap_o_mode)0, 0> nnet::reduce<ap_fixed<18, 8, (ap_q_mode)0, (ap_o_mode)0, 0>, 4, nnet::Op_add<ap_fixed<18, 8, (ap_q_mode)0, (ap_o_mode)0, 0> > >(ap_fixed<18, 8, (ap_q_mode)0, (ap_o_mode)0, 0> const*, nnet::Op_add<ap_fixed<18, 8, (ap_q_mode)0, (ap_o_mode)0, 0> >)' (firmware/nnet_utils/nnet_common.h:37:0)
INFO: [HLS 214-178] Inlining function 'ap_fixed<36, 16, (ap_q_mode)5, (ap_o_mode)3, 0> nnet::reduce<ap_fixed<36, 16, (ap_q_mode)5, (ap_o_mode)3, 0>, 4, nnet::Op_max<ap_fixed<36, 16, (ap_q_mode)5, (ap_o_mode)3, 0> > >(ap_fixed<36, 16, (ap_q_mode)5, (ap_o_mode)3, 0> const*, nnet::Op_max<ap_fixed<36, 16, (ap_q_mode)5, (ap_o_mode)3, 0> >)' into 'void nnet::softmax_stable<ap_fixed<36, 16, (ap_q_mode)5, (ap_o_mode)3, 0>, ap_fixed<16, 6, (ap_q_mode)5, (ap_o_mode)3, 0>, softmax_config5>(ap_fixed<36, 16, (ap_q_mode)5, (ap_o_mode)3, 0>*, ap_fixed<16, 6, (ap_q_mode)5, (ap_o_mode)3, 0>*)' (firmware/nnet_utils/nnet_activation.h:216:0)
INFO: [HLS 214-178] Inlining function 'unsigned int nnet::softmax_idx_from_real_val<ap_fixed<36, 16, (ap_q_mode)5, (ap_o_mode)3, 0>, softmax_config5>(ap_fixed<36, 16, (ap_q_mode)5, (ap_o_mode)3, 0>)' into 'void nnet::softmax_stable<ap_fixed<36, 16, (ap_q_mode)5, (ap_o_mode)3, 0>, ap_fixed<16, 6, (ap_q_mode)5, (ap_o_mode)3, 0>, softmax_config5>(ap_fixed<36, 16, (ap_q_mode)5, (ap_o_mode)3, 0>*, ap_fixed<16, 6, (ap_q_mode)5, (ap_o_mode)3, 0>*)' (firmware/nnet_utils/nnet_activation.h:216:0)
INFO: [HLS 214-178] Inlining function 'ap_fixed<18, 8, (ap_q_mode)0, (ap_o_mode)0, 0> nnet::reduce<ap_fixed<18, 8, (ap_q_mode)0, (ap_o_mode)0, 0>, 4, nnet::Op_add<ap_fixed<18, 8, (ap_q_mode)0, (ap_o_mode)0, 0> > >(ap_fixed<18, 8, (ap_q_mode)0, (ap_o_mode)0, 0> const*, nnet::Op_add<ap_fixed<18, 8, (ap_q_mode)0, (ap_o_mode)0, 0> >)' into 'void nnet::softmax_stable<ap_fixed<36, 16, (ap_q_mode)5, (ap_o_mode)3, 0>, ap_fixed<16, 6, (ap_q_mode)5, (ap_o_mode)3, 0>, softmax_config5>(ap_fixed<36, 16, (ap_q_mode)5, (ap_o_mode)3, 0>*, ap_fixed<16, 6, (ap_q_mode)5, (ap_o_mode)3, 0>*)' (firmware/nnet_utils/nnet_activation.h:216:0)
INFO: [HLS 214-178] Inlining function 'unsigned int nnet::softmax_idx_from_real_val<ap_fixed<18, 8, (ap_q_mode)0, (ap_o_mode)0, 0>, softmax_config5>(ap_fixed<18, 8, (ap_q_mode)0, (ap_o_mode)0, 0>)' into 'void nnet::softmax_stable<ap_fixed<36, 16, (ap_q_mode)5, (ap_o_mode)3, 0>, ap_fixed<16, 6, (ap_q_mode)5, (ap_o_mode)3, 0>, softmax_config5>(ap_fixed<36, 16, (ap_q_mode)5, (ap_o_mode)3, 0>*, ap_fixed<16, 6, (ap_q_mode)5, (ap_o_mode)3, 0>*)' (firmware/nnet_utils/nnet_activation.h:216:0)
INFO: [HLS 214-248] Applying array_partition to 'b4': Complete partitioning on dimension 1. (firmware/weights/b4.h:12:0)
INFO: [HLS 214-248] Applying array_partition to 'b2': Complete partitioning on dimension 1. (firmware/weights/b2.h:12:0)
INFO: [HLS 214-248] Applying array_partition to 'layer2_out': Complete partitioning on dimension 1. (firmware/myproject.cpp:34:17)
INFO: [HLS 214-248] Applying array_partition to 'layer3_out': Complete partitioning on dimension 1. (firmware/myproject.cpp:38:14)
INFO: [HLS 214-248] Applying array_partition to 'layer4_out': Complete partitioning on dimension 1. (firmware/myproject.cpp:42:22)
INFO: [HLS 214-248] Applying array_partition to 'layer5_out': Complete partitioning on dimension 1. (firmware/myproject.cpp:10:0)
INFO: [HLS 214-248] Applying array_reshape to 'input_layer': Complete reshaping on dimension 1. (firmware/myproject.cpp:10:0)
INFO: [HLS 200-111] Finished Compiling Optimization and Transform: CPU user time: 166.03 seconds. CPU system time: 1.34 seconds. Elapsed time: 166.74 seconds; current allocated memory: 293.352 MB.
INFO: [HLS 200-111] Finished Checking Pragmas: CPU user time: 0 seconds. CPU system time: 0 seconds. Elapsed time: 0 seconds; current allocated memory: 293.352 MB.
INFO: [HLS 200-10] Starting code transformations ...
INFO: [HLS 200-111] Finished Standard Transforms: CPU user time: 19.02 seconds. CPU system time: 0.22 seconds. Elapsed time: 19.37 seconds; current allocated memory: 567.727 MB.
INFO: [HLS 200-10] Checking synthesizability ...
INFO: [XFORM 203-602] Inlining function 'nnet::exp_fcn_float' into 'nnet::init_exp_table<ap_fixed<36, 16, (ap_q_mode)5, (ap_o_mode)3, 0>, softmax_config5>' (firmware/nnet_utils/nnet_activation.h:154) automatically.
WARNING: [SYNCHK 200-23] firmware/nnet_utils/nnet_activation.h:138: variable-indexed range selection may cause suboptimal QoR.
INFO: [SYNCHK 200-10] 0 error(s), 1 warning(s).
INFO: [HLS 200-111] Finished Checking Synthesizability: CPU user time: 10.98 seconds. CPU system time: 0.11 seconds. Elapsed time: 11.1 seconds; current allocated memory: 693.965 MB.
INFO: [XFORM 203-602] Inlining function 'nnet::exp_fcn_float' into 'nnet::init_exp_table<ap_fixed<36, 16, (ap_q_mode)5, (ap_o_mode)3, 0>, softmax_config5>' (firmware/nnet_utils/nnet_activation.h:154) automatically.
INFO: [XFORM 203-401] Performing if-conversion on hyperblock from (firmware/nnet_utils/nnet_activation.h:133:92) to (firmware/nnet_utils/nnet_activation.h:138:5) in function 'nnet::softmax_real_val_from_idx<ap_fixed<36, 16, (ap_q_mode)5, (ap_o_mode)3, 0>, softmax_config5>'... converting 10 basic blocks.
INFO: [XFORM 203-401] Performing if-conversion on hyperblock from (firmware/nnet_utils/nnet_activation.h:42:9) to (firmware/nnet_utils/nnet_activation.h:50:1) in function 'nnet::relu<ap_fixed<37, 17, (ap_q_mode)5, (ap_o_mode)3, 0>, ap_fixed<16, 6, (ap_q_mode)5, (ap_o_mode)3, 0>, relu_config3>'... converting 17 basic blocks.
INFO: [XFORM 203-401] Performing if-conversion on hyperblock from (firmware/nnet_utils/nnet_activation.h:149:52) to (firmware/nnet_utils/nnet_activation.h:157:1) in function 'nnet::init_exp_table<ap_fixed<36, 16, (ap_q_mode)5, (ap_o_mode)3, 0>, softmax_config5>'... converting 27649 basic blocks.
INFO: [XFORM 203-11] Balancing expressions in function 'nnet::dense_latency<ap_fixed<16, 6, (ap_q_mode)5, (ap_o_mode)3, 0>, ap_fixed<37, 17, (ap_q_mode)5, (ap_o_mode)3, 0>, config2>' (firmware/nnet_utils/nnet_dense_latency.h:33:21)...120 expression(s) balanced.
INFO: [XFORM 203-11] Balancing expressions in function 'nnet::dense_latency<ap_fixed<16, 6, (ap_q_mode)5, (ap_o_mode)3, 0>, ap_fixed<36, 16, (ap_q_mode)5, (ap_o_mode)3, 0>, config4>' (firmware/nnet_utils/nnet_dense_latency.h:33:1)...28 expression(s) balanced.
INFO: [HLS 200-111] Finished Loop, function and other optimizations: CPU user time: 859.04 seconds. CPU system time: 0.31 seconds. Elapsed time: 859.39 seconds; current allocated memory: 1.070 GB.
INFO: [XFORM 203-603] Evaluating the output(s) of a call to function 'nnet::softmax_real_val_from_idx<ap_fixed<36, 16, (ap_q_mode)5, (ap_o_mode)3, 0>, softmax_config5>' (firmware/nnet_utils/nnet_activation.h:153:19) in function 'nnet::init_exp_table<ap_fixed<36, 16, (ap_q_mode)5, (ap_o_mode)3, 0>, softmax_config5>' and propagating its result(s) since all actual argument(s) to the function are constants.
INFO: [HLS 200-111] Finished Architecture Synthesis: CPU user time: 1851.97 seconds. CPU system time: 0.14 seconds. Elapsed time: 1852.18 seconds; current allocated memory: 1.244 GB.
INFO: [HLS 200-10] Starting hardware synthesis ...
INFO: [HLS 200-10] Synthesizing 'myproject' ...
WARNING: [SYN 201-103] Legalizing function name 'dense_latency<ap_fixed<16, 6, 5, 3, 0>, ap_fixed<37, 17, 5, 3, 0>, config2>' to 'dense_latency_ap_fixed_16_6_5_3_0_ap_fixed_37_17_5_3_0_config2_s'.
WARNING: [SYN 201-103] Legalizing function name 'relu<ap_fixed<37, 17, 5, 3, 0>, ap_fixed<16, 6, 5, 3, 0>, relu_config3>' to 'relu_ap_fixed_37_17_5_3_0_ap_fixed_16_6_5_3_0_relu_config3_s'.
WARNING: [SYN 201-103] Legalizing function name 'dense_latency<ap_fixed<16, 6, 5, 3, 0>, ap_fixed<36, 16, 5, 3, 0>, config4>' to 'dense_latency_ap_fixed_16_6_5_3_0_ap_fixed_36_16_5_3_0_config4_s'.
WARNING: [SYN 201-103] Legalizing function name 'init_exp_table<ap_fixed<36, 16, 5, 3, 0>, softmax_config5>' to 'init_exp_table_ap_fixed_36_16_5_3_0_softmax_config5_s'.
WARNING: [SYN 201-103] Legalizing function name 'softmax_stable<ap_fixed,ap_fixed<16,6,5,3,0>,softmax_config5>' to 'softmax_stable_ap_fixed_ap_fixed_16_6_5_3_0_softmax_config5_s'.
INFO: [HLS 200-10] ----------------------------------------------------------------
INFO: [HLS 200-42] -- Implementing module 'dense_latency_ap_fixed_16_6_5_3_0_ap_fixed_37_17_5_3_0_config2_s' 
INFO: [HLS 200-10] ----------------------------------------------------------------
INFO: [SCHED 204-11] Starting scheduling ...
INFO: [SCHED 204-61] Pipelining function 'dense_latency<ap_fixed<16, 6, 5, 3, 0>, ap_fixed<37, 17, 5, 3, 0>, config2>'.
INFO: [HLS 200-1470] Pipelining result : Target II = NA, Final II = 1, Depth = 2, function 'dense_latency<ap_fixed<16, 6, 5, 3, 0>, ap_fixed<37, 17, 5, 3, 0>, config2>'
INFO: [SCHED 204-11] Finished scheduling.
INFO: [HLS 200-111] Finished Scheduling: CPU user time: 2.43 seconds. CPU system time: 0.12 seconds. Elapsed time: 2.59 seconds; current allocated memory: 1.244 GB.
INFO: [BIND 205-100] Starting micro-architecture generation ...
INFO: [BIND 205-101] Performing variable lifetime analysis.
INFO: [BIND 205-101] Exploring resource sharing.
INFO