remark: firmware/nnet_utils/nnet_dense_latency.h:42:27: Inlining function 'nnet::product::mult<ap_fixed<16, 6, (ap_q_mode)5, (ap_o_mode)3, 0>, ap_fixed<16, 6, (ap_q_mode)5, (ap_o_mode)3, 0> >::product(ap_fixed<16, 6, (ap_q_mode)5, (ap_o_mode)3, 0>, ap_fixed<16, 6, (ap_q_mode)5, (ap_o_mode)3, 0>)' into 'void nnet::dense_latency<ap_fixed<16, 6, (ap_q_mode)5, (ap_o_mode)3, 0>, ap_fixed<37, 17, (ap_q_mode)5, (ap_o_mode)3, 0>, config2>(ap_fixed<16, 6, (ap_q_mode)5, (ap_o_mode)3, 0>*, ap_fixed<37, 17, (ap_q_mode)5, (ap_o_mode)3, 0>*, config2::weight_t*, config2::bias_t*)'
remark: firmware/nnet_utils/nnet_dense.h:45:2: Inlining function 'nnet::DenseLatency<ap_fixed<16, 6, (ap_q_mode)5, (ap_o_mode)3, 0>, ap_fixed<37, 17, (ap_q_mode)5, (ap_o_mode)3, 0>, config2>::dense(ap_fixed<16, 6, (ap_q_mode)5, (ap_o_mode)3, 0>*, ap_fixed<37, 17, (ap_q_mode)5, (ap_o_mode)3, 0>*, ap_fixed<16, 6, (ap_q_mode)5, (ap_o_mode)3, 0>*, ap_fixed<16, 6, (ap_q_mode)5, (ap_o_mode)3, 0>*)' into 'void nnet::dense<ap_fixed<16, 6, (ap_q_mode)5, (ap_o_mode)3, 0>, ap_fixed<37, 17, (ap_q_mode)5, (ap_o_mode)3, 0>, config2>(ap_fixed<16, 6, (ap_q_mode)5, (ap_o_mode)3, 0>*, ap_fixed<37, 17, (ap_q_mode)5, (ap_o_mode)3, 0>*, config2::weight_t*, config2::bias_t*)'
remark: firmware/nnet_utils/nnet_dense_latency.h:42:27: Inlining function 'nnet::product::mult<ap_fixed<16, 6, (ap_q_mode)5, (ap_o_mode)3, 0>, ap_fixed<16, 6, (ap_q_mode)5, (ap_o_mode)3, 0> >::product(ap_fixed<16, 6, (ap_q_mode)5, (ap_o_mode)3, 0>, ap_fixed<16, 6, (ap_q_mode)5, (ap_o_mode)3, 0>)' into 'void nnet::dense_latency<ap_fixed<16, 6, (ap_q_mode)5, (ap_o_mode)3, 0>, ap_fixed<36, 16, (ap_q_mode)5, (ap_o_mode)3, 0>, config4>(ap_fixed<16, 6, (ap_q_mode)5, (ap_o_mode)3, 0>*, ap_fixed<36, 16, (ap_q_mode)5, (ap_o_mode)3, 0>*, config4::weight_t*, config4::bias_t*)'
remark: firmware/nnet_utils/nnet_dense.h:45:2: Inlining function 'nnet::DenseLatency<ap_fixed<16, 6, (ap_q_mode)5, (ap_o_mode)3, 0>, ap_fixed<36, 16, (ap_q_mode)5, (ap_o_mode)3, 0>, config4>::dense(ap_fixed<16, 6, (ap_q_mode)5, (ap_o_mode)3, 0>*, ap_fixed<36, 16, (ap_q_mode)5, (ap_o_mode)3, 0>*, ap_fixed<16, 6, (ap_q_mode)5, (ap_o_mode)3, 0>*, ap_fixed<16, 6, (ap_q_mode)5, (ap_o_mode)3, 0>*)' into 'void nnet::dense<ap_fixed<16, 6, (ap_q_mode)5, (ap_o_mode)3, 0>, ap_fixed<36, 16, (ap_q_mode)5, (ap_o_mode)3, 0>, config4>(ap_fixed<16, 6, (ap_q_mode)5, (ap_o_mode)3, 0>*, ap_fixed<36, 16, (ap_q_mode)5, (ap_o_mode)3, 0>*, config4::weight_t*, config4::bias_t*)'
remark: firmware/myproject.cpp:36:2: Inlining function 'void nnet::dense<ap_fixed<16, 6, (ap_q_mode)5, (ap_o_mode)3, 0>, ap_fixed<37, 17, (ap_q_mode)5, (ap_o_mode)3, 0>, config2>(ap_fixed<16, 6, (ap_q_mode)5, (ap_o_mode)3, 0>*, ap_fixed<37, 17, (ap_q_mode)5, (ap_o_mode)3, 0>*, config2::weight_t*, config2::bias_t*)' into 'myproject(ap_fixed<16, 6, (ap_q_mode)5, (ap_o_mode)3, 0>*, ap_fixed<16, 6, (ap_q_mode)5, (ap_o_mode)3, 0>*)'
remark: firmware/myproject.cpp:44:2: Inlining function 'void nnet::dense<ap_fixed<16, 6, (ap_q_mode)5, (ap_o_mode)3, 0>, ap_fixed<36, 16, (ap_q_mode)5, (ap_o_mode)3, 0>, config4>(ap_fixed<16, 6, (ap_q_mode)5, (ap_o_mode)3, 0>*, ap_fixed<36, 16, (ap_q_mode)5, (ap_o_mode)3, 0>*, config4::weight_t*, config4::bias_t*)' into 'myproject(ap_fixed<16, 6, (ap_q_mode)5, (ap_o_mode)3, 0>*, ap_fixed<16, 6, (ap_q_mode)5, (ap_o_mode)3, 0>*)'
remark: firmware/myproject.cpp:46:5: Inlining function 'void nnet::softmax<ap_fixed<36, 16, (ap_q_mode)5, (ap_o_mode)3, 0>, ap_fixed<16, 6, (ap_q_mode)5, (ap_o_mode)3, 0>, softmax_config5>(ap_fixed<36, 16, (ap_q_mode)5, (ap_o_mode)3, 0>*, ap_fixed<16, 6, (ap_q_mode)5, (ap_o_mode)3, 0>*)' into 'myproject(ap_fixed<16, 6, (ap_q_mode)5, (ap_o_mode)3, 0>*, ap_fixed<16, 6, (ap_q_mode)5, (ap_o_mode)3, 0>*)'
remark: firmware/nnet_utils/nnet_activation.h:266:23: Loop 'VITIS_LOOP_266_3' is marked as complete unroll implied by the pipeline pragma
remark: firmware/nnet_utils/nnet_activation.h:252:23: Loop 'VITIS_LOOP_252_2' is marked as complete unroll implied by the pipeline pragma
remark: firmware/nnet_utils/nnet_activation.h:243:23: Loop 'VITIS_LOOP_243_1' is marked as complete unroll implied by the pipeline pragma
remark: firmware/nnet_utils/nnet_activation.h:151:23: Loop 'VITIS_LOOP_151_1' is marked as complete unroll implied by the pipeline pragma
remark: firmware/nnet_utils/nnet_dense_latency.h:64:5: Loop 'Result' is marked as complete unroll implied by the pipeline pragma
remark: firmware/nnet_utils/nnet_dense_latency.h:54:5: Loop 'Accum1' is marked as complete unroll implied by the pipeline pragma
remark: firmware/nnet_utils/nnet_dense_latency.h:56:9: Loop 'Accum2' is marked as complete unroll implied by the pipeline pragma
remark: firmware/nnet_utils/nnet_dense_latency.h:48:5: Loop 'ResetAccum' is marked as complete unroll implied by the pipeline pragma
remark: firmware/nnet_utils/nnet_dense_latency.h:37:5: Loop 'Product1' is marked as complete unroll implied by the pipeline pragma
remark: firmware/nnet_utils/nnet_dense_latency.h:40:9: Loop 'Product2' is marked as complete unroll implied by the pipeline pragma
remark: firmware/nnet_utils/nnet_activation.h:43:22: Loop 'VITIS_LOOP_43_1' is marked as complete unroll implied by the pipeline pragma
remark: firmware/nnet_utils/nnet_dense_latency.h:64:5: Loop 'Result' is marked as complete unroll implied by the pipeline pragma
remark: firmware/nnet_utils/nnet_dense_latency.h:54:5: Loop 'Accum1' is marked as complete unroll implied by the pipeline pragma
remark: firmware/nnet_utils/nnet_dense_latency.h:56:9: Loop 'Accum2' is marked as complete unroll implied by the pipeline pragma
remark: firmware/nnet_utils/nnet_dense_latency.h:48:5: Loop 'ResetAccum' is marked as complete unroll implied by the pipeline pragma
remark: firmware/nnet_utils/nnet_dense_latency.h:37:5: Loop 'Product1' is marked as complete unroll implied by the pipeline pragma
remark: firmware/nnet_utils/nnet_dense_latency.h:40:9: Loop 'Product2' is marked as complete unroll implied by the pipeline pragma
remark: firmware/nnet_utils/nnet_activation.h:216:0: Unrolling loop 'VITIS_LOOP_266_3' (firmware/nnet_utils/nnet_activation.h:266:23) in function 'nnet::softmax_stable<ap_fixed<36, 16, (ap_q_mode)5, (ap_o_mode)3, 0>, ap_fixed<16, 6, (ap_q_mode)5, (ap_o_mode)3, 0>, softmax_config5>' completely with a factor of 4
remark: firmware/nnet_utils/nnet_activation.h:216:0: Unrolling loop 'VITIS_LOOP_252_2' (firmware/nnet_utils/nnet_activation.h:252:23) in function 'nnet::softmax_stable<ap_fixed<36, 16, (ap_q_mode)5, (ap_o_mode)3, 0>, ap_fixed<16, 6, (ap_q_mode)5, (ap_o_mode)3, 0>, softmax_config5>' completely with a factor of 4
remark: firmware/nnet_utils/nnet_activation.h:216:0: Unrolling loop 'VITIS_LOOP_243_1' (firmware/nnet_utils/nnet_activation.h:243:23) in function 'nnet::softmax_stable<ap_fixed<36, 16, (ap_q_mode)5, (ap_o_mode)3, 0>, ap_fixed<16, 6, (ap_q_mode)5, (ap_o_mode)3, 0>, softmax_config5>' completely with a factor of 4
remark: firmware/nnet_utils/nnet_activation.h:149:0: Unrolling loop 'VITIS_LOOP_151_1' (firmware/nnet_utils/nnet_activation.h:151:23) in function 'nnet::init_exp_table<ap_fixed<36, 16, (ap_q_mode)5, (ap_o_mode)3, 0>, softmax_config5>' completely with a factor of 1024
remark: firmware/nnet_utils/nnet_dense_latency.h:15:0: Unrolling loop 'Result' (firmware/nnet_utils/nnet_dense_latency.h:64:5) in function 'nnet::dense_latency<ap_fixed<16, 6, (ap_q_mode)5, (ap_o_mode)3, 0>, ap_fixed<36, 16, (ap_q_mode)5, (ap_o_mode)3, 0>, config4>' completely with a factor of 4
remark: firmware/nnet_utils/nnet_dense_latency.h:15:0: Unrolling loop 'Accum1' (firmware/nnet_utils/nnet_dense_latency.h:54:5) in function 'nnet::dense_latency<ap_fixed<16, 6, (ap_q_mode)5, (ap_o_mode)3, 0>, ap_fixed<36, 16, (ap_q_mode)5, (ap_o_mode)3, 0>, config4>' completely with a factor of 8
remark: firmware/nnet_utils/nnet_dense_latency.h:15:0: Unrolling loop 'Accum2' (firmware/nnet_utils/nnet_dense_latency.h:56:9) in function 'nnet::dense_latency<ap_fixed<16, 6, (ap_q_mode)5, (ap_o_mode)3, 0>, ap_fixed<36, 16, (ap_q_mode)5, (ap_o_mode)3, 0>, config4>' completely with a factor of 4
remark: firmware/nnet_utils/nnet_dense_latency.h:15:0: Unrolling loop 'Accum2' (firmware/nnet_utils/nnet_dense_latency.h:56:9) in function 'nnet::dense_latency<ap_fixed<16, 6, (ap_q_mode)5, (ap_o_mode)3, 0>, ap_fixed<36, 16, (ap_q_mode)5, (ap_o_mode)3, 0>, config4>' completely with a factor of 4
remark: firmware/nnet_utils/nnet_dense_latency.h:15:0: Unrolling loop 'Accum2' (firmware/nnet_utils/nnet_dense_latency.h:56:9) in function 'nnet::dense_latency<ap_fixed<16, 6, (ap_q_mode)5, (ap_o_mode)3, 0>, ap_fixed<36, 16, (ap_q_mode)5, (ap_o_mode)3, 0>, config4>' completely with a factor of 4
remark: firmware/nnet_utils/nnet_dense_latency.h:15:0: Unrolling loop 'Accum2' (firmware/nnet_utils/nnet_dense_latency.h:56:9) in function 'nnet::dense_latency<ap_fixed<16, 6, (ap_q_mode)5, (ap_o_mode)3, 0>, ap_fixed<36, 16, (ap_q_mode)5, (ap_o_mode)3, 0>, config4>' completely with a factor of 4
remark: firmware/nnet_utils/nnet_dense_latency.h:15:0: Unrolling loop 'Accum2' (firmware/nnet_utils/nnet_dense_latency.h:56:9) in function 'nnet::dense_latency<ap_fixed<16, 6, (ap_q_mode)5, (ap_o_mode)3, 0>, ap_fixed<36, 16, (ap_q_mode)5, (ap_o_mode)3, 0>, config4>' completely with a factor of 4
remark: firmware/nnet_utils/nnet_dense_latency.h:15:0: Unrolling loop 'Accum2' (firmware/nnet_utils/nnet_dense_latency.h:56:9) in function 'nnet::dense_latency<ap_fixed<16, 6, (ap_q_mode)5, (ap_o_mode)3, 0>, ap_fixed<36, 16, (ap_q_mode)5, (ap_o_mode)3, 0>, config4>' completely with a factor of 4
remark: firmware/nnet_utils/nnet_dense_latency.h:15:0: Unrolling loop 'Accum2' (firmware/nnet_utils/nnet_dense_latency.h:56:9) in function 'nnet::dense_latency<ap_fixed<16, 6, (ap_q_mode)5, (ap_o_mode)3, 0>, ap_fixed<36, 16, (ap_q_mode)5, (ap_o_mode)3, 0>, config4>' completely with a factor of 4
remark: firmware/nnet_utils/nnet_dense_latency.h:15:0: Unrolling loop 'Accum2' (firmware/nnet_utils/nnet_dense_latency.h:56:9) in function 'nnet::dense_latency<ap_fixed<16, 6, (ap_q_mode)5, (ap_o_mode)3, 0>, ap_fixed<36, 16, (ap_q_mode)5, (ap_o_mode)3, 0>, config4>' completely with a factor of 4
remark: firmware/nnet_utils/nnet_dense_latency.h:15:0: Unrolling loop 'ResetAccum' (firmware/nnet_utils/nnet_dense_latency.h:48:5) in function 'nnet::dense_latency<ap_fixed<16, 6, (ap_q_mode)5, (ap_o_mode)3, 0>, ap_fixed<36, 16, (ap_q_mode)5, (ap_o_mode)3, 0>, config4>' completely with a factor of 4
remark: firmware/nnet_utils/nnet_dense_latency.h:15:0: Unrolling loop 'Product1' (firmware/nnet_utils/nnet_dense_latency.h:37:5) in function 'nnet::dense_latency<ap_fixed<16, 6, (ap_q_mode)5, (ap_o_mode)3, 0>, ap_fixed<36, 16, (ap_q_mode)5, (ap_o_mode)3, 0>, config4>' completely with a factor of 8
remark: firmware/nnet_utils/nnet_dense_latency.h:15:0: Unrolling loop 'Product2' (firmware/nnet_utils/nnet_dense_latency.h:40:9) in function 'nnet::dense_latency<ap_fixed<16, 6, (ap_q_mode)5, (ap_o_mode)3, 0>, ap_fixed<36, 16, (ap_q_mode)5, (ap_o_mode)3, 0>, config4>' completely with a factor of 4
remark: firmware/nnet_utils/nnet_dense_latency.h:15:0: Unrolling loop 'Product2' (firmware/nnet_utils/nnet_dense_latency.h:40:9) in function 'nnet::dense_latency<ap_fixed<16, 6, (ap_q_mode)5, (ap_o_mode)3, 0>, ap_fixed<36, 16, (ap_q_mode)5, (ap_o_mode)3, 0>, config4>' completely with a factor of 4
remark: firmware/nnet_utils/nnet_dense_latency.h:15:0: Unrolling loop 'Product2' (firmware/nnet_utils/nnet_dense_latency.h:40:9) in function 'nnet::dense_latency<ap_fixed<16, 6, (ap_q_mode)5, (ap_o_mode)3, 0>, ap_fixed<36, 16, (ap_q_mode)5, (ap_o_mode)3, 0>, config4>' completely with a factor of 4
remark: firmware/nnet_utils/nnet_dense_latency.h:15:0: Unrolling loop 'Product2' (firmware/nnet_utils/nnet_dense_latency.h:40:9) in function 'nnet::dense_latency<ap_fixed<16, 6, (ap_q_mode)5, (ap_o_mode)3, 0>, ap_fixed<36, 16, (ap_q_mode)5, (ap_o_mode)3, 0>, config4>' completely with a factor of 4
remark: firmware/nnet_utils/nnet_dense_latency.h:15:0: Unrolling loop 'Product2' (firmware/nnet_utils/nnet_dense_latency.h:40:9) in function 'nnet::dense_latency<ap_fixed<16, 6, (ap_q_mode)5, (ap_o_mode)3, 0>, ap_fixed<36, 16, (ap_q_mode)5, (ap_o_mode)3, 0>, config4>' completely with a factor of 4
remark: firmware/nnet_utils/nnet_dense_latency.h:15:0: Unrolling loop 'Product2' (firmware/nnet_utils/nnet_dense_latency.h:40:9) in function 'nnet::dense_latency<ap_fixed<16, 6, (ap_q_mode)5, (ap_o_mode)3, 0>, ap_fixed<36, 16, (ap_q_mode)5, (ap_o_mode)3, 0>, config4>' completely with a factor of 4
remark: firmware/nnet_utils/nnet_dense_latency.h:15:0: Unrolling loop 'Product2' (firmware/nnet_utils/nnet_dense_latency.h:40:9) in function 'nnet::dense_latency<ap_fixed<16, 6, (ap_q_mode)5, (ap_o_mode)3, 0>, ap_fixed<36, 16, (ap_q_mode)5, (ap_o_mode)3, 0>, config4>' completely with a factor of 4
remark: firmware/nnet_utils/nnet_dense_latency.h:15:0: Unrolling loop 'Product2' (firmware/nnet_utils/nnet_dense_latency.h:40:9) in function 'nnet::dense_latency<ap_fixed<16, 6, (ap_q_mode)5, (ap_o_mode)3, 0>, ap_fixed<36, 16, (ap_q_mode)5, (ap_o_mode)3, 0>, config4>' completely with a factor of 4
remark: firmware/nnet_utils/nnet_activation.h:39:0: Unrolling loop 'VITIS_LOOP_43_1' (firmware/nnet_utils/nnet_activation.h:43:22) in function 'nnet::relu<ap_fixed<37, 17, (ap_q_mode)5, (ap_o_mode)3, 0>, ap_fixed<16, 6, (ap_q_mode)5, (ap_o_mode)3, 0>, relu_config3>' completely with a factor of 8
remark: firmware/nnet_utils/nnet_dense_latency.h:15:0: Unrolling loop 'Result' (firmware/nnet_utils/nnet_dense_latency.h:64:5) in function 'nnet::dense_latency<ap_fixed<16, 6, (ap_q_mode)5, (ap_o_mode)3, 0>, ap_fixed<37, 17, (ap_q_mode)5, (ap_o_mode)3, 0>, config2>' completely with a factor of 8
remark: firmware/nnet_utils/nnet_dense_latency.h:15:0: Unrolling loop 'Accum1' (firmware/nnet_utils/nnet_dense_latency.h:54:5) in function 'nnet::dense_latency<ap_fixed<16, 6, (ap_q_mode)5, (ap_o_mode)3, 0>, ap_fixed<37, 17, (ap_q_mode)5, (ap_o_mode)3, 0>, config2>' completely with a factor of 16
remark: firmware/nnet_utils/nnet_dense_latency.h:15:0: Unrolling loop 'Accum2' (firmware/nnet_utils/nnet_dense_latency.h:56:9) in function 'nnet::dense_latency<ap_fixed<16, 6, (ap_q_mode)5, (ap_o_mode)3, 0>, ap_fixed<37, 17, (ap_q_mode)5, (ap_o_mode)3, 0>, config2>' completely with a factor of 8
remark: firmware/nnet_utils/nnet_dense_latency.h:15:0: Unrolling loop 'Accum2' (firmware/nnet_utils/nnet_dense_latency.h:56:9) in function 'nnet::dense_latency<ap_fixed<16, 6, (ap_q_mode)5, (ap_o_mode)3, 0>, ap_fixed<37, 17, (ap_q_mode)5, (ap_o_mode)3, 0>, config2>' completely with a factor of 8
remark: firmware/nnet_utils/nnet_dense_latency.h:15:0: Unrolling loop 'Accum2' (firmware/nnet_utils/nnet_dense_latency.h:56:9) in function 'nnet::dense_latency<ap_fixed<16, 6, (ap_q_mode)5, (ap_o_mode)3, 0>, ap_fixed<37, 17, (ap_q_mode)5, (ap_o_mode)3, 0>, config2>' completely with a factor of 8
remark: firmware/nnet_utils/nnet_dense_latency.h:15:0: Unrolling loop 'Accum2' (firmware/nnet_utils/nnet_dense_latency.h:56:9) in function 'nnet::dense_latency<ap_fixed<16, 6, (ap_q_mode)5, (ap_o_mode)3, 0>, ap_fixed<37, 17, (ap_q_mode)5, (ap_o_mode)3, 0>, config2>' completely with a factor of 8
remark: firmware/nnet_utils/nnet_dense_latency.h:15:0: Unrolling loop 'Accum2' (firmware/nnet_utils/nnet_dense_latency.h:56:9) in function 'nnet::dense_latency<ap_fixed<16, 6, (ap_q_mode)5, (ap_o_mode)3, 0>, ap_fixed<37, 17, (ap_q_mode)5, (ap_o_mode)3, 0>, config2>' completely with a factor of 8
remark: firmware/nnet_utils/nnet_dense_latency.h:15:0: Unrolling loop 'Accum2' (firmware/nnet_utils/nnet_dense_latency.h:56:9) in function 'nnet::dense_latency<ap_fixed<16, 6, (ap_q_mode)5, (ap_o_mode)3, 0>, ap_fixed<37, 17, (ap_q_mode)5, (ap_o_mode)3, 0>, config2>' completely with a factor of 8
remark: firmware/nnet_utils/nnet_dense_latency.h:15:0: Unrolling loop 'Accum2' (firmware/nnet_utils/nnet_dense_latency.h:56:9) in function 'nnet::dense_latency<ap_fixed<16, 6, (ap_q_mode)5, (ap_o_mode)3, 0>, ap_fixed<37, 17, (ap_q_mode)5, (ap_o_mode)3, 0>, config2>' completely with a factor of 8
remark: firmware/nnet_utils/nnet_dense_latency.h:15:0: Unrolling loop 'Accum2' (firmware/nnet_utils/nnet_dense_latency.h:56:9) in function 'nnet::dense_latency<ap_fixed<16, 6, (ap_q_mode)5, (ap_o_mode)3, 0>, ap_fixed<37, 17, (ap_q_mode)5, (ap_o_mode)3, 0>, config2>' completely with a factor of 8
remark: firmware/nnet_utils/nnet_dense_latency.h:15:0: Unrolling loop 'Accum2' (firmware/nnet_utils/nnet_dense_latency.h:56:9) in function 'nnet::dense_latency<ap_fixed<16, 6, (ap_q_mode)5, (ap_o_mode)3, 0>, ap_fixed<37, 17, (ap_q_mode)5, (ap_o_mode)3, 0>, config2>' completely with a factor of 8
remark: firmware/nnet_utils/nnet_dense_latency.h:15:0: Unrolling loop 'Accum2' (firmware/nnet_utils/nnet_dense_latency.h:56:9) in function 'nnet::dense_latency<ap_fixed<16, 6, (ap_q_mode)5, (ap_o_mode)3, 0>, ap_fixed<37, 17, (ap_q_mode)5, (ap_o_mode)3, 0>, config2>' completely with a factor of 8
remark: firmware/nnet_utils/nnet_dense_latency.h:15:0: Unrolling loop 'Accum2' (firmware/nnet_utils/nnet_dense_latency.h:56:9) in function 'nnet::dense_latency<ap_fixed<16, 6, (ap_q_mode)5, (ap_o_mode)3, 0>, ap_fixed<37, 17, (ap_q_mode)5, (ap_o_mode)3, 0>, config2>' completely with a factor of 8
remark: firmware/nnet_utils/nnet_dense_latency.h:15:0: Unrolling loop 'Accum2' (firmware/nnet_utils/nnet_dense_latency.h:56:9) in function 'nnet::dense_latency<ap_fixed<16, 6, (ap_q_mode)5, (ap_o_mode)3, 0>, ap_fixed<37, 17, (ap_q_mode)5, (ap_o_mode)3, 0>, config2>' completely with a factor of 8
remark: firmware/nnet_utils/nnet_dense_latency.h:15:0: Unrolling loop 'Accum2' (firmware/nnet_utils/nnet_dense_latency.h:56:9) in function 'nnet::dense_latency<ap_fixed<16, 6, (ap_q_mode)5, (ap_o_mode)3, 0>, ap_fixed<37, 17, (ap_q_mode)5, (ap_o_mode)3, 0>, config2>' completely with a factor of 8
remark: firmware/nnet_utils/nnet_dense_latency.h:15:0: Unrolling loop 'Accum2' (firmware/nnet_utils/nnet_dense_latency.h:56:9) in function 'nnet::dense_latency<ap_fixed<16, 6, (ap_q_mode)5, (ap_o_mode)3, 0>, ap_fixed<37, 17, (ap_q_mode)5, (ap_o_mode)3, 0>, config2>' completely with a factor of 8
remark: firmware/nnet_utils/nnet_dense_latency.h:15:0: Unrolling loop 'Accum2' (firmware/nnet_utils/nnet_dense_latency.h:56:9) in function 'nnet::dense_latency<ap_fixed<16, 6, (ap_q_mode)5, (ap_o_mode)3, 0>, ap_fixed<37, 17, (ap_q_mode)5, (ap_o_mode)3, 0>, config2>' completely with a factor of 8
remark: firmware/nnet_utils/nnet_dense_latency.h:15:0: Unrolling loop 'Accum2' (firmware/nnet_utils/nnet_dense_latency.h:56:9) in function 'nnet::dense_latency<ap_fixed<16, 6, (ap_q_mode)5, (ap_o_mode)3, 0>, ap_fixed<37, 17, (ap_q_mode)5, (ap_o_mode)3, 0>, config2>' completely with a factor of 8
remark: firmware/nnet_utils/nnet_dense_latency.h:15:0: Unrolling loop 'ResetAccum' (firmware/nnet_utils/nnet_dense_latency.h:48:5) in function 'nnet::dense_latency<ap_fixed<16, 6, (ap_q_mode)5, (ap_o_mode)3, 0>, ap_fixed<37, 17, (ap_q_mode)5, (ap_o_mode)3, 0>, config2>' completely with a factor of 8
remark: firmware/nnet_utils/nnet_dense_latency.h:15:0: Unrolling loop 'Product1' (firmware/nnet_utils/nnet_dense_latency.h:37:5) in function 'nnet::dense_latency<ap_fixed<16, 6, (ap_q_mode)5, (ap_o_mode)3, 0>, ap_fixed<37, 17, (ap_q_mode)5, (ap_o_mode)3, 0>, config2>' completely with a factor of 16
remark: firmware/nnet_utils/nnet_dense_latency.h:15:0: Unrolling loop 'Product2' (firmware/nnet_utils/nnet_dense_latency.h:40:9) in function 'nnet::dense_latency<ap_fixed<16, 6, (ap_q_mode)5, (ap_o_mode)3, 0>, ap_fixed<37, 17, (ap_q_mode)5, (ap_o_mode)3, 0>, config2>' completely with a factor of 8
remark: firmware/nnet_utils/nnet_dense_latency.h:15:0: Unrolling loop 'Product2' (firmware/nnet_utils/nnet_dense_latency.h:40:9) in function 'nnet::dense_latency<ap_fixed<16, 6, (ap_q_mode)5, (ap_o_mode)3, 0>, ap_fixed<37, 17, (ap_q_mode)5, (ap_o_mode)3, 0>, config2>' completely with a factor of 8
remark: firmware/nnet_utils/nnet_dense_latency.h:15:0: Unrolling loop 'Product2' (firmware/nnet_utils/nnet_dense_latency.h:40:9) in function 'nnet::dense_latency<ap_fixed<16, 6, (ap_q_mode)5, (ap_o_mode)3, 0>, ap_fixed<37, 17, (ap_q_mode)5, (ap_o_mode)3, 0>, config2>' completely with a factor of 8
remark: firmware/nnet_utils/nnet_dense_latency.h:15:0: Unrolling loop 'Product2' (firmware/nnet_utils/nnet_dense_latency.h:40:9) in function 'nnet::dense_latency<ap_fixed<16, 6, (ap_q_mode)5, (ap_o_mode)3, 0>, ap_fixed<37, 17, (ap_q_mode)5, (ap_o_mode)3, 0>, config2>' completely with a factor of 8
remark: firmware/nnet_utils/nnet_dense_latency.h:15:0: Unrolling loop 'Product2' (firmware/nnet_utils/nnet_dense_latency.h:40:9) in function 'nnet::dense_latency<ap_fixed<16, 6, (ap_q_mode)5, (ap_o_mode)3, 0>, ap_fixed<37, 17, (ap_q_mode)5, (ap_o_mode)3, 0>, config2>' completely with a factor of 8
remark: firmware/nnet_utils/nnet_dense_latency.h:15:0: Unrolling loop 'Product2' (firmware/nnet_utils/nnet_dense_latency.h:40:9) in function 'nnet::dense_latency<ap_fixed<16, 6, (ap_q_mode)5, (ap_o_mode)3, 0>, ap_fixed<37, 17, (ap_q_mode)5, (ap_o_mode)3, 0>, config2>' completely with a factor of 8
remark: firmware/nnet_utils/nnet_dense_latency.h:15:0: Unrolling loop 'Product2' (firmware/nnet_utils/nnet_dense_latency.h:40:9) in function 'nnet::dense_latency<ap_fixed<16, 6, (ap_q_mode)5, (ap_o_mode)3, 0>, ap_fixed<37, 17, (ap_q_mode)5, (ap_o_mode)3, 0>, config2>' completely with a factor of 8
remark: firmware/nnet_utils/nnet_dense_latency.h:15:0: Unrolling loop 'Product2' (firmware/nnet_utils/nnet_dense_latency.h:40:9) in function 'nnet::dense_latency<ap_fixed<16, 6, (ap_q_mode)5, (ap_o_mode)3, 0>, ap_fixed<37, 17, (ap_q_mode)5, (ap_o_mode)3, 0>, config2>' completely with a factor of 8
remark: firmware/nnet_utils/nnet_dense_latency.h:15:0: Unrolling loop 'Product2' (firmware/nnet_utils/nnet_dense_latency.h:40:9) in function 'nnet::dense_latency<ap_fixed<16, 6, (ap_q_mode)5, (ap_o_mode)3, 0>, ap_fixed<37, 17, (ap_q_mode)5, (ap_o_mode)3, 0>, config2>' completely with a factor of 8
remark: firmware/nnet_utils/nnet_dense_latency.h:15:0: Unrolling loop 'Product2' (firmware/nnet_utils/nnet_dense_latency.h:40:9) in function 'nnet::dense_latency<ap_fixed<16, 6, (ap_q_mode)5, (ap_o_mode)3, 0>, ap_fixed<37, 17, (ap_q_mode)5, (ap_o_mode)3, 0>, config2>' completely with a factor of 8
remark: firmware/nnet_utils/nnet_dense_latency.h:15:0: Unrolling loop 'Product2' (firmware/nnet_utils/nnet_dense_latency.h:40:9) in function 'nnet::dense_latency<ap_fixed<16, 6, (ap_q_mode)5, (ap_o_mode)3, 0>, ap_fixed<37, 17, (ap_q_mode)5, (ap_o_mode)3, 0>, config2>' completely with a factor of 8
remark: firmware/nnet_utils/nnet_dense_latency.h:15:0: Unrolling loop 'Product2' (firmware/nnet_utils/nnet_dense_latency.h:40:9) in function 'nnet::dense_latency<ap_fixed<16, 6, (ap_q_mode)5, (ap_o_mode)3, 0>, ap_fixed<37, 17, (ap_q_mode)5, (ap_o_mode)3, 0>, config2>' completely with a factor of 8
remark: firmware/nnet_utils/nnet_dense_latency.h:15:0: Unrolling loop 'Product2' (firmware/nnet_utils/nnet_dense_latency.h:40:9) in function 'nnet::dense_latency<ap_fixed<16, 6, (ap_q_mode)5, (ap_o_mode)3, 0>, ap_fixed<37, 17, (ap_q_mode)5, (ap_o_mode)3, 0>, config2>' completely with a factor of 8
remark: firmware/nnet_utils/nnet_dense_latency.h:15:0: Unrolling loop 'Product2' (firmware/nnet_utils/nnet_dense_latency.h:40:9) in function 'nnet::dense_latency<ap_fixed<16, 6, (ap_q_mode)5, (ap_o_mode)3, 0>, ap_fixed<37, 17, (ap_q_mode)5, (ap_o_mode)3, 0>, config2>' completely with a factor of 8
remark: firmware/nnet_utils/nnet_dense_latency.h:15:0: Unrolling loop 'Product2' (firmware/nnet_utils/nnet_dense_latency.h:40:9) in function 'nnet::dense_latency<ap_fixed<16, 6, (ap_q_mode)5, (ap_o_mode)3, 0>, ap_fixed<37, 17, (ap_q_mode)5, (ap_o_mode)3, 0>, config2>' completely with a factor of 8
remark: firmware/nnet_utils/nnet_dense_latency.h:15:0: Unrolling loop 'Product2' (firmware/nnet_utils/nnet_dense_latency.h:40:9) in function 'nnet::dense_latency<ap_fixed<16, 6, (ap_q_mode)5, (ap_o_mode)3, 0>, ap_fixed<37, 17, (ap_q_mode)5, (ap_o_mode)3, 0>, config2>' completely with a factor of 8
remark: firmware/nnet_utils/nnet_dense_latency.h:15:0: Inlining function 'std::enable_if<!(std::is_same<ap_fixed<16, 6, (ap_q_mode)5, (ap_o_mode)3, 0>, ap_uint<1> >::value), ap_fixed<37, 17, (ap_q_mode)5, (ap_o_mode)3, 0> >::type nnet::cast<ap_fixed<16, 6, (ap_q_mode)5, (ap_o_mode)3, 0>, ap_fixed<37, 17, (ap_q_mode)5, (ap_o_mode)3, 0>, config2>(config2::accum_t)' into 'void nnet::dense_latency<ap_fixed<16, 6, (ap_q_mode)5, (ap_o_mode)3, 0>, ap_fixed<37, 17, (ap_q_mode)5, (ap_o_mode)3, 0>, config2>(ap_fixed<16, 6, (ap_q_mode)5, (ap_o_mode)3, 0>*, ap_fixed<37, 17, (ap_q_mode)5, (ap_o_mode)3, 0>*, config2::weight_t*, config2::bias_t*)'
remark: firmware/nnet_utils/nnet_dense_latency.h:15:0: Inlining function 'std::enable_if<!(std::is_same<ap_fixed<16, 6, (ap_q_mode)5, (ap_o_mode)3, 0>, ap_uint<1> >::value), ap_fixed<36, 16, (ap_q_mode)5, (ap_o_mode)3, 0> >::type nnet::cast<ap_fixed<16, 6, (ap_q_mode)5, (ap_o_mode)3, 0>, ap_fixed<36, 16, (ap_q_mode)5, (ap_o_mode)3, 0>, config4>(config4::accum_t)' into 'void nnet::dense_latency<ap_fixed<16, 6, (ap_q_mode)5, (ap_o_mode)3, 0>, ap_fixed<36, 16, (ap_q_mode)5, (ap_o_mode)3, 0>, config4>(ap_fixed<16, 6, (ap_q_mode)5, (ap_o_mode)3, 0>*, ap_fixed<36, 16, (ap_q_mode)5, (ap_o_mode)3, 0>*, config4::weight_t*, config4::bias_t*)'
remark: firmware/nnet_utils/nnet_common.h:37:0: Inlining function 'nnet::Op_max<ap_fixed<36, 16, (ap_q_mode)5, (ap_o_mode)3, 0> >::operator()(ap_fixed<36, 16, (ap_q_mode)5, (ap_o_mode)3, 0>, ap_fixed<36, 16, (ap_q_mode)5, (ap_o_mode)3, 0>)' into 'ap_fixed<36, 16, (ap_q_mode)5, (ap_o_mode)3, 0> nnet::reduce<ap_fixed<36, 16, (ap_q_mode)5, (ap_o_mode)3, 0>, 2, nnet::Op_max<ap_fixed<36, 16, (ap_q_mode)5, (ap_o_mode)3, 0> > >(ap_fixed<36, 16, (ap_q_mode)5, (ap_o_mode)3, 0> const*, nnet::Op_max<ap_fixed<36, 16, (ap_q_mode)5, (ap_o_mode)3, 0> >)'
remark: firmware/nnet_utils/nnet_common.h:37:0: Inlining function 'ap_fixed<36, 16, (ap_q_mode)5, (ap_o_mode)3, 0> nnet::reduce<ap_fixed<36, 16, (ap_q_mode)5, (ap_o_mode)3, 0>, 2, nnet::Op_max<ap_fixed<36, 16, (ap_q_mode)5, (ap_o_mode)3, 0> > >(ap_fixed<36, 16, (ap_q_mode)5, (ap_o_mode)3, 0> const*, nnet::Op_max<ap_fixed<36, 16, (ap_q_mode)5, (ap_o_mode)3, 0> >)' into 'ap_fixed<36, 16, (ap_q_mode)5, (ap_o_mode)3, 0> nnet::reduce<ap_fixed<36, 16, (ap_q_mode)5, (ap_o_mode)3, 0>, 4, nnet::Op_max<ap_fixed<36, 16, (ap_q_mode)5, (ap_o_mode)3, 0> > >(ap_fixed<36, 16, (ap_q_mode)5, (ap_o_mode)3, 0> const*, nnet::Op_max<ap_fixed<36, 16, (ap_q_mode)5, (ap_o_mode)3, 0> >)'
remark: firmware/nnet_utils/nnet_common.h:37:0: Inlining function 'nnet::Op_max<ap_fixed<36, 16, (ap_q_mode)5, (ap_o_mode)3, 0> >::operator()(ap_fixed<36, 16, (ap_q_mode)5, (ap_o_mode)3, 0>, ap_fixed<36, 16, (ap_q_mode)5, (ap_o_mode)3, 0>) (.42)' into 'ap_fixed<36, 16, (ap_q_mode)5, (ap_o_mode)3, 0> nnet::reduce<ap_fixed<36, 16, (ap_q_mode)5, (ap_o_mode)3, 0>, 4, nnet::Op_max<ap_fixed<36, 16, (ap_q_mode)5, (ap_o_mode)3, 0> > >(ap_fixed<36, 16, (ap_q_mode)5, (ap_o_mode)3, 0> const*, nnet::Op_max<ap_fixed<36, 16, (ap_q_mode)5, (ap_o_mode)3, 0> >)'
remark: firmware/nnet_utils/nnet_common.h:37:0: Inlining function 'nnet::Op_add<ap_fixed<18, 8, (ap_q_mode)0, (ap_o_mode)0, 0> >::operator()(ap_fixed<18, 8, (ap_q_mode)0, (ap_o_mode)0, 0>, ap_fixed<18, 8, (ap_q_mode)0, (ap_o_mode)0, 0>) (.18.28)' into 'ap_fixed<18, 8, (ap_q_mode)0, (ap_o_mode)0, 0> nnet::reduce<ap_fixed<18, 8, (ap_q_mode)0, (ap_o_mode)0, 0>, 2, nnet::Op_add<ap_fixed<18, 8, (ap_q_mode)0, (ap_o_mode)0, 0> > >(ap_fixed<18, 8, (ap_q_mode)0, (ap_o_mode)0, 0> const*, nnet::Op_add<ap_fixed<18, 8, (ap_q_mode)0, (ap_o_mode)0, 0> >)'
remark: firmware/nnet_utils/nnet_common.h:37:0: Inlining function 'ap_fixed<18, 8, (ap_q_mode)0, (ap_o_mode)0, 0> nnet::reduce<ap_fixed<18, 8, (ap_q_mode)0, (ap_o_mode)0, 0>, 2, nnet::Op_add<ap_fixed<18, 8, (ap_q_mode)0, (ap_o_mode)0, 0> > >(ap_fixed<18, 8, (ap_q_mode)0, (ap_o_mode)0, 0> const*, nnet::Op_add<ap_fixed<18, 8, (ap_q_mode)0, (ap_o_mode)0, 0> >)' into 'ap_fixed<18, 8, (ap_q_mode)0, (ap_o_mode)0, 0> nnet::reduce<ap_fixed<18, 8, (ap_q_mode)0, (ap_o_mode)0, 0>, 4, nnet::Op_add<ap_fixed<18, 8, (ap_q_mode)0, (ap_o_mode)0, 0> > >(ap_fixed<18, 8, (ap_q_mode)0, (ap_o_mode)0, 0> const*, nnet::Op_add<ap_fixed<18, 8, (ap_q_mode)0, (ap_o_mode)0, 0> >)'
remark: firmware/nnet_utils/nnet_common.h:37:0: Inlining function 'nnet::Op_add<ap_fixed<18, 8, (ap_q_mode)0, (ap_o_mode)0, 0> >::operator()(ap_fixed<18, 8, (ap_q_mode)0, (ap_o_mode)0, 0>, ap_fixed<18, 8, (ap_q_mode)0, (ap_o_mode)0, 0>) (.18.28)' into 'ap_fixed<18, 8, (ap_q_mode)0, (ap_o_mode)0, 0> nnet::reduce<ap_fixed<18, 8, (ap_q_mode)0, (ap_o_mode)0, 0>, 4, nnet::Op_add<ap_fixed<18, 8, (ap_q_mode)0, (ap_o_mode)0, 0> > >(ap_fixed<18, 8, (ap_q_mode)0, (ap_o_mode)0, 0> const*, nnet::Op_add<ap_fixed<18, 8, (ap_q_mode)0, (ap_o_mode)0, 0> >)'
remark: firmware/nnet_utils/nnet_activation.h:216:0: Inlining function 'ap_fixed<36, 16, (ap_q_mode)5, (ap_o_mode)3, 0> nnet::reduce<ap_fixed<36, 16, (ap_q_mode)5, (ap_o_mode)3, 0>, 4, nnet::Op_max<ap_fixed<36, 16, (ap_q_mode)5, (ap_o_mode)3, 0> > >(ap_fixed<36, 16, (ap_q_mode)5, (ap_o_mode)3, 0> const*, nnet::Op_max<ap_fixed<36, 16, (ap_q_mode)5, (ap_o_mode)3, 0> >)' into 'void nnet::softmax_stable<ap_fixed<36, 16, (ap_q_mode)5, (ap_o_mode)3, 0>, ap_fixed<16, 6, (ap_q_mode)5, (ap_o_mode)3, 0>, softmax_config5>(ap_fixed<36, 16, (ap_q_mode)5, (ap_o_mode)3, 0>*, ap_fixed<16, 6, (ap_q_mode)5, (ap_o_mode)3, 0>*)'
remark: firmware/nnet_utils/nnet_activation.h:216:0: Inlining function 'unsigned int nnet::softmax_idx_from_real_val<ap_fixed<36, 16, (ap_q_mode)5, (ap_o_mode)3, 0>, softmax_config5>(ap_fixed<36, 16, (ap_q_mode)5, (ap_o_mode)3, 0>)' into 'void nnet::softmax_stable<ap_fixed<36, 16, (ap_q_mode)5, (ap_o_mode)3, 0>, ap_fixed<16, 6, (ap_q_mode)5, (ap_o_mode)3, 0>, softmax_config5>(ap_fixed<36, 16, (ap_q_mode)5, (ap_o_mode)3, 0>*, ap_fixed<16, 6, (ap_q_mode)5, (ap_o_mode)3, 0>*)'
remark: firmware/nnet_utils/nnet_activation.h:216:0: Inlining function 'ap_fixed<18, 8, (ap_q_mode)0, (ap_o_mode)0, 0> nnet::reduce<ap_fixed<18, 8, (ap_q_mode)0, (ap_o_mode)0, 0>, 4, nnet::Op_add<ap_fixed<18, 8, (ap_q_mode)0, (ap_o_mode)0, 0> > >(ap_fixed<18, 8, (ap_q_mode)0, (ap_o_mode)0, 0> const*, nnet::Op_add<ap_fixed<18, 8, (ap_q_mode)0, (ap_o_mode)0, 0> >)' into 'void nnet::softmax_stable<ap_fixed<36, 16, (ap_q_mode)5, (ap_o_mode)3, 0>, ap_fixed<16, 6, (ap_q_mode)5, (ap_o_mode)3, 0>, softmax_config5>(ap_fixed<36, 16, (ap_q_mode)5, (ap_o_mode)3, 0>*, ap_fixed<16, 6, (ap_q_mode)5, (ap_o_mode)3, 0>*)'
remark: firmware/nnet_utils/nnet_activation.h:216:0: Inlining function 'unsigned int nnet::softmax_idx_from_real_val<ap_fixed<18, 8, (ap_q_mode)0, (ap_o_mode)0, 0>, softmax_config5>(ap_fixed<18, 8, (ap_q_mode)0, (ap_o_mode)0, 0>)' into 'void nnet::softmax_stable<ap_fixed<36, 16, (ap_q_mode)5, (ap_o_mode)3, 0>, ap_fixed<16, 6, (ap_q_mode)5, (ap_o_mode)3, 0>, softmax_config5>(ap_fixed<36, 16, (ap_q_mode)5, (ap_o_mode)3, 0>*, ap_fixed<16, 6, (ap_q_mode)5, (ap_o_mode)3, 0>*)'
remark: firmware/weights/b4.h:12:0: Applying array_partition to 'b4': Complete partitioning on dimension 1.
remark: firmware/weights/b2.h:12:0: Applying array_partition to 'b2': Complete partitioning on dimension 1.
remark: firmware/myproject.cpp:34:17: Applying array_partition to 'layer2_out': Complete partitioning on dimension 1.
remark: firmware/myproject.cpp:38:14: Applying array_partition to 'layer3_out': Complete partitioning on dimension 1.
remark: firmware/myproject.cpp:42:22: Applying array_partition to 'layer4_out': Complete partitioning on dimension 1.
remark: firmware/myproject.cpp:10:0: Applying array_partition to 'layer5_out': Complete partitioning on dimension 1.
remark: firmware/myproject.cpp:10:0: Applying array_reshape to 'input_layer': Complete reshaping on dimension 1.
===-------------------------------------------------------------------------===
                         Miscellaneous Ungrouped Timers
===-------------------------------------------------------------------------===

   ---User Time---   --System Time--   --User+System--   ---Wall Time---  --- Name ---
  159.9788 (100.0%)   0.8646 (100.0%)  160.8434 (100.0%)  160.9027 (100.0%)  Code Generation Time
  159.9788 (100.0%)   0.8646 (100.0%)  160.8434 (100.0%)  160.9027 (100.0%)  Total

===-------------------------------------------------------------------------===
                      ... Pass execution timing report ...
===-------------------------------------------------------------------------===
  Total Execution Time: 173.8955 seconds (173.9391 wall clock)

   ---User Time---   --System Time--   --User+System--   ---Wall Time---  --- Name ---
  11.7186 (  6.8%)   0.0880 ( 11.4%)  11.8066 (  6.8%)  11.8069 (  6.8%)  Build loop flatten cost model
  10.6973 (  6.2%)   0.0198 (  2.6%)  10.7171 (  6.2%)  10.7172 (  6.2%)  Early GVN Hoisting of Expressions
   8.8136 (  5.1%)   0.0160 (  2.1%)   8.8297 (  5.1%)   8.8299 (  5.1%)  PredicateAnalyzer - Predidate Analysis
   7.6472 (  4.4%)   0.0131 (  1.7%)   7.6603 (  4.4%)   7.6605 (  4.4%)  Early GVN Hoisting of Expressions
   7.4995 (  4.3%)   0.0159 (  2.1%)   7.5154 (  4.3%)   7.5157 (  4.3%)  Early GVN Hoisting of Expressions
   7.3494 (  4.2%)   0.0000 (  0.0%)   7.3494 (  4.2%)   7.3496 (  4.2%)  Early GVN Hoisting of Expressions
   7.2065 (  4.2%)   0.0200 (  2.6%)   7.2264 (  4.2%)   7.2268 (  4.2%)  Early GVN Hoisting of Expressions
   7.1683 (  4.1%)   0.0160 (  2.1%)   7.1843 (  4.1%)   7.1845 (  4.1%)  Early GVN Hoisting of Expressions
   7.1109 (  4.1%)   0.0081 (  1.0%)   7.1190 (  4.1%)   7.1193 (  4.1%)  Early GVN Hoisting of Expressions
   6.8136 (  3.9%)   0.0000 (  0.0%)   6.8136 (  3.9%)   6.8137 (  3.9%)  Early GVN Hoisting of Expressions
   6.7941 (  3.9%)   0.0001 (  0.0%)   6.7942 (  3.9%)   6.7943 (  3.9%)  Early GVN Hoisting of Expressions
   6.7931 (  3.9%)   0.0000 (  0.0%)   6.7931 (  3.9%)   6.7932 (  3.9%)  Early GVN Hoisting of Expressions
   4.4400 (  2.6%)   0.0315 (  4.1%)   4.4715 (  2.6%)   4.4716 (  2.6%)  Automatic inliner in reflow
   2.3616 (  1.4%)   0.0400 (  5.2%)   2.4016 (  1.4%)   2.4017 (  1.4%)  Auto automatic array partition analysis
   2.3691 (  1.4%)   0.0120 (  1.6%)   2.3811 (  1.4%)   2.3812 (  1.4%)  Auto automatic array partition analysis
   2.3769 (  1.4%)   0.0040 (  0.5%)   2.3809 (  1.4%)   2.3810 (  1.4%)  Automatic array partition transformation
   2.3692 (  1.4%)   0.0000 (  0.0%)   2.3692 (  1.4%)   2.3692 (  1.4%)  Auto automatic array partition analysis
   1.0292 (  0.6%)   0.0000 (  0.0%)   1.0292 (  0.6%)   1.0318 (  0.6%)  Generate HLS compatible IR
   0.9279 (  0.5%)   0.0000 (  0.0%)   0.9279 (  0.5%)   0.9279 (  0.5%)  Lower intermediate type generated by HLSGen
   0.7091 (  0.4%)   0.0000 (  0.0%)   0.7091 (  0.4%)   0.7091 (  0.4%)  Undecay arrays
   0.6970 (  0.4%)   0.0005 (  0.1%)   0.6975 (  0.4%)   0.6976 (  0.4%)   automatic function inline driven by performance to break up circuit dependence
   0.5028 (  0.3%)   0.0083 (  1.1%)   0.5112 (  0.3%)   0.5125 (  0.3%)  ROM inference pass
   0.4363 (  0.3%)   0.0000 (  0.0%)   0.4363 (  0.3%)   0.4363 (  0.3%)  Aggressive Dead Code Elimination
   0.3898 (  0.2%)   0.0000 (  0.0%)   0.3898 (  0.2%)   0.3898 (  0.2%)  Detach IR Wrapper
   0.3844 (  0.2%)   0.0000 (  0.0%)   0.3844 (  0.2%)   0.3844 (  0.2%)  Dead Store Elimination
   0.3770 (  0.2%)   0.0002 (  0.0%)   0.3772 (  0.2%)   0.3772 (  0.2%)  Dead Store Elimination
   0.3753 (  0.2%)   0.0000 (  0.0%)   0.3753 (  0.2%)   0.3753 (  0.2%)  Dead Store Elimination
   0.3738 (  0.2%)   0.0001 (  0.0%)   0.3739 (  0.2%)   0.3739 (  0.2%)  Dead Store Elimination
   0.3734 (  0.2%)   0.0000 (  0.0%)   0.3734 (  0.2%)   0.3734 (  0.2%)  Dead Store Elimination
   0.3550 (  0.2%)   0.0000 (  0.0%)   0.3550 (  0.2%)   0.3550 (  0.2%)  Simplify the CFG
   0.2914 (  0.2%)   0.0000 (  0.0%)   0.2914 (  0.2%)   0.2914 (  0.2%)  Aggressive Dead Code Elimination
   0.2827 (  0.2%)   0.0040 (  0.5%)   0.2867 (  0.2%)   0.2867 (  0.2%)  Bitcode for HLS
   0.2862 (  0.2%)   0.0000 (  0.0%)   0.2862 (  0.2%)   0.2862 (  0.2%)  Aggressive Dead Code Elimination
   0.2777 (  0.2%)   0.0000 (  0.0%)   0.2777 (  0.2%)   0.2777 (  0.2%)  Aggressive Dead Code Elimination
   0.2707 (  0.2%)   0.0000 (  0.0%)   0.2707 (  0.2%)   0.2707 (  0.2%)  Aggressive Dead Code Elimination
   0.2706 (  0.2%)   0.0000 (  0.0%)   0.2706 (  0.2%)   0.2706 (  0.2%)  Aggressive Dead Code Elimination
   0.2653 (  0.2%)   0.0039 (  0.5%)   0.2693 (  0.2%)   0.2693 (  0.2%)  Aggressive Dead Code Elimination
   0.2692 (  0.2%)   0.0000 (  0.0%)   0.2692 (  0.2%)   0.2692 (  0.2%)  Aggressive Dead Code Elimination
   0.2689 (  0.2%)   0.0000 (  0.0%)   0.2689 (  0.2%)   0.2689 (  0.2%)  Aggressive Dead Code Elimination
   0.2674 (  0.2%)   0.0000 (  0.0%)   0.2674 (  0.2%)   0.2674 (  0.2%)  Aggressive Dead Code Elimination
   0.2671 (  0.2%)   0.0000 (  0.0%)   0.2671 (  0.2%)   0.2671 (  0.2%)  Aggressive Dead Code Elimination
   0.2669 (  0.2%)   0.0000 (  0.0%)   0.2669 (  0.2%)   0.2669 (  0.2%)  Aggressive Dead Code Elimination
   0.2653 (  0.2%)   0.0000 (  0.0%)   0.2653 (  0.2%)   0.2653 (  0.2%)  Aggressive Dead Code Elimination
   0.2652 (  0.2%)   0.0000 (  0.0%)   0.2652 (  0.2%)   0.2652 (  0.2%)  Aggressive Dead Code Elimination
   0.2652 (  0.2%)   0.0000 (  0.0%)   0.2652 (  0.2%)   0.2652 (  0.2%)  Aggressive Dead Code Elimination
   0.2628 (  0.2%)   0.0000 (  0.0%)   0.2628 (  0.2%)   0.2628 (  0.2%)  Aggressive Dead Code Elimination
   0.2408 (  0.1%)   0.0120 (  1.5%)   0.2528 (  0.1%)   0.2528 (  0.1%)  Value Propagation
   0.2506 (  0.1%)   0.0000 (  0.0%)   0.2506 (  0.1%)   0.2506 (  0.1%)  Aggressive Dead Code Elimination
   0.2498 (  0.1%)   0.0000 (  0.0%)   0.2498 (  0.1%)   0.2498 (  0.1%)  Aggressive Dead Code Elimination
   0.2497 (  0.1%)   0.0000 (  0.0%)   0.2497 (  0.1%)   0.2497 (  0.1%)  Aggressive Dead Code Elimination
   0.2494 (  0.1%)   0.0000 (  0.0%)   0.2494 (  0.1%)   0.2494 (  0.1%)  Aggressive Dead Code Elimination
   0.2326 (  0.1%)   0.0160 (  2.1%)   0.2486 (  0.1%)   0.2486 (  0.1%)  Global Value Numbering
   0.2485 (  0.1%)   0.0000 (  0.0%)   0.2485 (  0.1%)   0.2485 (  0.1%)  Aggressive Dead Code Elimination
   0.2484 (  0.1%)   0.0000 (  0.0%)   0.2484 (  0.1%)   0.2484 (  0.1%)  Aggressive Dead Code Elimination
   0.2478 (  0.1%)   0.0000 (  0.0%)   0.2478 (  0.1%)   0.2478 (  0.1%)  Aggressive Dead Code Elimination
   0.2474 (  0.1%)   0.0000 (  0.0%)   0.2474 (  0.1%)   0.2474 (  0.1%)  Aggressive Dead Code Elimination
   0.2472 (  0.1%)   0.0000 (  0.0%)   0.2472 (  0.1%)   0.2472 (  0.1%)  Aggressive Dead Code Elimination
   0.2471 (  0.1%)   0.0000 (  0.0%)   0.2471 (  0.1%)   0.2471 (  0.1%)  Aggressive Dead Code Elimination
   0.2467 (  0.1%)   0.0002 (  0.0%)   0.2469 (  0.1%)   0.2469 (  0.1%)  Aggressive Dead Code Elimination
   0.2467 (  0.1%)   0.0000 (  0.0%)   0.2467 (  0.1%)   0.2467 (  0.1%)  Aggressive Dead Code Elimination
   0.2466 (  0.1%)   0.0000 (  0.0%)   0.2466 (  0.1%)   0.2466 (  0.1%)  Aggressive Dead Code Elimination
   0.2462 (  0.1%)   0.0002 (  0.0%)   0.2464 (  0.1%)   0.2464 (  0.1%)  Aggressive Dead Code Elimination
   0.2343 (  0.1%)   0.0120 (  1.6%)   0.2463 (  0.1%)   0.2463 (  0.1%)  Global Value Numbering
   0.2462 (  0.1%)   0.0000 (  0.0%)   0.2462 (  0.1%)   0.2462 (  0.1%)  Aggressive Dead Code Elimination
   0.2460 (  0.1%)   0.0001 (  0.0%)   0.2461 (  0.1%)   0.2461 (  0.1%)  Aggressive Dead Code Elimination
   0.2461 (  0.1%)   0.0000 (  0.0%)   0.2461 (  0.1%)   0.2461 (  0.1%)  Aggressive Dead Code Elimination
   0.2460 (  0.1%)   0.0000 (  0.0%)   0.2460 (  0.1%)   0.2461 (  0.1%)  Aggressive Dead Code Elimination
   0.2459 (  0.1%)   0.0000 (  0.0%)   0.2459 (  0.1%)   0.2460 (  0.1%)  Aggressive Dead Code Elimination
   0.2458 (  0.1%)   0.0000 (  0.0%)   0.2458 (  0.1%)   0.2458 (  0.1%)  Aggressive Dead Code Elimination
   0.2457 (  0.1%)   0.0000 (  0.0%)   0.2457 (  0.1%)   0.2457 (  0.1%)  Aggressive Dead Code Elimination
   0.2453 (  0.1%)   0.0000 (  0.0%)   0.2453 (  0.1%)   0.2453 (  0.1%)  Aggressive Dead Code Elimination
   0.2450 (  0.1%)   0.0000 (  0.0%)   0.2450 (  0.1%)   0.2450 (  0.1%)  Aggressive Dead Code Elimination
   0.2450 (  0.1%)   0.0000 (  0.0%)   0.2450 (  0.1%)   0.2450 (  0.1%)  Aggressive Dead Code Elimination
   0.2448 (  0.1%)   0.0000 (  0.0%)   0.2448 (  0.1%)   0.2448 (  0.1%)  Aggressive Dead Code Elimination
   0.2415 (  0.1%)   0.0003 (  0.0%)   0.2417 (  0.1%)   0.2417 (  0.1%)  Value Propagation
   0.2393 (  0.1%)   0.0000 (  0.0%)   0.2393 (  0.1%)   0.2393 (  0.1%)  Value Propagation
   0.2386 (  0.1%)   0.0000 (  0.0%)   0.2386 (  0.1%)   0.2386 (  0.1%)  Value Propagation
   0.2373 (  0.1%)   0.0000 (  0.0%)   0.2373 (  0.1%)   0.2373 (  0.1%)  Value Propagation
   0.2368 (  0.1%)   0.0000 (  0.0%)   0.2368 (  0.1%)   0.2368 (  0.1%)  Value Propagation
   0.2150 (  0.1%)   0.0217 (  2.8%)   0.2367 (  0.1%)   0.2367 (  0.1%)  Global Value Numbering
   0.2241 (  0.1%)   0.0119 (  1.5%)   0.2360 (  0.1%)   0.2360 (  0.1%)  Global Value Numbering
   0.2356 (  0.1%)   0.0000 (  0.0%)   0.2356 (  0.1%)   0.2356 (  0.1%)  Value Propagation
   0.2188 (  0.1%)   0.0160 (  2.1%)   0.2347 (  0.1%)   0.2348 (  0.1%)  Global Value Numbering
   0.2347 (  0.1%)   0.0000 (  0.0%)   0.2347 (  0.1%)   0.2347 (  0.1%)  Synthesis checker
   0.2342 (  0.1%)   0.0000 (  0.0%)   0.2342 (  0.1%)   0.2342 (  0.1%)  Value Propagation
   0.2341 (  0.1%)   0.0000 (  0.0%)   0.2341 (  0.1%)   0.2341 (  0.1%)  Value Propagation
   0.2260 (  0.1%)   0.0080 (  1.0%)   0.2340 (  0.1%)   0.2340 (  0.1%)  Global Value Numbering
   0.2335 (  0.1%)   0.0001 (  0.0%)   0.2335 (  0.1%)   0.2335 (  0.1%)  Value Propagation
   0.2312 (  0.1%)   0.0000 (  0.0%)   0.2312 (  0.1%)   0.2312 (  0.1%)  Value Propagation
   0.2102 (  0.1%)   0.0209 (  2.7%)   0.2311 (  0.1%)   0.2311 (  0.1%)  Global Value Numbering
   0.2297 (  0.1%)   0.0000 (  0.0%)   0.2297 (  0.1%)   0.2297 (  0.1%)  Value Propagation
   0.2171 (  0.1%)   0.0120 (  1.6%)   0.2291 (  0.1%)   0.2292 (  0.1%)  Global Value Numbering
   0.2271 (  0.1%)   0.0000 (  0.0%)   0.2271 (  0.1%)   0.2271 (  0.1%)  Value Propagation
   0.2107 (  0.1%)   0.0160 (  2.1%)   0.2267 (  0.1%)   0.2267 (  0.1%)  Global Value Numbering
   0.2265 (  0.1%)   0.0000 (  0.0%)   0.2265 (  0.1%)   0.2265 (  0.1%)  Value Propagation
   0.2215 (  0.1%)   0.0050 (  0.7%)   0.2265 (  0.1%)   0.2265 (  0.1%)  Global Value Numbering
   0.2145 (  0.1%)   0.0120 (  1.5%)   0.2264 (  0.1%)   0.2264 (  0.1%)  Global Value Numbering
   0.2141 (  0.1%)   0.0120 (  1.6%)   0.2261 (  0.1%)   0.2261 (  0.1%)  Global Value Numbering
   0.2175 (  0.1%)   0.0080 (  1.0%)   0.2255 (  0.1%)   0.2255 (  0.1%)  Global Value Numbering
   0.2163 (  0.1%)   0.0080 (  1.0%)   0.2243 (  0.1%)   0.2243 (  0.1%)  Global Value Numbering
   0.2243 (  0.1%)   0.0000 (  0.0%)   0.2243 (  0.1%)   0.2243 (  0.1%)  Global Value Numbering
   0.2238 (  0.1%)   0.0000 (  0.0%)   0.2238 (  0.1%)   0.2238 (  0.1%)  Synthesis checker
   0.2238 (  0.1%)   0.0000 (  0.0%)   0.2238 (  0.1%)   0.2238 (  0.1%)  Global Value Numbering
   0.2230 (  0.1%)   0.0000 (  0.0%)   0.2230 (  0.1%)   0.2230 (  0.1%)  Global Value Numbering
   0.2230 (  0.1%)   0.0000 (  0.0%)   0.2230 (  0.1%)   0.2230 (  0.1%)  Global Value Numbering
   0.2214 (  0.1%)   0.0000 (  0.0%)   0.2214 (  0.1%)   0.2214 (  0.1%)  Global Value Numbering
   0.2212 (  0.1%)   0.0000 (  0.0%)   0.2212 (  0.1%)   0.2212 (  0.1%)  Global Value Numbering
   0.2199 (  0.1%)   0.0000 (  0.0%)   0.2199 (  0.1%)   0.2199 (  0.1%)  Global Value Numbering
   0.2180 (  0.1%)   0.0000 (  0.0%)   0.2180 (  0.1%)   0.2180 (  0.1%)  Global Value Numbering
   0.2180 (  0.1%)   0.0000 (  0.0%)   0.2180 (  0.1%)   0.2180 (  0.1%)  Global Value Numbering
   0.2178 (  0.1%)   0.0000 (  0.0%)   0.2178 (  0.1%)   0.2178 (  0.1%)  Global Value Numbering
   0.2171 (  0.1%)   0.0000 (  0.0%)   0.2171 (  0.1%)   0.2171 (  0.1%)  Global Value Numbering
   0.2160 (  0.1%)   0.0000 (  0.0%)   0.2160 (  0.1%)   0.2160 (  0.1%)  Global Value Numbering
   0.2159 (  0.1%)   0.0000 (  0.0%)   0.2159 (  0.1%)   0.2159 (  0.1%)  Global Value Numbering
   0.2154 (  0.1%)   0.0000 (  0.0%)   0.2154 (  0.1%)   0.2155 (  0.1%)  Global Value Numbering
   0.2145 (  0.1%)   0.0000 (  0.0%)   0.2145 (  0.1%)   0.2145 (  0.1%)  Global Value Numbering
   0.2136 (  0.1%)   0.0000 (  0.0%)   0.2136 (  0.1%)   0.2136 (  0.1%)  Global Value Numbering
   0.2135 (  0.1%)   0.0000 (  0.0%)   0.2135 (  0.1%)   0.2135 (  0.1%)  Global Value Numbering
   0.2118 (  0.1%)   0.0001 (  0.0%)   0.2119 (  0.1%)   0.2119 (  0.1%)  Global Value Numbering
   0.2119 (  0.1%)   0.0000 (  0.0%)   0.2119 (  0.1%)   0.2119 (  0.1%)  Global Value Numbering
   0.2103 (  0.1%)   0.0001 (  0.0%)   0.2104 (  0.1%)   0.2104 (  0.1%)  Global Value Numbering
   0.2094 (  0.1%)   0.0000 (  0.0%)   0.2094 (  0.1%)   0.2094 (  0.1%)  Combine redundant instructions
   0.1962 (  0.1%)   0.0000 (  0.0%)   0.1962 (  0.1%)   0.1962 (  0.1%)  Reflow pragma unroll loops
   0.1940 (  0.1%)   0.0000 (  0.0%)   0.1940 (  0.1%)   0.1940 (  0.1%)  Array out of bound check
   0.1940 (  0.1%)   0.0000 (  0.0%)   0.1940 (  0.1%)   0.1940 (  0.1%)  Reflow pragma unroll loops
   0.1862 (  0.1%)   0.0000 (  0.0%)   0.1863 (  0.1%)   0.1863 (  0.1%)  Array out of bound check
   0.1841 (  0.1%)   0.0000 (  0.0%)   0.1841 (  0.1%)   0.1841 (  0.1%)  Reflow pragma unroll loops
   0.1774 (  0.1%)   0.0000 (  0.0%)   0.1774 (  0.1%)   0.1774 (  0.1%)  Jump Threading
   0.1762 (  0.1%)   0.0000 (  0.0%)   0.1762 (  0.1%)   0.1762 (  0.1%)  Jump Threading
   0.1733 (  0.1%)   0.0000 (  0.0%)   0.1733 (  0.1%)   0.1733 (  0.1%)  Jump Threading
   0.1720 (  0.1%)   0.0000 (  0.0%)   0.1720 (  0.1%)   0.1720 (  0.1%)  Array out of bound check
   0.1695 (  0.1%)   0.0000 (  0.0%)   0.1695 (  0.1%)   0.1696 (  0.1%)  Array out of bound check
   0.1693 (  0.1%)   0.0000 (  0.0%)   0.1693 (  0.1%)   0.1693 (  0.1%)  Array out of bound check
   0.1688 (  0.1%)   0.0000 (  0.0%)   0.1688 (  0.1%)   0.1688 (  0.1%)  Array out of bound check
   0.1646 (  0.1%)   0.0000 (  0.0%)   0.1646 (  0.1%)   0.1646 (  0.1%)  Reflow pragma unroll loops
   0.1632 (  0.1%)   0.0000 (  0.0%)   0.1633 (  0.1%)   0.1633 (  0.1%)  Dominator Tree Construction
   0.1568 (  0.1%)   0.0000 (  0.0%)   0.1568 (  0.1%)   0.1568 (  0.1%)  Detect single entry single exit regions
   0.1552 (  0.1%)   0.0000 (  0.0%)   0.1553 (  0.1%)   0.1553 (  0.1%)  Post-Dominator Tree Construction
   0.1513 (  0.1%)   0.0000 (  0.0%)   0.1513 (  0.1%)   0.1513 (  0.1%)  Post-Dominator Tree Construction
   0.1469 (  0.1%)   0.0000 (  0.0%)   0.1469 (  0.1%)   0.1469 (  0.1%)  Lower HLS related attributes
   0.1465 (  0.1%)   0.0000 (  0.0%)   0.1465 (  0.1%)   0.1465 (  0.1%)  AlignMemory - Align memory accesses
   0.1457 (  0.1%)   0.0000 (  0.0%)   0.1457 (  0.1%)   0.1457 (  0.1%)  AlignMemory - Align memory accesses
   0.1448 (  0.1%)   0.0000 (  0.0%)   0.1448 (  0.1%)   0.1448 (  0.1%)  AlignMemory - Align memory accesses
   0.1428 (  0.1%)   0.0000 (  0.0%)   0.1428 (  0.1%)   0.1428 (  0.1%)  AlignMemory - Align memory accesses
   0.1425 (  0.1%)   0.0000 (  0.0%)   0.1425 (  0.1%)   0.1425 (  0.1%)  AlignMemory - Align memory accesses
   0.1395 (  0.1%)   0.0000 (  0.0%)   0.1395 (  0.1%)   0.1395 (  0.1%)  AlignMemory - Align memory accesses
   0.1387 (  0.1%)   0.0000 (  0.0%)   0.1387 (  0.1%)   0.1387 (  0.1%)  AlignMemory - Align memory accesses
   0.0971 (  0.1%)   0.0359 (  4.6%)   0.1330 (  0.1%)   0.1339 (  0.1%)  Produce message if basic block has too many instructions
   0.0678 (  0.0%)   0.0599 (  7.7%)   0.1277 (  0.1%)   0.1330 (  0.1%)  Auto automatic array partition analysis
   0.1278 (  0.1%)   0.0000 (  0.0%)   0.1278 (  0.1%)   0.1278 (  0.1%)  AlignMemory - Align memory accesses
   0.1269 (  0.1%)   0.0000 (  0.0%)   0.1269 (  0.1%)   0.1269 (  0.1%)  Analyze sequential accesses
   0.1181 (  0.1%)   0.0000 (  0.0%)   0.1181 (  0.1%)   0.1181 (  0.1%)  Dominator Tree Construction
   0.1176 (  0.1%)   0.0000 (  0.0%)   0.1176 (  0.1%)   0.1176 (  0.1%)  Combine redundant instructions
   0.1148 (  0.1%)   0.0000 (  0.0%)   0.1148 (  0.1%)   0.1148 (  0.1%)  Dominator Tree Construction
   0.1143 (  0.1%)   0.0000 (  0.0%)   0.1143 (  0.1%)   0.1143 (  0.1%)  Dominator Tree Construction
   0.1132 (  0.1%)   0.0000 (  0.0%)   0.1132 (  0.1%)   0.1132 (  0.1%)  Dominator Tree Construction
   0.1119 (  0.1%)   0.0000 (  0.0%)   0.1119 (  0.1%)   0.1119 (  0.1%)  Dominator Tree Construction
   0.1077 (  0.1%)   0.0040 (  0.5%)   0.1117 (  0.1%)   0.1117 (  0.1%)  Interprocedural Sparse Conditional Constant Propagation
   0.1114 (  0.1%)   0.0000 (  0.0%)   0.1114 (  0.1%)   0.1114 (  0.1%)  Dominator Tree Construction
   0.1109 (  0.1%)   0.0000 (  0.0%)   0.1109 (  0.1%)   0.1109 (  0.1%)  Interprocedural Sparse Conditional Constant Propagation
   0.1107 (  0.1%)   0.0000 (  0.0%)   0.1107 (  0.1%)   0.1107 (  0.1%)  Dataflow Process Duplication
   0.1106 (  0.1%)   0.0000 (  0.0%)   0.1106 (  0.1%)   0.1106 (  0.1%)  Combine redundant instructions
   0.1089 (  0.1%)   0.0000 (  0.0%)   0.1089 (  0.1%)   0.1089 (  0.1%)  Dominator Tree Construction
   0.1083 (  0.1%)   0.0000 (  0.0%)   0.1083 (  0.1%)   0.1083 (  0.1%)  Dominator Tree Construction
   0.1038 (  0.1%)   0.0000 (  0.0%)   0.1039 (  0.1%)   0.1054 (  0.1%)  Reflow pragma unroll loops
   0.1046 (  0.1%)   0.0000 (  0.0%)   0.1046 (  0.1%)   0.1046 (  0.1%)  Combine redundant instructions
   0.1036 (  0.1%)   0.0000 (  0.0%)   0.1036 (  0.1%)   0.1035 (  0.1%)  Combine redundant instructions
   0.1031 (  0.1%)   0.0000 (  0.0%)   0.1031 (  0.1%)   0.1031 (  0.1%)  Infer nuw/nsw flags for instructions
   0.1020 (  0.1%)   0.0001 (  0.0%)   0.1021 (  0.1%)   0.1021 (  0.1%)  Combine redundant instructions
   0.1020 (  0.1%)   0.0000 (  0.0%)   0.1020 (  0.1%)   0.1020 (  0.1%)  Combine redundant instructions
   0.0705 (  0.0%)   0.0310 (  4.0%)   0.1015 (  0.1%)   0.1015 (  0.1%)  Interleave memory accesses
   0.1007 (  0.1%)   0.0000 (  0.0%)   0.1007 (  0.1%)   0.1007 (  0.1%)  Dominance Frontier Construction
   0.1002 (  0.1%)   0.0000 (  0.0%)   0.1002 (  0.1%)   0.1002 (  0.1%)  Combine redundant instructions
   0.0986 (  0.1%)   0.0010 (  0.1%)   0.0996 (  0.1%)   0.0996 (  0.1%)  Combine redundant instructions
   0.0995 (  0.1%)   0.0001 (  0.0%)   0.0996 (  0.1%)   0.0996 (  0.1%)  Combine redundant instructions
   0.0995 (  0.1%)   0.0000 (  0.0%)   0.0995 (  0.1%)   0.0995 (  0.1%)  Combine redundant instructions
   0.0994 (  0.1%)   0.0000 (  0.0%)   0.0994 (  0.1%)   0.0995 (  0.1%)  Combine redundant instructions
   0.0992 (  0.1%)   0.0000 (  0.0%)   0.0992 (  0.1%)   0.0992 (  0.1%)  Combine redundant instructions
   0.0992 (  0.1%)   0.0000 (  0.0%)   0.0992 (  0.1%)   0.0992 (  0.1%)  Dominator Tree Construction
   0.0990 (  0.1%)   0.0000 (  0.0%)   0.0990 (  0.1%)   0.0990 (  0.1%)  Combine redundant instructions
   0.0990 (  0.1%)   0.0000 (  0.0%)   0.0990 (  0.1%)   0.0990 (  0.1%)  Reflow pipeline loop automatically
   0.0981 (  0.1%)   0.0004 (  0.1%)   0.0986 (  0.1%)   0.0985 (  0.1%)  Combine redundant instructions
   0.0984 (  0.1%)   0.0000 (  0.0%)   0.0984 (  0.1%)   0.0984 (  0.1%)  Combine redundant instructions
   0.0984 (  0.1%)   0.0000 (  0.0%)   0.0984 (  0.1%)   0.0984 (  0.1%)  Combine redundant instructions
   0.0983 (  0.1%)   0.0000 (  0.0%)   0.0983 (  0.1%)   0.0983 (  0.1%)  Combine redundant instructions
   0.0982 (  0.1%)   0.0000 (  0.0%)   0.0982 (  0.1%)   0.0982 (  0.1%)  Dominator Tree Construction
   0.0981 (  0.1%)   0.0000 (  0.0%)   0.0981 (  0.1%)   0.0981 (  0.1%)  Dominator Tree Construction
   0.0979 (  0.1%)   0.0002 (  0.0%)   0.0981 (  0.1%)   0.0981 (  0.1%)  Combine redundant instructions
   0.0981 (  0.1%)   0.0000 (  0.0%)   0.0981 (  0.1%)   0.0981 (  0.1%)  Combine redundant instructions
   0.0980 (  0.1%)   0.0000 (  0.0%)   0.0980 (  0.1%)   0.0980 (  0.1%)  Dominator Tree Construction
   0.0974 (  0.1%)   0.0000 (  0.0%)   0.0975 (  0.1%)   0.0975 (  0.1%)  Combine redundant instructions
   0.0972 (  0.1%)   0.0000 (  0.0%)   0.0972 (  0.1%)   0.0971 (  0.1%)  Dominator Tree Construction
   0.0968 (  0.1%)   0.0000 (  0.0%)   0.0968 (  0.1%)   0.0968 (  0.1%)  Combine redundant instructions
   0.0963 (  0.1%)   0.0000 (  0.0%)   0.0963 (  0.1%)   0.0963 (  0.1%)  Combine redundant instructions
   0.0962 (  0.1%)   0.0000 (  0.0%)   0.0962 (  0.1%)   0.0962 (  0.1%)  Combine redundant instructions
   0.0938 (  0.1%)   0.0001 (  0.0%)   0.0939 (  0.1%)   0.0939 (  0.1%)  Infer nuw/nsw flags for instructions
   0.0938 (  0.1%)   0.0000 (  0.0%)   0.0938 (  0.1%)   0.0938 (  0.1%)  Infer nuw/nsw flags for instructions
   0.0935 (  0.1%)   0.0000 (  0.0%)   0.0935 (  0.1%)   0.0935 (  0.1%)  Straight line strength reduction
   0.0930 (  0.1%)   0.0000 (  0.0%)   0.0930 (  0.1%)   0.0930 (  0.1%)  Collect complexity metrics for FE reflow
   0.0902 (  0.1%)   0.0011 (  0.1%)   0.0914 (  0.1%)   0.0913 (  0.1%)  Infer nuw/nsw flags for instructions
   0.0909 (  0.1%)   0.0000 (  0.0%)   0.0909 (  0.1%)   0.0909 (  0.1%)  Infer nuw/nsw flags for instructions
   0.0906 (  0.1%)   0.0000 (  0.0%)   0.0906 (  0.1%)   0.0906 (  0.1%)  Infer nuw/nsw flags for instructions
   0.0862 (  0.0%)   0.0040 (  0.5%)   0.0902 (  0.1%)   0.0902 (  0.1%)  Infer nuw/nsw flags for instructions
   0.0901 (  0.1%)   0.0000 (  0.0%)   0.0901 (  0.1%)   0.0901 (  0.1%)  Infer nuw/nsw flags for instructions
   0.0901 (  0.1%)   0.0000 (  0.0%)   0.0901 (  0.1%)   0.0901 (  0.1%)  Infer nuw/nsw flags for instructions
   0.0859 (  0.0%)   0.0039 (  0.5%)   0.0898 (  0.1%)   0.0898 (  0.1%)  Infer nuw/nsw flags for instructions
   0.0895 (  0.1%)   0.0000 (  0.0%)   0.0896 (  0.1%)   0.0896 (  0.1%)  Infer nuw/nsw flags for instructions
   0.0896 (  0.1%)   0.0000 (  0.0%)   0.0896 (  0.1%)   0.0895 (  0.1%)  Infer nuw/nsw flags for instructions
   0.0890 (  0.1%)   0.0000 (  0.0%)   0.0890 (  0.1%)   0.0890 (  0.1%)  Infer nuw/nsw flags for instructions
   0.0889 (  0.1%)   0.0000 (  0.0%)   0.0889 (  0.1%)   0.0889 (  0.1%)  Infer nuw/nsw flags for instructions
   0.0885 (  0.1%)   0.0000 (  0.0%)   0.0885 (  0.1%)   0.0885 (  0.1%)  Infer nuw/nsw flags for instructions
   0.0880 (  0.1%)   0.0001 (  0.0%)   0.0881 (  0.1%)   0.0881 (  0.1%)  Infer nuw/nsw flags for instructions
   0.0880 (  0.1%)   0.0000 (  0.0%)   0.0880 (  0.1%)   0.0880 (  0.1%)  Infer nuw/nsw flags for instructions
   0.0879 (  0.1%)   0.0000 (  0.0%)   0.0879 (  0.1%)   0.0879 (  0.1%)  Collect complexity metrics for FE reflow
   0.0876 (  0.1%)   0.0000 (  0.0%)   0.0876 (  0.1%)   0.0876 (  0.1%)  Infer nuw/nsw flags for instructions
   0.0875 (  0.1%)   0.0000 (  0.0%)   0.0875 (  0.1%)   0.0875 (  0.1%)  Infer nuw/nsw flags for instructions
   0.0874 (  0.1%)   0.0000 (  0.0%)   0.0874 (  0.1%)   0.0874 (  0.1%)  Infer nuw/nsw flags for instructions
   0.0830 (  0.0%)   0.0030 (  0.4%)   0.0860 (  0.0%)   0.0860 (  0.0%)  Infer nuw/nsw flags for instructions
   0.0860 (  0.0%)   0.0000 (  0.0%)   0.0860 (  0.0%)   0.0860 (  0.0%)  Remove redundant instructions
   0.0855 (  0.0%)   0.0000 (  0.0%)   0.0855 (  0.0%)   0.0855 (  0.0%)  Infer nuw/nsw flags for instructions
   0.0854 (  0.0%)   0.0000 (  0.0%)   0.0854 (  0.0%)   0.0855 (  0.0%)  Infer nuw/nsw flags for instructions
   0.0799 (  0.0%)   0.0000 (  0.0%)   0.0799 (  0.0%)   0.0799 (  0.0%)  Optimize multiple instructions
   0.0791 (  0.0%)   0.0000 (  0.0%)   0.0791 (  0.0%)   0.0791 (  0.0%)  Remove redundant instructions
   0.0747 (  0.0%)   0.0040 (  0.5%)   0.0787 (  0.0%)   0.0787 (  0.0%)  Optimize multiple instructions
   0.0752 (  0.0%)   0.0032 (  0.4%)   0.0784 (  0.0%)   0.0784 (  0.0%)  Collect complexity metrics for FE reflow
   0.0781 (  0.0%)   0.0000 (  0.0%)   0.0781 (  0.0%)   0.0781 (  0.0%)  Simplify types in the LLVM IR, redundant type hierarchy
   0.0763 (  0.0%)   0.0000 (  0.0%)   0.0764 (  0.0%)   0.0764 (  0.0%)  Natural Loop Information
   0.0759 (  0.0%)   0.0000 (  0.0%)   0.0759 (  0.0%)   0.0759 (  0.0%)  Dominator Tree Construction
   0.0757 (  0.0%)   0.0000 (  0.0%)   0.0757 (  0.0%)   0.0757 (  0.0%)  Dominator Tree Construction
   0.0754 (  0.0%)   0.0000 (  0.0%)   0.0754 (  0.0%)   0.0754 (  0.0%)  Dominator Tree Construction
   0.0751 (  0.0%)   0.0000 (  0.0%)   0.0751 (  0.0%)   0.0751 (  0.0%)  Remove redundant instructions
   0.0750 (  0.0%)   0.0000 (  0.0%)   0.0750 (  0.0%)   0.0749 (  0.0%)  Collect complexity metrics for FE reflow
   0.0748 (  0.0%)   0.0000 (  0.0%)   0.0748 (  0.0%)   0.0749 (  0.0%)  Remove redundant instructions
   0.0746 (  0.0%)   0.0000 (  0.0%)   0.0746 (  0.0%)   0.0746 (  0.0%)  Remove redundant instructions
   0.0746 (  0.0%)   0.0000 (  0.0%)   0.0746 (  0.0%)   0.0746 (  0.0%)  Remove redundant instructions
   0.0743 (  0.0%)   0.0000 (  0.0%)   0.0743 (  0.0%)   0.0743 (  0.0%)  Dominator Tree Construction
   0.0738 (  0.0%)   0.0004 (  0.1%)   0.0742 (  0.0%)   0.0742 (  0.0%)  Remove redundant instructions
   0.0742 (  0.0%)   0.0000 (  0.0%)   0.0742 (  0.0%)   0.0742 (  0.0%)  Remove redundant instructions
   0.0741 (  0.0%)   0.0000 (  0.0%)   0.0741 (  0.0%)   0.0741 (  0.0%)  Remove redundant instructions
   0.0740 (  0.0%)   0.0000 (  0.0%)   0.0740 (  0.0%)   0.0740 (  0.0%)  Natural Loop Information
   0.0740 (  0.0%)   0.0000 (  0.0%)   0.0740 (  0.0%)   0.0740 (  0.0%)  Dominator Tree Construction
   0.0738 (  0.0%)   0.0000 (  0.0%)   0.0738 (  0.0%)   0.0738 (  0.0%)  Remove redundant instructions
   0.0737 (  0.0%)   0.0000 (  0.0%)   0.0737 (  0.0%)   0.0737 (  0.0%)  Remove redundant instructions
   0.0737 (  0.0%)   0.0000 (  0.0%)   0.0737 (  0.0%)   0.0737 (  0.0%)  Dominator Tree Construction
   0.0727 (  0.0%)   0.0000 (  0.0%)   0.0727 (  0.0%)   0.0727 (  0.0%)  Dominator Tree Construction
   0.0726 (  0.0%)   0.0000 (  0.0%)   0.0726 (  0.0%)   0.0726 (  0.0%)  Dominator Tree Construction
   0.0723 (  0.0%)   0.0000 (  0.0%)   0.0723 (  0.0%)   0.0723 (  0.0%)  Natural Loop Information
   0.0721 (  0.0%)   0.0000 (  0.0%)   0.0721 (  0.0%)   0.0721 (  0.0%)  Infer complete unroll based on pipeline pragma
   0.0709 (  0.0%)   0.0000 (  0.0%)   0.0709 (  0.0%)   0.0709 (  0.0%)  Collect complexity metrics for FE reflow
   0.0705 (  0.0%)   0.0000 (  0.0%)   0.0705 (  0.0%)   0.0705 (  0.0%)  Remove redundant instructions
   0.0704 (  0.0%)   0.0000 (  0.0%)   0.0704 (  0.0%)   0.0704 (  0.0%)  Collect complexity metrics for FE reflow
   0.0703 (  0.0%)   0.0000 (  0.0%)   0.0703 (  0.0%)   0.0703 (  0.0%)  Collect complexity metrics for FE reflow
   0.0701 (  0.0%)   0.0000 (  0.0%)   0.0701 (  0.0%)   0.0701 (  0.0%)  Remove redundant instructions
   0.0694 (  0.0%)   0.0000 (  0.0%)   0.0694 (  0.0%)   0.0694 (  0.0%)  Collect complexity metrics for FE reflow
   0.0688 (  0.0%)   0.0000 (  0.0%)   0.0688 (  0.0%)   0.0688 (  0.0%)  Collect complexity metrics for FE reflow
   0.0688 (  0.0%)   0.0000 (  0.0%)   0.0688 (  0.0%)   0.0688 (  0.0%)  Promote Memory to Register
   0.0686 (  0.0%)   0.0000 (  0.0%)   0.0686 (  0.0%)   0.0686 (  0.0%)  Remove redundant instructions
   0.0684 (  0.0%)   0.0000 (  0.0%)   0.0684 (  0.0%)   0.0684 (  0.0%)  Collect complexity metrics for FE reflow
   0.0684 (  0.0%)   0.0000 (  0.0%)   0.0684 (  0.0%)   0.0684 (  0.0%)  Remove redundant instructions
   0.0682 (  0.0%)   0.0000 (  0.0%)   0.0682 (  0.0%)   0.0682 (  0.0%)  Remove redundant instructions
   0.0681 (  0.0%)   0.0000 (  0.0%)   0.0681 (  0.0%)   0.0681 (  0.0%)  Natural Loop Information
   0.0681 (  0.0%)   0.0000 (  0.0%)   0.0681 (  0.0%)   0.0681 (  0.0%)  Remove redundant instructions
   0.0680 (  0.0%)   0.0000 (  0.0%)   0.0680 (  0.0%)   0.0680 (  0.0%)  Remove redundant instructions
   0.0678 (  0.0%)   0.0000 (  0.0%)   0.0678 (  0.0%)   0.0678 (  0.0%)  Remove redundant instructions
   0.0677 (  0.0%)   0.0000 (  0.0%)   0.0677 (  0.0%)   0.0677 (  0.0%)  Remove redundant instructions
   0.0676 (  0.0%)   0.0000 (  0.0%)   0.0676 (  0.0%)   0.0676 (  0.0%)  Remove redundant instructions
   0.0676 (  0.0%)   0.0000 (  0.0%)   0.0676 (  0.0%)   0.0676 (  0.0%)  Remove redundant instructions
   0.0676 (  0.0%)   0.0000 (  0.0%)   0.0676 (  0.0%)   0.0676 (  0.0%)  Remove redundant instructions
   0.0675 (  0.0%)   0.0000 (  0.0%)   0.0675 (  0.0%)   0.0675 (  0.0%)  Remove redundant instructions
   0.0671 (  0.0%)   0.0000 (  0.0%)   0.0672 (  0.0%)   0.0672 (  0.0%)  Remove redundant instructions
   0.0668 (  0.0%)   0.0000 (  0.0%)   0.0668 (  0.0%)   0.0668 (  0.0%)  Natural Loop Information
   0.0668 (  0.0%)   0.0000 (  0.0%)   0.0668 (  0.0%)   0.0668 (  0.0%)  Natural Loop Information
   0.0660 (  0.0%)   0.0000 (  0.0%)   0.0660 (  0.0%)   0.0660 (  0.0%)  Infer complete unroll based on pipeline pragma
   0.0658 (  0.0%)   0.0000 (  0.0%)   0.0658 (  0.0%)   0.0658 (  0.0%)  Dominator Tree Construction
   0.0652 (  0.0%)   0.0000 (  0.0%)   0.0652 (  0.0%)   0.0652 (  0.0%)  Collect complexity metrics for FE reflow
   0.0651 (  0.0%)   0.0000 (  0.0%)   0.0651 (  0.0%)   0.0651 (  0.0%)  Collect complexity metrics for FE reflow
   0.0641 (  0.0%)   0.0000 (  0.0%)   0.0641 (  0.0%)   0.0641 (  0.0%)  Natural Loop Information
   0.0640 (  0.0%)   0.0000 (  0.0%)   0.0640 (  0.0%)   0.0640 (  0.0%)  Memory SSA
   0.0638 (  0.0%)   0.0000 (  0.0%)   0.0638 (  0.0%)   0.0638 (  0.0%)  Collect complexity metrics for FE reflow
   0.0635 (  0.0%)   0.0002 (  0.0%)   0.0637 (  0.0%)   0.0637 (  0.0%)  Optimize multiple instructions
   0.0597 (  0.0%)   0.0040 (  0.5%)   0.0637 (  0.0%)   0.0637 (  0.0%)  Collect complexity metrics for FE reflow
   0.0629 (  0.0%)   0.0000 (  0.0%)   0.0629 (  0.0%)   0.0629 (  0.0%)  Extract dataflow loop
   0.0626 (  0.0%)   0.0000 (  0.0%)   0.0626 (  0.0%)   0.0626 (  0.0%)  Optimize multiple instructions
   0.0624 (  0.0%)   0.0000 (  0.0%)   0.0624 (  0.0%)   0.0624 (  0.0%)  Natural Loop Information
   0.0622 (  0.0%)   0.0000 (  0.0%)   0.0622 (  0.0%)   0.0622 (  0.0%)  Auto automatic array partition filter analysis
   0.0622 (  0.0%)   0.0000 (  0.0%)   0.0622 (  0.0%)   0.0622 (  0.0%)  Optimize multiple instructions
   0.0617 (  0.0%)   0.0000 (  0.0%)   0.0617 (  0.0%)   0.0617 (  0.0%)  Simplify the CFG
   0.0573 (  0.0%)   0.0040 (  0.5%)   0.0613 (  0.0%)   0.0613 (  0.0%)  Optimize multiple instructions
   0.0610 (  0.0%)   0.0000 (  0.0%)   0.0610 (  0.0%)   0.0610 (  0.0%)  Infer complete unroll based on pipeline pragma
   0.0610 (  0.0%)   0.0000 (  0.0%)   0.0610 (  0.0%)   0.0610 (  0.0%)  Post-Dominator Tree Construction
   0.0605 (  0.0%)   0.0000 (  0.0%)   0.0605 (  0.0%)   0.0605 (  0.0%)  Natural Loop Information
   0.0604 (  0.0%)   0.0000 (  0.0%)   0.0604 (  0.0%)   0.0604 (  0.0%)  Post-Dominator Tree Construction
   0.0507 (  0.0%)   0.0086 (  1.1%)   0.0593 (  0.0%)   0.0603 (  0.0%)  Dominator Tree Construction
   0.0602 (  0.0%)   0.0000 (  0.0%)   0.0602 (  0.0%)   0.0602 (  0.0%)  Simplify the CFG
   0.0602 (  0.0%)   0.0000 (  0.0%)   0.0602 (  0.0%)   0.0602 (  0.0%)  Auto automatic array partition filter analysis
   0.0599 (  0.0%)   0.0000 (  0.0%)   0.0599 (  0.0%)   0.0599 (  0.0%)  Memory SSA
   0.0596 (  0.0%)   0.0000 (  0.0%)   0.0596 (  0.0%)   0.0596 (  0.0%)  Simplify the CFG
   0.0555 (  0.0%)   0.0040 (  0.5%)   0.0595 (  0.0%)   0.0595 (  0.0%)  Optimize multiple instructions
   0.0512 (  0.0%)   0.0082 (  1.1%)   0.0594 (  0.0%)   0.0594 (  0.0%)  Optimize multiple instructions
   0.0589 (  0.0%)   0.0004 (  0.1%)   0.0594 (  0.0%)   0.0594 (  0.0%)  Optimize multiple instructions
   0.0591 (  0.0%)   0.0000 (  0.0%)   0.0591 (  0.0%)   0.0591 (  0.0%)  Simplify the CFG
   0.0590 (  0.0%)   0.0000 (  0.0%)   0.0590 (  0.0%)   0.0590 (  0.0%)  Post-Dominator Tree Construction
   0.0585 (  0.0%)   0.0000 (  0.0%)   0.0585 (  0.0%)   0.0585 (  0.0%)  Simplify the CFG
   0.0576 (  0.0%)   0.0000 (  0.0%)   0.0576 (  0.0%)   0.0576 (  0.0%)  Natural Loop Information
   0.0575 (  0.0%)   0.0000 (  0.0%)   0.0575 (  0.0%)   0.0575 (  0.0%)  Auto automatic array partition filter analysis
   0.0569 (  0.0%)   0.0000 (  0.0%)   0.0569 (  0.0%)   0.0569 (  0.0%)  Optimize multiple instructions
   0.0565 (  0.0%)   0.0000 (  0.0%)   0.0565 (  0.0%)   0.0565 (  0.0%)  Natural Loop Information
   0.0565 (  0.0%)   0.0000 (  0.0%)   0.0565 (  0.0%)   0.0565 (  0.0%)  Natural Loop Information
   0.0565 (  0.0%)   0.0000 (  0.0%)   0.0565 (  0.0%)   0.0565 (  0.0%)  Natural Loop Information
   0.0564 (  0.0%)   0.0000 (  0.0%)   0.0564 (  0.0%)   0.0564 (  0.0%)  Auto automatic array partition filter analysis
   0.0563 (  0.0%)   0.0000 (  0.0%)   0.0563 (  0.0%)   0.0563 (  0.0%)  Simplify the CFG
   0.0562 (  0.0%)   0.0000 (  0.0%)   0.0562 (  0.0%)   0.0562 (  0.0%)  Auto automatic array partition filter analysis
   0.0560 (  0.0%)   0.0000 (  0.0%)   0.0560 (  0.0%)   0.0560 (  0.0%)  Natural Loop Information
   0.0526 (  0.0%)   0.0031 (  0.4%)   0.0557 (  0.0%)   0.0558 (  0.0%)  Auto automatic array partition filter analysis
   0.0556 (  0.0%)   0.0000 (  0.0%)   0.0556 (  0.0%)   0.0556 (  0.0%)  Optimize multiple instructions
   0.0555 (  0.0%)   0.0000 (  0.0%)   0.0555 (  0.0%)   0.0555 (  0.0%)  Dominator Tree Construction
   0.0549 (  0.0%)   0.0000 (  0.0%)   0.0549 (  0.0%)   0.0549 (  0.0%)  Optimize multiple instructions
   0.0549 (  0.0%)   0.0000 (  0.0%)   0.0549 (  0.0%)   0.0549 (  0.0%)  Memory SSA
   0.0546 (  0.0%)   0.0000 (  0.0%)   0.0546 (  0.0%)   0.0546 (  0.0%)  Divergence Analysis
   0.0546 (  0.0%)   0.0000 (  0.0%)   0.0546 (  0.0%)   0.0546 (  0.0%)  Dominator Tree Construction
   0.0545 (  0.0%)   0.0000 (  0.0%)   0.0545 (  0.0%)   0.0545 (  0.0%)  Optimize multiple instructions
   0.0543 (  0.0%)   0.0000 (  0.0%)   0.0543 (  0.0%)   0.0543 (  0.0%)  Optimize multiple instructions
   0.0543 (  0.0%)   0.0000 (  0.0%)   0.0543 (  0.0%)   0.0543 (  0.0%)  Optimize multiple instructions
   0.0543 (  0.0%)   0.0000 (  0.0%)   0.0543 (  0.0%)   0.0543 (  0.0%)  Memory Summary
   0.0540 (  0.0%)   0.0000 (  0.0%)   0.0540 (  0.0%)   0.0540 (  0.0%)  Optimize multiple instructions
   0.0539 (  0.0%)   0.0000 (  0.0%)   0.0539 (  0.0%)   0.0539 (  0.0%)  Optimize multiple instructions
   0.0538 (  0.0%)   0.0001 (  0.0%)   0.0539 (  0.0%)   0.0539 (  0.0%)  Simplify the CFG
   0.0537 (  0.0%)   0.0001 (  0.0%)   0.0538 (  0.0%)   0.0538 (  0.0%)  Optimize multiple instructions
   0.0537 (  0.0%)   0.0000 (  0.0%)   0.0537 (  0.0%)   0.0537 (  0.0%)  Optimize multiple instructions
   0.0536 (  0.0%)   0.0000 (  0.0%)   0.0536 (  0.0%)   0.0536 (  0.0%)  Optimize multiple instructions
   0.0534 (  0.0%)   0.0000 (  0.0%)   0.0535 (  0.0%)   0.0535 (  0.0%)  Optimize multiple instructions
   0.0533 (  0.0%)   0.0000 (  0.0%)   0.0533 (  0.0%)   0.0533 (  0.0%)  Simplify the CFG
   0.0533 (  0.0%)   0.0000 (  0.0%)   0.0533 (  0.0%)   0.0533 (  0.0%)  Simplify the CFG
   0.0532 (  0.0%)   0.0000 (  0.0%)   0.0532 (  0.0%)   0.0532 (  0.0%)  Optimize multiple instructions
   0.0531 (  0.0%)   0.0000 (  0.0%)   0.0531 (  0.0%)   0.0531 (  0.0%)  Dominator Tree Construction
   0.0531 (  0.0%)   0.0000 (  0.0%)   0.0531 (  0.0%)   0.0531 (  0.0%)  Simplify the CFG
   0.0530 (  0.0%)   0.0000 (  0.0%)   0.0530 (  0.0%)   0.0530 (  0.0%)  Divergence Analysis
   0.0527 (  0.0%)   0.0001 (  0.0%)   0.0529 (  0.0%)   0.0529 (  0.0%)  Simplify the CFG
   0.0528 (  0.0%)   0.0000 (  0.0%)   0.0528 (  0.0%)   0.0528 (  0.0%)  Optimize multiple instructions
   0.0527 (  0.0%)   0.0000 (  0.0%)   0.0527 (  0.0%)   0.0527 (  0.0%)  Simplify the CFG
   0.0527 (  0.0%)   0.0000 (  0.0%)   0.0527 (  0.0%)   0.0527 (  0.0%)  Post-Dominator Tree Construction
   0.0525 (  0.0%)   0.0000 (  0.0%)   0.0525 (  0.0%)   0.0525 (  0.0%)  Memory Summary
   0.0524 (  0.0%)   0.0000 (  0.0%)   0.0524 (  0.0%)   0.0524 (  0.0%)  Simplify the CFG
   0.0522 (  0.0%)   0.0000 (  0.0%)   0.0522 (  0.0%)   0.0522 (  0.0%)  Detect single entry single exit regions
   0.0521 (  0.0%)   0.0000 (  0.0%)   0.0521 (  0.0%)   0.0521 (  0.0%)  Post-Dominator Tree Construction
   0.0520 (  0.0%)   0.0000 (  0.0%)   0.0520 (  0.0%)   0.0519 (  0.0%)  Memory SSA
   0.0518 (  0.0%)   0.0000 (  0.0%)   0.0518 (  0.0%)   0.0518 (  0.0%)  Simplify the CFG
   0.0517 (  0.0%)   0.0000 (  0.0%)   0.0517 (  0.0%)   0.0517 (  0.0%)  Post-Dominator Tree Construction
   0.0489 (  0.0%)   0.0024 (  0.3%)   0.0514 (  0.0%)   0.0514 (  0.0%)  Dominator Tree Construction
   0.0512 (  0.0%)   0.0001 (  0.0%)   0.0513 (  0.0%)   0.0513 (  0.0%)  Simplify the CFG
   0.0511 (  0.0%)   0.0000 (  0.0%)   0.0511 (  0.0%)   0.0511 (  0.0%)  Post-Dominator Tree Construction
   0.0508 (  0.0%)   0.0000 (  0.0%)   0.0508 (  0.0%)   0.0508 (  0.0%)  Memory SSA
   0.0508 (  0.0%)   0.0000 (  0.0%)   0.0508 (  0.0%)   0.0508 (  0.0%)  Simplify the CFG
   0.0507 (  0.0%)   0.0000 (  0.0%)   0.0507 (  0.0%)   0.0507 (  0.0%)  Post-Dominator Tree Construction
   0.0505 (  0.0%)   0.0000 (  0.0%)   0.0505 (  0.0%)   0.0505 (  0.0%)  Post-Dominator Tree Construction
   0.0503 (  0.0%)   0.0000 (  0.0%)   0.0503 (  0.0%)   0.0503 (  0.0%)  Post-Dominator Tree Construction
   0.0503 (  0.0%)   0.0000 (  0.0%)   0.0503 (  0.0%)   0.0503 (  0.0%)  Simplify the CFG
   0.0502 (  0.0%)   0.0000 (  0.0%)   0.0502 (  0.0%)   0.0502 (  0.0%)  Post-Dominator Tree Construction
   0.0500 (  0.0%)   0.0000 (  0.0%)   0.0500 (  0.0%)   0.0500 (  0.0%)  Dominator Tree Construction
   0.0498 (  0.0%)   0.0000 (  0.0%)   0.0498 (  0.0%)   0.0498 (  0.0%)  Post-Dominator Tree Construction
   0.0497 (  0.0%)   0.0000 (  0.0%)   0.0497 (  0.0%)   0.0497 (  0.0%)  Post-Dominator Tree Construction
   0.0497 (  0.0%)   0.0000 (  0.0%)   0.0497 (  0.0%)   0.0496 (  0.0%)  Dominator Tree Construction
   0.0495 (  0.0%)   0.0000 (  0.0%)   0.0495 (  0.0%)   0.0495 (  0.0%)  Post-Dominator Tree Construction
   0.0495 (  0.0%)   0.0000 (  0.0%)   0.0495 (  0.0%)   0.0495 (  0.0%)  Achieval II estimation - estimate acheival II lower bound according to constraint
   0.0494 (  0.0%)   0.0000 (  0.0%)   0.0494 (  0.0%)   0.0494 (  0.0%)  Post-Dominator Tree Construction
   0.0494 (  0.0%)   0.0000 (  0.0%)   0.0494 (  0.0%)   0.0494 (  0.0%)  Post-Dominator Tree Construction
   0.0494 (  0.0%)   0.0000 (  0.0%)   0.0494 (  0.0%)   0.0494 (  0.0%)  Post-Dominator Tree Construction
   0.0491 (  0.0%)   0.0001 (  0.0%)   0.0492 (  0.0%)   0.0492 (  0.0%)  Post-Dominator Tree Construction
   0.0492 (  0.0%)   0.0000 (  0.0%)   0.0492 (  0.0%)   0.0492 (  0.0%)  Post-Dominator Tree Construction
   0.0491 (  0.0%)   0.0000 (  0.0%)   0.0491 (  0.0%)   0.0491 (  0.0%)  Lower HLS related loops
   0.0491 (  0.0%)   0.0000 (  0.0%)   0.0491 (  0.0%)   0.0491 (  0.0%)  Simplify the CFG
   0.0490 (  0.0%)   0.0000 (  0.0%)   0.0490 (  0.0%)   0.0490 (  0.0%)  Post-Dominator Tree Construction
   0.0489 (  0.0%)   0.0000 (  0.0%)   0.0489 (  0.0%)   0.0489 (  0.0%)  Post-Dominator Tree Construction
   0.0486 (  0.0%)   0.0000 (  0.0%)   0.0486 (  0.0%)   0.0486 (  0.0%)  Post-Dominator Tree Construction
   0.0483 (  0.0%)   0.0003 (  0.0%)   0.0486 (  0.0%)   0.0486 (  0.0%)  Memory SSA
   0.0486 (  0.0%)   0.0000 (  0.0%)   0.0486 (  0.0%)   0.0486 (  0.0%)  Post-Dominator Tree Construction
   0.0486 (  0.0%)   0.0000 (  0.0%)   0.0486 (  0.0%)   0.0486 (  0.0%)  Dominator Tree Construction
   0.0480 (  0.0%)   0.0002 (  0.0%)   0.0482 (  0.0%)   0.0482 (  0.0%)  Memory SSA
   0.0481 (  0.0%)   0.0000 (  0.0%)   0.0481 (  0.0%)   0.0481 (  0.0%)  Achieval II estimation - estimate acheival II lower bound according to constraint
   0.0481 (  0.0%)   0.0000 (  0.0%)   0.0481 (  0.0%)   0.0481 (  0.0%)  Post-Dominator Tree Construction
   0.0478 (  0.0%)   0.0000 (  0.0%)   0.0478 (  0.0%)   0.0478 (  0.0%)  Post-Dominator Tree Construction
   0.0477 (  0.0%)   0.0000 (  0.0%)   0.0477 (  0.0%)   0.0477 (  0.0%)  Detect single entry single exit regions
   0.0476 (  0.0%)   0.0000 (  0.0%)   0.0476 (  0.0%)   0.0476 (  0.0%)  Post-Dominator Tree Construction
   0.0476 (  0.0%)   0.0000 (  0.0%)   0.0476 (  0.0%)   0.0476 (  0.0%)  Post-Dominator Tree Construction
   0.0476 (  0.0%)   0.0000 (  0.0%)   0.0476 (  0.0%)   0.0476 (  0.0%)  Post-Dominator Tree Construction
   0.0475 (  0.0%)   0.0000 (  0.0%)   0.0475 (  0.0%)   0.0475 (  0.0%)  Post-Dominator Tree Construction
   0.0474 (  0.0%)   0.0000 (  0.0%)   0.0474 (  0.0%)   0.0474 (  0.0%)  Post-Dominator Tree Construction
   0.0472 (  0.0%)   0.0001 (  0.0%)   0.0473 (  0.0%)   0.0473 (  0.0%)  Post-Dominator Tree Construction
   0.0471 (  0.0%)   0.0000 (  0.0%)   0.0471 (  0.0%)   0.0471 (  0.0%)  Post-Dominator Tree Construction
   0.0470 (  0.0%)   0.0000 (  0.0%)   0.0470 (  0.0%)   0.0470 (  0.0%)  Post-Dominator Tree Construction
   0.0463 (  0.0%)   0.0000 (  0.0%)   0.0463 (  0.0%)   0.0470 (  0.0%)  Global Value Numbering
   0.0469 (  0.0%)   0.0000 (  0.0%)   0.0469 (  0.0%)   0.0469 (  0.0%)  Memory SSA
   0.0468 (  0.0%)   0.0000 (  0.0%)   0.0468 (  0.0%)   0.0468 (  0.0%)  Post-Dominator Tree Construction
   0.0467 (  0.0%)   0.0001 (  0.0%)   0.0468 (  0.0%)   0.0468 (  0.0%)  Post-Dominator Tree Construction
   0.0468 (  0.0%)   0.0000 (  0.0%)   0.0468 (  0.0%)   0.0468 (  0.0%)  Dominator Tree Construction
   0.0467 (  0.0%)   0.0000 (  0.0%)   0.0467 (  0.0%)   0.0467 (  0.0%)  Post-Dominator Tree Construction
   0.0467 (  0.0%)   0.0000 (  0.0%)   0.0467 (  0.0%)   0.0467 (  0.0%)  Detect single entry single exit regions
   0.0466 (  0.0%)   0.0000 (  0.0%)   0.0466 (  0.0%)   0.0466 (  0.0%)  Post-Dominator Tree Construction
   0.0466 (  0.0%)   0.0000 (  0.0%)   0.0466 (  0.0%)   0.0466 (  0.0%)  Post-Dominator Tree Construction
   0.0466 (  0.0%)   0.0000 (  0.0%)   0.0466 (  0.0%)   0.0466 (  0.0%)  Post-Dominator Tree Construction
   0.0465 (  0.0%)   0.0000 (  0.0%)   0.0466 (  0.0%)   0.0466 (  0.0%)  Post-Dominator Tree Construction
   0.0466 (  0.0%)   0.0000 (  0.0%)   0.0466 (  0.0%)   0.0466 (  0.0%)  Post-Dominator Tree Construction
   0.0465 (  0.0%)   0.0000 (  0.0%)   0.0465 (  0.0%)   0.0465 (  0.0%)  Dominator Tree Construction
   0.0465 (  0.0%)   0.0000 (  0.0%)   0.0465 (  0.0%)   0.0465 (  0.0%)  Post-Dominator Tree Construction
   0.0465 (  0.0%)   0.0000 (  0.0%)   0.0465 (  0.0%)   0.0465 (  0.0%)  Post-Dominator Tree Construction
   0.0465 (  0.0%)   0.0000 (  0.0%)   0.0465 (  0.0%)   0.0465 (  0.0%)  Post-Dominator Tree Construction
   0.0463 (  0.0%)   0.0000 (  0.0%)   0.0463 (  0.0%)   0.0463 (  0.0%)  Post-Dominator Tree Construction
   0.0462 (  0.0%)   0.0000 (  0.0%)   0.0462 (  0.0%)   0.0463 (  0.0%)  Memory SSA
   0.0462 (  0.0%)   0.0000 (  0.0%)   0.0462 (  0.0%)   0.0462 (  0.0%)  Post-Dominator Tree Construction
   0.0462 (  0.0%)   0.0000 (  0.0%)   0.0462 (  0.0%)   0.0462 (  0.0%)  Natural Loop Information
   0.0460 (  0.0%)   0.0000 (  0.0%)   0.0460 (  0.0%)   0.0460 (  0.0%)  Post-Dominator Tree Construction
   0.0459 (  0.0%)   0.0000 (  0.0%)   0.0459 (  0.0%)   0.0459 (  0.0%)  Post-Dominator Tree Construction
   0.0458 (  0.0%)   0.0000 (  0.0%)   0.0458 (  0.0%)   0.0458 (  0.0%)  Dominator Tree Construction
   0.0457 (  0.0%)   0.0000 (  0.0%)   0.0457 (  0.0%)   0.0457 (  0.0%)  Dominator Tree Construction
   0.0457 (  0.0%)   0.0000 (  0.0%)   0.0457 (  0.0%)   0.0457 (  0.0%)  Post-Dominator Tree Construction
   0.0457 (  0.0%)   0.0000 (  0.0%)   0.0457 (  0.0%)   0.0457 (  0.0%)  Dominator Tree Construction
   0.0455 (  0.0%)   0.0001 (  0.0%)   0.0457 (  0.0%)   0.0456 (  0.0%)  Memory SSA
   0.0456 (  0.0%)   0.0000 (  0.0%)   0.0456 (  0.0%)   0.0456 (  0.0%)  Post-Dominator Tree Construction
   0.0456 (  0.0%)   0.0000 (  0.0%)   0.0456 (  0.0%)   0.0456 (  0.0%)  Detect single entry single exit regions
   0.0455 (  0.0%)   0.0000 (  0.0%)   0.0455 (  0.0%)   0.0455 (  0.0%)  Post-Dominator Tree Construction
   0.0454 (  0.0%)   0.0000 (  0.0%)   0.0454 (  0.0%)   0.0454 (  0.0%)  Post-Dominator Tree Construction
   0.0454 (  0.0%)   0.0000 (  0.0%)   0.0454 (  0.0%)   0.0454 (  0.0%)  Post-Dominator Tree Construction
   0.0451 (  0.0%)   0.0002 (  0.0%)   0.0453 (  0.0%)   0.0453 (  0.0%)  Simple constant propagation
   0.0453 (  0.0%)   0.0000 (  0.0%)   0.0453 (  0.0%)   0.0453 (  0.0%)  Post-Dominator Tree Construction
   0.0450 (  0.0%)   0.0000 (  0.0%)   0.0451 (  0.0%)   0.0451 (  0.0%)  Post-Dominator Tree Construction
   0.0451 (  0.0%)   0.0000 (  0.0%)   0.0451 (  0.0%)   0.0451 (  0.0%)  Dominator Tree Construction
   0.0450 (  0.0%)   0.0000 (  0.0%)   0.0450 (  0.0%)   0.0450 (  0.0%)  Post-Dominator Tree Construction
   0.0450 (  0.0%)   0.0000 (  0.0%)   0.0450 (  0.0%)   0.0450 (  0.0%)  Post-Dominator Tree Construction
   0.0449 (  0.0%)   0.0000 (  0.0%)   0.0449 (  0.0%)   0.0449 (  0.0%)  Detect single entry single exit regions
   0.0449 (  0.0%)   0.0000 (  0.0%)   0.0449 (  0.0%)   0.0449 (  0.0%)  Post-Dominator Tree Construction
   0.0449 (  0.0%)   0.0000 (  0.0%)   0.0449 (  0.0%)   0.0449 (  0.0%)  Post-Dominator Tree Construction
   0.0445 (  0.0%)   0.0000 (  0.0%)   0.0445 (  0.0%)   0.0445 (  0.0%)  Post-Dominator Tree Construction
   0.0445 (  0.0%)   0.0000 (  0.0%)   0.0445 (  0.0%)   0.0444 (  0.0%)  Post-Dominator Tree Construction
   0.0444 (  0.0%)   0.0000 (  0.0%)   0.0444 (  0.0%)   0.0444 (  0.0%)  Post-Dominator Tree Construction
   0.0443 (  0.0%)   0.0000 (  0.0%)   0.0443 (  0.0%)   0.0443 (  0.0%)  Natural Loop Information
   0.0443 (  0.0%)   0.0000 (  0.0%)   0.0443 (  0.0%)   0.0443 (  0.0%)  Natural Loop Information
   0.0443 (  0.0%)   0.0000 (  0.0%)   0.0443 (  0.0%)   0.0443 (  0.0%)  Post-Dominator Tree Construction
   0.0442 (  0.0%)   0.0000 (  0.0%)   0.0442 (  0.0%)   0.0442 (  0.0%)  Dominator Tree Construction
   0.0442 (  0.0%)   0.0000 (  0.0%)   0.0442 (  0.0%)   0.0442 (  0.0%)  Post-Dominator Tree Construction
   0.0441 (  0.0%)   0.0000 (  0.0%)   0.0441 (  0.0%)   0.0441 (  0.0%)  Natural Loop Information
   0.0441 (  0.0%)   0.0000 (  0.0%)   0.0441 (  0.0%)   0.0441 (  0.0%)  Dominator Tree Construction
   0.0440 (  0.0%)   0.0000 (  0.0%)   0.0440 (  0.0%)   0.0440 (  0.0%)  Memory SSA
   0.0439 (  0.0%)   0.0001 (  0.0%)   0.0440 (  0.0%)   0.0440 (  0.0%)  Dominator Tree Construction
   0.0438 (  0.0%)   0.0000 (  0.0%)   0.0438 (  0.0%)   0.0438 (  0.0%)  Natural Loop Information
   0.0437 (  0.0%)   0.0000 (  0.0%)   0.0437 (  0.0%)   0.0437 (  0.0%)  AnnotateNoAlias - Annotate NoAlias Attribute on Arguments
   0.0436 (  0.0%)   0.0000 (  0.0%)   0.0436 (  0.0%)   0.0436 (  0.0%)  Dominator Tree Construction
   0.0435 (  0.0%)   0.0000 (  0.0%)   0.0435 (  0.0%)   0.0435 (  0.0%)  Dominator Tree Construction
   0.0433 (  0.0%)   0.0000 (  0.0%)   0.0433 (  0.0%)   0.0433 (  0.0%)  Dominator Tree Construction
   0.0431 (  0.0%)   0.0000 (  0.0%)   0.0431 (  0.0%)   0.0431 (  0.0%)  Post-Dominator Tree Construction
   0.0430 (  0.0%)   0.0000 (  0.0%)   0.0431 (  0.0%)   0.0431 (  0.0%)  Dominator Tree Construction
   0.0430 (  0.0%)   0.0000 (  0.0%)   0.0430 (  0.0%)   0.0430 (  0.0%)  Natural Loop Information
   0.0430 (  0.0%)   0.0000 (  0.0%)   0.0430 (  0.0%)   0.0430 (  0.0%)  Dominator Tree Construction
   0.0429 (  0.0%)   0.0000 (  0.0%)   0.0429 (  0.0%)   0.0429 (  0.0%)  Dominator Tree Construction
   0.0429 (  0.0%)   0.0000 (  0.0%)   0.0429 (  0.0%)   0.0429 (  0.0%)  Dominator Tree Construction
   0.0428 (  0.0%)   0.0000 (  0.0%)   0.0428 (  0.0%)   0.0428 (  0.0%)  Dominator Tree Construction
   0.0428 (  0.0%)   0.0000 (  0.0%)   0.0428 (  0.0%)   0.0428 (  0.0%)  Dominator Tree Construction
   0.0427 (  0.0%)   0.0001 (  0.0%)   0.0428 (  0.0%)   0.0428 (  0.0%)  Post-Dominator Tree Construction
   0.0427 (  0.0%)   0.0000 (  0.0%)   0.0427 (  0.0%)   0.0427 (  0.0%)  Dominator Tree Construction
   0.0427 (  0.0%)   0.0000 (  0.0%)   0.0427 (  0.0%)   0.0427 (  0.0%)  Dominator Tree Construction
   0.0427 (  0.0%)   0.0000 (  0.0%)   0.0427 (  0.0%)   0.0427 (  0.0%)  Dominator Tree Construction
   0.0425 (  0.0%)   0.0000 (  0.0%)   0.0425 (  0.0%)   0.0425 (  0.0%)  Dominator Tree Construction
   0.0425 (  0.0%)   0.0000 (  0.0%)   0.0425 (  0.0%)   0.0424 (  0.0%)  Dominator Tree Construction
   0.0424 (  0.0%)   0.0000 (  0.0%)   0.0424 (  0.0%)   0.0424 (  0.0%)  Dominator Tree Construction
   0.0423 (  0.0%)   0.0000 (  0.0%)   0.0423 (  0.0%)   0.0423 (  0.0%)  Dominator Tree Construction
   0.0423 (  0.0%)   0.0000 (  0.0%)   0.0423 (  0.0%)   0.0423 (  0.0%)  Dominator Tree Construction
   0.0422 (  0.0%)   0.0000 (  0.0%)   0.0422 (  0.0%)   0.0422 (  0.0%)  Detect single entry single exit regions
   0.0421 (  0.0%)   0.0000 (  0.0%)   0.0421 (  0.0%)   0.0421 (  0.0%)  Dominator Tree Construction
   0.0421 (  0.0%)   0.0000 (  0.0%)   0.0421 (  0.0%)   0.0421 (  0.0%)  Dominator Tree Construction
   0.0421 (  0.0%)   0.0000 (  0.0%)   0.0421 (  0.0%)   0.0421 (  0.0%)  Memory SSA
   0.0421 (  0.0%)   0.0000 (  0.0%)   0.0421 (  0.0%)   0.0421 (  0.0%)  Dominator Tree Construction
   0.0421 (  0.0%)   0.0000 (  0.0%)   0.0421 (  0.0%)   0.0421 (  0.0%)  Dominator Tree Construction
   0.0420 (  0.0%)   0.0000 (  0.0%)   0.0420 (  0.0%)   0.0420 (  0.0%)  Post-Dominator Tree Construction
   0.0419 (  0.0%)   0.0000 (  0.0%)   0.0419 (  0.0%)   0.0419 (  0.0%)  Memory SSA
   0.0419 (  0.0%)   0.0000 (  0.0%)   0.0419 (  0.0%)   0.0419 (  0.0%)  Dominator Tree Construction
   0.0418 (  0.0%)   0.0000 (  0.0%)   0.0418 (  0.0%)   0.0418 (  0.0%)  Dominator Tree Construction
   0.0417 (  0.0%)   0.0000 (  0.0%)   0.0417 (  0.0%)   0.0418 (  0.0%)  Post-Dominator Tree Construction
   0.0417 (  0.0%)   0.0000 (  0.0%)   0.0417 (  0.0%)   0.0417 (  0.0%)  Memory SSA
   0.0416 (  0.0%)   0.0000 (  0.0%)   0.0416 (  0.0%)   0.0416 (  0.0%)  Dominator Tree Construction
   0.0416 (  0.0%)   0.0000 (  0.0%)   0.0416 (  0.0%)   0.0416 (  0.0%)  Dominator Tree Construction
   0.0416 (  0.0%)   0.0000 (  0.0%)   0.0416 (  0.0%)   0.0416 (  0.0%)  Dominator Tree Construction
   0.0415 (  0.0%)   0.0000 (  0.0%)   0.0415 (  0.0%)   0.0415 (  0.0%)  Dominator Tree Construction
   0.0415 (  0.0%)   0.0000 (  0.0%)   0.0415 (  0.0%)   0.0415 (  0.0%)  Natural Loop Information
   0.0415 (  0.0%)   0.0000 (  0.0%)   0.0415 (  0.0%)   0.0415 (  0.0%)  Dominator Tree Construction
   0.0413 (  0.0%)   0.0000 (  0.0%)   0.0413 (  0.0%)   0.0413 (  0.0%)  Dominator Tree Construction
   0.0412 (  0.0%)   0.0001 (  0.0%)   0.0413 (  0.0%)   0.0413 (  0.0%)  Dominator Tree Construction
   0.0413 (  0.0%)   0.0000 (  0.0%)   0.0413 (  0.0%)   0.0413 (  0.0%)  Natural Loop Information
   0.0412 (  0.0%)   0.0000 (  0.0%)   0.0412 (  0.0%)   0.0413 (  0.0%)  Dominator Tree Construction
   0.0412 (  0.0%)   0.0000 (  0.0%)   0.0412 (  0.0%)   0.0412 (  0.0%)  Dominator Tree Construction
   0.0411 (  0.0%)   0.0000 (  0.0%)   0.0412 (  0.0%)   0.0412 (  0.0%)  Memory SSA
   0.0411 (  0.0%)   0.0000 (  0.0%)   0.0411 (  0.0%)   0.0411 (  0.0%)  Dominator Tree Construction
   0.0409 (  0.0%)   0.0002 (  0.0%)   0.0411 (  0.0%)   0.0411 (  0.0%)  Dominator Tree Construction
   0.0405 (  0.0%)   0.0000 (  0.0%)   0.0406 (  0.0%)   0.0406 (  0.0%)  Dominator Tree Construction
   0.0405 (  0.0%)   0.0000 (  0.0%)   0.0405 (  0.0%)   0.0405 (  0.0%)  Dominator Tree Construction
   0.0402 (  0.0%)   0.0002 (  0.0%)   0.0405 (  0.0%)   0.0405 (  0.0%)  Dominator Tree Construction
   0.0403 (  0.0%)   0.0000 (  0.0%)   0.0403 (  0.0%)   0.0403 (  0.0%)  Memory SSA
   0.0402 (  0.0%)   0.0001 (  0.0%)   0.0403 (  0.0%)   0.0403 (  0.0%)  Dominator Tree Construction
   0.0403 (  0.0%)   0.0000 (  0.0%)   0.0403 (  0.0%)   0.0403 (  0.0%)  Dominator Tree Construction
   0.0402 (  0.0%)   0.0000 (  0.0%)   0.0402 (  0.0%)   0.0402 (  0.0%)  Dominator Tree Construction
   0.0402 (  0.0%)   0.0000 (  0.0%)   0.0402 (  0.0%)   0.0402 (  0.0%)  Memory SSA
   0.0402 (  0.0%)   0.0000 (  0.0%)   0.0402 (  0.0%)   0.0402 (  0.0%)  Dominator Tree Construction
   0.0390 (  0.0%)   0.0011 (  0.1%)   0.0402 (  0.0%)   0.0402 (  0.0%)  Dominator Tree Construction
   0.0401 (  0.0%)   0.0000 (  0.0%)   0.0401 (  0.0%)   0.0401 (  0.0%)  Dominator Tree Construction
   0.0401 (  0.0%)   0.0000 (  0.0%)   0.0401 (  0.0%)   0.0401 (  0.0%)  Dominator Tree Construction
   0.0401 (  0.0%)   0.0000 (  0.0%)   0.0401 (  0.0%)   0.0401 (  0.0%)  Dominator Tree Construction
   0.0401 (  0.0%)   0.0000 (  0.0%)   0.0401 (  0.0%)   0.0401 (  0.0%)  Dominator Tree Construction
   0.0360 (  0.0%)   0.0040 (  0.5%)   0.0400 (  0.0%)   0.0400 (  0.0%)  Dominator Tree Construction
   0.0400 (  0.0%)   0.0000 (  0.0%)   0.0400 (  0.0%)   0.0400 (  0.0%)  Inliner for always_inline functions
   0.0399 (  0.0%)   0.0000 (  0.0%)   0.0399 (  0.0%)   0.0399 (  0.0%)  Dominator Tree Construction
   0.0398 (  0.0%)   0.0000 (  0.0%)   0.0399 (  0.0%)   0.0399 (  0.0%)  Dominator Tree Construction
   0.0397 (  0.0%)   0.0000 (  0.0%)   0.0397 (  0.0%)   0.0397 (  0.0%)  Dominator Tree Construction
   0.0396 (  0.0%)   0.0000 (  0.0%)   0.0397 (  0.0%)   0.0397 (  0.0%)  Dominator Tree Construction
   0.0397 (  0.0%)   0.0000 (  0.0%)   0.0397 (  0.0%)   0.0396 (  0.0%)  Dominator Tree Construction
   0.0395 (  0.0%)   0.0000 (  0.0%)   0.0395 (  0.0%)   0.0395 (  0.0%)  Dominator Tree Construction
   0.0395 (  0.0%)   0.0000 (  0.0%)   0.0395 (  0.0%)   0.0395 (  0.0%)  Memory SSA
   0.0394 (  0.0%)   0.0000 (  0.0%)   0.0395 (  0.0%)   0.0395 (  0.0%)  Dominator Tree Construction
   0.0395 (  0.0%)   0.0000 (  0.0%)   0.0395 (  0.0%)   0.0395 (  0.0%)  Dominator Tree Construction
   0.0394 (  0.0%)   0.0000 (  0.0%)   0.0394 (  0.0%)   0.0394 (  0.0%)  Dominator Tree Construction
   0.0393 (  0.0%)   0.0000 (  0.0%)   0.0393 (  0.0%)   0.0393 (  0.0%)  Dominator Tree Construction
   0.0392 (  0.0%)   0.0000 (  0.0%)   0.0392 (  0.0%)   0.0392 (  0.0%)  Dominator Tree Construction
   0.0392 (  0.0%)   0.0000 (  0.0%)   0.0392 (  0.0%)   0.0392 (  0.0%)  Dominator Tree Construction
   0.0391 (  0.0%)   0.0000 (  0.0%)   0.0391 (  0.0%)   0.0391 (  0.0%)  Dominator Tree Construction
   0.0390 (  0.0%)   0.0001 (  0.0%)   0.0391 (  0.0%)   0.0390 (  0.0%)  Dominator Tree Construction
   0.0390 (  0.0%)   0.0000 (  0.0%)   0.0390 (  0.0%)   0.0390 (  0.0%)  Dominator Tree Construction
   0.0389 (  0.0%)   0.0000 (  0.0%)   0.0389 (  0.0%)   0.0389 (  0.0%)  Dominator Tree Construction
   0.0388 (  0.0%)   0.0000 (  0.0%)   0.0388 (  0.0%)   0.0388 (  0.0%)  Dominator Tree Construction
   0.0387 (  0.0%)   0.0000 (  0.0%)   0.0387 (  0.0%)   0.0387 (  0.0%)  Dominator Tree Construction
   0.0386 (  0.0%)   0.0000 (  0.0%)   0.0386 (  0.0%)   0.0386 (  0.0%)  Dominance Frontier Construction
   0.0385 (  0.0%)   0.0000 (  0.0%)   0.0385 (  0.0%)   0.0385 (  0.0%)  Dominator Tree Construction
   0.0385 (  0.0%)   0.0000 (  0.0%)   0.0385 (  0.0%)   0.0385 (  0.0%)  Natural Loop Information
   0.0383 (  0.0%)   0.0000 (  0.0%)   0.0383 (  0.0%)   0.0383 (  0.0%)  Dominator Tree Construction
   0.0383 (  0.0%)   0.0000 (  0.0%)   0.0383 (  0.0%)   0.0383 (  0.0%)  Dominator Tree Construction
   0.0368 (  0.0%)   0.0000 (  0.0%)   0.0368 (  0.0%)   0.0382 (  0.0%)  Inliner for always_inline functions
   0.0381 (  0.0%)   0.0000 (  0.0%)   0.0381 (  0.0%)   0.0381 (  0.0%)  Dominator Tree Construction
   0.0381 (  0.0%)   0.0000 (  0.0%)   0.0381 (  0.0%)   0.0381 (  0.0%)  Dominator Tree Construction
   0.0380 (  0.0%)   0.0000 (  0.0%)   0.0380 (  0.0%)   0.0380 (  0.0%)  Dominator Tree Construction
   0.0380 (  0.0%)   0.0000 (  0.0%)   0.0380 (  0.0%)   0.0380 (  0.0%)  Dominator Tree Construction
   0.0379 (  0.0%)   0.0000 (  0.0%)   0.0380 (  0.0%)   0.0379 (  0.0%)  Memory SSA
   0.0378 (  0.0%)   0.0000 (  0.0%)   0.0378 (  0.0%)   0.0378 (  0.0%)  Dominator Tree Construction
   0.0378 (  0.0%)   0.0000 (  0.0%)   0.0378 (  0.0%)   0.0378 (  0.0%)  Dominator Tree Construction
   0.0377 (  0.0%)   0.0000 (  0.0%)   0.0377 (  0.0%)   0.0377 (  0.0%)  Dominator Tree Construction
   0.0377 (  0.0%)   0.0000 (  0.0%)   0.0377 (  0.0%)   0.0377 (  0.0%)  Dominator Tree Construction
   0.0377 (  0.0%)   0.0000 (  0.0%)   0.0377 (  0.0%)   0.0377 (  0.0%)  Dominator Tree Construction
   0.0376 (  0.0%)   0.0000 (  0.0%)   0.0376 (  0.0%)   0.0376 (  0.0%)  Dominator Tree Construction
   0.0376 (  0.0%)   0.0000 (  0.0%)   0.0376 (  0.0%)   0.0376 (  0.0%)  Dominator Tree Construction
   0.0376 (  0.0%)   0.0000 (  0.0%)   0.0376 (  0.0%)   0.0376 (  0.0%)  Dominator Tree Construction
   0.0376 (  0.0%)   0.0000 (  0.0%)   0.0376 (  0.0%)   0.0376 (  0.0%)  Dominator Tree Construction
   0.0375 (  0.0%)   0.0000 (  0.0%)   0.0375 (  0.0%)   0.0375 (  0.0%)  Dominator Tree Construction
   0.0340 (  0.0%)   0.0035 (  0.4%)   0.0375 (  0.0%)   0.0375 (  0.0%)  Dominator Tree Construction
   0.0375 (  0.0%)   0.0000 (  0.0%)   0.0375 (  0.0%)   0.0375 (  0.0%)  Dominator Tree Construction
   0.0374 (  0.0%)   0.0000 (  0.0%)   0.0374 (  0.0%)   0.0374 (  0.0%)  Dominator Tree Construction
   0.0373 (  0.0%)   0.0000 (  0.0%)   0.0373 (  0.0%)   0.0373 (  0.0%)  Dominator Tree Construction
   0.0371 (  0.0%)   0.0000 (  0.0%)   0.0371 (  0.0%)   0.0371 (  0.0%)  Dominator Tree Construction
   0.0370 (  0.0%)   0.0000 (  0.0%)   0.0370 (  0.0%)   0.0370 (  0.0%)  Dominator Tree Construction
   0.0370 (  0.0%)   0.0000 (  0.0%)   0.0370 (  0.0%)   0.0370 (  0.0%)  Dominator Tree Construction
   0.0369 (  0.0%)   0.0000 (  0.0%)   0.0369 (  0.0%)   0.0369 (  0.0%)  Dominator Tree Construction
   0.0368 (  0.0%)   0.0000 (  0.0%)   0.0368 (  0.0%)   0.0368 (  0.0%)  Dominator Tree Construction
   0.0368 (  0.0%)   0.0000 (  0.0%)   0.0368 (  0.0%)   0.0368 (  0.0%)  Dominator Tree Construction
   0.0367 (  0.0%)   0.0000 (  0.0%)   0.0367 (  0.0%)   0.0367 (  0.0%)  Dominator Tree Construction
   0.0366 (  0.0%)   0.0000 (  0.0%)   0.0366 (  0.0%)   0.0366 (  0.0%)  Dominator Tree Construction
   0.0366 (  0.0%)   0.0000 (  0.0%)   0.0366 (  0.0%)   0.0366 (  0.0%)  Dominator Tree Construction
   0.0365 (  0.0%)   0.0000 (  0.0%)   0.0366 (  0.0%)   0.0366 (  0.0%)  Dominator Tree Construction
   0.0365 (  0.0%)   0.0000 (  0.0%)   0.0365 (  0.0%)   0.0365 (  0.0%)  Dominator Tree Construction
   0.0327 (  0.0%)   0.0038 (  0.5%)   0.0365 (  0.0%)   0.0365 (  0.0%)  Dominator Tree Construction
   0.0365 (  0.0%)   0.0000 (  0.0%)   0.0365 (  0.0%)   0.0365 (  0.0%)  Dominator Tree Construction
   0.0364 (  0.0%)   0.0000 (  0.0%)   0.0364 (  0.0%)   0.0364 (  0.0%)  Dominator Tree Construction
   0.0363 (  0.0%)   0.0000 (  0.0%)   0.0363 (  0.0%)   0.0363 (  0.0%)  Dominator Tree Construction
   0.0363 (  0.0%)   0.0000 (  0.0%)   0.0363 (  0.0%)   0.0363 (  0.0%)  Dominator Tree Construction
   0.0361 (  0.0%)   0.0000 (  0.0%)   0.0361 (  0.0%)   0.0361 (  0.0%)  Memory SSA
   0.0360 (  0.0%)   0.0000 (  0.0%)   0.0360 (  0.0%)   0.0360 (  0.0%)  Dominator Tree Construction
   0.0359 (  0.0%)   0.0001 (  0.0%)   0.0360 (  0.0%)   0.0360 (  0.0%)  Dominator Tree Construction
   0.0358 (  0.0%)   0.0000 (  0.0%)   0.0358 (  0.0%)   0.0358 (  0.0%)  Dominator Tree Construction
   0.0358 (  0.0%)   0.0000 (  0.0%)   0.0358 (  0.0%)   0.0358 (  0.0%)  Merge accesses in the same region
   0.0356 (  0.0%)   0.0000 (  0.0%)   0.0356 (  0.0%)   0.0356 (  0.0%)  Dominator Tree Construction
   0.0355 (  0.0%)   0.0000 (  0.0%)   0.0355 (  0.0%)   0.0355 (  0.0%)  Dominator Tree Construction
   0.0354 (  0.0%)   0.0000 (  0.0%)   0.0354 (  0.0%)   0.0354 (  0.0%)  Dominator Tree Construction
   0.0351 (  0.0%)   0.0000 (  0.0%)   0.0351 (  0.0%)   0.0351 (  0.0%)  Dominator Tree Construction
   0.0350 (  0.0%)   0.0000 (  0.0%)   0.0350 (  0.0%)   0.0350 (  0.0%)  Dominator Tree Construction
   0.0349 (  0.0%)   0.0000 (  0.0%)   0.0349 (  0.0%)   0.0349 (  0.0%)  Dominator Tree Construction
   0.0345 (  0.0%)   0.0000 (  0.0%)   0.0345 (  0.0%)   0.0345 (  0.0%)  Dominator Tree Construction
   0.0344 (  0.0%)   0.0000 (  0.0%)   0.0344 (  0.0%)   0.0344 (  0.0%)  Merge accesses in the same region
   0.0343 (  0.0%)   0.0000 (  0.0%)   0.0343 (  0.0%)   0.0343 (  0.0%)  Dominator Tree Construction
   0.0340 (  0.0%)   0.0000 (  0.0%)   0.0340 (  0.0%)   0.0341 (  0.0%)  Dominator Tree Construction
   0.0336 (  0.0%)   0.0004 (  0.0%)   0.0340 (  0.0%)   0.0340 (  0.0%)  Natural Loop Information
   0.0330 (  0.0%)   0.0000 (  0.0%)   0.0330 (  0.0%)   0.0330 (  0.0%)  Dominance Frontier Construction
   0.0330 (  0.0%)   0.0000 (  0.0%)   0.0330 (  0.0%)   0.0330 (  0.0%)  Global Variable Optimizer
   0.0329 (  0.0%)   0.0000 (  0.0%)   0.0329 (  0.0%)   0.0329 (  0.0%)  Dominator Tree Construction
   0.0329 (  0.0%)   0.0000 (  0.0%)   0.0329 (  0.0%)   0.0329 (  0.0%)  Merge accesses in the same region
   0.0328 (  0.0%)   0.0000 (  0.0%)   0.0328 (  0.0%)   0.0328 (  0.0%)  Structure stription
   0.0324 (  0.0%)   0.0000 (  0.0%)   0.0324 (  0.0%)   0.0324 (  0.0%)  Dominance Frontier Construction
   0.0323 (  0.0%)   0.0000 (  0.0%)   0.0323 (  0.0%)   0.0323 (  0.0%)  Dominance Frontier Construction
   0.0322 (  0.0%)   0.0000 (  0.0%)   0.0322 (  0.0%)   0.0322 (  0.0%)  Dominance Frontier Construction
   0.0303 (  0.0%)   0.0000 (  0.0%)   0.0303 (  0.0%)   0.0303 (  0.0%)  Natural Loop Information
   0.0302 (  0.0%)   0.0000 (  0.0%)   0.0302 (  0.0%)   0.0302 (  0.0%)  Natural Loop Information
   0.0301 (  0.0%)   0.0000 (  0.0%)   0.0301 (  0.0%)   0.0301 (  0.0%)  Global Variable Optimizer
   0.0298 (  0.0%)   0.0000 (  0.0%)   0.0298 (  0.0%)   0.0298 (  0.0%)  Natural Loop Information
   0.0294 (  0.0%)   0.0000 (  0.0%)   0.0294 (  0.0%)   0.0294 (  0.0%)  Natural Loop Information
   0.0289 (  0.0%)   0.0000 (  0.0%)   0.0289 (  0.0%)   0.0289 (  0.0%)  Dominance Frontier Construction
   0.0276 (  0.0%)   0.0000 (  0.0%)   0.0276 (  0.0%)   0.0276 (  0.0%)  Natural Loop Information
   0.0276 (  0.0%)   0.0000 (  0.0%)   0.0276 (  0.0%)   0.0276 (  0.0%)  Natural Loop Information
   0.0274 (  0.0%)   0.0000 (  0.0%)   0.0274 (  0.0%)   0.0275 (  0.0%)  Natural Loop Information
   0.0272 (  0.0%)   0.0000 (  0.0%)   0.0272 (  0.0%)   0.0272 (  0.0%)  Dead Store Elimination
   0.0269 (  0.0%)   0.0000 (  0.0%)   0.0269 (  0.0%)   0.0269 (  0.0%)  Natural Loop Information
   0.0268 (  0.0%)   0.0000 (  0.0%)   0.0268 (  0.0%)   0.0268 (  0.0%)  Natural Loop Information
   0.0268 (  0.0%)   0.0000 (  0.0%)   0.0268 (  0.0%)   0.0267 (  0.0%)  Natural Loop Information
   0.0266 (  0.0%)   0.0000 (  0.0%)   0.0266 (  0.0%)   0.0266 (  0.0%)  Natural Loop Information
   0.0261 (  0.0%)   0.0000 (  0.0%)   0.0261 (  0.0%)   0.0261 (  0.0%)  Natural Loop Information
   0.0261 (  0.0%)   0.0000 (  0.0%)   0.0261 (  0.0%)   0.0261 (  0.0%)  Natural Loop Information
   0.0256 (  0.0%)   0.0000 (  0.0%)   0.0256 (  0.0%)   0.0256 (  0.0%)  Dead Store Elimination
   0.0255 (  0.0%)   0.0000 (  0.0%)   0.0255 (  0.0%)   0.0255 (  0.0%)  Dead Store Elimination
   0.0255 (  0.0%)   0.0000 (  0.0%)   0.0255 (  0.0%)   0.0255 (  0.0%)  Natural Loop Information
   0.0253 (  0.0%)   0.0000 (  0.0%)   0.0253 (  0.0%)   0.0253 (  0.0%)  Dead Store Elimination
   0.0253 (  0.0%)   0.0000 (  0.0%)   0.0253 (  0.0%)   0.0253 (  0.0%)  Natural Loop Information
   0.0253 (  0.0%)   0.0000 (  0.0%)   0.0253 (  0.0%)   0.0253 (  0.0%)  Natural Loop Information
   0.0251 (  0.0%)   0.0000 (  0.0%)   0.0251 (  0.0%)   0.0251 (  0.0%)  Natural Loop Information
   0.0249 (  0.0%)   0.0000 (  0.0%)   0.0249 (  0.0%)   0.0249 (  0.0%)  Natural Loop Information
   0.0249 (  0.0%)   0.0000 (  0.0%)   0.0249 (  0.0%)   0.0249 (  0.0%)  Natural Loop Information
   0.0248 (  0.0%)   0.0000 (  0.0%)   0.0248 (  0.0%)   0.0248 (  0.0%)  Natural Loop Information
   0.0246 (  0.0%)   0.0000 (  0.0%)   0.0246 (  0.0%)   0.0246 (  0.0%)  Natural Loop Information
   0.0244 (  0.0%)   0.0000 (  0.0%)   0.0244 (  0.0%)   0.0244 (  0.0%)  Natural Loop Information
   0.0244 (  0.0%)   0.0000 (  0.0%)   0.0244 (  0.0%)   0.0244 (  0.0%)  Natural Loop Information
   0.0244 (  0.0%)   0.0000 (  0.0%)   0.0244 (  0.0%)   0.0244 (  0.0%)  Natural Loop Information
   0.0242 (  0.0%)   0.0000 (  0.0%)   0.0242 (  0.0%)   0.0242 (  0.0%)  Natural Loop Information
   0.0242 (  0.0%)   0.0000 (  0.0%)   0.0242 (  0.0%)   0.0242 (  0.0%)  Natural Loop Information
   0.0242 (  0.0%)   0.0000 (  0.0%)   0.0242 (  0.0%)   0.0242 (  0.0%)  Natural Loop Information
   0.0241 (  0.0%)   0.0000 (  0.0%)   0.0241 (  0.0%)   0.0241 (  0.0%)  Natural Loop Information
   0.0240 (  0.0%)   0.0000 (  0.0%)   0.0241 (  0.0%)   0.0241 (  0.0%)  Natural Loop Information
   0.0240 (  0.0%)   0.0000 (  0.0%)   0.0240 (  0.0%)   0.0240 (  0.0%)  Natural Loop Information
   0.0239 (  0.0%)   0.0000 (  0.0%)   0.0239 (  0.0%)   0.0239 (  0.0%)  Natural Loop Information
   0.0235 (  0.0%)   0.0000 (  0.0%)   0.0236 (  0.0%)   0.0236 (  0.0%)  Natural Loop Information
   0.0235 (  0.0%)   0.0000 (  0.0%)   0.0235 (  0.0%)   0.0235 (  0.0%)  Natural Loop Information
   0.0235 (  0.0%)   0.0001 (  0.0%)   0.0235 (  0.0%)   0.0235 (  0.0%)  Natural Loop Information
   0.0233 (  0.0%)   0.0000 (  0.0%)   0.0233 (  0.0%)   0.0233 (  0.0%)  Natural Loop Information
   0.0230 (  0.0%)   0.0000 (  0.0%)   0.0230 (  0.0%)   0.0230 (  0.0%)  Natural Loop Information
   0.0230 (  0.0%)   0.0000 (  0.0%)   0.0230 (  0.0%)   0.0230 (  0.0%)  Natural Loop Information
   0.0228 (  0.0%)   0.0000 (  0.0%)   0.0228 (  0.0%)   0.0228 (  0.0%)  Natural Loop Information
   0.0227 (  0.0%)   0.0000 (  0.0%)   0.0227 (  0.0%)   0.0227 (  0.0%)  Natural Loop Information
   0.0226 (  0.0%)   0.0001 (  0.0%)   0.0227 (  0.0%)   0.0227 (  0.0%)  Natural Loop Information
   0.0226 (  0.0%)   0.0000 (  0.0%)   0.0226 (  0.0%)   0.0226 (  0.0%)  Natural Loop Information
   0.0226 (  0.0%)   0.0000 (  0.0%)   0.0226 (  0.0%)   0.0226 (  0.0%)  Natural Loop Information
   0.0226 (  0.0%)   0.0000 (  0.0%)   0.0226 (  0.0%)   0.0226 (  0.0%)  Natural Loop Information
   0.0225 (  0.0%)   0.0000 (  0.0%)   0.0225 (  0.0%)   0.0225 (  0.0%)  Natural Loop Information
   0.0224 (  0.0%)   0.0000 (  0.0%)   0.0224 (  0.0%)   0.0224 (  0.0%)  Dead Store Elimination
   0.0224 (  0.0%)   0.0000 (  0.0%)   0.0224 (  0.0%)   0.0224 (  0.0%)  Natural Loop Information
   0.0224 (  0.0%)   0.0000 (  0.0%)   0.0224 (  0.0%)   0.0224 (  0.0%)  Natural Loop Information
   0.0223 (  0.0%)   0.0000 (  0.0%)   0.0223 (  0.0%)   0.0223 (  0.0%)  Natural Loop Information
   0.0223 (  0.0%)   0.0000 (  0.0%)   0.0223 (  0.0%)   0.0223 (  0.0%)  Dead Store Elimination
   0.0222 (  0.0%)   0.0000 (  0.0%)   0.0222 (  0.0%)   0.0222 (  0.0%)  Natural Loop Information
   0.0222 (  0.0%)   0.0000 (  0.0%)   0.0222 (  0.0%)   0.0222 (  0.0%)  Eliminate dead debug information intrinsic
   0.0221 (  0.0%)   0.0000 (  0.0%)   0.0222 (  0.0%)   0.0222 (  0.0%)  Natural Loop Information
   0.0221 (  0.0%)   0.0000 (  0.0%)   0.0221 (  0.0%)   0.0221 (  0.0%)  Natural Loop Information
   0.0221 (  0.0%)   0.0000 (  0.0%)   0.0221 (  0.0%)   0.0221 (  0.0%)  Natural Loop Information
   0.0221 (  0.0%)   0.0000 (  0.0%)   0.0221 (  0.0%)   0.0221 (  0.0%)  Natural Loop Information
   0.0221 (  0.0%)   0.0000 (  0.0%)   0.0221 (  0.0%)   0.0221 (  0.0%)  Natural Loop Information
   0.0220 (  0.0%)   0.0000 (  0.0%)   0.0220 (  0.0%)   0.0220 (  0.0%)  Assign names to anonymous instructions (structure based)
   0.0220 (  0.0%)   0.0000 (  0.0%)   0.0220 (  0.0%)   0.0220 (  0.0%)  Natural Loop Information
   0.0219 (  0.0%)   0.0000 (  0.0%)   0.0219 (  0.0%)   0.0219 (  0.0%)  Natural Loop Information
   0.0219 (  0.0%)   0.0000 (  0.0%)   0.0219 (  0.0%)   0.0219 (  0.0%)  Natural Loop Information
   0.0218 (  0.0%)   0.0000 (  0.0%)   0.0218 (  0.0%)   0.0218 (  0.0%)  Natural Loop Information
   0.0217 (  0.0%)   0.0000 (  0.0%)   0.0217 (  0.0%)   0.0217 (  0.0%)  Natural Loop Information
   0.0217 (  0.0%)   0.0000 (  0.0%)   0.0217 (  0.0%)   0.0217 (  0.0%)  Natural Loop Information
   0.0216 (  0.0%)   0.0000 (  0.0%)   0.0216 (  0.0%)   0.0216 (  0.0%)  Natural Loop Information
   0.0216 (  0.0%)   0.0000 (  0.0%)   0.0216 (  0.0%)   0.0216 (  0.0%)  Natural Loop Information
   0.0215 (  0.0%)   0.0000 (  0.0%)   0.0215 (  0.0%)   0.0215 (  0.0%)  Natural Loop Information
   0.0215 (  0.0%)   0.0000 (  0.0%)   0.0215 (  0.0%)   0.0215 (  0.0%)  Natural Loop Information
   0.0214 (  0.0%)   0.0000 (  0.0%)   0.0214 (  0.0%)   0.0214 (  0.0%)  Natural Loop Information
   0.0213 (  0.0%)   0.0000 (  0.0%)   0.0214 (  0.0%)   0.0213 (  0.0%)  Natural Loop Information
   0.0213 (  0.0%)   0.0000 (  0.0%)   0.0213 (  0.0%)   0.0213 (  0.0%)  Natural Loop Information
   0.0213 (  0.0%)   0.0000 (  0.0%)   0.0213 (  0.0%)   0.0213 (  0.0%)  Natural Loop Information
   0.0212 (  0.0%)   0.0000 (  0.0%)   0.0212 (  0.0%)   0.0212 (  0.0%)  Natural Loop Information
   0.0212 (  0.0%)   0.0000 (  0.0%)   0.0212 (  0.0%)   0.0212 (  0.0%)  Natural Loop Information
   0.0212 (  0.0%)   0.0000 (  0.0%)   0.0212 (  0.0%)   0.0212 (  0.0%)  Natural Loop Information
   0.0211 (  0.0%)   0.0000 (  0.0%)   0.0211 (  0.0%)   0.0211 (  0.0%)  Natural Loop Information
   0.0211 (  0.0%)   0.0000 (  0.0%)   0.0211 (  0.0%)   0.0211 (  0.0%)  Natural Loop Information
   0.0210 (  0.0%)   0.0000 (  0.0%)   0.0210 (  0.0%)   0.0210 (  0.0%)  Natural Loop Information
   0.0200 (  0.0%)   0.0000 (  0.0%)   0.0200 (  0.0%)   0.0210 (  0.0%)  Object Decomposition
   0.0209 (  0.0%)   0.0000 (  0.0%)   0.0209 (  0.0%)   0.0209 (  0.0%)  Natural Loop Information
   0.0209 (  0.0%)   0.0000 (  0.0%)   0.0210 (  0.0%)   0.0209 (  0.0%)  Natural Loop Information
   0.0208 (  0.0%)   0.0000 (  0.0%)   0.0208 (  0.0%)   0.0208 (  0.0%)  Natural Loop Information
   0.0208 (  0.0%)   0.0000 (  0.0%)   0.0208 (  0.0%)   0.0208 (  0.0%)  Natural Loop Information
   0.0207 (  0.0%)   0.0000 (  0.0%)   0.0207 (  0.0%)   0.0208 (  0.0%)  Natural Loop Information
   0.0206 (  0.0%)   0.0000 (  0.0%)   0.0206 (  0.0%)   0.0206 (  0.0%)  Natural Loop Information
   0.0206 (  0.0%)   0.0000 (  0.0%)   0.0206 (  0.0%)   0.0206 (  0.0%)  Natural Loop Information
   0.0205 (  0.0%)   0.0000 (  0.0%)   0.0205 (  0.0%)   0.0205 (  0.0%)  Natural Loop Information
   0.0205 (  0.0%)   0.0000 (  0.0%)   0.0205 (  0.0%)   0.0205 (  0.0%)  Natural Loop Information
   0.0205 (  0.0%)   0.0000 (  0.0%)   0.0205 (  0.0%)   0.0205 (  0.0%)  Natural Loop Information
   0.0204 (  0.0%)   0.0000 (  0.0%)   0.0204 (  0.0%)   0.0204 (  0.0%)  Natural Loop Information
   0.0204 (  0.0%)   0.0000 (  0.0%)   0.0204 (  0.0%)   0.0204 (  0.0%)  Natural Loop Information
   0.0203 (  0.0%)   0.0000 (  0.0%)   0.0203 (  0.0%)   0.0203 (  0.0%)  Natural Loop Information
   0.0202 (  0.0%)   0.0000 (  0.0%)   0.0203 (  0.0%)   0.0203 (  0.0%)  Natural Loop Information
   0.0201 (  0.0%)   0.0000 (  0.0%)   0.0201 (  0.0%)   0.0201 (  0.0%)  Natural Loop Information
   0.0162 (  0.0%)   0.0039 (  0.5%)   0.0201 (  0.0%)   0.0201 (  0.0%)  Natural Loop Information
   0.0201 (  0.0%)   0.0000 (  0.0%)   0.0201 (  0.0%)   0.0201 (  0.0%)  Natural Loop Information
   0.0200 (  0.0%)   0.0000 (  0.0%)   0.0200 (  0.0%)   0.0200 (  0.0%)  Natural Loop Information
   0.0199 (  0.0%)   0.0000 (  0.0%)   0.0199 (  0.0%)   0.0199 (  0.0%)  Natural Loop Information
   0.0198 (  0.0%)   0.0000 (  0.0%)   0.0198 (  0.0%)   0.0198 (  0.0%)  CallGraph Construction
   0.0198 (  0.0%)   0.0000 (  0.0%)   0.0198 (  0.0%)   0.0198 (  0.0%)  Natural Loop Information
   0.0198 (  0.0%)   0.0000 (  0.0%)   0.0198 (  0.0%)   0.0198 (  0.0%)  Natural Loop Information
   0.0198 (  0.0%)   0.0000 (  0.0%)   0.0198 (  0.0%)   0.0198 (  0.0%)  Natural Loop Information
   0.0195 (  0.0%)   0.0000 (  0.0%)   0.0195 (  0.0%)   0.0195 (  0.0%)  Normalize condition on switch-cases and muxes
   0.0196 (  0.0%)   0.0000 (  0.0%)   0.0196 (  0.0%)   0.0195 (  0.0%)  Natural Loop Information
   0.0195 (  0.0%)   0.0000 (  0.0%)   0.0195 (  0.0%)   0.0195 (  0.0%)  Merge accesses
   0.0194 (  0.0%)   0.0000 (  0.0%)   0.0194 (  0.0%)   0.0194 (  0.0%)  Natural Loop Information
   0.0194 (  0.0%)   0.0000 (  0.0%)   0.0194 (  0.0%)   0.0194 (  0.0%)  Natural Loop Information
   0.0194 (  0.0%)   0.0000 (  0.0%)   0.0194 (  0.0%)   0.0194 (  0.0%)  Natural Loop Information
   0.0193 (  0.0%)   0.0000 (  0.0%)   0.0193 (  0.0%)   0.0193 (  0.0%)  Natural Loop Information
   0.0192 (  0.0%)   0.0000 (  0.0%)   0.0192 (  0.0%)   0.0192 (  0.0%)  Natural Loop Information
   0.0192 (  0.0%)   0.0000 (  0.0%)   0.0192 (  0.0%)   0.0192 (  0.0%)  Natural Loop Information
   0.0191 (  0.0%)   0.0000 (  0.0%)   0.0191 (  0.0%)   0.0191 (  0.0%)  Natural Loop Information
   0.0191 (  0.0%)   0.0000 (  0.0%)   0.0191 (  0.0%)   0.0191 (  0.0%)  Natural Loop Information
   0.0191 (  0.0%)   0.0000 (  0.0%)   0.0191 (  0.0%)   0.0191 (  0.0%)  Natural Loop Information
   0.0190 (  0.0%)   0.0000 (  0.0%)   0.0190 (  0.0%)   0.0190 (  0.0%)  Natural Loop Information
   0.0190 (  0.0%)   0.0000 (  0.0%)   0.0190 (  0.0%)   0.0190 (  0.0%)  Natural Loop Information
   0.0189 (  0.0%)   0.0000 (  0.0%)   0.0189 (  0.0%)   0.0189 (  0.0%)  Natural Loop Information
   0.0189 (  0.0%)   0.0000 (  0.0%)   0.0189 (  0.0%)   0.0189 (  0.0%)  Natural Loop Information
   0.0189 (  0.0%)   0.0000 (  0.0%)   0.0189 (  0.0%)   0.0189 (  0.0%)  Natural Loop Information
   0.0179 (  0.0%)   0.0000 (  0.0%)   0.0179 (  0.0%)   0.0179 (  0.0%)  Dead Store Elimination
   0.0178 (  0.0%)   0.0000 (  0.0%)   0.0178 (  0.0%)   0.0178 (  0.0%)  Dead Store Elimination
   0.0178 (  0.0%)   0.0000 (  0.0%)   0.0178 (  0.0%)   0.0178 (  0.0%)  Dead Store Elimination
   0.0176 (  0.0%)   0.0000 (  0.0%)   0.0176 (  0.0%)   0.0176 (  0.0%)  Eliminate pointer selection
   0.0173 (  0.0%)   0.0000 (  0.0%)   0.0173 (  0.0%)   0.0173 (  0.0%)  Assign names to anonymous instructions (structure based)
   0.0171 (  0.0%)   0.0000 (  0.0%)   0.0171 (  0.0%)   0.0171 (  0.0%)  Assign names to anonymous instructions (structure based)
   0.0123 (  0.0%)   0.0048 (  0.6%)   0.0171 (  0.0%)   0.0170 (  0.0%)  Deduce function attributes
   0.0170 (  0.0%)   0.0000 (  0.0%)   0.0170 (  0.0%)   0.0170 (  0.0%)  Dead Store Elimination
   0.0168 (  0.0%)   0.0000 (  0.0%)   0.0168 (  0.0%)   0.0168 (  0.0%)  Merge accesses
   0.0166 (  0.0%)   0.0000 (  0.0%)   0.0167 (  0.0%)   0.0167 (  0.0%)  Recursively inline barriers caller to kernel
   0.0165 (  0.0%)   0.0000 (  0.0%)   0.0165 (  0.0%)   0.0165 (  0.0%)  Eliminate pointer selection
   0.0162 (  0.0%)   0.0000 (  0.0%)   0.0162 (  0.0%)   0.0163 (  0.0%)  RemoveConflictingBurst - Remove port conflicting bursts
   0.0161 (  0.0%)   0.0000 (  0.0%)   0.0161 (  0.0%)   0.0161 (  0.0%)  Merge accesses
   0.0160 (  0.0%)   0.0000 (  0.0%)   0.0160 (  0.0%)   0.0159 (  0.0%)  Merge accesses
   0.0158 (  0.0%)   0.0000 (  0.0%)   0.0158 (  0.0%)   0.0158 (  0.0%)  Eliminate dead debug information intrinsic
   0.0157 (  0.0%)   0.0000 (  0.0%)   0.0157 (  0.0%)   0.0157 (  0.0%)  Eliminate pointer selection
   0.0153 (  0.0%)   0.0003 (  0.0%)   0.0156 (  0.0%)   0.0156 (  0.0%)  Merge accesses
   0.0155 (  0.0%)   0.0000 (  0.0%)   0.0155 (  0.0%)   0.0155 (  0.0%)  Eliminate pointer selection
   0.0151 (  0.0%)   0.0000 (  0.0%)   0.0151 (  0.0%)   0.0151 (  0.0%)  Eliminate pointer selection
   0.0134 (  0.0%)   0.0013 (  0.2%)   0.0147 (  0.0%)   0.0147 (  0.0%)  AlignMemory - Align memory accesses
   0.0144 (  0.0%)   0.0000 (  0.0%)   0.0144 (  0.0%)   0.0144 (  0.0%)  WidenBurst - Widen bursts
   0.0139 (  0.0%)   0.0000 (  0.0%)   0.0139 (  0.0%)   0.0139 (  0.0%)  ReflowCheckPragmaConflicts - check pragma conflicts in reflow
   0.0138 (  0.0%)   0.0001 (  0.0%)   0.0139 (  0.0%)   0.0139 (  0.0%)  LowerPredicate - Lower predicates to control-flow
   0.0139 (  0.0%)   0.0000 (  0.0%)   0.0139 (  0.0%)   0.0139 (  0.0%)  Eliminate pointer selection
   0.0131 (  0.0%)   0.0000 (  0.0%)   0.0131 (  0.0%)   0.0131 (  0.0%)  Collect complexity metrics for FE reflow
   0.0129 (  0.0%)   0.0000 (  0.0%)   0.0129 (  0.0%)   0.0129 (  0.0%)  Eliminate pointer selection
   0.0128 (  0.0%)   0.0000 (  0.0%)   0.0128 (  0.0%)   0.0128 (  0.0%)  Eliminate pointer selection
   0.0127 (  0.0%)   0.0000 (  0.0%)   0.0127 (  0.0%)   0.0127 (  0.0%)  Eliminate pointer selection
   0.0126 (  0.0%)   0.0000 (  0.0%)   0.0127 (  0.0%)   0.0127 (  0.0%)  Eliminate pointer selection
   0.0126 (  0.0%)   0.0000 (  0.0%)   0.0126 (  0.0%)   0.0126 (  0.0%)  Eliminate dead debug information intrinsic
   0.0125 (  0.0%)   0.0000 (  0.0%)   0.0125 (  0.0%)   0.0125 (  0.0%)  CallGraph Construction
   0.0124 (  0.0%)   0.0001 (  0.0%)   0.0125 (  0.0%)   0.0125 (  0.0%)  LowerPredicate - Lower predicates to control-flow
   0.0125 (  0.0%)   0.0000 (  0.0%)   0.0125 (  0.0%)   0.0124 (  0.0%)  Eliminate dead debug information intrinsic
   0.0124 (  0.0%)   0.0000 (  0.0%)   0.0124 (  0.0%)   0.0124 (  0.0%)  Eliminate dead debug information intrinsic
   0.0122 (  0.0%)   0.0000 (  0.0%)   0.0122 (  0.0%)   0.0122 (  0.0%)  Dead Store Elimination
   0.0055 (  0.0%)   0.0008 (  0.1%)   0.0063 (  0.0%)   0.0120 (  0.0%)  Combine redundant instructions
   0.0120 (  0.0%)   0.0000 (  0.0%)   0.0120 (  0.0%)   0.0120 (  0.0%)  Global Value Numbering
   0.0118 (  0.0%)   0.0000 (  0.0%)   0.0118 (  0.0%)   0.0118 (  0.0%)  Dead Store Elimination
   0.0115 (  0.0%)   0.0001 (  0.0%)   0.0116 (  0.0%)   0.0115 (  0.0%)  Global Value Numbering
   0.0115 (  0.0%)   0.0000 (  0.0%)   0.0115 (  0.0%)   0.0115 (  0.0%)  Generate Loops to iterate over workitems
   0.0115 (  0.0%)   0.0000 (  0.0%)   0.0115 (  0.0%)   0.0115 (  0.0%)  Eliminate dead debug information intrinsic
   0.0112 (  0.0%)   0.0000 (  0.0%)   0.0112 (  0.0%)   0.0112 (  0.0%)  Eliminate dead debug information intrinsic
   0.0111 (  0.0%)   0.0000 (  0.0%)   0.0112 (  0.0%)   0.0112 (  0.0%)  Dead Store Elimination
   0.0111 (  0.0%)   0.0000 (  0.0%)   0.0111 (  0.0%)   0.0111 (  0.0%)  Dead Store Elimination
   0.0111 (  0.0%)   0.0000 (  0.0%)   0.0111 (  0.0%)   0.0111 (  0.0%)  Eliminate dead debug information intrinsic
   0.0111 (  0.0%)   0.0000 (  0.0%)   0.0111 (  0.0%)   0.0111 (  0.0%)  Global Value Numbering
   0.0111 (  0.0%)   0.0000 (  0.0%)   0.0111 (  0.0%)   0.0111 (  0.0%)  Eliminate dead debug information intrinsic
   0.0108 (  0.0%)   0.0003 (  0.0%)   0.0111 (  0.0%)   0.0111 (  0.0%)  Global Value Numbering
   0.0108 (  0.0%)   0.0003 (  0.0%)   0.0111 (  0.0%)   0.0111 (  0.0%)  Global Value Numbering
   0.0110 (  0.0%)   0.0000 (  0.0%)   0.0110 (  0.0%)   0.0110 (  0.0%)  Dead Store Elimination
   0.0110 (  0.0%)   0.0000 (  0.0%)   0.0110 (  0.0%)   0.0110 (  0.0%)  Dead Store Elimination
   0.0110 (  0.0%)   0.0000 (  0.0%)   0.0110 (  0.0%)   0.0110 (  0.0%)  Dead Store Elimination
   0.0110 (  0.0%)   0.0000 (  0.0%)   0.0110 (  0.0%)   0.0110 (  0.0%)  ArrayPartition - Partition Arrays into Banks
   0.0110 (  0.0%)   0.0000 (  0.0%)   0.0110 (  0.0%)   0.0110 (  0.0%)  Eliminate dead debug information intrinsic
   0.0109 (  0.0%)   0.0000 (  0.0%)   0.0109 (  0.0%)   0.0109 (  0.0%)  Dead Store Elimination
   0.0109 (  0.0%)   0.0000 (  0.0%)   0.0109 (  0.0%)   0.0109 (  0.0%)  Eliminate dead debug information intrinsic
   0.0109 (  0.0%)   0.0001 (  0.0%)   0.0109 (  0.0%)   0.0109 (  0.0%)  Eliminate dead debug information intrinsic
   0.0109 (  0.0%)   0.0000 (  0.0%)   0.0109 (  0.0%)   0.0109 (  0.0%)  Dead Store Elimination
   0.0109 (  0.0%)   0.0000 (  0.0%)   0.0109 (  0.0%)   0.0109 (  0.0%)  Dead Store Elimination
   0.0108 (  0.0%)   0.0000 (  0.0%)   0.0109 (  0.0%)   0.0109 (  0.0%)  Dead Store Elimination
   0.0094 (  0.0%)   0.0000 (  0.0%)   0.0094 (  0.0%)   0.0108 (  0.0%)  Lower HLS related intrinsics
   0.0108 (  0.0%)   0.0000 (  0.0%)   0.0108 (  0.0%)   0.0108 (  0.0%)  Eliminate dead debug information intrinsic
   0.0108 (  0.0%)   0.0000 (  0.0%)   0.0108 (  0.0%)   0.0108 (  0.0%)  Eliminate dead debug information intrinsic
   0.0108 (  0.0%)   0.0000 (  0.0%)   0.0108 (  0.0%)   0.0108 (  0.0%)  Eliminate dead debug information intrinsic
   0.0108 (  0.0%)   0.0000 (  0.0%)   0.0108 (  0.0%)   0.0108 (  0.0%)  Dead Store Elimination
   0.0107 (  0.0%)   0.0000 (  0.0%)   0.0107 (  0.0%)   0.0107 (  0.0%)  Lazy Value Information Analysis
   0.0107 (  0.0%)   0.0000 (  0.0%)   0.0107 (  0.0%)   0.0107 (  0.0%)  Dead Store Elimination
   0.0107 (  0.0%)   0.0000 (  0.0%)   0.0107 (  0.0%)   0.0107 (  0.0%)  Dead Store Elimination
   0.0106 (  0.0%)   0.0000 (  0.0%)   0.0107 (  0.0%)   0.0107 (  0.0%)  Eliminate dead debug information intrinsic
   0.0104 (  0.0%)   0.0000 (  0.0%)   0.0104 (  0.0%)   0.0104 (  0.0%)  AccessGroup - Group the memory access for the same object
   0.0103 (  0.0%)   0.0000 (  0.0%)   0.0104 (  0.0%)   0.0104 (  0.0%)  Lazy Value Information Analysis
   0.0104 (  0.0%)   0.0000 (  0.0%)   0.0104 (  0.0%)   0.0104 (  0.0%)  AccessGroup - Group the memory access for the same object
   0.0102 (  0.0%)   0.0000 (  0.0%)   0.0102 (  0.0%)   0.0102 (  0.0%)  Scalar Evolution Analysis
   0.0101 (  0.0%)   0.0000 (  0.0%)   0.0102 (  0.0%)   0.0102 (  0.0%)  Lazy Value Information Analysis
   0.0101 (  0.0%)   0.0000 (  0.0%)   0.0101 (  0.0%)   0.0101 (  0.0%)  Lazy Value Information Analysis
   0.0100 (  0.0%)   0.0000 (  0.0%)   0.0100 (  0.0%)   0.0100 (  0.0%)  Scalar Evolution Analysis
   0.0076 (  0.0%)   0.0000 (  0.0%)   0.0076 (  0.0%)   0.0099 (  0.0%)  Automatic data reuse optimization
   0.0097 (  0.0%)   0.0000 (  0.0%)   0.0097 (  0.0%)   0.0097 (  0.0%)  Eliminate dead debug information intrinsic
   0.0095 (  0.0%)   0.0000 (  0.0%)   0.0095 (  0.0%)   0.0095 (  0.0%)  Eliminate dead debug information intrinsic
   0.0094 (  0.0%)   0.0000 (  0.0%)   0.0095 (  0.0%)   0.0095 (  0.0%)  Eliminate dead debug information intrinsic
   0.0094 (  0.0%)   0.0000 (  0.0%)   0.0094 (  0.0%)   0.0094 (  0.0%)  Eliminate dead debug information intrinsic
   0.0094 (  0.0%)   0.0000 (  0.0%)   0.0094 (  0.0%)   0.0094 (  0.0%)  Eliminate dead debug information intrinsic
   0.0094 (  0.0%)   0.0000 (  0.0%)   0.0094 (  0.0%)   0.0094 (  0.0%)  Eliminate dead debug information intrinsic
   0.0092 (  0.0%)   0.0000 (  0.0%)   0.0092 (  0.0%)   0.0092 (  0.0%)  Lazy Value Information Analysis
   0.0092 (  0.0%)   0.0000 (  0.0%)   0.0092 (  0.0%)   0.0092 (  0.0%)  CallGraph Construction
   0.0076 (  0.0%)   0.0015 (  0.2%)   0.0091 (  0.0%)   0.0091 (  0.0%)  Simplify the CFG
   0.0090 (  0.0%)   0.0000 (  0.0%)   0.0090 (  0.0%)   0.0090 (  0.0%)  CallGraph Construction
   0.0090 (  0.0%)   0.0000 (  0.0%)   0.0090 (  0.0%)   0.0090 (  0.0%)  CallGraph Construction
   0.0089 (  0.0%)   0.0000 (  0.0%)   0.0089 (  0.0%)   0.0089 (  0.0%)  CallGraph Construction
   0.0089 (  0.0%)   0.0000 (  0.0%)   0.0089 (  0.0%)   0.0089 (  0.0%)  Combine redundant instructions
   0.0089 (  0.0%)   0.0000 (  0.0%)   0.0089 (  0.0%)   0.0089 (  0.0%)  Infer PPPO for array-to-streams
   0.0088 (  0.0%)   0.0000 (  0.0%)   0.0088 (  0.0%)   0.0088 (  0.0%)  Value Propagation
   0.0088 (  0.0%)   0.0000 (  0.0%)   0.0088 (  0.0%)   0.0088 (  0.0%)  CallGraph Construction
   0.0088 (  0.0%)   0.0000 (  0.0%)   0.0088 (  0.0%)   0.0088 (  0.0%)  CallGraph Construction
   0.0048 (  0.0%)   0.0040 (  0.5%)   0.0088 (  0.0%)   0.0088 (  0.0%)  ArrayReshape - Reshape Arrays into Wider Arrays
   0.0088 (  0.0%)   0.0000 (  0.0%)   0.0088 (  0.0%)   0.0088 (  0.0%)  Resolve full load/store
   0.0087 (  0.0%)   0.0000 (  0.0%)   0.0087 (  0.0%)   0.0087 (  0.0%)  CallGraph Construction
   0.0086 (  0.0%)   0.0000 (  0.0%)   0.0086 (  0.0%)   0.0086 (  0.0%)  CallGraph Construction
   0.0086 (  0.0%)   0.0000 (  0.0%)   0.0086 (  0.0%)   0.0086 (  0.0%)  CallGraph Construction
   0.0084 (  0.0%)   0.0000 (  0.0%)   0.0084 (  0.0%)   0.0084 (  0.0%)  CallGraph Construction
   0.0084 (  0.0%)   0.0000 (  0.0%)   0.0084 (  0.0%)   0.0084 (  0.0%)  CallGraph Construction
   0.0084 (  0.0%)   0.0000 (  0.0%)   0.0084 (  0.0%)   0.0084 (  0.0%)  CallGraph Construction
   0.0083 (  0.0%)   0.0000 (  0.0%)   0.0083 (  0.0%)   0.0083 (  0.0%)  CallGraph Construction
   0.0083 (  0.0%)   0.0000 (  0.0%)   0.0083 (  0.0%)   0.0083 (  0.0%)  Array abnormal access check
   0.0082 (  0.0%)   0.0000 (  0.0%)   0.0082 (  0.0%)   0.0082 (  0.0%)  CallGraph Construction
   0.0082 (  0.0%)   0.0000 (  0.0%)   0.0082 (  0.0%)   0.0082 (  0.0%)  Scalar Evolution Analysis
   0.0078 (  0.0%)   0.0000 (  0.0%)   0.0078 (  0.0%)   0.0078 (  0.0%)  Lazy Value Information Analysis
   0.0076 (  0.0%)   0.0000 (  0.0%)   0.0076 (  0.0%)   0.0076 (  0.0%)  CallGraph Construction
   0.0075 (  0.0%)   0.0000 (  0.0%)   0.0075 (  0.0%)   0.0075 (  0.0%)  Lazy Value Information Analysis
   0.0075 (  0.0%)   0.0000 (  0.0%)   0.0075 (  0.0%)   0.0075 (  0.0%)  CallGraph Construction
   0.0075 (  0.0%)   0.0000 (  0.0%)   0.0075 (  0.0%)   0.0075 (  0.0%)  Remove unreachable basic blocks under switch
   0.0075 (  0.0%)   0.0000 (  0.0%)   0.0075 (  0.0%)   0.0075 (  0.0%)  CallGraph Construction
   0.0074 (  0.0%)   0.0000 (  0.0%)   0.0074 (  0.0%)   0.0074 (  0.0%)  Disaggregation preprocessing
   0.0074 (  0.0%)   0.0000 (  0.0%)   0.0074 (  0.0%)   0.0074 (  0.0%)  Array abnormal access check
   0.0074 (  0.0%)   0.0000 (  0.0%)   0.0074 (  0.0%)   0.0074 (  0.0%)  CallGraph Construction
   0.0074 (  0.0%)   0.0000 (  0.0%)   0.0074 (  0.0%)   0.0074 (  0.0%)  Lazy Value Information Analysis
   0.0073 (  0.0%)   0.0000 (  0.0%)   0.0073 (  0.0%)   0.0073 (  0.0%)  Lazy Value Information Analysis
   0.0073 (  0.0%)   0.0000 (  0.0%)   0.0073 (  0.0%)   0.0073 (  0.0%)  Lazy Value Information Analysis
   0.0073 (  0.0%)   0.0000 (  0.0%)   0.0073 (  0.0%)   0.0073 (  0.0%)  CallGraph Construction
   0.0072 (  0.0%)   0.0000 (  0.0%)   0.0072 (  0.0%)   0.0072 (  0.0%)  CallGraph Construction
   0.0072 (  0.0%)   0.0000 (  0.0%)   0.0072 (  0.0%)   0.0072 (  0.0%)  CallGraph Construction
   0.0072 (  0.0%)   0.0000 (  0.0%)   0.0072 (  0.0%)   0.0072 (  0.0%)  Remove unreachable basic blocks under switch
   0.0068 (  0.0%)   0.0004 (  0.0%)   0.0072 (  0.0%)   0.0072 (  0.0%)  CallGraph Construction
   0.0072 (  0.0%)   0.0000 (  0.0%)   0.0072 (  0.0%)   0.0072 (  0.0%)  Remove unreachable basic blocks under switch
   0.0058 (  0.0%)   0.0014 (  0.2%)   0.0072 (  0.0%)   0.0072 (  0.0%)  CallGraph Construction
   0.0071 (  0.0%)   0.0000 (  0.0%)   0.0071 (  0.0%)   0.0071 (  0.0%)  Memory Summary
   0.0046 (  0.0%)   0.0025 (  0.3%)   0.0071 (  0.0%)   0.0071 (  0.0%)  CallGraph Construction
   0.0071 (  0.0%)   0.0000 (  0.0%)   0.0071 (  0.0%)   0.0071 (  0.0%)  Remove unreachable basic blocks under switch
   0.0071 (  0.0%)   0.0000 (  0.0%)   0.0071 (  0.0%)   0.0071 (  0.0%)  Remove unreachable basic blocks under switch
   0.0071 (  0.0%)   0.0000 (  0.0%)   0.0071 (  0.0%)   0.0071 (  0.0%)  CallGraph Construction
   0.0070 (  0.0%)   0.0000 (  0.0%)   0.0070 (  0.0%)   0.0070 (  0.0%)  Remove unreachable basic blocks under switch
   0.0070 (  0.0%)   0.0000 (  0.0%)   0.0070 (  0.0%)   0.0070 (  0.0%)  CallGraph Construction
   0.0036 (  0.0%)   0.0034 (  0.4%)   0.0070 (  0.0%)   0.0070 (  0.0%)  CallGraph Construction
   0.0052 (  0.0%)   0.0000 (  0.0%)   0.0052 (  0.0%)   0.0070 (  0.0%)  Promote 'by reference' arguments to scalars
   0.0070 (  0.0%)   0.0000 (  0.0%)   0.0070 (  0.0%)   0.0070 (  0.0%)  CallGraph Construction
   0.0070 (  0.0%)   0.0000 (  0.0%)   0.0070 (  0.0%)   0.0070 (  0.0%)  CallGraph Construction
   0.0070 (  0.0%)   0.0000 (  0.0%)   0.0070 (  0.0%)   0.0070 (  0.0%)  CallGraph Construction
   0.0070 (  0.0%)   0.0000 (  0.0%)   0.0070 (  0.0%)   0.0070 (  0.0%)  Special handling of axis with side-channels
   0.0070 (  0.0%)   0.0000 (  0.0%)   0.0070 (  0.0%)   0.0069 (  0.0%)  CallGraph Construction
   0.0069 (  0.0%)   0.0000 (  0.0%)   0.0069 (  0.0%)   0.0069 (  0.0%)  CallGraph Construction
   0.0069 (  0.0%)   0.0000 (  0.0%)   0.0069 (  0.0%)   0.0069 (  0.0%)  demangle Name to normal Name
   0.0069 (  0.0%)   0.0000 (  0.0%)   0.0069 (  0.0%)   0.0069 (  0.0%)  Array abnormal access check
   0.0069 (  0.0%)   0.0000 (  0.0%)   0.0069 (  0.0%)   0.0069 (  0.0%)  Remove unreachable basic blocks under switch
   0.0069 (  0.0%)   0.0001 (  0.0%)   0.0069 (  0.0%)   0.0069 (  0.0%)  SimplifyPredicate - Simplify predicate
   0.0067 (  0.0%)   0.0001 (  0.0%)   0.0069 (  0.0%)   0.0069 (  0.0%)  Dead Code Elimination
   0.0069 (  0.0%)   0.0000 (  0.0%)   0.0069 (  0.0%)   0.0069 (  0.0%)  Memory Summary
   0.0068 (  0.0%)   0.0000 (  0.0%)   0.0068 (  0.0%)   0.0068 (  0.0%)  CallGraph Construction
   0.0068 (  0.0%)   0.0000 (  0.0%)   0.0068 (  0.0%)   0.0068 (  0.0%)  CallGraph Construction
   0.0068 (  0.0%)   0.0000 (  0.0%)   0.0068 (  0.0%)   0.0068 (  0.0%)  CallGraph Construction
   0.0068 (  0.0%)   0.0000 (  0.0%)   0.0068 (  0.0%)   0.0068 (  0.0%)  ReflowCheckVarPragmaConflicts - check variable pragma conflicts in reflow
   0.0068 (  0.0%)   0.0000 (  0.0%)   0.0068 (  0.0%)   0.0068 (  0.0%)  Lazy Value Information Analysis
   0.0067 (  0.0%)   0.0000 (  0.0%)   0.0067 (  0.0%)   0.0067 (  0.0%)  Infer PPPO for array-to-streams
   0.0067 (  0.0%)   0.0000 (  0.0%)   0.0067 (  0.0%)   0.0067 (  0.0%)  Infer PPPO for array-to-streams
   0.0067 (  0.0%)   0.0000 (  0.0%)   0.0067 (  0.0%)   0.0067 (  0.0%)  Lazy Value Information Analysis
   0.0067 (  0.0%)   0.0000 (  0.0%)   0.0067 (  0.0%)   0.0067 (  0.0%)  Array abnormal access check
   0.0067 (  0.0%)   0.0000 (  0.0%)   0.0067 (  0.0%)   0.0067 (  0.0%)  Dead Code Elimination
   0.0067 (  0.0%)   0.0000 (  0.0%)   0.0067 (  0.0%)   0.0067 (  0.0%)  Array abnormal access check
   0.0067 (  0.0%)   0.0000 (  0.0%)   0.0067 (  0.0%)   0.0067 (  0.0%)  ProduceBurstMessages - Produce Burst Messages
   0.0067 (  0.0%)   0.0000 (  0.0%)   0.0067 (  0.0%)   0.0067 (  0.0%)  Lazy Value Information Analysis
   0.0066 (  0.0%)   0.0000 (  0.0%)   0.0066 (  0.0%)   0.0066 (  0.0%)  Lazy Value Information Analysis
   0.0066 (  0.0%)   0.0000 (  0.0%)   0.0066 (  0.0%)   0.0066 (  0.0%)  CallGraph Construction
   0.0066 (  0.0%)   0.0000 (  0.0%)   0.0066 (  0.0%)   0.0066 (  0.0%)  Array abnormal access check
   0.0065 (  0.0%)   0.0001 (  0.0%)   0.0065 (  0.0%)   0.0065 (  0.0%)  Dead Code Elimination
   0.0065 (  0.0%)   0.0000 (  0.0%)   0.0065 (  0.0%)   0.0065 (  0.0%)  AnnotateNoAlias - Annotate NoAlias Attribute on Arguments
   0.0063 (  0.0%)   0.0001 (  0.0%)   0.0064 (  0.0%)   0.0064 (  0.0%)  Scalar Evolution Analysis
   0.0064 (  0.0%)   0.0000 (  0.0%)   0.0064 (  0.0%)   0.0064 (  0.0%)  CallGraph Construction
   0.0064 (  0.0%)   0.0000 (  0.0%)   0.0064 (  0.0%)   0.0064 (  0.0%)   automatic parallel and pipeline insertion based performance constraint
   0.0061 (  0.0%)   0.0004 (  0.0%)   0.0065 (  0.0%)   0.0064 (  0.0%)  Scalar Evolution Analysis
   0.0064 (  0.0%)   0.0000 (  0.0%)   0.0064 (  0.0%)   0.0063 (  0.0%)  Function duplication
   0.0062 (  0.0%)   0.0000 (  0.0%)   0.0062 (  0.0%)   0.0062 (  0.0%)  Remove unreachable basic blocks under switch
   0.0048 (  0.0%)   0.0014 (  0.2%)   0.0062 (  0.0%)   0.0062 (  0.0%)  Aggressive Dead Code Elimination
   0.0062 (  0.0%)   0.0000 (  0.0%)   0.0062 (  0.0%)   0.0062 (  0.0%)  AutoDepPragmaInfer - Auto Dependence Pragma Infer
   0.0061 (  0.0%)   0.0000 (  0.0%)   0.0061 (  0.0%)   0.0061 (  0.0%)  AutoDepPragmaInfer - Auto Dependence Pragma Infer
   0.0061 (  0.0%)   0.0000 (  0.0%)   0.0061 (  0.0%)   0.0061 (  0.0%)  CallGraph Construction
   0.0061 (  0.0%)   0.0000 (  0.0%)   0.0061 (  0.0%)   0.0061 (  0.0%)  Remove unreachable basic blocks under switch
   0.0061 (  0.0%)   0.0001 (  0.0%)   0.0061 (  0.0%)   0.0061 (  0.0%)  Remove unreachable basic blocks under switch
   0.0049 (  0.0%)   0.0013 (  0.2%)   0.0062 (  0.0%)   0.0061 (  0.0%)  Function Alias Analysis Results
   0.0045 (  0.0%)   0.0000 (  0.0%)   0.0045 (  0.0%)   0.0061 (  0.0%)  Pragma preprocessing after clang
   0.0061 (  0.0%)   0.0000 (  0.0%)   0.0061 (  0.0%)   0.0061 (  0.0%)  Lower directive scopes
   0.0060 (  0.0%)   0.0000 (  0.0%)   0.0060 (  0.0%)   0.0060 (  0.0%)  Remove unreachable basic blocks under switch
   0.0060 (  0.0%)   0.0000 (  0.0%)   0.0060 (  0.0%)   0.0060 (  0.0%)  Remove unreachable basic blocks under switch
   0.0060 (  0.0%)   0.0000 (  0.0%)   0.0060 (  0.0%)   0.0060 (  0.0%)  Remove unreachable basic blocks under switch
   0.0060 (  0.0%)   0.0000 (  0.0%)   0.0060 (  0.0%)   0.0060 (  0.0%)  Remove unreachable basic blocks under switch
   0.0060 (  0.0%)   0.0000 (  0.0%)   0.0060 (  0.0%)   0.0060 (  0.0%)  Remove unreachable basic blocks under switch
   0.0060 (  0.0%)   0.0000 (  0.0%)   0.0060 (  0.0%)   0.0060 (  0.0%)  Remove unreachable basic blocks under switch
   0.0059 (  0.0%)   0.0000 (  0.0%)   0.0059 (  0.0%)   0.0059 (  0.0%)  Remove unreachable basic blocks under switch
   0.0059 (  0.0%)   0.0000 (  0.0%)   0.0059 (  0.0%)   0.0059 (  0.0%)  Remove unreachable basic blocks under switch
   0.0058 (  0.0%)   0.0000 (  0.0%)   0.0059 (  0.0%)   0.0058 (  0.0%)  SimplifyPredicate - Simplify predicate
   0.0058 (  0.0%)   0.0000 (  0.0%)   0.0058 (  0.0%)   0.0058 (  0.0%)  InterfaceEncodingChange - Change Interface Encoding format
   0.0058 (  0.0%)   0.0000 (  0.0%)   0.0058 (  0.0%)   0.0058 (  0.0%)  Resolve full load/store
   0.0043 (  0.0%)   0.0014 (  0.2%)   0.0057 (  0.0%)   0.0057 (  0.0%)  Function Alias Analysis Results
   0.0056 (  0.0%)   0.0000 (  0.0%)   0.0056 (  0.0%)   0.0056 (  0.0%)  AnnotateNoAlias - Annotate NoAlias Attribute on Arguments
   0.0055 (  0.0%)   0.0000 (  0.0%)   0.0056 (  0.0%)   0.0056 (  0.0%)  Eliminate pointer selection for FIFO
   0.0055 (  0.0%)   0.0000 (  0.0%)   0.0055 (  0.0%)   0.0055 (  0.0%)  Dead Global Elimination
   0.0054 (  0.0%)   0.0000 (  0.0%)   0.0054 (  0.0%)   0.0054 (  0.0%)  Object Decomposition
   0.0052 (  0.0%)   0.0000 (  0.0%)   0.0052 (  0.0%)   0.0052 (  0.0%)  Lazy Value Information Analysis
   0.0052 (  0.0%)   0.0000 (  0.0%)   0.0052 (  0.0%)   0.0052 (  0.0%)  Scalarize vector operations
   0.0051 (  0.0%)   0.0000 (  0.0%)   0.0051 (  0.0%)   0.0051 (  0.0%)  Aggressive Dead Code Elimination
   0.0050 (  0.0%)   0.0000 (  0.0%)   0.0050 (  0.0%)   0.0050 (  0.0%)  Lazy Value Information Analysis
   0.0050 (  0.0%)   0.0000 (  0.0%)   0.0050 (  0.0%)   0.0050 (  0.0%)  Lazy Value Information Analysis
   0.0050 (  0.0%)   0.0000 (  0.0%)   0.0050 (  0.0%)   0.0050 (  0.0%)  Lazy Value Information Analysis
   0.0050 (  0.0%)   0.0000 (  0.0%)   0.0050 (  0.0%)   0.0050 (  0.0%)  Lazy Value Information Analysis
   0.0050 (  0.0%)   0.0000 (  0.0%)   0.0050 (  0.0%)   0.0050 (  0.0%)  Lazy Value Information Analysis
   0.0049 (  0.0%)   0.0001 (  0.0%)   0.0049 (  0.0%)   0.0049 (  0.0%)  Lazy Value Information Analysis
   0.0049 (  0.0%)   0.0000 (  0.0%)   0.0049 (  0.0%)   0.0049 (  0.0%)  Lazy Value Information Analysis
   0.0034 (  0.0%)   0.0000 (  0.0%)   0.0034 (  0.0%)   0.0049 (  0.0%)  Generate IR Wrapper
   0.0048 (  0.0%)   0.0000 (  0.0%)   0.0049 (  0.0%)   0.0049 (  0.0%)  Aggressive Dead Code Elimination
   0.0049 (  0.0%)   0.0000 (  0.0%)   0.0049 (  0.0%)   0.0049 (  0.0%)  Lazy Value Information Analysis
   0.0049 (  0.0%)   0.0000 (  0.0%)   0.0049 (  0.0%)   0.0049 (  0.0%)  Lazy Value Information Analysis
   0.0048 (  0.0%)   0.0000 (  0.0%)   0.0048 (  0.0%)   0.0048 (  0.0%)  Lazy Value Information Analysis
   0.0048 (  0.0%)   0.0000 (  0.0%)   0.0048 (  0.0%)   0.0048 (  0.0%)  Lazy Value Information Analysis
   0.0048 (  0.0%)   0.0000 (  0.0%)   0.0048 (  0.0%)   0.0048 (  0.0%)  Lazy Value Information Analysis
   0.0048 (  0.0%)   0.0000 (  0.0%)   0.0048 (  0.0%)   0.0048 (  0.0%)  Lazy Value Information Analysis
   0.0047 (  0.0%)   0.0000 (  0.0%)   0.0047 (  0.0%)   0.0047 (  0.0%)  Lazy Value Information Analysis
   0.0047 (  0.0%)   0.0000 (  0.0%)   0.0047 (  0.0%)   0.0047 (  0.0%)  Lazy Value Information Analysis
   0.0047 (  0.0%)   0.0000 (  0.0%)   0.0047 (  0.0%)   0.0047 (  0.0%)  Lazy Value Information Analysis
   0.0047 (  0.0%)   0.0000 (  0.0%)   0.0047 (  0.0%)   0.0047 (  0.0%)  Lazy Value Information Analysis
   0.0047 (  0.0%)   0.0000 (  0.0%)   0.0047 (  0.0%)   0.0047 (  0.0%)  Lazy Value Information Analysis
   0.0046 (  0.0%)   0.0000 (  0.0%)   0.0046 (  0.0%)   0.0046 (  0.0%)  Lazy Value Information Analysis
   0.0046 (  0.0%)   0.0000 (  0.0%)   0.0046 (  0.0%)   0.0046 (  0.0%)  Lazy Value Information Analysis
   0.0046 (  0.0%)   0.0000 (  0.0%)   0.0046 (  0.0%)   0.0046 (  0.0%)  Lazy Value Information Analysis
   0.0046 (  0.0%)   0.0000 (  0.0%)   0.0046 (  0.0%)   0.0046 (  0.0%)  Aggressive Dead Code Elimination
   0.0045 (  0.0%)   0.0001 (  0.0%)   0.0046 (  0.0%)   0.0046 (  0.0%)  Lazy Value Information Analysis
   0.0045 (  0.0%)   0.0000 (  0.0%)   0.0045 (  0.0%)   0.0046 (  0.0%)  Lazy Value Information Analysis
   0.0030 (  0.0%)   0.0002 (  0.0%)   0.0032 (  0.0%)   0.0045 (  0.0%)  Infer complete unroll based on pipeline pragma
   0.0045 (  0.0%)   0.0000 (  0.0%)   0.0045 (  0.0%)   0.0045 (  0.0%)  Simple constant propagation
   0.0023 (  0.0%)   0.0022 (  0.3%)   0.0045 (  0.0%)   0.0045 (  0.0%)  Dead Argument Elimination
   0.0040 (  0.0%)   0.0003 (  0.0%)   0.0044 (  0.0%)   0.0044 (  0.0%)  Value Propagation
   0.0041 (  0.0%)   0.0003 (  0.0%)   0.0044 (  0.0%)   0.0044 (  0.0%)  MemSSAOpt - Memory SSA based optimizations
   0.0043 (  0.0%)   0.0000 (  0.0%)   0.0043 (  0.0%)   0.0043 (  0.0%)  Value Propagation
   0.0043 (  0.0%)   0.0000 (  0.0%)   0.0043 (  0.0%)   0.0043 (  0.0%)  Aggressive Dead Code Elimination
   0.0043 (  0.0%)   0.0000 (  0.0%)   0.0043 (  0.0%)   0.0043 (  0.0%)  Dominator Tree Construction
   0.0042 (  0.0%)   0.0001 (  0.0%)   0.0043 (  0.0%)   0.0043 (  0.0%)  Value Propagation
   0.0042 (  0.0%)   0.0000 (  0.0%)   0.0042 (  0.0%)   0.0042 (  0.0%)  Collect complexity metrics for FE reflow
   0.0008 (  0.0%)   0.0017 (  0.2%)   0.0025 (  0.0%)   0.0041 (  0.0%)  Promote Memory to Register
   0.0041 (  0.0%)   0.0000 (  0.0%)   0.0041 (  0.0%)   0.0041 (  0.0%)  Deduce function attributes
   0.0040 (  0.0%)   0.0000 (  0.0%)   0.0040 (  0.0%)   0.0040 (  0.0%)  Lazy Value Information Analysis
   0.0038 (  0.0%)   0.0002 (  0.0%)   0.0040 (  0.0%)   0.0040 (  0.0%)  Aggressive Dead Code Elimination
   0.0039 (  0.0%)   0.0000 (  0.0%)   0.0039 (  0.0%)   0.0039 (  0.0%)  Remove redundant instructions
   0.0039 (  0.0%)   0.0000 (  0.0%)   0.0039 (  0.0%)   0.0039 (  0.0%)  Aggressive Dead Code Elimination
   0.0038 (  0.0%)   0.0000 (  0.0%)   0.0038 (  0.0%)   0.0038 (  0.0%)  Dead Argument Elimination
   0.0038 (  0.0%)   0.0000 (  0.0%)   0.0038 (  0.0%)   0.0038 (  0.0%)  Lazy Value Information Analysis
   0.0038 (  0.0%)   0.0000 (  0.0%)   0.0038 (  0.0%)   0.0038 (  0.0%)  Dead Argument Elimination
   0.0037 (  0.0%)   0.0001 (  0.0%)   0.0037 (  0.0%)   0.0037 (  0.0%)  Aggressive Dead Code Elimination
   0.0037 (  0.0%)   0.0000 (  0.0%)   0.0037 (  0.0%)   0.0037 (  0.0%)  Optimize multiple instructions
   0.0037 (  0.0%)   0.0000 (  0.0%)   0.0037 (  0.0%)   0.0037 (  0.0%)  Deduce function attributes
   0.0037 (  0.0%)   0.0001 (  0.0%)   0.0037 (  0.0%)   0.0037 (  0.0%)  Aggressive Dead Code Elimination
   0.0036 (  0.0%)   0.0000 (  0.0%)   0.0036 (  0.0%)   0.0036 (  0.0%)  Dead Argument Elimination
   0.0034 (  0.0%)   0.0001 (  0.0%)   0.0036 (  0.0%)   0.0036 (  0.0%)  Aggressive Dead Code Elimination
   0.0035 (  0.0%)   0.0000 (  0.0%)   0.0035 (  0.0%)   0.0035 (  0.0%)  Remove redundant instructions
   0.0035 (  0.0%)   0.0000 (  0.0%)   0.0035 (  0.0%)   0.0035 (  0.0%)  Scalar Evolution Analysis
   0.0035 (  0.0%)   0.0000 (  0.0%)   0.0035 (  0.0%)   0.0035 (  0.0%)  Dead Argument Elimination
   0.0033 (  0.0%)   0.0002 (  0.0%)   0.0034 (  0.0%)   0.0034 (  0.0%)  Remove redundant instructions
   0.0033 (  0.0%)   0.0001 (  0.0%)   0.0034 (  0.0%)   0.0034 (  0.0%)  Remove redundant instructions
   0.0034 (  0.0%)   0.0000 (  0.0%)   0.0034 (  0.0%)   0.0034 (  0.0%)  Remove redundant instructions
   0.0020 (  0.0%)   0.0002 (  0.0%)   0.0021 (  0.0%)   0.0033 (  0.0%)  Memory SSA
   0.0032 (  0.0%)   0.0000 (  0.0%)   0.0032 (  0.0%)   0.0032 (  0.0%)  Dead Argument Elimination
   0.0030 (  0.0%)   0.0000 (  0.0%)   0.0030 (  0.0%)   0.0030 (  0.0%)  Array out of bound check
   0.0029 (  0.0%)   0.0001 (  0.0%)   0.0030 (  0.0%)   0.0029 (  0.0%)  Produce message if basic block has too many instructions
   0.0007 (  0.0%)   0.0000 (  0.0%)   0.0007 (  0.0%)   0.0027 (  0.0%)  Loop Load Elimination
   0.0027 (  0.0%)   0.0000 (  0.0%)   0.0027 (  0.0%)   0.0027 (  0.0%)  Dead Argument Elimination
   0.0027 (  0.0%)   0.0000 (  0.0%)   0.0027 (  0.0%)   0.0027 (  0.0%)  Deduce function attributes
   0.0024 (  0.0%)   0.0003 (  0.0%)   0.0027 (  0.0%)   0.0027 (  0.0%)  Divergence Analysis
   0.0027 (  0.0%)   0.0000 (  0.0%)   0.0027 (  0.0%)   0.0027 (  0.0%)  Collect complexity metrics for FE reflow
   0.0026 (  0.0%)   0.0000 (  0.0%)   0.0026 (  0.0%)   0.0026 (  0.0%)  Dead Global Elimination
   0.0015 (  0.0%)   0.0010 (  0.1%)   0.0025 (  0.0%)   0.0025 (  0.0%)  Combine redundant instructions
   0.0024 (  0.0%)   0.0001 (  0.0%)   0.0025 (  0.0%)   0.0025 (  0.0%)  Divergence Analysis
   0.0024 (  0.0%)   0.0000 (  0.0%)   0.0024 (  0.0%)   0.0024 (  0.0%)  Array abnormal access check
   0.0023 (  0.0%)   0.0000 (  0.0%)   0.0023 (  0.0%)   0.0023 (  0.0%)  Dead Global Elimination
   0.0023 (  0.0%)   0.0000 (  0.0%)   0.0023 (  0.0%)   0.0023 (  0.0%)  Dead Global Elimination
   0.0022 (  0.0%)   0.0000 (  0.0%)   0.0022 (  0.0%)   0.0022 (  0.0%)  Dead Global Elimination
   0.0022 (  0.0%)   0.0000 (  0.0%)   0.0022 (  0.0%)   0.0022 (  0.0%)  Dead Global Elimination
   0.0015 (  0.0%)   0.0006 (  0.1%)   0.0021 (  0.0%)   0.0021 (  0.0%)  Dead Store Elimination
   0.0021 (  0.0%)   0.0000 (  0.0%)   0.0021 (  0.0%)   0.0021 (  0.0%)  CallGraph Construction
   0.0019 (  0.0%)   0.0002 (  0.0%)   0.0021 (  0.0%)   0.0021 (  0.0%)  Memory Summary
   0.0000 (  0.0%)   0.0020 (  0.3%)   0.0020 (  0.0%)   0.0020 (  0.0%)  dump pragma info via xml format
   0.0019 (  0.0%)   0.0000 (  0.0%)   0.0019 (  0.0%)   0.0019 (  0.0%)  CallGraph Construction
   0.0019 (  0.0%)   0.0000 (  0.0%)   0.0019 (  0.0%)   0.0019 (  0.0%)  CallGraph Construction
   0.0018 (  0.0%)   0.0001 (  0.0%)   0.0019 (  0.0%)   0.0019 (  0.0%)  Divergence Analysis
   0.0019 (  0.0%)   0.0000 (  0.0%)   0.0019 (  0.0%)   0.0019 (  0.0%)  Natural Loop Information
   0.0017 (  0.0%)   0.0001 (  0.0%)   0.0018 (  0.0%)   0.0018 (  0.0%)  Divergence Analysis
   0.0018 (  0.0%)   0.0000 (  0.0%)   0.0018 (  0.0%)   0.0018 (  0.0%)  Eliminate dead debug information intrinsic
   0.0017 (  0.0%)   0.0000 (  0.0%)   0.0017 (  0.0%)   0.0017 (  0.0%)  Lower tasks into dataflow form
   0.0014 (  0.0%)   0.0004 (  0.0%)   0.0017 (  0.0%)   0.0017 (  0.0%)  Optimize multiple instructions
   0.0002 (  0.0%)   0.0000 (  0.0%)   0.0002 (  0.0%)   0.0017 (  0.0%)  Infer set function attributes
   0.0002 (  0.0%)   0.0015 (  0.2%)   0.0017 (  0.0%)   0.0017 (  0.0%)  CallGraph Construction
   0.0017 (  0.0%)   0.0000 (  0.0%)   0.0017 (  0.0%)   0.0017 (  0.0%)  CallGraph Construction
   0.0016 (  0.0%)   0.0000 (  0.0%)   0.0016 (  0.0%)   0.0016 (  0.0%)  Dead Global Elimination
   0.0014 (  0.0%)   0.0002 (  0.0%)   0.0016 (  0.0%)   0.0016 (  0.0%)  CallGraph Construction
   0.0013 (  0.0%)   0.0003 (  0.0%)   0.0016 (  0.0%)   0.0016 (  0.0%)  Basic Alias Analysis (stateless AA impl)
   0.0003 (  0.0%)   0.0000 (  0.0%)   0.0003 (  0.0%)   0.0015 (  0.0%)  DefaultInterfaceBuilderNew - Build Default Top Interface
   0.0015 (  0.0%)   0.0000 (  0.0%)   0.0015 (  0.0%)   0.0015 (  0.0%)  Interprocedural Sparse Conditional Constant Propagation
   0.0008 (  0.0%)   0.0000 (  0.0%)   0.0009 (  0.0%)   0.0015 (  0.0%)  Dead Argument Elimination
   0.0012 (  0.0%)   0.0002 (  0.0%)   0.0015 (  0.0%)   0.0015 (  0.0%)  Infer nuw/nsw flags for instructions
   0.0011 (  0.0%)   0.0003 (  0.0%)   0.0014 (  0.0%)   0.0014 (  0.0%)  ROM inference pass
   0.0002 (  0.0%)   0.0000 (  0.0%)   0.0002 (  0.0%)   0.0014 (  0.0%)  ShiftRegInference - Automatic Shift Register Inference
   0.0014 (  0.0%)   0.0000 (  0.0%)   0.0014 (  0.0%)   0.0014 (  0.0%)  Dead Instruction Elimination
   0.0013 (  0.0%)   0.0001 (  0.0%)   0.0014 (  0.0%)   0.0014 (  0.0%)  Rotate Loops
   0.0003 (  0.0%)   0.0002 (  0.0%)   0.0005 (  0.0%)   0.0014 (  0.0%)  Dead Global Elimination
   0.0013 (  0.0%)   0.0000 (  0.0%)   0.0013 (  0.0%)   0.0012 (  0.0%)  Simplify the CFG
   0.0010 (  0.0%)   0.0003 (  0.0%)   0.0013 (  0.0%)   0.0012 (  0.0%)  Scalar Evolution Analysis
   0.0012 (  0.0%)   0.0000 (  0.0%)   0.0012 (  0.0%)   0.0012 (  0.0%)  Dominator Tree Construction
   0.0012 (  0.0%)   0.0000 (  0.0%)   0.0012 (  0.0%)   0.0012 (  0.0%)  AnnotateNoAlias - Annotate NoAlias Attribute on Arguments
   0.0012 (  0.0%)   0.0000 (  0.0%)   0.0012 (  0.0%)   0.0012 (  0.0%)  Scalar Evolution Analysis
   0.0010 (  0.0%)   0.0002 (  0.0%)   0.0012 (  0.0%)   0.0012 (  0.0%)  Dominator Tree Construction
   0.0012 (  0.0%)   0.0000 (  0.0%)   0.0012 (  0.0%)   0.0012 (  0.0%)  Function Alias Analysis Results
   0.0003 (  0.0%)   0.0009 (  0.1%)   0.0012 (  0.0%)   0.0012 (  0.0%)  Dominator Tree Construction
   0.0010 (  0.0%)   0.0002 (  0.0%)   0.0012 (  0.0%)   0.0012 (  0.0%)  Function Alias Analysis Results
   0.0011 (  0.0%)   0.0000 (  0.0%)   0.0012 (  0.0%)   0.0012 (  0.0%)  Simplify the CFG
   0.0012 (  0.0%)   0.0000 (  0.0%)   0.0012 (  0.0%)   0.0012 (  0.0%)  Print module to file
   0.0009 (  0.0%)   0.0002 (  0.0%)   0.0012 (  0.0%)   0.0012 (  0.0%)  Dominator Tree Construction
   0.0012 (  0.0%)   0.0000 (  0.0%)   0.0012 (  0.0%)   0.0011 (  0.0%)  Function Alias Analysis Results
   0.0011 (  0.0%)   0.0000 (  0.0%)   0.0011 (  0.0%)   0.0011 (  0.0%)  Critical Path Aanlysis
   0.0011 (  0.0%)   0.0000 (  0.0%)   0.0011 (  0.0%)   0.0011 (  0.0%)  Function Alias Analysis Results
   0.0010 (  0.0%)   0.0001 (  0.0%)   0.0011 (  0.0%)   0.0011 (  0.0%)  Simplify the CFG
   0.0011 (  0.0%)   0.0000 (  0.0%)   0.0011 (  0.0%)   0.0011 (  0.0%)  Scalar Evolution Analysis
   0.0007 (  0.0%)   0.0003 (  0.0%)   0.0011 (  0.0%)   0.0011 (  0.0%)  Function Alias Analysis Results
   0.0009 (  0.0%)   0.0002 (  0.0%)   0.0011 (  0.0%)   0.0011 (  0.0%)  Function Alias Analysis Results
   0.0011 (  0.0%)   0.0000 (  0.0%)   0.0011 (  0.0%)   0.0011 (  0.0%)  SROA
   0.0008 (  0.0%)   0.0002 (  0.0%)   0.0011 (  0.0%)   0.0011 (  0.0%)  Combine redundant instructions
   0.0008 (  0.0%)   0.0002 (  0.0%)   0.0011 (  0.0%)   0.0011 (  0.0%)  Scalar Evolution Analysis
   0.0009 (  0.0%)   0.0001 (  0.0%)   0.0011 (  0.0%)   0.0010 (  0.0%)  Function Alias Analysis Results
   0.0008 (  0.0%)   0.0002 (  0.0%)   0.0010 (  0.0%)   0.0010 (  0.0%)  InferXCLAttributes - Infer XCL attributes
   0.0010 (  0.0%)   0.0000 (  0.0%)   0.0010 (  0.0%)   0.0010 (  0.0%)  Simplify the CFG
   0.0010 (  0.0%)   0.0001 (  0.0%)   0.0010 (  0.0%)   0.0010 (  0.0%)  Dominator Tree Construction
   0.0008 (  0.0%)   0.0002 (  0.0%)   0.0010 (  0.0%)   0.0010 (  0.0%)  Dominator Tree Construction
   0.0009 (  0.0%)   0.0001 (  0.0%)   0.0010 (  0.0%)   0.0010 (  0.0%)  Function Alias Analysis Results
   0.0010 (  0.0%)   0.0000 (  0.0%)   0.0010 (  0.0%)   0.0010 (  0.0%)  CallGraph Construction
   0.0009 (  0.0%)   0.0001 (  0.0%)   0.0010 (  0.0%)   0.0010 (  0.0%)  Function Alias Analysis Results
   0.0010 (  0.0%)   0.0000 (  0.0%)   0.0010 (  0.0%)   0.0010 (  0.0%)  LegacyShiftRegisterRecognize - Recognize shift registers and memory
   0.0005 (  0.0%)   0.0005 (  0.1%)   0.0010 (  0.0%)   0.0010 (  0.0%)  Function Alias Analysis Results
   0.0010 (  0.0%)   0.0000 (  0.0%)   0.0010 (  0.0%)   0.0010 (  0.0%)  Dump HBM driver helper code
   0.0010 (  0.0%)   0.0000 (  0.0%)   0.0010 (  0.0%)   0.0010 (  0.0%)  Scalar Evolution Analysis
   0.0008 (  0.0%)   0.0002 (  0.0%)   0.0010 (  0.0%)   0.0010 (  0.0%)  Natural Loop Information
   0.0008 (  0.0%)   0.0002 (  0.0%)   0.0010 (  0.0%)   0.0009 (  0.0%)  Dominator Tree Construction
   0.0006 (  0.0%)   0.0004 (  0.0%)   0.0010 (  0.0%)   0.0009 (  0.0%)  Function Alias Analysis Results
   0.0009 (  0.0%)   0.0000 (  0.0%)   0.0009 (  0.0%)   0.0009 (  0.0%)  CallGraph Construction
   0.0008 (  0.0%)   0.0001 (  0.0%)   0.0009 (  0.0%)   0.0009 (  0.0%)  Function Alias Analysis Results
   0.0009 (  0.0%)   0.0000 (  0.0%)   0.0009 (  0.0%)   0.0009 (  0.0%)  Infer PPPO for array-to-streams
   0.0009 (  0.0%)   0.0000 (  0.0%)   0.0009 (  0.0%)   0.0009 (  0.0%)  Function Alias Analysis Results
   0.0009 (  0.0%)   0.0000 (  0.0%)   0.0009 (  0.0%)   0.0009 (  0.0%)  Function Alias Analysis Results
   0.0009 (  0.0%)   0.0000 (  0.0%)   0.0009 (  0.0%)   0.0009 (  0.0%)  Function Alias Analysis Results
   0.0008 (  0.0%)   0.0001 (  0.0%)   0.0009 (  0.0%)   0.0009 (  0.0%)  Function Alias Analysis Results
   0.0007 (  0.0%)   0.0003 (  0.0%)   0.0009 (  0.0%)   0.0009 (  0.0%)  Induction Variable Simplification
   0.0009 (  0.0%)   0.0000 (  0.0%)   0.0009 (  0.0%)   0.0009 (  0.0%)  CallGraph Construction
   0.0006 (  0.0%)   0.0004 (  0.0%)   0.0009 (  0.0%)   0.0009 (  0.0%)  Function Alias Analysis Results
   0.0006 (  0.0%)   0.0004 (  0.0%)   0.0009 (  0.0%)   0.0009 (  0.0%)  Function Alias Analysis Results
   0.0008 (  0.0%)   0.0001 (  0.0%)   0.0009 (  0.0%)   0.0009 (  0.0%)  Function Alias Analysis Results
   0.0009 (  0.0%)   0.0000 (  0.0%)   0.0009 (  0.0%)   0.0009 (  0.0%)  Induction Variable Simplification
   0.0009 (  0.0%)   0.0000 (  0.0%)   0.0009 (  0.0%)   0.0009 (  0.0%)  Scalar Evolution Analysis
   0.0006 (  0.0%)   0.0003 (  0.0%)   0.0009 (  0.0%)   0.0009 (  0.0%)  Function Alias Analysis Results
   0.0009 (  0.0%)   0.0000 (  0.0%)   0.0009 (  0.0%)   0.0009 (  0.0%)  Function Alias Analysis Results
   0.0009 (  0.0%)   0.0000 (  0.0%)   0.0009 (  0.0%)   0.0009 (  0.0%)  Scalar Evolution Analysis
   0.0005 (  0.0%)   0.0004 (  0.1%)   0.0009 (  0.0%)   0.0009 (  0.0%)  Function Alias Analysis Results
   0.0009 (  0.0%)   0.0000 (  0.0%)   0.0009 (  0.0%)   0.0009 (  0.0%)  Eliminate dead debug information intrinsic
   0.0009 (  0.0%)   0.0000 (  0.0%)   0.0009 (  0.0%)   0.0009 (  0.0%)  CallGraph Construction
   0.0009 (  0.0%)   0.0000 (  0.0%)   0.0009 (  0.0%)   0.0009 (  0.0%)  Scalar Evolution Analysis
   0.0004 (  0.0%)   0.0005 (  0.1%)   0.0009 (  0.0%)   0.0009 (  0.0%)  Induction Variable Simplification
   0.0009 (  0.0%)   0.0000 (  0.0%)   0.0009 (  0.0%)   0.0009 (  0.0%)  Critical Path Aanlysis
   0.0008 (  0.0%)   0.0001 (  0.0%)   0.0009 (  0.0%)   0.0009 (  0.0%)  Function Alias Analysis Results
   0.0009 (  0.0%)   0.0000 (  0.0%)   0.0009 (  0.0%)   0.0009 (  0.0%)  Critical Path Aanlysis
   0.0007 (  0.0%)   0.0002 (  0.0%)   0.0009 (  0.0%)   0.0009 (  0.0%)  Natural Loop Information
   0.0009 (  0.0%)   0.0000 (  0.0%)   0.0009 (  0.0%)   0.0009 (  0.0%)  Auto automatic array partition filter analysis
   0.0009 (  0.0%)   0.0000 (  0.0%)   0.0009 (  0.0%)   0.0009 (  0.0%)  Eliminate dead debug information intrinsic
   0.0008 (  0.0%)   0.0000 (  0.0%)   0.0009 (  0.0%)   0.0009 (  0.0%)  Eliminate dead debug information intrinsic
   0.0008 (  0.0%)   0.0000 (  0.0%)   0.0008 (  0.0%)   0.0009 (  0.0%)  Dominator Tree Construction
   0.0008 (  0.0%)   0.0000 (  0.0%)   0.0008 (  0.0%)   0.0008 (  0.0%)  Function Alias Analysis Results
   0.0008 (  0.0%)   0.0000 (  0.0%)   0.0008 (  0.0%)   0.0008 (  0.0%)  Normalize condition on switch-cases and muxes
   0.0008 (  0.0%)   0.0000 (  0.0%)   0.0008 (  0.0%)   0.0008 (  0.0%)  Function Alias Analysis Results
   0.0008 (  0.0%)   0.0000 (  0.0%)   0.0008 (  0.0%)   0.0008 (  0.0%)  Function Alias Analysis Results
   0.0008 (  0.0%)   0.0000 (  0.0%)   0.0008 (  0.0%)   0.0008 (  0.0%)  Function Alias Analysis Results
   0.0008 (  0.0%)   0.0000 (  0.0%)   0.0008 (  0.0%)   0.0008 (  0.0%)  Function Alias Analysis Results
   0.0008 (  0.0%)   0.0000 (  0.0%)   0.0008 (  0.0%)   0.0008 (  0.0%)  Simple constant propagation
   0.0008 (  0.0%)   0.0000 (  0.0%)   0.0008 (  0.0%)   0.0008 (  0.0%)  Eliminate dead debug information intrinsic
   0.0008 (  0.0%)   0.0000 (  0.0%)   0.0008 (  0.0%)   0.0008 (  0.0%)  Infer nuw/nsw flags for instructions
   0.0008 (  0.0%)   0.0000 (  0.0%)   0.0008 (  0.0%)   0.0008 (  0.0%)  Function Alias Analysis Results
   0.0008 (  0.0%)   0.0000 (  0.0%)   0.0008 (  0.0%)   0.0008 (  0.0%)  Function Alias Analysis Results
   0.0008 (  0.0%)   0.0000 (  0.0%)   0.0008 (  0.0%)   0.0008 (  0.0%)  Function Alias Analysis Results
   0.0007 (  0.0%)   0.0001 (  0.0%)   0.0008 (  0.0%)   0.0008 (  0.0%)  Function Alias Analysis Results
   0.0006 (  0.0%)   0.0001 (  0.0%)   0.0008 (  0.0%)   0.0008 (  0.0%)  Function Alias Analysis Results
   0.0008 (  0.0%)   0.0000 (  0.0%)   0.0008 (  0.0%)   0.0008 (  0.0%)  Dominator Tree Construction
   0.0007 (  0.0%)   0.0000 (  0.0%)   0.0008 (  0.0%)   0.0008 (  0.0%)  Natural Loop Information
   0.0006 (  0.0%)   0.0002 (  0.0%)   0.0008 (  0.0%)   0.0008 (  0.0%)  Natural Loop Information
   0.0004 (  0.0%)   0.0003 (  0.0%)   0.0008 (  0.0%)   0.0008 (  0.0%)  Induction Variable Simplification
   0.0007 (  0.0%)   0.0001 (  0.0%)   0.0008 (  0.0%)   0.0008 (  0.0%)  Function Alias Analysis Results
   0.0008 (  0.0%)   0.0000 (  0.0%)   0.0008 (  0.0%)   0.0008 (  0.0%)  Function Alias Analysis Results
   0.0008 (  0.0%)   0.0000 (  0.0%)   0.0008 (  0.0%)   0.0008 (  0.0%)  Function Alias Analysis Results
   0.0008 (  0.0%)   0.0000 (  0.0%)   0.0008 (  0.0%)   0.0008 (  0.0%)  Function Alias Analysis Results
   0.0005 (  0.0%)   0.0002 (  0.0%)   0.0007 (  0.0%)   0.0008 (  0.0%)  Function Alias Analysis Results
   0.0008 (  0.0%)   0.0000 (  0.0%)   0.0008 (  0.0%)   0.0007 (  0.0%)  Function Alias Analysis Results
   0.0007 (  0.0%)   0.0000 (  0.0%)   0.0007 (  0.0%)   0.0007 (  0.0%)  Function Alias Analysis Results
   0.0002 (  0.0%)   0.0000 (  0.0%)   0.0002 (  0.0%)   0.0007 (  0.0%)  SROA
   0.0003 (  0.0%)   0.0004 (  0.1%)   0.0007 (  0.0%)   0.0007 (  0.0%)  Remove unreachable basic blocks under switch
   0.0007 (  0.0%)   0.0000 (  0.0%)   0.0007 (  0.0%)   0.0007 (  0.0%)  Function Alias Analysis Results
   0.0007 (  0.0%)   0.0000 (  0.0%)   0.0007 (  0.0%)   0.0007 (  0.0%)  Function Alias Analysis Results
   0.0006 (  0.0%)   0.0002 (  0.0%)   0.0007 (  0.0%)   0.0007 (  0.0%)  Function Alias Analysis Results
   0.0007 (  0.0%)   0.0000 (  0.0%)   0.0007 (  0.0%)   0.0007 (  0.0%)  Function Alias Analysis Results
   0.0005 (  0.0%)   0.0002 (  0.0%)   0.0007 (  0.0%)   0.0007 (  0.0%)  Function Alias Analysis Results
   0.0007 (  0.0%)   0.0000 (  0.0%)   0.0007 (  0.0%)   0.0007 (  0.0%)  Function Alias Analysis Results
   0.0007 (  0.0%)   0.0000 (  0.0%)   0.0007 (  0.0%)   0.0007 (  0.0%)  Function Alias Analysis Results
   0.0007 (  0.0%)   0.0000 (  0.0%)   0.0007 (  0.0%)   0.0007 (  0.0%)  Function Alias Analysis Results
   0.0007 (  0.0%)   0.0000 (  0.0%)   0.0007 (  0.0%)   0.0007 (  0.0%)  Function Alias Analysis Results
   0.0007 (  0.0%)   0.0000 (  0.0%)   0.0007 (  0.0%)   0.0007 (  0.0%)  Pragma preprocessing after clang
   0.0007 (  0.0%)   0.0001 (  0.0%)   0.0007 (  0.0%)   0.0007 (  0.0%)  Function Alias Analysis Results
   0.0007 (  0.0%)   0.0000 (  0.0%)   0.0007 (  0.0%)   0.0007 (  0.0%)  Function Alias Analysis Results
   0.0006 (  0.0%)   0.0001 (  0.0%)   0.0007 (  0.0%)   0.0007 (  0.0%)  Function Alias Analysis Results
   0.0007 (  0.0%)   0.0000 (  0.0%)   0.0007 (  0.0%)   0.0007 (  0.0%)  Function Alias Analysis Results
   0.0006 (  0.0%)   0.0001 (  0.0%)   0.0007 (  0.0%)   0.0007 (  0.0%)  Function Alias Analysis Results
   0.0006 (  0.0%)   0.0001 (  0.0%)   0.0007 (  0.0%)   0.0007 (  0.0%)  Function Alias Analysis Results
   0.0007 (  0.0%)   0.0000 (  0.0%)   0.0007 (  0.0%)   0.0007 (  0.0%)  Function Alias Analysis Results
   0.0007 (  0.0%)   0.0000 (  0.0%)   0.0007 (  0.0%)   0.0007 (  0.0%)  Function Alias Analysis Results
   0.0007 (  0.0%)   0.0000 (  0.0%)   0.0007 (  0.0%)   0.0007 (  0.0%)  Assign names to anonymous instructions (structure based)
   0.0007 (  0.0%)   0.0000 (  0.0%)   0.0007 (  0.0%)   0.0007 (  0.0%)  Function Alias Analysis Results
   0.0005 (  0.0%)   0.0002 (  0.0%)   0.0007 (  0.0%)   0.0007 (  0.0%)  Function Alias Analysis Results
   0.0007 (  0.0%)   0.0000 (  0.0%)   0.0007 (  0.0%)   0.0007 (  0.0%)  Function Alias Analysis Results
   0.0007 (  0.0%)   0.0000 (  0.0%)   0.0007 (  0.0%)   0.0007 (  0.0%)  Function Alias Analysis Results
   0.0007 (  0.0%)   0.0000 (  0.0%)   0.0007 (  0.0%)   0.0007 (  0.0%)  Function Alias Analysis Results
   0.0007 (  0.0%)   0.0000 (  0.0%)   0.0007 (  0.0%)   0.0007 (  0.0%)  Function Alias Analysis Results
   0.0007 (  0.0%)   0.0000 (  0.0%)   0.0007 (  0.0%)   0.0007 (  0.0%)  Function Alias Analysis Results
   0.0007 (  0.0%)   0.0000 (  0.0%)   0.0007 (  0.0%)   0.0007 (  0.0%)  Function Alias Analysis Results
   0.0005 (  0.0%)   0.0002 (  0.0%)   0.0007 (  0.0%)   0.0007 (  0.0%)  Function Alias Analysis Results
   0.0007 (  0.0%)   0.0000 (  0.0%)   0.0007 (  0.0%)   0.0007 (  0.0%)  Remove unreachable basic blocks under switch
   0.0007 (  0.0%)   0.0000 (  0.0%)   0.0007 (  0.0%)   0.0007 (  0.0%)  Function Alias Analysis Results
   0.0007 (  0.0%)   0.0000 (  0.0%)   0.0007 (  0.0%)   0.0007 (  0.0%)  Function Alias Analysis Results
   0.0007 (  0.0%)   0.0000 (  0.0%)   0.0007 (  0.0%)   0.0007 (  0.0%)  Simplify types in the LLVM IR, redundant type hierarchy
   0.0007 (  0.0%)   0.0000 (  0.0%)   0.0007 (  0.0%)   0.0007 (  0.0%)  Function Alias Analysis Results
   0.0007 (  0.0%)   0.0000 (  0.0%)   0.0007 (  0.0%)   0.0007 (  0.0%)  Function Alias Analysis Results
   0.0006 (  0.0%)   0.0001 (  0.0%)   0.0007 (  0.0%)   0.0007 (  0.0%)  Function Alias Analysis Results
   0.0007 (  0.0%)   0.0000 (  0.0%)   0.0007 (  0.0%)   0.0007 (  0.0%)  Function Alias Analysis Results
   0.0007 (  0.0%)   0.0000 (  0.0%)   0.0007 (  0.0%)   0.0007 (  0.0%)  Function Alias Analysis Results
   0.0005 (  0.0%)   0.0002 (  0.0%)   0.0007 (  0.0%)   0.0007 (  0.0%)  Function Alias Analysis Results
   0.0007 (  0.0%)   0.0000 (  0.0%)   0.0007 (  0.0%)   0.0007 (  0.0%)  Function Alias Analysis Results
   0.0007 (  0.0%)   0.0000 (  0.0%)   0.0007 (  0.0%)   0.0007 (  0.0%)  Function Alias Analysis Results
   0.0007 (  0.0%)   0.0000 (  0.0%)   0.0007 (  0.0%)   0.0007 (  0.0%)  Function Alias Analysis Results
   0.0007 (  0.0%)   0.0000 (  0.0%)   0.0007 (  0.0%)   0.0007 (  0.0%)  Function Alias Analysis Results
   0.0007 (  0.0%)   0.0000 (  0.0%)   0.0007 (  0.0%)   0.0007 (  0.0%)  Function Alias Analysis Results
   0.0007 (  0.0%)   0.0000 (  0.0%)   0.0007 (  0.0%)   0.0007 (  0.0%)  Function Alias Analysis Results
   0.0005 (  0.0%)   0.0002 (  0.0%)   0.0007 (  0.0%)   0.0007 (  0.0%)  Function Alias Analysis Results
   0.0007 (  0.0%)   0.0000 (  0.0%)   0.0007 (  0.0%)   0.0007 (  0.0%)  Function Alias Analysis Results
   0.0007 (  0.0%)   0.0000 (  0.0%)   0.0007 (  0.0%)   0.0007 (  0.0%)  Dominator Tree Construction
   0.0007 (  0.0%)   0.0000 (  0.0%)   0.0007 (  0.0%)   0.0007 (  0.0%)  Function Alias Analysis Results
   0.0006 (  0.0%)   0.0001 (  0.0%)   0.0007 (  0.0%)   0.0007 (  0.0%)  Function Alias Analysis Results
   0.0007 (  0.0%)   0.0000 (  0.0%)   0.0007 (  0.0%)   0.0007 (  0.0%)  Function Alias Analysis Results
   0.0006 (  0.0%)   0.0001 (  0.0%)   0.0007 (  0.0%)   0.0007 (  0.0%)  Function Alias Analysis Results
   0.0004 (  0.0%)   0.0003 (  0.0%)   0.0007 (  0.0%)   0.0007 (  0.0%)  Function Alias Analysis Results
   0.0007 (  0.0%)   0.0000 (  0.0%)   0.0007 (  0.0%)   0.0007 (  0.0%)  Function Alias Analysis Results
   0.0007 (  0.0%)   0.0000 (  0.0%)   0.0007 (  0.0%)   0.0007 (  0.0%)  Function Alias Analysis Results
   0.0007 (  0.0%)   0.0000 (  0.0%)   0.0007 (  0.0%)   0.0007 (  0.0%)  Function Alias Analysis Results
   0.0005 (  0.0%)   0.0002 (  0.0%)   0.0007 (  0.0%)   0.0007 (  0.0%)  Function Alias Analysis Results
   0.0007 (  0.0%)   0.0000 (  0.0%)   0.0007 (  0.0%)   0.0007 (  0.0%)  Function Alias Analysis Results
   0.0005 (  0.0%)   0.0002 (  0.0%)   0.0007 (  0.0%)   0.0007 (  0.0%)  Function Alias Analysis Results
   0.0007 (  0.0%)   0.0000 (  0.0%)   0.0007 (  0.0%)   0.0007 (  0.0%)  Function Alias Analysis Results
   0.0006 (  0.0%)   0.0001 (  0.0%)   0.0007 (  0.0%)   0.0007 (  0.0%)  Function Alias Analysis Results
   0.0007 (  0.0%)   0.0000 (  0.0%)   0.0007 (  0.0%)   0.0007 (  0.0%)  Function Alias Analysis Results
   0.0007 (  0.0%)   0.0000 (  0.0%)   0.0007 (  0.0%)   0.0007 (  0.0%)  Function Alias Analysis Results
   0.0007 (  0.0%)   0.0000 (  0.0%)   0.0007 (  0.0%)   0.0007 (  0.0%)  Function Alias Analysis Results
   0.0006 (  0.0%)   0.0000 (  0.0%)   0.0007 (  0.0%)   0.0007 (  0.0%)  Loop Invariant Code Motion
   0.0007 (  0.0%)   0.0000 (  0.0%)   0.0007 (  0.0%)   0.0007 (  0.0%)  Function Alias Analysis Results
   0.0007 (  0.0%)   0.0000 (  0.0%)   0.0007 (  0.0%)   0.0007 (  0.0%)  Function Alias Analysis Results
   0.0007 (  0.0%)   0.0000 (  0.0%)   0.0007 (  0.0%)   0.0007 (  0.0%)  Function Alias Analysis Results
   0.0006 (  0.0%)   0.0001 (  0.0%)   0.0006 (  0.0%)   0.0006 (  0.0%)  Function Alias Analysis Results
   0.0006 (  0.0%)   0.0000 (  0.0%)   0.0006 (  0.0%)   0.0006 (  0.0%)  Function Alias Analysis Results
   0.0006 (  0.0%)   0.0000 (  0.0%)   0.0006 (  0.0%)   0.0006 (  0.0%)  Scalar Evolution Analysis
   0.0006 (  0.0%)   0.0000 (  0.0%)   0.0006 (  0.0%)   0.0006 (  0.0%)  Basic Alias Analysis (stateless AA impl)
   0.0004 (  0.0%)   0.0003 (  0.0%)   0.0006 (  0.0%)   0.0006 (  0.0%)  Remove redundant instructions
   0.0005 (  0.0%)   0.0002 (  0.0%)   0.0006 (  0.0%)   0.0006 (  0.0%)  Dominator Tree Construction
   0.0006 (  0.0%)   0.0000 (  0.0%)   0.0006 (  0.0%)   0.0006 (  0.0%)  Scalar Evolution Analysis
   0.0004 (  0.0%)   0.0002 (  0.0%)   0.0006 (  0.0%)   0.0006 (  0.0%)  Function Alias Analysis Results
   0.0006 (  0.0%)   0.0000 (  0.0%)   0.0006 (  0.0%)   0.0006 (  0.0%)  Function Alias Analysis Results
   0.0005 (  0.0%)   0.0001 (  0.0%)   0.0006 (  0.0%)   0.0006 (  0.0%)  Lazy Value Information Analysis
   0.0004 (  0.0%)   0.0003 (  0.0%)   0.0006 (  0.0%)   0.0006 (  0.0%)  Function Alias Analysis Results
   0.0006 (  0.0%)   0.0000 (  0.0%)   0.0006 (  0.0%)   0.0006 (  0.0%)  Function Alias Analysis Results
   0.0006 (  0.0%)   0.0000 (  0.0%)   0.0006 (  0.0%)   0.0006 (  0.0%)  Function Alias Analysis Results
   0.0006 (  0.0%)   0.0000 (  0.0%)   0.0006 (  0.0%)   0.0006 (  0.0%)  Remove unreachable basic blocks under switch
   0.0006 (  0.0%)   0.0000 (  0.0%)   0.0006 (  0.0%)   0.0006 (  0.0%)  Function Alias Analysis Results
   0.0005 (  0.0%)   0.0001 (  0.0%)   0.0006 (  0.0%)   0.0006 (  0.0%)  Lazy Branch Probability Analysis
   0.0006 (  0.0%)   0.0000 (  0.0%)   0.0006 (  0.0%)   0.0006 (  0.0%)  Scalar Evolution Analysis
   0.0006 (  0.0%)   0.0000 (  0.0%)   0.0006 (  0.0%)   0.0006 (  0.0%)  Function Alias Analysis Results
   0.0006 (  0.0%)   0.0000 (  0.0%)   0.0006 (  0.0%)   0.0006 (  0.0%)  Function Alias Analysis Results
   0.0006 (  0.0%)   0.0001 (  0.0%)   0.0006 (  0.0%)   0.0006 (  0.0%)  Function Alias Analysis Results
   0.0006 (  0.0%)   0.0000 (  0.0%)   0.0006 (  0.0%)   0.0006 (  0.0%)  Function Alias Analysis Results
   0.0006 (  0.0%)   0.0000 (  0.0%)   0.0006 (  0.0%)   0.0006 (  0.0%)  Function Alias Analysis Results
   0.0006 (  0.0%)   0.0000 (  0.0%)   0.0006 (  0.0%)   0.0006 (  0.0%)  Function Alias Analysis Results
   0.0004 (  0.0%)   0.0002 (  0.0%)   0.0006 (  0.0%)   0.0006 (  0.0%)  Function Alias Analysis Results
   0.0005 (  0.0%)   0.0001 (  0.0%)   0.0006 (  0.0%)   0.0006 (  0.0%)  Function Alias Analysis Results
   0.0006 (  0.0%)   0.0000 (  0.0%)   0.0006 (  0.0%)   0.0006 (  0.0%)  Function Alias Analysis Results
   0.0006 (  0.0%)   0.0000 (  0.0%)   0.0006 (  0.0%)   0.0006 (  0.0%)  Scalar Evolution Analysis
   0.0006 (  0.0%)   0.0000 (  0.0%)   0.0006 (  0.0%)   0.0006 (  0.0%)  Function Alias Analysis Results
   0.0004 (  0.0%)   0.0002 (  0.0%)   0.0006 (  0.0%)   0.0006 (  0.0%)  Scalar Evolution Analysis
   0.0006 (  0.0%)   0.0000 (  0.0%)   0.0006 (  0.0%)   0.0006 (  0.0%)  Function Alias Analysis Results
   0.0005 (  0.0%)   0.0001 (  0.0%)   0.0006 (  0.0%)   0.0006 (  0.0%)  Dominator Tree Construction
   0.0006 (  0.0%)   0.0000 (  0.0%)   0.0006 (  0.0%)   0.0006 (  0.0%)  Function Alias Analysis Results
   0.0006 (  0.0%)   0.0000 (  0.0%)   0.0006 (  0.0%)   0.0006 (  0.0%)  Dominator Tree Construction
   0.0006 (  0.0%)   0.0000 (  0.0%)   0.0006 (  0.0%)   0.0006 (  0.0%)  Scalar Evolution Analysis
   0.0005 (  0.0%)   0.0001 (  0.0%)   0.0006 (  0.0%)   0.0006 (  0.0%)  Post-Dominator Tree Construction
   0.0006 (  0.0%)   0.0000 (  0.0%)   0.0006 (  0.0%)   0.0006 (  0.0%)  Function Alias Analysis Results
   0.0005 (  0.0%)   0.0001 (  0.0%)   0.0006 (  0.0%)   0.0006 (  0.0%)  Memory Dependence Analysis
   0.0006 (  0.0%)   0.0000 (  0.0%)   0.0006 (  0.0%)   0.0006 (  0.0%)  Dominator Tree Construction
   0.0006 (  0.0%)   0.0000 (  0.0%)   0.0006 (  0.0%)   0.0006 (  0.0%)  Dominator Tree Construction
   0.0006 (  0.0%)   0.0000 (  0.0%)   0.0006 (  0.0%)   0.0006 (  0.0%)  Lazy Branch Probability Analysis
   0.0005 (  0.0%)   0.0001 (  0.0%)   0.0006 (  0.0%)   0.0006 (  0.0%)  Function Alias Analysis Results
   0.0006 (  0.0%)   0.0000 (  0.0%)   0.0006 (  0.0%)   0.0006 (  0.0%)  Function Alias Analysis Results
   0.0004 (  0.0%)   0.0002 (  0.0%)   0.0006 (  0.0%)   0.0006 (  0.0%)  Function Alias Analysis Results
   0.0006 (  0.0%)   0.0000 (  0.0%)   0.0006 (  0.0%)   0.0006 (  0.0%)  Function Alias Analysis Results
   0.0006 (  0.0%)   0.0000 (  0.0%)   0.0006 (  0.0%)   0.0006 (  0.0%)  Function Alias Analysis Results
   0.0006 (  0.0%)   0.0000 (  0.0%)   0.0006 (  0.0%)   0.0006 (  0.0%)  Post-Dominator Tree Construction
   0.0006 (  0.0%)   0.0000 (  0.0%)   0.0006 (  0.0%)   0.0006 (  0.0%)  Post-Dominator Tree Construction
   0.0005 (  0.0%)   0.0001 (  0.0%)   0.0006 (  0.0%)   0.0006 (  0.0%)  Optimization Remark Emitter
   0.0005 (  0.0%)   0.0001 (  0.0%)   0.0006 (  0.0%)   0.0006 (  0.0%)  Basic Alias Analysis (stateless AA impl)
   0.0006 (  0.0%)   0.0000 (  0.0%)   0.0006 (  0.0%)   0.0006 (  0.0%)  Function Alias Analysis Results
   0.0006 (  0.0%)   0.0000 (  0.0%)   0.0006 (  0.0%)   0.0006 (  0.0%)  Function Alias Analysis Results
   0.0006 (  0.0%)   0.0000 (  0.0%)   0.0006 (  0.0%)   0.0006 (  0.0%)  Function Alias Analysis Results
   0.0004 (  0.0%)   0.0001 (  0.0%)   0.0006 (  0.0%)   0.0006 (  0.0%)  Post-Dominator Tree Construction
   0.0006 (  0.0%)   0.0000 (  0.0%)   0.0006 (  0.0%)   0.0006 (  0.0%)  Function Alias Analysis Results
   0.0006 (  0.0%)   0.0000 (  0.0%)   0.0006 (  0.0%)   0.0006 (  0.0%)  Function Alias Analysis Results
   0.0005 (  0.0%)   0.0001 (  0.0%)   0.0006 (  0.0%)   0.0006 (  0.0%)  Lazy Block Frequency Analysis
   0.0006 (  0.0%)   0.0000 (  0.0%)   0.0006 (  0.0%)   0.0006 (  0.0%)  Function Alias Analysis Results
   0.0006 (  0.0%)   0.0000 (  0.0%)   0.0006 (  0.0%)   0.0006 (  0.0%)  Function Alias Analysis Results
   0.0006 (  0.0%)   0.0000 (  0.0%)   0.0006 (  0.0%)   0.0006 (  0.0%)  Function Alias Analysis Results
   0.0006 (  0.0%)   0.0000 (  0.0%)   0.0006 (  0.0%)   0.0006 (  0.0%)  Function Alias Analysis Results
   0.0005 (  0.0%)   0.0001 (  0.0%)   0.0006 (  0.0%)   0.0006 (  0.0%)  Function Alias Analysis Results
   0.0005 (  0.0%)   0.0001 (  0.0%)   0.0006 (  0.0%)   0.0006 (  0.0%)  Natural Loop Information
   0.0004 (  0.0%)   0.0001 (  0.0%)   0.0005 (  0.0%)   0.0006 (  0.0%)  InferXCLAttrImplications - Infer XCL attribute implications
   0.0005 (  0.0%)   0.0001 (  0.0%)   0.0006 (  0.0%)   0.0006 (  0.0%)  Post-Dominator Tree Construction
   0.0005 (  0.0%)   0.0000 (  0.0%)   0.0006 (  0.0%)   0.0006 (  0.0%)  Lazy Block Frequency Analysis
   0.0005 (  0.0%)   0.0000 (  0.0%)   0.0006 (  0.0%)   0.0006 (  0.0%)  Optimization Remark Emitter
   0.0003 (  0.0%)   0.0003 (  0.0%)   0.0006 (  0.0%)   0.0006 (  0.0%)  Induction Variable Simplification
   0.0005 (  0.0%)   0.0000 (  0.0%)   0.0006 (  0.0%)   0.0006 (  0.0%)  Loop Invariant Code Motion
   0.0004 (  0.0%)   0.0001 (  0.0%)   0.0006 (  0.0%)   0.0006 (  0.0%)  Post-Dominator Tree Construction
   0.0005 (  0.0%)   0.0000 (  0.0%)   0.0005 (  0.0%)   0.0006 (  0.0%)  Post-Dominator Tree Construction
   0.0005 (  0.0%)   0.0001 (  0.0%)   0.0005 (  0.0%)   0.0005 (  0.0%)  Post-Dominator Tree Construction
   0.0005 (  0.0%)   0.0000 (  0.0%)   0.0006 (  0.0%)   0.0005 (  0.0%)  Infer loop trip count
   0.0005 (  0.0%)   0.0000 (  0.0%)   0.0006 (  0.0%)   0.0005 (  0.0%)  Dominator Tree Construction
   0.0004 (  0.0%)   0.0001 (  0.0%)   0.0006 (  0.0%)   0.0005 (  0.0%)  Function Alias Analysis Results
   0.0005 (  0.0%)   0.0000 (  0.0%)   0.0005 (  0.0%)   0.0005 (  0.0%)  Induction Variable Simplification
   0.0005 (  0.0%)   0.0000 (  0.0%)   0.0005 (  0.0%)   0.0005 (  0.0%)  Post-Dominator Tree Construction
   0.0005 (  0.0%)   0.0000 (  0.0%)   0.0005 (  0.0%)   0.0005 (  0.0%)  Post-Dominator Tree Construction
   0.0005 (  0.0%)   0.0000 (  0.0%)   0.0005 (  0.0%)   0.0005 (  0.0%)  Post-Dominator Tree Construction
   0.0005 (  0.0%)   0.0001 (  0.0%)   0.0005 (  0.0%)   0.0005 (  0.0%)  Post-Dominator Tree Construction
   0.0005 (  0.0%)   0.0000 (  0.0%)   0.0005 (  0.0%)   0.0005 (  0.0%)  Dead Global Elimination
   0.0005 (  0.0%)   0.0000 (  0.0%)   0.0005 (  0.0%)   0.0005 (  0.0%)  Function Alias Analysis Results
   0.0003 (  0.0%)   0.0003 (  0.0%)   0.0005 (  0.0%)   0.0005 (  0.0%)  Infer nuw/nsw flags for instructions
   0.0005 (  0.0%)   0.0000 (  0.0%)   0.0005 (  0.0%)   0.0005 (  0.0%)  Post-Dominator Tree Construction
   0.0005 (  0.0%)   0.0000 (  0.0%)   0.0005 (  0.0%)   0.0005 (  0.0%)  Simplify types in the LLVM IR, redundant type hierarchy
   0.0005 (  0.0%)   0.0000 (  0.0%)   0.0005 (  0.0%)   0.0005 (  0.0%)  Dominator Tree Construction
   0.0005 (  0.0%)   0.0000 (  0.0%)   0.0005 (  0.0%)   0.0005 (  0.0%)  Remove unreachable basic blocks under switch
   0.0005 (  0.0%)   0.0000 (  0.0%)   0.0005 (  0.0%)   0.0005 (  0.0%)  Post-Dominator Tree Construction
   0.0005 (  0.0%)   0.0000 (  0.0%)   0.0005 (  0.0%)   0.0005 (  0.0%)  Function Alias Analysis Results
   0.0005 (  0.0%)   0.0000 (  0.0%)   0.0005 (  0.0%)   0.0005 (  0.0%)  Remove unreachable basic blocks under switch
   0.0004 (  0.0%)   0.0001 (  0.0%)   0.0005 (  0.0%)   0.0005 (  0.0%)  Infer nuw/nsw flags for instructions
   0.0004 (  0.0%)   0.0001 (  0.0%)   0.0005 (  0.0%)   0.0005 (  0.0%)  Post-Dominator Tree Construction
   0.0005 (  0.0%)   0.0000 (  0.0%)   0.0005 (  0.0%)   0.0005 (  0.0%)  Function Alias Analysis Results
   0.0005 (  0.0%)   0.0000 (  0.0%)   0.0005 (  0.0%)   0.0005 (  0.0%)  Dominator Tree Construction
   0.0005 (  0.0%)   0.0000 (  0.0%)   0.0005 (  0.0%)   0.0005 (  0.0%)  Remove unreachable basic blocks under switch
   0.0005 (  0.0%)   0.0000 (  0.0%)   0.0005 (  0.0%)   0.0005 (  0.0%)  Dominator Tree Construction
   0.0005 (  0.0%)   0.0000 (  0.0%)   0.0005 (  0.0%)   0.0005 (  0.0%)  Canonicalize natural loops
   0.0005 (  0.0%)   0.0000 (  0.0%)   0.0005 (  0.0%)   0.0005 (  0.0%)  LayoutTransform - Layout Transform Pragma Analysis
   0.0005 (  0.0%)   0.0000 (  0.0%)   0.0005 (  0.0%)   0.0005 (  0.0%)  Dominator Tree Construction
   0.0005 (  0.0%)   0.0000 (  0.0%)   0.0005 (  0.0%)   0.0005 (  0.0%)  Dominator Tree Construction
   0.0005 (  0.0%)   0.0000 (  0.0%)   0.0005 (  0.0%)   0.0005 (  0.0%)  Dominator Tree Construction
   0.0004 (  0.0%)   0.0001 (  0.0%)   0.0005 (  0.0%)   0.0005 (  0.0%)  Dominator Tree Construction
   0.0004 (  0.0%)   0.0001 (  0.0%)   0.0005 (  0.0%)   0.0005 (  0.0%)  Canonicalize natural loops
   0.0003 (  0.0%)   0.0002 (  0.0%)   0.0005 (  0.0%)   0.0005 (  0.0%)  Dominator Tree Construction
   0.0005 (  0.0%)   0.0000 (  0.0%)   0.0005 (  0.0%)   0.0005 (  0.0%)  Dominator Tree Construction
   0.0003 (  0.0%)   0.0002 (  0.0%)   0.0005 (  0.0%)   0.0005 (  0.0%)  Canonicalize natural loops
   0.0005 (  0.0%)   0.0000 (  0.0%)   0.0005 (  0.0%)   0.0005 (  0.0%)  Dominator Tree Construction
   0.0004 (  0.0%)   0.0001 (  0.0%)   0.0005 (  0.0%)   0.0005 (  0.0%)  Promote Memory to Register
   0.0004 (  0.0%)   0.0001 (  0.0%)   0.0005 (  0.0%)   0.0005 (  0.0%)  Detect single entry single exit regions
   0.0005 (  0.0%)   0.0000 (  0.0%)   0.0005 (  0.0%)   0.0005 (  0.0%)  Natural Loop Information
   0.0004 (  0.0%)   0.0001 (  0.0%)   0.0005 (  0.0%)   0.0005 (  0.0%)  Dominator Tree Construction
   0.0005 (  0.0%)   0.0000 (  0.0%)   0.0005 (  0.0%)   0.0005 (  0.0%)  Dominator Tree Construction
   0.0005 (  0.0%)   0.0000 (  0.0%)   0.0005 (  0.0%)   0.0005 (  0.0%)  Dominator Tree Construction
   0.0004 (  0.0%)   0.0000 (  0.0%)   0.0005 (  0.0%)   0.0005 (  0.0%)  Dominator Tree Construction
   0.0005 (  0.0%)   0.0000 (  0.0%)   0.0005 (  0.0%)   0.0005 (  0.0%)  Scalar Evolution Analysis
   0.0005 (  0.0%)   0.0000 (  0.0%)   0.0005 (  0.0%)   0.0005 (  0.0%)  Function Alias Analysis Results
   0.0003 (  0.0%)   0.0001 (  0.0%)   0.0004 (  0.0%)   0.0004 (  0.0%)  Dominator Tree Construction
   0.0003 (  0.0%)   0.0001 (  0.0%)   0.0004 (  0.0%)   0.0004 (  0.0%)  Dominator Tree Construction
   0.0003 (  0.0%)   0.0002 (  0.0%)   0.0004 (  0.0%)   0.0004 (  0.0%)  Optimize multiple instructions
   0.0004 (  0.0%)   0.0000 (  0.0%)   0.0004 (  0.0%)   0.0004 (  0.0%)  Function Alias Analysis Results
   0.0004 (  0.0%)   0.0000 (  0.0%)   0.0004 (  0.0%)   0.0004 (  0.0%)  AttrPropagation - Propagate Pointer Parameter Attribute
   0.0004 (  0.0%)   0.0000 (  0.0%)   0.0004 (  0.0%)   0.0004 (  0.0%)  Dominator Tree Construction
   0.0004 (  0.0%)   0.0000 (  0.0%)   0.0004 (  0.0%)   0.0004 (  0.0%)  Dominator Tree Construction
   0.0004 (  0.0%)   0.0000 (  0.0%)   0.0004 (  0.0%)   0.0004 (  0.0%)  Dominator Tree Construction
   0.0004 (  0.0%)   0.0000 (  0.0%)   0.0004 (  0.0%)   0.0004 (  0.0%)  Dominator Tree Construction
   0.0004 (  0.0%)   0.0000 (  0.0%)   0.0004 (  0.0%)   0.0004 (  0.0%)  Natural Loop Information
   0.0004 (  0.0%)   0.0000 (  0.0%)   0.0004 (  0.0%)   0.0004 (  0.0%)  Dominator Tree Construction
   0.0004 (  0.0%)   0.0000 (  0.0%)   0.0004 (  0.0%)   0.0004 (  0.0%)  Dominator Tree Construction
   0.0004 (  0.0%)   0.0000 (  0.0%)   0.0004 (  0.0%)   0.0004 (  0.0%)  Canonicalize natural loops
   0.0002 (  0.0%)   0.0002 (  0.0%)   0.0004 (  0.0%)   0.0004 (  0.0%)  Internalize Global Symbols
   0.0004 (  0.0%)   0.0000 (  0.0%)   0.0004 (  0.0%)   0.0004 (  0.0%)  Canonicalize natural loops
   0.0002 (  0.0%)   0.0002 (  0.0%)   0.0004 (  0.0%)   0.0004 (  0.0%)  Dominator Tree Construction
   0.0003 (  0.0%)   0.0001 (  0.0%)   0.0004 (  0.0%)   0.0004 (  0.0%)  Canonicalize natural loops
   0.0004 (  0.0%)   0.0000 (  0.0%)   0.0004 (  0.0%)   0.0004 (  0.0%)  Basic Alias Analysis (stateless AA impl)
   0.0003 (  0.0%)   0.0001 (  0.0%)   0.0004 (  0.0%)   0.0004 (  0.0%)  Dominator Tree Construction
   0.0003 (  0.0%)   0.0001 (  0.0%)   0.0004 (  0.0%)   0.0004 (  0.0%)  Dominator Tree Construction
   0.0004 (  0.0%)   0.0000 (  0.0%)   0.0004 (  0.0%)   0.0004 (  0.0%)  Function Alias Analysis Results
   0.0003 (  0.0%)   0.0001 (  0.0%)   0.0004 (  0.0%)   0.0004 (  0.0%)  Assign names to anonymous instructions (structure based)
   0.0004 (  0.0%)   0.0000 (  0.0%)   0.0004 (  0.0%)   0.0004 (  0.0%)  Function Alias Analysis Results
   0.0003 (  0.0%)   0.0001 (  0.0%)   0.0004 (  0.0%)   0.0004 (  0.0%)  Dominator Tree Construction
   0.0004 (  0.0%)   0.0000 (  0.0%)   0.0004 (  0.0%)   0.0004 (  0.0%)  Scalar Evolution Analysis
   0.0003 (  0.0%)   0.0001 (  0.0%)   0.0004 (  0.0%)   0.0004 (  0.0%)  Canonicalize natural loops
   0.0004 (  0.0%)   0.0000 (  0.0%)   0.0004 (  0.0%)   0.0004 (  0.0%)  Canonicalize natural loops
   0.0004 (  0.0%)   0.0000 (  0.0%)   0.0004 (  0.0%)   0.0004 (  0.0%)  Canonicalize natural loops
   0.0004 (  0.0%)   0.0000 (  0.0%)   0.0004 (  0.0%)   0.0004 (  0.0%)  Function Alias Analysis Results
   0.0003 (  0.0%)   0.0001 (  0.0%)   0.0004 (  0.0%)   0.0004 (  0.0%)  Dominance Frontier Construction
   0.0004 (  0.0%)   0.0000 (  0.0%)   0.0004 (  0.0%)   0.0004 (  0.0%)  Function Alias Analysis Results
   0.0003 (  0.0%)   0.0001 (  0.0%)   0.0004 (  0.0%)   0.0004 (  0.0%)  Natural Loop Information
   0.0004 (  0.0%)   0.0000 (  0.0%)   0.0004 (  0.0%)   0.0004 (  0.0%)  Basic Alias Analysis (stateless AA impl)
   0.0004 (  0.0%)   0.0000 (  0.0%)   0.0004 (  0.0%)   0.0004 (  0.0%)  Scalar Evolution Analysis
   0.0002 (  0.0%)   0.0001 (  0.0%)   0.0004 (  0.0%)   0.0004 (  0.0%)  Canonicalize natural loops
   0.0004 (  0.0%)   0.0000 (  0.0%)   0.0004 (  0.0%)   0.0004 (  0.0%)  Dominator Tree Construction
   0.0003 (  0.0%)   0.0000 (  0.0%)   0.0004 (  0.0%)   0.0004 (  0.0%)  Scalar Evolution Analysis
   0.0004 (  0.0%)   0.0000 (  0.0%)   0.0004 (  0.0%)   0.0004 (  0.0%)  Scalar Evolution Analysis
   0.0003 (  0.0%)   0.0001 (  0.0%)   0.0004 (  0.0%)   0.0004 (  0.0%)  Canonicalize natural loops
   0.0004 (  0.0%)   0.0000 (  0.0%)   0.0004 (  0.0%)   0.0004 (  0.0%)  LegacyShiftRegisterRecognize - Recognize shift registers and memory
   0.0003 (  0.0%)   0.0001 (  0.0%)   0.0004 (  0.0%)   0.0004 (  0.0%)  Canonicalize natural loops
   0.0004 (  0.0%)   0.0000 (  0.0%)   0.0004 (  0.0%)   0.0004 (  0.0%)  CallGraph Construction
   0.0003 (  0.0%)   0.0000 (  0.0%)   0.0004 (  0.0%)   0.0004 (  0.0%)  Dominator Tree Construction
   0.0004 (  0.0%)   0.0000 (  0.0%)   0.0004 (  0.0%)   0.0004 (  0.0%)  Scalar Evolution Analysis
   0.0004 (  0.0%)   0.0000 (  0.0%)   0.0004 (  0.0%)   0.0004 (  0.0%)  Canonicalize natural loops
   0.0003 (  0.0%)   0.0001 (  0.0%)   0.0003 (  0.0%)   0.0004 (  0.0%)  Natural Loop Information
   0.0004 (  0.0%)   0.0000 (  0.0%)   0.0004 (  0.0%)   0.0004 (  0.0%)  Function Alias Analysis Results
   0.0004 (  0.0%)   0.0000 (  0.0%)   0.0004 (  0.0%)   0.0004 (  0.0%)  Canonicalize natural loops
   0.0002 (  0.0%)   0.0001 (  0.0%)   0.0003 (  0.0%)   0.0003 (  0.0%)  Lower black box
   0.0003 (  0.0%)   0.0000 (  0.0%)   0.0003 (  0.0%)   0.0003 (  0.0%)  Canonicalize natural loops
   0.0003 (  0.0%)   0.0000 (  0.0%)   0.0003 (  0.0%)   0.0003 (  0.0%)  Scalar Evolution Analysis
   0.0003 (  0.0%)   0.0000 (  0.0%)   0.0003 (  0.0%)   0.0003 (  0.0%)  Lower printf for the fpga target
   0.0003 (  0.0%)   0.0001 (  0.0%)   0.0003 (  0.0%)   0.0003 (  0.0%)  Canonicalize natural loops
   0.0002 (  0.0%)   0.0001 (  0.0%)   0.0003 (  0.0%)   0.0003 (  0.0%)  Optimize multiple instructions
   0.0003 (  0.0%)   0.0000 (  0.0%)   0.0003 (  0.0%)   0.0003 (  0.0%)  Canonicalize natural loops
   0.0003 (  0.0%)   0.0000 (  0.0%)   0.0003 (  0.0%)   0.0003 (  0.0%)  Function Alias Analysis Results
   0.0000 (  0.0%)   0.0003 (  0.0%)   0.0003 (  0.0%)   0.0003 (  0.0%)  Change xcl attribute to call sideeffect
   0.0003 (  0.0%)   0.0000 (  0.0%)   0.0003 (  0.0%)   0.0003 (  0.0%)  Canonicalize natural loops
   0.0003 (  0.0%)   0.0000 (  0.0%)   0.0003 (  0.0%)   0.0003 (  0.0%)  Function Alias Analysis Results
   0.0003 (  0.0%)   0.0001 (  0.0%)   0.0003 (  0.0%)   0.0003 (  0.0%)  Canonicalize natural loops
   0.0003 (  0.0%)   0.0000 (  0.0%)   0.0003 (  0.0%)   0.0003 (  0.0%)  Dead Code Elimination
   0.0003 (  0.0%)   0.0000 (  0.0%)   0.0003 (  0.0%)   0.0003 (  0.0%)  Natural Loop Information
   0.0003 (  0.0%)   0.0000 (  0.0%)   0.0003 (  0.0%)   0.0003 (  0.0%)  Canonicalize natural loops
   0.0003 (  0.0%)   0.0000 (  0.0%)   0.0003 (  0.0%)   0.0003 (  0.0%)  Canonicalize natural loops
   0.0001 (  0.0%)   0.0002 (  0.0%)   0.0003 (  0.0%)   0.0003 (  0.0%)  Function Alias Analysis Results
   0.0003 (  0.0%)   0.0000 (  0.0%)   0.0003 (  0.0%)   0.0003 (  0.0%)  Dominator Tree Construction
   0.0003 (  0.0%)   0.0000 (  0.0%)   0.0003 (  0.0%)   0.0003 (  0.0%)  Canonicalize natural loops
   0.0003 (  0.0%)   0.0000 (  0.0%)   0.0003 (  0.0%)   0.0003 (  0.0%)  Canonicalize natural loops
   0.0003 (  0.0%)   0.0000 (  0.0%)   0.0003 (  0.0%)   0.0003 (  0.0%)  Natural Loop Information
   0.0003 (  0.0%)   0.0000 (  0.0%)   0.0003 (  0.0%)   0.0003 (  0.0%)  Undecay arrays
   0.0003 (  0.0%)   0.0000 (  0.0%)   0.0003 (  0.0%)   0.0003 (  0.0%)  Canonicalize natural loops
   0.0003 (  0.0%)   0.0000 (  0.0%)   0.0003 (  0.0%)   0.0003 (  0.0%)  Natural Loop Information
   0.0003 (  0.0%)   0.0000 (  0.0%)   0.0003 (  0.0%)   0.0003 (  0.0%)  Interprocedural constant propagation
   0.0002 (  0.0%)   0.0001 (  0.0%)   0.0003 (  0.0%)   0.0003 (  0.0%)  Natural Loop Information
   0.0003 (  0.0%)   0.0000 (  0.0%)   0.0003 (  0.0%)   0.0003 (  0.0%)  Natural Loop Information
   0.0002 (  0.0%)   0.0001 (  0.0%)   0.0003 (  0.0%)   0.0003 (  0.0%)  Lazy Block Frequency Analysis
   0.0002 (  0.0%)   0.0001 (  0.0%)   0.0003 (  0.0%)   0.0003 (  0.0%)  Canonicalize natural loops
   0.0003 (  0.0%)   0.0000 (  0.0%)   0.0003 (  0.0%)   0.0003 (  0.0%)  Eliminate dead stores globally
   0.0003 (  0.0%)   0.0000 (  0.0%)   0.0003 (  0.0%)   0.0003 (  0.0%)  Natural Loop Information
   0.0003 (  0.0%)   0.0000 (  0.0%)   0.0003 (  0.0%)   0.0003 (  0.0%)  Function Alias Analysis Results
   0.0002 (  0.0%)   0.0001 (  0.0%)   0.0003 (  0.0%)   0.0003 (  0.0%)  Natural Loop Information
   0.0003 (  0.0%)   0.0000 (  0.0%)   0.0003 (  0.0%)   0.0003 (  0.0%)  Scalar Evolution Analysis
   0.0003 (  0.0%)   0.0000 (  0.0%)   0.0003 (  0.0%)   0.0003 (  0.0%)  Canonicalize natural loops
   0.0002 (  0.0%)   0.0001 (  0.0%)   0.0003 (  0.0%)   0.0003 (  0.0%)  CallGraph Construction
   0.0003 (  0.0%)   0.0000 (  0.0%)   0.0003 (  0.0%)   0.0003 (  0.0%)  Natural Loop Information
   0.0003 (  0.0%)   0.0000 (  0.0%)   0.0003 (  0.0%)   0.0003 (  0.0%)  Function Alias Analysis Results
   0.0003 (  0.0%)   0.0000 (  0.0%)   0.0003 (  0.0%)   0.0003 (  0.0%)  Natural Loop Information
   0.0003 (  0.0%)   0.0000 (  0.0%)   0.0003 (  0.0%)   0.0003 (  0.0%)  Function Alias Analysis Results
   0.0003 (  0.0%)   0.0000 (  0.0%)   0.0003 (  0.0%)   0.0003 (  0.0%)  Natural Loop Information
   0.0002 (  0.0%)   0.0000 (  0.0%)   0.0003 (  0.0%)   0.0003 (  0.0%)  Natural Loop Information
   0.0002 (  0.0%)   0.0000 (  0.0%)   0.0003 (  0.0%)   0.0003 (  0.0%)  Basic Alias Analysis (stateless AA impl)
   0.0003 (  0.0%)   0.0000 (  0.0%)   0.0003 (  0.0%)   0.0003 (  0.0%)  Basic Alias Analysis (stateless AA impl)
   0.0002 (  0.0%)   0.0001 (  0.0%)   0.0003 (  0.0%)   0.0003 (  0.0%)  Natural Loop Information
   0.0003 (  0.0%)   0.0000 (  0.0%)   0.0003 (  0.0%)   0.0003 (  0.0%)  Canonicalize natural loops
   0.0003 (  0.0%)   0.0000 (  0.0%)   0.0003 (  0.0%)   0.0003 (  0.0%)  Natural Loop Information
   0.0002 (  0.0%)   0.0001 (  0.0%)   0.0003 (  0.0%)   0.0003 (  0.0%)  Natural Loop Information
   0.0002 (  0.0%)   0.0000 (  0.0%)   0.0003 (  0.0%)   0.0003 (  0.0%)  Canonicalize natural loops
   0.0003 (  0.0%)   0.0000 (  0.0%)   0.0003 (  0.0%)   0.0003 (  0.0%)  CallGraph Construction
   0.0000 (  0.0%)   0.0003 (  0.0%)   0.0003 (  0.0%)   0.0003 (  0.0%)  Interprocedural constant propagation
   0.0002 (  0.0%)   0.0000 (  0.0%)   0.0003 (  0.0%)   0.0003 (  0.0%)  Natural Loop Information
   0.0003 (  0.0%)   0.0000 (  0.0%)   0.0003 (  0.0%)   0.0003 (  0.0%)  SROA
   0.0001 (  0.0%)   0.0001 (  0.0%)   0.0003 (  0.0%)   0.0003 (  0.0%)  Basic Alias Analysis (stateless AA impl)
   0.0002 (  0.0%)   0.0001 (  0.0%)   0.0003 (  0.0%)   0.0003 (  0.0%)  Natural Loop Information
   0.0002 (  0.0%)   0.0001 (  0.0%)   0.0003 (  0.0%)   0.0003 (  0.0%)  Canonicalize natural loops
   0.0001 (  0.0%)   0.0001 (  0.0%)   0.0003 (  0.0%)   0.0003 (  0.0%)  CallGraph Construction
   0.0002 (  0.0%)   0.0000 (  0.0%)   0.0003 (  0.0%)   0.0003 (  0.0%)  LoopFlattenMark - Mark nested loops flattenable recursively
   0.0002 (  0.0%)   0.0000 (  0.0%)   0.0003 (  0.0%)   0.0003 (  0.0%)  Natural Loop Information
   0.0000 (  0.0%)   0.0002 (  0.0%)   0.0003 (  0.0%)   0.0003 (  0.0%)  CallGraph Construction
   0.0001 (  0.0%)   0.0001 (  0.0%)   0.0002 (  0.0%)   0.0003 (  0.0%)  Scalar Evolution Analysis
   0.0001 (  0.0%)   0.0001 (  0.0%)   0.0003 (  0.0%)   0.0003 (  0.0%)  Basic Alias Analysis (stateless AA impl)
   0.0002 (  0.0%)   0.0001 (  0.0%)   0.0003 (  0.0%)   0.0003 (  0.0%)  Canonicalize natural loops
   0.0002 (  0.0%)   0.0000 (  0.0%)   0.0003 (  0.0%)   0.0003 (  0.0%)  Unswitch loops
   0.0002 (  0.0%)   0.0001 (  0.0%)   0.0003 (  0.0%)   0.0003 (  0.0%)  Lazy Branch Probability Analysis
   0.0003 (  0.0%)   0.0000 (  0.0%)   0.0003 (  0.0%)   0.0003 (  0.0%)  Natural Loop Information
   0.0002 (  0.0%)   0.0001 (  0.0%)   0.0003 (  0.0%)   0.0003 (  0.0%)  Optimization Remark Emitter
   0.0002 (  0.0%)   0.0001 (  0.0%)   0.0003 (  0.0%)   0.0003 (  0.0%)  Natural Loop Information
   0.0003 (  0.0%)   0.0000 (  0.0%)   0.0003 (  0.0%)   0.0003 (  0.0%)  Basic Alias Analysis (stateless AA impl)
   0.0003 (  0.0%)   0.0000 (  0.0%)   0.0003 (  0.0%)   0.0002 (  0.0%)  Natural Loop Information
   0.0002 (  0.0%)   0.0000 (  0.0%)   0.0002 (  0.0%)   0.0002 (  0.0%)  Resolve full load/store
   0.0002 (  0.0%)   0.0001 (  0.0%)   0.0002 (  0.0%)   0.0002 (  0.0%)  Loop-Closed SSA Form Pass
   0.0002 (  0.0%)   0.0000 (  0.0%)   0.0002 (  0.0%)   0.0002 (  0.0%)  CallGraph Construction
   0.0002 (  0.0%)   0.0000 (  0.0%)   0.0002 (  0.0%)   0.0002 (  0.0%)  Scalar Evolution Analysis
   0.0002 (  0.0%)   0.0000 (  0.0%)   0.0002 (  0.0%)   0.0002 (  0.0%)  Natural Loop Information
   0.0001 (  0.0%)   0.0002 (  0.0%)   0.0002 (  0.0%)   0.0002 (  0.0%)  Interprocedural constant propagation
   0.0002 (  0.0%)   0.0000 (  0.0%)   0.0002 (  0.0%)   0.0002 (  0.0%)  Basic Alias Analysis (stateless AA impl)
   0.0002 (  0.0%)   0.0000 (  0.0%)   0.0002 (  0.0%)   0.0002 (  0.0%)  Basic Alias Analysis (stateless AA impl)
   0.0002 (  0.0%)   0.0000 (  0.0%)   0.0002 (  0.0%)   0.0002 (  0.0%)  Basic Alias Analysis (stateless AA impl)
   0.0002 (  0.0%)   0.0000 (  0.0%)   0.0002 (  0.0%)   0.0002 (  0.0%)  Scalar Evolution Analysis
   0.0002 (  0.0%)   0.0000 (  0.0%)   0.0002 (  0.0%)   0.0002 (  0.0%)  CallGraph Construction
   0.0002 (  0.0%)   0.0000 (  0.0%)   0.0002 (  0.0%)   0.0002 (  0.0%)  Basic Alias Analysis (stateless AA impl)
   0.0002 (  0.0%)   0.0000 (  0.0%)   0.0002 (  0.0%)   0.0002 (  0.0%)  Basic Alias Analysis (stateless AA impl)
   0.0002 (  0.0%)   0.0000 (  0.0%)   0.0002 (  0.0%)   0.0002 (  0.0%)  Basic Alias Analysis (stateless AA impl)
   0.0001 (  0.0%)   0.0001 (  0.0%)   0.0002 (  0.0%)   0.0002 (  0.0%)  Scalar Evolution Analysis
   0.0002 (  0.0%)   0.0000 (  0.0%)   0.0002 (  0.0%)   0.0002 (  0.0%)  Scalar Evolution Analysis
   0.0002 (  0.0%)   0.0000 (  0.0%)   0.0002 (  0.0%)   0.0002 (  0.0%)  Canonicalize natural loops
   0.0002 (  0.0%)   0.0000 (  0.0%)   0.0002 (  0.0%)   0.0002 (  0.0%)  Basic Alias Analysis (stateless AA impl)
   0.0002 (  0.0%)   0.0000 (  0.0%)   0.0002 (  0.0%)   0.0002 (  0.0%)  Scalar Evolution Analysis
   0.0002 (  0.0%)   0.0000 (  0.0%)   0.0002 (  0.0%)   0.0002 (  0.0%)  Scalar Evolution Analysis
   0.0002 (  0.0%)   0.0000 (  0.0%)   0.0002 (  0.0%)   0.0002 (  0.0%)  Basic Alias Analysis (stateless AA impl)
   0.0001 (  0.0%)   0.0001 (  0.0%)   0.0002 (  0.0%)   0.0002 (  0.0%)  Dead Code Elimination
   0.0002 (  0.0%)   0.0000 (  0.0%)   0.0002 (  0.0%)   0.0002 (  0.0%)  Basic Alias Analysis (stateless AA impl)
   0.0002 (  0.0%)   0.0000 (  0.0%)   0.0002 (  0.0%)   0.0002 (  0.0%)  Scalar Evolution Analysis
   0.0002 (  0.0%)   0.0000 (  0.0%)   0.0002 (  0.0%)   0.0002 (  0.0%)  SROA
   0.0002 (  0.0%)   0.0001 (  0.0%)   0.0002 (  0.0%)   0.0002 (  0.0%)  Basic Alias Analysis (stateless AA impl)
   0.0002 (  0.0%)   0.0001 (  0.0%)   0.0002 (  0.0%)   0.0002 (  0.0%)  Scalar Evolution Analysis
   0.0002 (  0.0%)   0.0000 (  0.0%)   0.0002 (  0.0%)   0.0002 (  0.0%)  Scalar Evolution Analysis
   0.0002 (  0.0%)   0.0000 (  0.0%)   0.0002 (  0.0%)   0.0002 (  0.0%)  Basic Alias Analysis (stateless AA impl)
   0.0002 (  0.0%)   0.0000 (  0.0%)   0.0002 (  0.0%)   0.0002 (  0.0%)  Basic Alias Analysis (stateless AA impl)
   0.0002 (  0.0%)   0.0000 (  0.0%)   0.0002 (  0.0%)   0.0002 (  0.0%)  Scalar Evolution Analysis
   0.0001 (  0.0%)   0.0001 (  0.0%)   0.0002 (  0.0%)   0.0002 (  0.0%)  Loop-Closed SSA Form Pass
   0.0002 (  0.0%)   0.0000 (  0.0%)   0.0002 (  0.0%)   0.0002 (  0.0%)  Basic Alias Analysis (stateless AA impl)
   0.0002 (  0.0%)   0.0000 (  0.0%)   0.0002 (  0.0%)   0.0002 (  0.0%)  Basic Alias Analysis (stateless AA impl)
   0.0002 (  0.0%)   0.0000 (  0.0%)   0.0002 (  0.0%)   0.0002 (  0.0%)  Scalar Evolution Analysis
   0.0002 (  0.0%)   0.0000 (  0.0%)   0.0002 (  0.0%)   0.0002 (  0.0%)  Basic Alias Analysis (stateless AA impl)
   0.0002 (  0.0%)   0.0000 (  0.0%)   0.0002 (  0.0%)   0.0002 (  0.0%)  Scalar Evolution Analysis
   0.0002 (  0.0%)   0.0000 (  0.0%)   0.0002 (  0.0%)   0.0002 (  0.0%)  Scalar Evolution Analysis
   0.0001 (  0.0%)   0.0001 (  0.0%)   0.0002 (  0.0%)   0.0002 (  0.0%)  Loop-Closed SSA Form Pass
   0.0002 (  0.0%)   0.0000 (  0.0%)   0.0002 (  0.0%)   0.0002 (  0.0%)  Loop-Closed SSA Form Pass
   0.0002 (  0.0%)   0.0000 (  0.0%)   0.0002 (  0.0%)   0.0002 (  0.0%)  Basic Alias Analysis (stateless AA impl)
   0.0002 (  0.0%)   0.0000 (  0.0%)   0.0002 (  0.0%)   0.0002 (  0.0%)  Basic Alias Analysis (stateless AA impl)
   0.0002 (  0.0%)   0.0000 (  0.0%)   0.0002 (  0.0%)   0.0002 (  0.0%)  Scalar Evolution Analysis
   0.0002 (  0.0%)   0.0000 (  0.0%)   0.0002 (  0.0%)   0.0002 (  0.0%)  Loop-Closed SSA Form Pass
   0.0002 (  0.0%)   0.0000 (  0.0%)   0.0002 (  0.0%)   0.0002 (  0.0%)  Loop-Closed SSA Form Pass
   0.0001 (  0.0%)   0.0001 (  0.0%)   0.0002 (  0.0%)   0.0002 (  0.0%)  Scalar Evolution Analysis
   0.0002 (  0.0%)   0.0000 (  0.0%)   0.0002 (  0.0%)   0.0002 (  0.0%)  Basic Alias Analysis (stateless AA impl)
   0.0002 (  0.0%)   0.0000 (  0.0%)   0.0002 (  0.0%)   0.0002 (  0.0%)  Scalar Evolution Analysis
   0.0001 (  0.0%)   0.0001 (  0.0%)   0.0002 (  0.0%)   0.0002 (  0.0%)  Scalar Evolution Analysis
   0.0002 (  0.0%)   0.0000 (  0.0%)   0.0002 (  0.0%)   0.0002 (  0.0%)  Canonicalize natural loops
   0.0002 (  0.0%)   0.0000 (  0.0%)   0.0002 (  0.0%)   0.0002 (  0.0%)  Basic Alias Analysis (stateless AA impl)
   0.0002 (  0.0%)   0.0000 (  0.0%)   0.0002 (  0.0%)   0.0002 (  0.0%)  Basic Alias Analysis (stateless AA impl)
   0.0002 (  0.0%)   0.0000 (  0.0%)   0.0002 (  0.0%)   0.0002 (  0.0%)  Scalar Evolution Analysis
   0.0002 (  0.0%)   0.0000 (  0.0%)   0.0002 (  0.0%)   0.0002 (  0.0%)  Basic Alias Analysis (stateless AA impl)
   0.0002 (  0.0%)   0.0000 (  0.0%)   0.0002 (  0.0%)   0.0002 (  0.0%)  Loop-Closed SSA Form Pass
   0.0002 (  0.0%)   0.0000 (  0.0%)   0.0002 (  0.0%)   0.0002 (  0.0%)  Scalar Evolution Analysis
   0.0002 (  0.0%)   0.0001 (  0.0%)   0.0002 (  0.0%)   0.0002 (  0.0%)  Basic Alias Analysis (stateless AA impl)
   0.0002 (  0.0%)   0.0000 (  0.0%)   0.0002 (  0.0%)   0.0002 (  0.0%)  Basic Alias Analysis (stateless AA impl)
   0.0002 (  0.0%)   0.0000 (  0.0%)   0.0002 (  0.0%)   0.0002 (  0.0%)  Scalar Evolution Analysis
   0.0002 (  0.0%)   0.0000 (  0.0%)   0.0002 (  0.0%)   0.0002 (  0.0%)  LegalizeName - Check interface name in terms of HDL syntax
   0.0002 (  0.0%)   0.0000 (  0.0%)   0.0002 (  0.0%)   0.0002 (  0.0%)  Basic Alias Analysis (stateless AA impl)
   0.0001 (  0.0%)   0.0001 (  0.0%)   0.0002 (  0.0%)   0.0002 (  0.0%)  Basic Alias Analysis (stateless AA impl)
   0.0002 (  0.0%)   0.0000 (  0.0%)   0.0002 (  0.0%)   0.0002 (  0.0%)  Basic Alias Analysis (stateless AA impl)
   0.0002 (  0.0%)   0.0000 (  0.0%)   0.0002 (  0.0%)   0.0002 (  0.0%)  Basic Alias Analysis (stateless AA impl)
   0.0002 (  0.0%)   0.0000 (  0.0%)   0.0002 (  0.0%)   0.0002 (  0.0%)  Scalar Evolution Analysis
   0.0002 (  0.0%)   0.0000 (  0.0%)   0.0002 (  0.0%)   0.0002 (  0.0%)  Basic Alias Analysis (stateless AA impl)
   0.0002 (  0.0%)   0.0000 (  0.0%)   0.0002 (  0.0%)   0.0002 (  0.0%)  Basic Alias Analysis (stateless AA impl)
   0.0002 (  0.0%)   0.0000 (  0.0%)   0.0002 (  0.0%)   0.0002 (  0.0%)  Basic Alias Analysis (stateless AA impl)
   0.0002 (  0.0%)   0.0000 (  0.0%)   0.0002 (  0.0%)   0.0002 (  0.0%)  Scalar Evolution Analysis
   0.0002 (  0.0%)   0.0000 (  0.0%)   0.0002 (  0.0%)   0.0002 (  0.0%)  Dead Global Elimination
   0.0002 (  0.0%)   0.0000 (  0.0%)   0.0002 (  0.0%)   0.0002 (  0.0%)  Lower BINDOP scope bundle
   0.0002 (  0.0%)   0.0000 (  0.0%)   0.0002 (  0.0%)   0.0002 (  0.0%)  Loop-Closed SSA Form Pass
   0.0002 (  0.0%)   0.0000 (  0.0%)   0.0002 (  0.0%)   0.0002 (  0.0%)  Dead Code Elimination
   0.0001 (  0.0%)   0.0001 (  0.0%)   0.0002 (  0.0%)   0.0002 (  0.0%)  Scalar Evolution Analysis
   0.0002 (  0.0%)   0.0000 (  0.0%)   0.0002 (  0.0%)   0.0002 (  0.0%)  Scalar Evolution Analysis
   0.0002 (  0.0%)   0.0000 (  0.0%)   0.0002 (  0.0%)   0.0002 (  0.0%)  Basic Alias Analysis (stateless AA impl)
   0.0002 (  0.0%)   0.0000 (  0.0%)   0.0002 (  0.0%)   0.0002 (  0.0%)  Basic Alias Analysis (stateless AA impl)
   0.0002 (  0.0%)   0.0000 (  0.0%)   0.0002 (  0.0%)   0.0002 (  0.0%)  Basic Alias Analysis (stateless AA impl)
   0.0002 (  0.0%)   0.0000 (  0.0%)   0.0002 (  0.0%)   0.0002 (  0.0%)  Scalar Evolution Analysis
   0.0002 (  0.0%)   0.0000 (  0.0%)   0.0002 (  0.0%)   0.0002 (  0.0%)  Basic Alias Analysis (stateless AA impl)
   0.0002 (  0.0%)   0.0000 (  0.0%)   0.0002 (  0.0%)   0.0002 (  0.0%)  Basic Alias Analysis (stateless AA impl)
   0.0001 (  0.0%)   0.0001 (  0.0%)   0.0002 (  0.0%)   0.0002 (  0.0%)  Scalar Evolution Analysis
   0.0002 (  0.0%)   0.0000 (  0.0%)   0.0002 (  0.0%)   0.0002 (  0.0%)  Dead Global Elimination
   0.0001 (  0.0%)   0.0001 (  0.0%)   0.0002 (  0.0%)   0.0002 (  0.0%)  Basic Alias Analysis (stateless AA impl)
   0.0002 (  0.0%)   0.0000 (  0.0%)   0.0002 (  0.0%)   0.0002 (  0.0%)  Scalar Evolution Analysis
   0.0002 (  0.0%)   0.0000 (  0.0%)   0.0002 (  0.0%)   0.0002 (  0.0%)  Scalar Evolution Analysis
   0.0002 (  0.0%)   0.0000 (  0.0%)   0.0002 (  0.0%)   0.0002 (  0.0%)  Basic Alias Analysis (stateless AA impl)
   0.0002 (  0.0%)   0.0000 (  0.0%)   0.0002 (  0.0%)   0.0002 (  0.0%)  Scalar Evolution Analysis
   0.0002 (  0.0%)   0.0000 (  0.0%)   0.0002 (  0.0%)   0.0002 (  0.0%)  Basic Alias Analysis (stateless AA impl)
   0.0002 (  0.0%)   0.0000 (  0.0%)   0.0002 (  0.0%)   0.0002 (  0.0%)  Scalar Evolution Analysis
   0.0002 (  0.0%)   0.0000 (  0.0%)   0.0002 (  0.0%)   0.0002 (  0.0%)  Scalar Evolution Analysis
   0.0001 (  0.0%)   0.0001 (  0.0%)   0.0002 (  0.0%)   0.0002 (  0.0%)  Scalar Evolution Analysis
   0.0002 (  0.0%)   0.0000 (  0.0%)   0.0002 (  0.0%)   0.0002 (  0.0%)  Scalar Evolution Analysis
   0.0002 (  0.0%)   0.0000 (  0.0%)   0.0002 (  0.0%)   0.0002 (  0.0%)  Scalar Evolution Analysis
   0.0001 (  0.0%)   0.0001 (  0.0%)   0.0002 (  0.0%)   0.0002 (  0.0%)  Scalar Evolution Analysis
   0.0002 (  0.0%)   0.0000 (  0.0%)   0.0002 (  0.0%)   0.0002 (  0.0%)  Scalar Evolution Analysis
   0.0001 (  0.0%)   0.0001 (  0.0%)   0.0002 (  0.0%)   0.0002 (  0.0%)  Scalar Evolution Analysis
   0.0001 (  0.0%)   0.0001 (  0.0%)   0.0002 (  0.0%)   0.0002 (  0.0%)  Scalar Evolution Analysis
   0.0002 (  0.0%)   0.0000 (  0.0%)   0.0002 (  0.0%)   0.0002 (  0.0%)  Scalar Evolution Analysis
   0.0002 (  0.0%)   0.0000 (  0.0%)   0.0002 (  0.0%)   0.0002 (  0.0%)  Loop Invariant Code Motion
   0.0002 (  0.0%)   0.0000 (  0.0%)   0.0002 (  0.0%)   0.0002 (  0.0%)  Basic Alias Analysis (stateless AA impl)
   0.0002 (  0.0%)   0.0000 (  0.0%)   0.0002 (  0.0%)   0.0002 (  0.0%)  Interface Analysis
   0.0001 (  0.0%)   0.0001 (  0.0%)   0.0002 (  0.0%)   0.0002 (  0.0%)  Scalar Evolution Analysis
   0.0002 (  0.0%)   0.0000 (  0.0%)   0.0002 (  0.0%)   0.0002 (  0.0%)  Basic Alias Analysis (stateless AA impl)
   0.0002 (  0.0%)   0.0000 (  0.0%)   0.0002 (  0.0%)   0.0002 (  0.0%)  Basic Alias Analysis (stateless AA impl)
   0.0001 (  0.0%)   0.0000 (  0.0%)   0.0002 (  0.0%)   0.0002 (  0.0%)  Scalar Evolution Analysis
   0.0002 (  0.0%)   0.0000 (  0.0%)   0.0002 (  0.0%)   0.0002 (  0.0%)  Scalar Evolution Analysis
   0.0002 (  0.0%)   0.0000 (  0.0%)   0.0002 (  0.0%)   0.0002 (  0.0%)  Canonicalize natural loops
   0.0001 (  0.0%)   0.0001 (  0.0%)   0.0002 (  0.0%)   0.0002 (  0.0%)  Scalar Evolution Analysis
   0.0002 (  0.0%)   0.0000 (  0.0%)   0.0002 (  0.0%)   0.0002 (  0.0%)  SROA
   0.0002 (  0.0%)   0.0000 (  0.0%)   0.0002 (  0.0%)   0.0002 (  0.0%)  Scalar Evolution Analysis
   0.0001 (  0.0%)   0.0000 (  0.0%)   0.0002 (  0.0%)   0.0002 (  0.0%)  Loop-Closed SSA Form Pass
   0.0002 (  0.0%)   0.0000 (  0.0%)   0.0002 (  0.0%)   0.0002 (  0.0%)  Scalar Evolution Analysis
   0.0002 (  0.0%)   0.0000 (  0.0%)   0.0002 (  0.0%)   0.0002 (  0.0%)  Natural Loop Information
   0.0002 (  0.0%)   0.0000 (  0.0%)   0.0002 (  0.0%)   0.0002 (  0.0%)  Scalar Evolution Analysis
   0.0002 (  0.0%)   0.0000 (  0.0%)   0.0002 (  0.0%)   0.0002 (  0.0%)  Scalar Evolution Analysis
   0.0002 (  0.0%)   0.0000 (  0.0%)   0.0002 (  0.0%)   0.0002 (  0.0%)  Scalar Evolution Analysis
   0.0001 (  0.0%)   0.0000 (  0.0%)   0.0001 (  0.0%)   0.0002 (  0.0%)  Lazy Value Information Analysis
   0.0002 (  0.0%)   0.0000 (  0.0%)   0.0002 (  0.0%)   0.0002 (  0.0%)  Scalar Evolution Analysis
   0.0001 (  0.0%)   0.0000 (  0.0%)   0.0002 (  0.0%)   0.0002 (  0.0%)  Automatically infer occurrence information
   0.0002 (  0.0%)   0.0000 (  0.0%)   0.0002 (  0.0%)   0.0002 (  0.0%)  Scalar Evolution Analysis
   0.0001 (  0.0%)   0.0000 (  0.0%)   0.0002 (  0.0%)   0.0002 (  0.0%)  Scalar Evolution Analysis
   0.0002 (  0.0%)   0.0000 (  0.0%)   0.0002 (  0.0%)   0.0002 (  0.0%)  Scalar Evolution Analysis
   0.0002 (  0.0%)   0.0000 (  0.0%)   0.0002 (  0.0%)   0.0002 (  0.0%)  Scalar Evolution Analysis
   0.0002 (  0.0%)   0.0000 (  0.0%)   0.0002 (  0.0%)   0.0002 (  0.0%)  Scalar Evolution Analysis
   0.0002 (  0.0%)   0.0000 (  0.0%)   0.0002 (  0.0%)   0.0002 (  0.0%)  clean some traps produced by clang
   0.0002 (  0.0%)   0.0000 (  0.0%)   0.0002 (  0.0%)   0.0002 (  0.0%)  Scalar Evolution Analysis
   0.0002 (  0.0%)   0.0000 (  0.0%)   0.0002 (  0.0%)   0.0002 (  0.0%)  Scalar Evolution Analysis
   0.0002 (  0.0%)   0.0000 (  0.0%)   0.0002 (  0.0%)   0.0002 (  0.0%)  Scalar Evolution Analysis
   0.0002 (  0.0%)   0.0000 (  0.0%)   0.0002 (  0.0%)   0.0002 (  0.0%)  Scalar Evolution Analysis
   0.0002 (  0.0%)   0.0000 (  0.0%)   0.0002 (  0.0%)   0.0002 (  0.0%)  Scalar Evolution Analysis
   0.0002 (  0.0%)   0.0000 (  0.0%)   0.0002 (  0.0%)   0.0002 (  0.0%)  Scalar Evolution Analysis
   0.0002 (  0.0%)   0.0000 (  0.0%)   0.0002 (  0.0%)   0.0002 (  0.0%)  Scalar Evolution Analysis
   0.0002 (  0.0%)   0.0000 (  0.0%)   0.0002 (  0.0%)   0.0002 (  0.0%)  Scalar Evolution Analysis
   0.0002 (  0.0%)   0.0000 (  0.0%)   0.0002 (  0.0%)   0.0002 (  0.0%)  Scalar Evolution Analysis
   0.0002 (  0.0%)   0.0000 (  0.0%)   0.0002 (  0.0%)   0.0002 (  0.0%)  Scalar Evolution Analysis
   0.0002 (  0.0%)   0.0000 (  0.0%)   0.0002 (  0.0%)   0.0002 (  0.0%)  Scalar Evolution Analysis
   0.0002 (  0.0%)   0.0000 (  0.0%)   0.0002 (  0.0%)   0.0002 (  0.0%)  Scalar Evolution Analysis
   0.0002 (  0.0%)   0.0000 (  0.0%)   0.0002 (  0.0%)   0.0002 (  0.0%)  Scalar Evolution Analysis
   0.0001 (  0.0%)   0.0001 (  0.0%)   0.0002 (  0.0%)   0.0002 (  0.0%)  Scalar Evolution Analysis
   0.0002 (  0.0%)   0.0000 (  0.0%)   0.0002 (  0.0%)   0.0002 (  0.0%)  Scalar Evolution Analysis
   0.0001 (  0.0%)   0.0000 (  0.0%)   0.0002 (  0.0%)   0.0002 (  0.0%)  Scalar Evolution Analysis
   0.0002 (  0.0%)   0.0000 (  0.0%)   0.0002 (  0.0%)   0.0002 (  0.0%)  Scalar Evolution Analysis
   0.0002 (  0.0%)   0.0000 (  0.0%)   0.0002 (  0.0%)   0.0002 (  0.0%)  Scalar Evolution Analysis
   0.0002 (  0.0%)   0.0000 (  0.0%)   0.0002 (  0.0%)   0.0002 (  0.0%)  Scalar Evolution Analysis
   0.0002 (  0.0%)   0.0000 (  0.0%)   0.0002 (  0.0%)   0.0002 (  0.0%)  Scalar Evolution Analysis
   0.0002 (  0.0%)   0.0000 (  0.0%)   0.0002 (  0.0%)   0.0002 (  0.0%)  Memory Dependence Analysis
   0.0002 (  0.0%)   0.0000 (  0.0%)   0.0002 (  0.0%)   0.0002 (  0.0%)  Loop Invariant Code Motion
   0.0001 (  0.0%)   0.0000 (  0.0%)   0.0002 (  0.0%)   0.0002 (  0.0%)  Scalar Evolution Analysis
   0.0002 (  0.0%)   0.0000 (  0.0%)   0.0002 (  0.0%)   0.0002 (  0.0%)  CallGraph Construction
   0.0002 (  0.0%)   0.0000 (  0.0%)   0.0002 (  0.0%)   0.0002 (  0.0%)  Scalar Evolution Analysis
   0.0002 (  0.0%)   0.0000 (  0.0%)   0.0002 (  0.0%)   0.0002 (  0.0%)  Scalar Evolution Analysis
   0.0002 (  0.0%)   0.0000 (  0.0%)   0.0002 (  0.0%)   0.0002 (  0.0%)  Scalar Evolution Analysis
   0.0002 (  0.0%)   0.0000 (  0.0%)   0.0002 (  0.0%)   0.0002 (  0.0%)  Scalar Evolution Analysis
   0.0002 (  0.0%)   0.0000 (  0.0%)   0.0002 (  0.0%)   0.0002 (  0.0%)  Scalar Evolution Analysis
   0.0001 (  0.0%)   0.0000 (  0.0%)   0.0002 (  0.0%)   0.0002 (  0.0%)  Scalar Evolution Analysis
   0.0002 (  0.0%)   0.0000 (  0.0%)   0.0002 (  0.0%)   0.0002 (  0.0%)  Scalar Evolution Analysis
   0.0002 (  0.0%)   0.0000 (  0.0%)   0.0002 (  0.0%)   0.0002 (  0.0%)  Scalar Evolution Analysis
   0.0002 (  0.0%)   0.0000 (  0.0%)   0.0002 (  0.0%)   0.0002 (  0.0%)  Loop-Closed SSA Form Pass
   0.0002 (  0.0%)   0.0000 (  0.0%)   0.0002 (  0.0%)   0.0002 (  0.0%)  Scalar Evolution Analysis
   0.0001 (  0.0%)   0.0000 (  0.0%)   0.0002 (  0.0%)   0.0002 (  0.0%)  Loop-Closed SSA Form Pass
   0.0001 (  0.0%)   0.0000 (  0.0%)   0.0002 (  0.0%)   0.0002 (  0.0%)  Scalar Evolution Analysis
   0.0001 (  0.0%)   0.0001 (  0.0%)   0.0002 (  0.0%)   0.0002 (  0.0%)  Scalar Evolution Analysis
   0.0001 (  0.0%)   0.0000 (  0.0%)   0.0002 (  0.0%)   0.0002 (  0.0%)  Scalar Evolution Analysis
   0.0001 (  0.0%)   0.0000 (  0.0%)   0.0001 (  0.0%)   0.0002 (  0.0%)  Scalar Evolution Analysis
   0.0001 (  0.0%)   0.0000 (  0.0%)   0.0001 (  0.0%)   0.0002 (  0.0%)  Scalar Evolution Analysis
   0.0002 (  0.0%)   0.0000 (  0.0%)   0.0002 (  0.0%)   0.0002 (  0.0%)  Promote Memory to Register
   0.0001 (  0.0%)   0.0000 (  0.0%)   0.0002 (  0.0%)   0.0002 (  0.0%)  Loop-Closed SSA Form Pass
   0.0002 (  0.0%)   0.0000 (  0.0%)   0.0002 (  0.0%)   0.0002 (  0.0%)  Scalar Evolution Analysis
   0.0001 (  0.0%)   0.0000 (  0.0%)   0.0001 (  0.0%)   0.0002 (  0.0%)  Loop-Closed SSA Form Pass
   0.0001 (  0.0%)   0.0000 (  0.0%)   0.0001 (  0.0%)   0.0001 (  0.0%)  Canonicalize natural loops
   0.0001 (  0.0%)   0.0000 (  0.0%)   0.0002 (  0.0%)   0.0001 (  0.0%)  Simplify loop CFG
   0.0001 (  0.0%)   0.0000 (  0.0%)   0.0001 (  0.0%)   0.0001 (  0.0%)  Scalar Evolution Analysis
   0.0002 (  0.0%)   0.0000 (  0.0%)   0.0002 (  0.0%)   0.0001 (  0.0%)  Scalar Evolution Analysis
   0.0001 (  0.0%)   0.0000 (  0.0%)   0.0001 (  0.0%)   0.0001 (  0.0%)  Canonicalize natural loops
   0.0001 (  0.0%)   0.0000 (  0.0%)   0.0001 (  0.0%)   0.0001 (  0.0%)  Basic Alias Analysis (stateless AA impl)
   0.0001 (  0.0%)   0.0000 (  0.0%)   0.0001 (  0.0%)   0.0001 (  0.0%)  Scalar Evolution Analysis
   0.0001 (  0.0%)   0.0000 (  0.0%)   0.0001 (  0.0%)   0.0001 (  0.0%)  Scalar Evolution Analysis
   0.0001 (  0.0%)   0.0000 (  0.0%)   0.0001 (  0.0%)   0.0001 (  0.0%)  Scalar Evolution Analysis
   0.0001 (  0.0%)   0.0000 (  0.0%)   0.0001 (  0.0%)   0.0001 (  0.0%)  Scalar Evolution Analysis
   0.0001 (  0.0%)   0.0000 (  0.0%)   0.0001 (  0.0%)   0.0001 (  0.0%)  Canonicalize natural loops
   0.0001 (  0.0%)   0.0000 (  0.0%)   0.0001 (  0.0%)   0.0001 (  0.0%)  Scalar Evolution Analysis
   0.0001 (  0.0%)   0.0000 (  0.0%)   0.0001 (  0.0%)   0.0001 (  0.0%)  Lazy Value Information Analysis
   0.0001 (  0.0%)   0.0000 (  0.0%)   0.0001 (  0.0%)   0.0001 (  0.0%)  Promote Memory to Register
   0.0001 (  0.0%)   0.0000 (  0.0%)   0.0001 (  0.0%)   0.0001 (  0.0%)  Scalar Evolution Analysis
   0.0001 (  0.0%)   0.0000 (  0.0%)   0.0001 (  0.0%)   0.0001 (  0.0%)  SROA
   0.0001 (  0.0%)   0.0000 (  0.0%)   0.0001 (  0.0%)   0.0001 (  0.0%)  Scalar Evolution Analysis
   0.0001 (  0.0%)   0.0000 (  0.0%)   0.0001 (  0.0%)   0.0001 (  0.0%)  Scalar Evolution Analysis
   0.0001 (  0.0%)   0.0000 (  0.0%)   0.0001 (  0.0%)   0.0001 (  0.0%)  Memory Dependence Analysis
   0.0001 (  0.0%)   0.0000 (  0.0%)   0.0001 (  0.0%)   0.0001 (  0.0%)  Scalar Evolution Analysis
   0.0001 (  0.0%)   0.0000 (  0.0%)   0.0001 (  0.0%)   0.0001 (  0.0%)  Scalar Evolution Analysis
   0.0001 (  0.0%)   0.0000 (  0.0%)   0.0001 (  0.0%)   0.0001 (  0.0%)  Scalar Evolution Analysis
   0.0001 (  0.0%)   0.0000 (  0.0%)   0.0001 (  0.0%)   0.0001 (  0.0%)  Loop-Closed SSA Form Pass
   0.0001 (  0.0%)   0.0000 (  0.0%)   0.0001 (  0.0%)   0.0001 (  0.0%)  Scalar Evolution Analysis
   0.0001 (  0.0%)   0.0001 (  0.0%)   0.0002 (  0.0%)   0.0001 (  0.0%)  Loop-Closed SSA Form Pass
   0.0001 (  0.0%)   0.0000 (  0.0%)   0.0001 (  0.0%)   0.0001 (  0.0%)  Scalar Evolution Analysis
   0.0001 (  0.0%)   0.0000 (  0.0%)   0.0001 (  0.0%)   0.0001 (  0.0%)  Scalar Evolution Analysis
   0.0001 (  0.0%)   0.0000 (  0.0%)   0.0001 (  0.0%)   0.0001 (  0.0%)  Scalar Evolution Analysis
   0.0001 (  0.0%)   0.0000 (  0.0%)   0.0001 (  0.0%)   0.0001 (  0.0%)  Scalar Evolution Analysis
   0.0001 (  0.0%)   0.0000 (  0.0%)   0.0001 (  0.0%)   0.0001 (  0.0%)  Lower fence group
   0.0001 (  0.0%)   0.0000 (  0.0%)   0.0001 (  0.0%)   0.0001 (  0.0%)  Scalar Evolution Analysis
   0.0001 (  0.0%)   0.0000 (  0.0%)   0.0001 (  0.0%)   0.0001 (  0.0%)  Scalar Evolution Analysis
   0.0001 (  0.0%)   0.0000 (  0.0%)   0.0001 (  0.0%)   0.0001 (  0.0%)  Scalar Evolution Analysis
   0.0001 (  0.0%)   0.0000 (  0.0%)   0.0001 (  0.0%)   0.0001 (  0.0%)  Scalar Evolution Analysis
   0.0001 (  0.0%)   0.0000 (  0.0%)   0.0001 (  0.0%)   0.0001 (  0.0%)  Scalar Evolution Analysis
   0.0001 (  0.0%)   0.0000 (  0.0%)   0.0001 (  0.0%)   0.0001 (  0.0%)  Scalar Evolution Analysis
   0.0001 (  0.0%)   0.0000 (  0.0%)   0.0001 (  0.0%)   0.0001 (  0.0%)  Lazy Value Information Analysis
   0.0001 (  0.0%)   0.0000 (  0.0%)   0.0001 (  0.0%)   0.0001 (  0.0%)  Scalar Evolution Analysis
   0.0001 (  0.0%)   0.0000 (  0.0%)   0.0001 (  0.0%)   0.0001 (  0.0%)  Scalar Evolution Analysis
   0.0001 (  0.0%)   0.0000 (  0.0%)   0.0001 (  0.0%)   0.0001 (  0.0%)  Scalar Evolution Analysis
   0.0001 (  0.0%)   0.0000 (  0.0%)   0.0001 (  0.0%)   0.0001 (  0.0%)  Loop-Closed SSA Form Pass
   0.0001 (  0.0%)   0.0000 (  0.0%)   0.0001 (  0.0%)   0.0001 (  0.0%)  Eliminate dead stores globally
   0.0001 (  0.0%)   0.0000 (  0.0%)   0.0001 (  0.0%)   0.0001 (  0.0%)  Scalar Evolution Analysis
   0.0001 (  0.0%)   0.0001 (  0.0%)   0.0001 (  0.0%)   0.0001 (  0.0%)  Loop-Closed SSA Form Pass
   0.0001 (  0.0%)   0.0000 (  0.0%)   0.0001 (  0.0%)   0.0001 (  0.0%)  Scalar Evolution Analysis
   0.0001 (  0.0%)   0.0000 (  0.0%)   0.0001 (  0.0%)   0.0001 (  0.0%)  Loop-Closed SSA Form Pass
   0.0001 (  0.0%)   0.0000 (  0.0%)   0.0001 (  0.0%)   0.0001 (  0.0%)  Loop-Closed SSA Form Pass
   0.0001 (  0.0%)   0.0000 (  0.0%)   0.0001 (  0.0%)   0.0001 (  0.0%)  Scalar Evolution Analysis
   0.0001 (  0.0%)   0.0000 (  0.0%)   0.0001 (  0.0%)   0.0001 (  0.0%)  Scalar Evolution Analysis
   0.0001 (  0.0%)   0.0000 (  0.0%)   0.0001 (  0.0%)   0.0001 (  0.0%)  Scalar Evolution Analysis
   0.0001 (  0.0%)   0.0000 (  0.0%)   0.0001 (  0.0%)   0.0001 (  0.0%)  Scalar Evolution Analysis
   0.0001 (  0.0%)   0.0000 (  0.0%)   0.0001 (  0.0%)   0.0001 (  0.0%)  Scalar Evolution Analysis
   0.0001 (  0.0%)   0.0000 (  0.0%)   0.0001 (  0.0%)   0.0001 (  0.0%)  Scalar Evolution Analysis
   0.0001 (  0.0%)   0.0000 (  0.0%)   0.0001 (  0.0%)   0.0001 (  0.0%)  Scalar Evolution Analysis
   0.0001 (  0.0%)   0.0000 (  0.0%)   0.0001 (  0.0%)   0.0001 (  0.0%)  Lazy Value Information Analysis
   0.0001 (  0.0%)   0.0000 (  0.0%)   0.0001 (  0.0%)   0.0001 (  0.0%)  Scalar Evolution Analysis
   0.0001 (  0.0%)   0.0000 (  0.0%)   0.0001 (  0.0%)   0.0001 (  0.0%)  Scalar Evolution Analysis
   0.0001 (  0.0%)   0.0000 (  0.0%)   0.0001 (  0.0%)   0.0001 (  0.0%)  Scalar Evolution Analysis
   0.0001 (  0.0%)   0.0000 (  0.0%)   0.0001 (  0.0%)   0.0001 (  0.0%)  Scalar Evolution Analysis
   0.0001 (  0.0%)   0.0000 (  0.0%)   0.0001 (  0.0%)   0.0001 (  0.0%)  Scalar Evolution Analysis
   0.0001 (  0.0%)   0.0000 (  0.0%)   0.0001 (  0.0%)   0.0001 (  0.0%)  Scalar Evolution Analysis
   0.0001 (  0.0%)   0.0000 (  0.0%)   0.0001 (  0.0%)   0.0001 (  0.0%)  CallGraph Construction
   0.0001 (  0.0%)   0.0000 (  0.0%)   0.0001 (  0.0%)   0.0001 (  0.0%)  Basic Alias Analysis (stateless AA impl)
   0.0001 (  0.0%)   0.0000 (  0.0%)   0.0001 (  0.0%)   0.0001 (  0.0%)  Dominator Tree Construction
   0.0001 (  0.0%)   0.0000 (  0.0%)   0.0001 (  0.0%)   0.0001 (  0.0%)  Loop-Closed SSA Form Pass
   0.0001 (  0.0%)   0.0000 (  0.0%)   0.0001 (  0.0%)   0.0001 (  0.0%)  Memory Dependence Analysis
   0.0001 (  0.0%)   0.0000 (  0.0%)   0.0001 (  0.0%)   0.0001 (  0.0%)  Scalar Evolution Analysis
   0.0001 (  0.0%)   0.0000 (  0.0%)   0.0001 (  0.0%)   0.0001 (  0.0%)  Memory Dependence Analysis
   0.0001 (  0.0%)   0.0000 (  0.0%)   0.0001 (  0.0%)   0.0001 (  0.0%)  Canonicalize natural loops
   0.0001 (  0.0%)   0.0000 (  0.0%)   0.0001 (  0.0%)   0.0001 (  0.0%)  Memory Dependence Analysis
   0.0001 (  0.0%)   0.0000 (  0.0%)   0.0001 (  0.0%)   0.0001 (  0.0%)  Function Alias Analysis Results
   0.0001 (  0.0%)   0.0000 (  0.0%)   0.0001 (  0.0%)   0.0001 (  0.0%)  Scalar Evolution Analysis
   0.0001 (  0.0%)   0.0000 (  0.0%)   0.0001 (  0.0%)   0.0001 (  0.0%)  Memory Dependence Analysis
   0.0001 (  0.0%)   0.0000 (  0.0%)   0.0001 (  0.0%)   0.0001 (  0.0%)  Scalar Evolution Analysis
   0.0001 (  0.0%)   0.0000 (  0.0%)   0.0001 (  0.0%)   0.0001 (  0.0%)  Scalar Evolution Analysis
   0.0001 (  0.0%)   0.0000 (  0.0%)   0.0001 (  0.0%)   0.0001 (  0.0%)  Infer PPPO for array-to-streams
   0.0001 (  0.0%)   0.0001 (  0.0%)   0.0001 (  0.0%)   0.0001 (  0.0%)  Scalar Evolution Analysis
   0.0001 (  0.0%)   0.0000 (  0.0%)   0.0001 (  0.0%)   0.0001 (  0.0%)  Memory Dependence Analysis
   0.0001 (  0.0%)   0.0000 (  0.0%)   0.0001 (  0.0%)   0.0001 (  0.0%)  Infer workgroup size for opencl Kernel
   0.0001 (  0.0%)   0.0000 (  0.0%)   0.0001 (  0.0%)   0.0001 (  0.0%)  Loop-Closed SSA Form Pass
   0.0001 (  0.0%)   0.0000 (  0.0%)   0.0001 (  0.0%)   0.0001 (  0.0%)  Lazy Branch Probability Analysis
   0.0001 (  0.0%)   0.0000 (  0.0%)   0.0001 (  0.0%)   0.0001 (  0.0%)  LoopFlattenMark - Mark nested loops flattenable recursively
   0.0001 (  0.0%)   0.0000 (  0.0%)   0.0001 (  0.0%)   0.0001 (  0.0%)  Transform SSA value on top function to variable with pointer type
   0.0001 (  0.0%)   0.0000 (  0.0%)   0.0001 (  0.0%)   0.0001 (  0.0%)  CallGraph Construction
   0.0001 (  0.0%)   0.0000 (  0.0%)   0.0001 (  0.0%)   0.0001 (  0.0%)  Memory Dependence Analysis
   0.0001 (  0.0%)   0.0000 (  0.0%)   0.0001 (  0.0%)   0.0001 (  0.0%)  Memory Dependence Analysis
   0.0001 (  0.0%)   0.0000 (  0.0%)   0.0001 (  0.0%)   0.0001 (  0.0%)  Scalar Evolution Analysis
   0.0001 (  0.0%)   0.0000 (  0.0%)   0.0001 (  0.0%)   0.0001 (  0.0%)  Memory Dependence Analysis
   0.0001 (  0.0%)   0.0000 (  0.0%)   0.0001 (  0.0%)   0.0001 (  0.0%)  Preprocessing before loop rotation
   0.0001 (  0.0%)   0.0000 (  0.0%)   0.0001 (  0.0%)   0.0001 (  0.0%)  Basic Alias Analysis (stateless AA impl)
   0.0000 (  0.0%)   0.0001 (  0.0%)   0.0001 (  0.0%)   0.0001 (  0.0%)  Lazy Block Frequency Analysis
   0.0001 (  0.0%)   0.0000 (  0.0%)   0.0001 (  0.0%)   0.0001 (  0.0%)  Memory Dependence Analysis
   0.0001 (  0.0%)   0.0000 (  0.0%)   0.0001 (  0.0%)   0.0001 (  0.0%)  Basic Alias Analysis (stateless AA impl)
   0.0001 (  0.0%)   0.0000 (  0.0%)   0.0001 (  0.0%)   0.0001 (  0.0%)  Function Alias Analysis Results
   0.0001 (  0.0%)   0.0000 (  0.0%)   0.0001 (  0.0%)   0.0001 (  0.0%)  Scalar Evolution Analysis
   0.0001 (  0.0%)   0.0000 (  0.0%)   0.0001 (  0.0%)   0.0001 (  0.0%)  Eliminate dead stores globally
   0.0001 (  0.0%)   0.0000 (  0.0%)   0.0001 (  0.0%)   0.0001 (  0.0%)  Basic Alias Analysis (stateless AA impl)
   0.0001 (  0.0%)   0.0000 (  0.0%)   0.0001 (  0.0%)   0.0001 (  0.0%)  verify cache pragmas
   0.0000 (  0.0%)   0.0001 (  0.0%)   0.0001 (  0.0%)   0.0001 (  0.0%)  CallGraph Construction
   0.0001 (  0.0%)   0.0000 (  0.0%)   0.0001 (  0.0%)   0.0001 (  0.0%)  Scalar Evolution Analysis
   0.0001 (  0.0%)   0.0000 (  0.0%)   0.0001 (  0.0%)   0.0001 (  0.0%)  Scalar Evolution Analysis
   0.0001 (  0.0%)   0.0000 (  0.0%)   0.0001 (  0.0%)   0.0001 (  0.0%)  LoopFlattenMark - Mark nested loops flattenable recursively
   0.0001 (  0.0%)   0.0000 (  0.0%)   0.0001 (  0.0%)   0.0001 (  0.0%)  Scalar Evolution Analysis
   0.0001 (  0.0%)   0.0000 (  0.0%)   0.0001 (  0.0%)   0.0001 (  0.0%)  Unify function exit nodes
   0.0001 (  0.0%)   0.0000 (  0.0%)   0.0001 (  0.0%)   0.0001 (  0.0%)  Basic Alias Analysis (stateless AA impl)
   0.0001 (  0.0%)   0.0000 (  0.0%)   0.0001 (  0.0%)   0.0001 (  0.0%)  Aggressive Dead Code Elimination
   0.0001 (  0.0%)   0.0000 (  0.0%)   0.0001 (  0.0%)   0.0001 (  0.0%)  Disaggregation preprocessing
   0.0001 (  0.0%)   0.0000 (  0.0%)   0.0001 (  0.0%)   0.0001 (  0.0%)  Canonicalize natural loops
   0.0001 (  0.0%)   0.0000 (  0.0%)   0.0001 (  0.0%)   0.0001 (  0.0%)  Infer direct input/output accesses
   0.0001 (  0.0%)   0.0000 (  0.0%)   0.0001 (  0.0%)   0.0001 (  0.0%)  Basic Alias Analysis (stateless AA impl)
   0.0001 (  0.0%)   0.0000 (  0.0%)   0.0001 (  0.0%)   0.0001 (  0.0%)  Scalar Evolution Analysis
   0.0001 (  0.0%)   0.0000 (  0.0%)   0.0001 (  0.0%)   0.0001 (  0.0%)  Basic Alias Analysis (stateless AA impl)
   0.0001 (  0.0%)   0.0000 (  0.0%)   0.0001 (  0.0%)   0.0001 (  0.0%)  Basic Alias Analysis (stateless AA impl)
   0.0001 (  0.0%)   0.0000 (  0.0%)   0.0001 (  0.0%)   0.0001 (  0.0%)  Lazy Branch Probability Analysis
   0.0001 (  0.0%)   0.0000 (  0.0%)   0.0001 (  0.0%)   0.0001 (  0.0%)  Delete dead loops
   0.0001 (  0.0%)   0.0000 (  0.0%)   0.0001 (  0.0%)   0.0001 (  0.0%)  Lazy Value Information Analysis
   0.0001 (  0.0%)   0.0000 (  0.0%)   0.0001 (  0.0%)   0.0001 (  0.0%)  Infer direct input/output accesses
   0.0001 (  0.0%)   0.0000 (  0.0%)   0.0001 (  0.0%)   0.0001 (  0.0%)  Basic Alias Analysis (stateless AA impl)
   0.0001 (  0.0%)   0.0000 (  0.0%)   0.0001 (  0.0%)   0.0001 (  0.0%)  Inline sub function calls recursively
   0.0001 (  0.0%)   0.0000 (  0.0%)   0.0001 (  0.0%)   0.0001 (  0.0%)  Basic Alias Analysis (stateless AA impl)
   0.0001 (  0.0%)   0.0000 (  0.0%)   0.0001 (  0.0%)   0.0001 (  0.0%)  Basic Alias Analysis (stateless AA impl)
   0.0001 (  0.0%)   0.0000 (  0.0%)   0.0001 (  0.0%)   0.0001 (  0.0%)  Lazy Branch Probability Analysis
   0.0001 (  0.0%)   0.0001 (  0.0%)   0.0001 (  0.0%)   0.0001 (  0.0%)  Lazy Value Information Analysis
   0.0001 (  0.0%)   0.0000 (  0.0%)   0.0001 (  0.0%)   0.0001 (  0.0%)  Basic Alias Analysis (stateless AA impl)
   0.0001 (  0.0%)   0.0000 (  0.0%)   0.0001 (  0.0%)   0.0001 (  0.0%)  Basic Alias Analysis (stateless AA impl)
   0.0001 (  0.0%)   0.0000 (  0.0%)   0.0001 (  0.0%)   0.0001 (  0.0%)  Basic Alias Analysis (stateless AA impl)
   0.0001 (  0.0%)   0.0000 (  0.0%)   0.0001 (  0.0%)   0.0001 (  0.0%)  Basic Alias Analysis (stateless AA impl)
   0.0001 (  0.0%)   0.0000 (  0.0%)   0.0001 (  0.0%)   0.0001 (  0.0%)  Scalar Evolution Analysis
   0.0001 (  0.0%)   0.0000 (  0.0%)   0.0001 (  0.0%)   0.0001 (  0.0%)  Loop-Closed SSA Form Pass
   0.0001 (  0.0%)   0.0000 (  0.0%)   0.0001 (  0.0%)   0.0001 (  0.0%)  Basic Alias Analysis (stateless AA impl)
   0.0001 (  0.0%)   0.0000 (  0.0%)   0.0001 (  0.0%)   0.0001 (  0.0%)  Loop-Closed SSA Form Pass
   0.0001 (  0.0%)   0.0000 (  0.0%)   0.0001 (  0.0%)   0.0001 (  0.0%)  Lazy Branch Probability Analysis
   0.0001 (  0.0%)   0.0000 (  0.0%)   0.0001 (  0.0%)   0.0001 (  0.0%)  Lazy Block Frequency Analysis
   0.0001 (  0.0%)   0.0000 (  0.0%)   0.0001 (  0.0%)   0.0001 (  0.0%)  Basic Alias Analysis (stateless AA impl)
   0.0001 (  0.0%)   0.0000 (  0.0%)   0.0001 (  0.0%)   0.0001 (  0.0%)  Function duplication
   0.0001 (  0.0%)   0.0000 (  0.0%)   0.0001 (  0.0%)   0.0001 (  0.0%)  Lazy Branch Probability Analysis
   0.0001 (  0.0%)   0.0000 (  0.0%)   0.0001 (  0.0%)   0.0001 (  0.0%)  Basic Alias Analysis (stateless AA impl)
   0.0001 (  0.0%)   0.0000 (  0.0%)   0.0001 (  0.0%)   0.0001 (  0.0%)  Lazy Branch Probability Analysis
   0.0001 (  0.0%)   0.0000 (  0.0%)   0.0001 (  0.0%)   0.0001 (  0.0%)  Scalar Evolution Canonicalization
   0.0001 (  0.0%)   0.0000 (  0.0%)   0.0001 (  0.0%)   0.0001 (  0.0%)  Promote Memory to Register
   0.0001 (  0.0%)   0.0000 (  0.0%)   0.0001 (  0.0%)   0.0001 (  0.0%)  Basic Alias Analysis (stateless AA impl)
   0.0001 (  0.0%)   0.0000 (  0.0%)   0.0001 (  0.0%)   0.0001 (  0.0%)  Lazy Branch Probability Analysis
   0.0001 (  0.0%)   0.0000 (  0.0%)   0.0001 (  0.0%)   0.0001 (  0.0%)  Optimization Remark Emitter
   0.0001 (  0.0%)   0.0000 (  0.0%)   0.0001 (  0.0%)   0.0001 (  0.0%)  CallGraph Construction
   0.0001 (  0.0%)   0.0000 (  0.0%)   0.0001 (  0.0%)   0.0001 (  0.0%)  Basic Alias Analysis (stateless AA impl)
   0.0001 (  0.0%)   0.0000 (  0.0%)   0.0001 (  0.0%)   0.0001 (  0.0%)  Lazy Value Information Analysis
   0.0001 (  0.0%)   0.0000 (  0.0%)   0.0001 (  0.0%)   0.0001 (  0.0%)  Promote Memory to Register
   0.0001 (  0.0%)   0.0000 (  0.0%)   0.0001 (  0.0%)   0.0001 (  0.0%)  Lazy Branch Probability Analysis
   0.0001 (  0.0%)   0.0000 (  0.0%)   0.0001 (  0.0%)   0.0001 (  0.0%)  ShiftRegInference - Automatic Shift Register Inference
   0.0001 (  0.0%)   0.0000 (  0.0%)   0.0001 (  0.0%)   0.0001 (  0.0%)  Predicate SPIR Kernels
   0.0001 (  0.0%)   0.0000 (  0.0%)   0.0001 (  0.0%)   0.0001 (  0.0%)  Basic Alias Analysis (stateless AA impl)
   0.0001 (  0.0%)   0.0000 (  0.0%)   0.0001 (  0.0%)   0.0001 (  0.0%)  ScalarEvolution-based Alias Analysis
   0.0001 (  0.0%)   0.0000 (  0.0%)   0.0001 (  0.0%)   0.0001 (  0.0%)  Lazy Block Frequency Analysis
   0.0001 (  0.0%)   0.0000 (  0.0%)   0.0001 (  0.0%)   0.0001 (  0.0%)  Shrink Synchronization Regions in SPMD program to reduce CFG complexity
   0.0000 (  0.0%)   0.0000 (  0.0%)   0.0001 (  0.0%)   0.0001 (  0.0%)  LCSSA Verifier
   0.0001 (  0.0%)   0.0000 (  0.0%)   0.0001 (  0.0%)   0.0001 (  0.0%)  Scalar Evolution Analysis
   0.0001 (  0.0%)   0.0000 (  0.0%)   0.0001 (  0.0%)   0.0001 (  0.0%)  Basic Alias Analysis (stateless AA impl)
   0.0001 (  0.0%)   0.0000 (  0.0%)   0.0001 (  0.0%)   0.0001 (  0.0%)  ScalarEvolution-based Alias Analysis
   0.0001 (  0.0%)   0.0000 (  0.0%)   0.0001 (  0.0%)   0.0001 (  0.0%)  ScalarEvolution-based Alias Analysis
   0.0001 (  0.0%)   0.0000 (  0.0%)   0.0001 (  0.0%)   0.0001 (  0.0%)  Lazy Block Frequency Analysis
   0.0000 (  0.0%)   0.0001 (  0.0%)   0.0001 (  0.0%)   0.0001 (  0.0%)  Lazy Branch Probability Analysis
   0.0001 (  0.0%)   0.0000 (  0.0%)   0.0001 (  0.0%)   0.0001 (  0.0%)  Optimization Remark Emitter
   0.0001 (  0.0%)   0.0000 (  0.0%)   0.0001 (  0.0%)   0.0001 (  0.0%)  Build Synchronization Regions in SPMD program
   0.0001 (  0.0%)   0.0000 (  0.0%)   0.0001 (  0.0%)   0.0001 (  0.0%)  ScalarEvolution-based Alias Analysis
   0.0001 (  0.0%)   0.0000 (  0.0%)   0.0001 (  0.0%)   0.0001 (  0.0%)  Optimization Remark Emitter
   0.0001 (  0.0%)   0.0000 (  0.0%)   0.0001 (  0.0%)   0.0001 (  0.0%)  Optimization Remark Emitter
   0.0001 (  0.0%)   0.0000 (  0.0%)   0.0001 (  0.0%)   0.0001 (  0.0%)  Lazy Branch Probability Analysis
   0.0001 (  0.0%)   0.0000 (  0.0%)   0.0001 (  0.0%)   0.0001 (  0.0%)  Scalar Evolution Analysis
   0.0001 (  0.0%)   0.0000 (  0.0%)   0.0001 (  0.0%)   0.0001 (  0.0%)  Lazy Block Frequency Analysis
   0.0001 (  0.0%)   0.0000 (  0.0%)   0.0001 (  0.0%)   0.0001 (  0.0%)  Optimization Remark Emitter
   0.0001 (  0.0%)   0.0000 (  0.0%)   0.0001 (  0.0%)   0.0001 (  0.0%)  Optimization Remark Emitter
   0.0001 (  0.0%)   0.0000 (  0.0%)   0.0001 (  0.0%)   0.0001 (  0.0%)  Lazy Block Frequency Analysis
   0.0001 (  0.0%)   0.0000 (  0.0%)   0.0001 (  0.0%)   0.0001 (  0.0%)  Lazy Block Frequency Analysis
   0.0000 (  0.0%)   0.0000 (  0.0%)   0.0001 (  0.0%)   0.0001 (  0.0%)  Loop Invariant Code Motion
   0.0001 (  0.0%)   0.0000 (  0.0%)   0.0001 (  0.0%)   0.0001 (  0.0%)  Optimization Remark Emitter
   0.0001 (  0.0%)   0.0000 (  0.0%)   0.0001 (  0.0%)   0.0001 (  0.0%)  Lazy Block Frequency Analysis
   0.0001 (  0.0%)   0.0000 (  0.0%)   0.0001 (  0.0%)   0.0001 (  0.0%)  Optimization Remark Emitter
   0.0001 (  0.0%)   0.0000 (  0.0%)   0.0001 (  0.0%)   0.0001 (  0.0%)  Loop Invariant Code Motion
   0.0001 (  0.0%)   0.0000 (  0.0%)   0.0001 (  0.0%)   0.0001 (  0.0%)  SPIRUpdateIntrRange - Update SPIR Intrinsics Metadata
   0.0001 (  0.0%)   0.0000 (  0.0%)   0.0001 (  0.0%)   0.0001 (  0.0%)  Lazy Block Frequency Analysis
   0.0001 (  0.0%)   0.0000 (  0.0%)   0.0001 (  0.0%)   0.0001 (  0.0%)  Optimization Remark Emitter
   0.0001 (  0.0%)   0.0000 (  0.0%)   0.0001 (  0.0%)   0.0001 (  0.0%)  Optimization Remark Emitter
   0.0001 (  0.0%)   0.0000 (  0.0%)   0.0001 (  0.0%)   0.0001 (  0.0%)  Promote Memory to Register
   0.0001 (  0.0%)   0.0000 (  0.0%)   0.0001 (  0.0%)   0.0001 (  0.0%)  ScalarEvolution-based Alias Analysis
   0.0001 (  0.0%)   0.0000 (  0.0%)   0.0001 (  0.0%)   0.0001 (  0.0%)  Lazy Block Frequency Analysis
   0.0001 (  0.0%)   0.0000 (  0.0%)   0.0001 (  0.0%)   0.0001 (  0.0%)  Optimization Remark Emitter
   0.0001 (  0.0%)   0.0000 (  0.0%)   0.0001 (  0.0%)   0.0001 (  0.0%)  LCSSA Verifier
   0.0001 (  0.0%)   0.0000 (  0.0%)   0.0001 (  0.0%)   0.0001 (  0.0%)  Optimization Remark Emitter
   0.0001 (  0.0%)   0.0000 (  0.0%)   0.0001 (  0.0%)   0.0001 (  0.0%)  LCSSA Verifier
   0.0001 (  0.0%)   0.0000 (  0.0%)   0.0001 (  0.0%)   0.0001 (  0.0%)  LCSSA Verifier
   0.0000 (  0.0%)   0.0001 (  0.0%)   0.0001 (  0.0%)   0.0001 (  0.0%)  Optimization Remark Emitter
   0.0001 (  0.0%)   0.0000 (  0.0%)   0.0001 (  0.0%)   0.0001 (  0.0%)  Loop Invariant Code Motion
   0.0001 (  0.0%)   0.0000 (  0.0%)   0.0001 (  0.0%)   0.0001 (  0.0%)  ScalarEvolution-based Alias Analysis
   0.0001 (  0.0%)   0.0000 (  0.0%)   0.0001 (  0.0%)   0.0001 (  0.0%)  Optimization Remark Emitter
   0.0001 (  0.0%)   0.0000 (  0.0%)   0.0001 (  0.0%)   0.0001 (  0.0%)  Optimization Remark Emitter
   0.0001 (  0.0%)   0.0000 (  0.0%)   0.0001 (  0.0%)   0.0001 (  0.0%)  Interprocedural constant propagation
   0.0001 (  0.0%)   0.0000 (  0.0%)   0.0001 (  0.0%)   0.0001 (  0.0%)  Loop Invariant Code Motion
   0.0001 (  0.0%)   0.0000 (  0.0%)   0.0001 (  0.0%)   0.0001 (  0.0%)  Promote Memory to Register
   0.0001 (  0.0%)   0.0000 (  0.0%)   0.0001 (  0.0%)   0.0001 (  0.0%)  Memory Dependence Analysis
   0.0001 (  0.0%)   0.0000 (  0.0%)   0.0001 (  0.0%)   0.0001 (  0.0%)  LCSSA Verifier
   0.0001 (  0.0%)   0.0000 (  0.0%)   0.0001 (  0.0%)   0.0001 (  0.0%)  LCSSA Verifier
   0.0001 (  0.0%)   0.0000 (  0.0%)   0.0001 (  0.0%)   0.0001 (  0.0%)  LCSSA Verifier
   0.0001 (  0.0%)   0.0000 (  0.0%)   0.0001 (  0.0%)   0.0001 (  0.0%)  LCSSA Verifier
   0.0001 (  0.0%)   0.0000 (  0.0%)   0.0001 (  0.0%)   0.0001 (  0.0%)  Optimization Remark Emitter
   0.0001 (  0.0%)   0.0000 (  0.0%)   0.0001 (  0.0%)   0.0001 (  0.0%)  LCSSA Verifier
   0.0001 (  0.0%)   0.0000 (  0.0%)   0.0001 (  0.0%)   0.0001 (  0.0%)  LCSSA Verifier
   0.0001 (  0.0%)   0.0000 (  0.0%)   0.0001 (  0.0%)   0.0001 (  0.0%)  Scalar Evolution Analysis
   0.0001 (  0.0%)   0.0000 (  0.0%)   0.0001 (  0.0%)   0.0001 (  0.0%)  LCSSA Verifier
   0.0001 (  0.0%)   0.0000 (  0.0%)   0.0001 (  0.0%)   0.0001 (  0.0%)  Lazy Branch Probability Analysis
   0.0001 (  0.0%)   0.0000 (  0.0%)   0.0001 (  0.0%)   0.0001 (  0.0%)  Basic Alias Analysis (stateless AA impl)
   0.0001 (  0.0%)   0.0000 (  0.0%)   0.0001 (  0.0%)   0.0001 (  0.0%)  Lazy Branch Probability Analysis
   0.0001 (  0.0%)   0.0000 (  0.0%)   0.0001 (  0.0%)   0.0001 (  0.0%)  Lazy Block Frequency Analysis
   0.0001 (  0.0%)   0.0000 (  0.0%)   0.0001 (  0.0%)   0.0001 (  0.0%)  Optimization Remark Emitter
   0.0001 (  0.0%)   0.0000 (  0.0%)   0.0001 (  0.0%)   0.0001 (  0.0%)  Post-Dominator Tree Construction
   0.0000 (  0.0%)   0.0000 (  0.0%)   0.0001 (  0.0%)   0.0001 (  0.0%)  Optimization Remark Emitter
   0.0001 (  0.0%)   0.0000 (  0.0%)   0.0001 (  0.0%)   0.0001 (  0.0%)  Simplify loop CFG
   0.0000 (  0.0%)   0.0000 (  0.0%)   0.0001 (  0.0%)   0.0001 (  0.0%)  Lazy Branch Probability Analysis
   0.0001 (  0.0%)   0.0000 (  0.0%)   0.0001 (  0.0%)   0.0001 (  0.0%)  Scalar Evolution Analysis
   0.0001 (  0.0%)   0.0000 (  0.0%)   0.0001 (  0.0%)   0.0001 (  0.0%)  Lazy Block Frequency Analysis
   0.0000 (  0.0%)   0.0000 (  0.0%)   0.0001 (  0.0%)   0.0001 (  0.0%)  Optimization Remark Emitter
   0.0000 (  0.0%)   0.0000 (  0.0%)   0.0001 (  0.0%)   0.0001 (  0.0%)  Lazy Block Frequency Analysis
   0.0000 (  0.0%)   0.0000 (  0.0%)   0.0001 (  0.0%)   0.0001 (  0.0%)  Lazy Block Frequency Analysis
   0.0001 (  0.0%)   0.0000 (  0.0%)   0.0001 (  0.0%)   0.0001 (  0.0%)  Scalar Evolution Analysis
   0.0001 (  0.0%)   0.0000 (  0.0%)   0.0001 (  0.0%)   0.0001 (  0.0%)  Dependence Analysis
   0.0001 (  0.0%)   0.0000 (  0.0%)   0.0001 (  0.0%)   0.0001 (  0.0%)  Scalar Evolution Analysis
   0.0001 (  0.0%)   0.0000 (  0.0%)   0.0001 (  0.0%)   0.0001 (  0.0%)  Simplify loop CFG
   0.0001 (  0.0%)   0.0000 (  0.0%)   0.0001 (  0.0%)   0.0001 (  0.0%)  Scalar Evolution Analysis
   0.0001 (  0.0%)   0.0000 (  0.0%)   0.0001 (  0.0%)   0.0001 (  0.0%)  Basic Alias Analysis (stateless AA impl)
   0.0001 (  0.0%)   0.0000 (  0.0%)   0.0001 (  0.0%)   0.0001 (  0.0%)  Promote Memory to Register
   0.0001 (  0.0%)   0.0000 (  0.0%)   0.0001 (  0.0%)   0.0001 (  0.0%)  Scalar Evolution Analysis
   0.0001 (  0.0%)   0.0000 (  0.0%)   0.0001 (  0.0%)   0.0001 (  0.0%)  Dominator Tree Construction
   0.0001 (  0.0%)   0.0000 (  0.0%)   0.0001 (  0.0%)   0.0001 (  0.0%)  Scalar Evolution Analysis
   0.0001 (  0.0%)   0.0000 (  0.0%)   0.0001 (  0.0%)   0.0001 (  0.0%)  Loop-Closed SSA Form Pass
   0.0001 (  0.0%)   0.0000 (  0.0%)   0.0001 (  0.0%)   0.0001 (  0.0%)  CallGraph Construction
   0.0001 (  0.0%)   0.0000 (  0.0%)   0.0001 (  0.0%)   0.0001 (  0.0%)  Scalar Evolution Analysis
   0.0001 (  0.0%)   0.0000 (  0.0%)   0.0001 (  0.0%)   0.0001 (  0.0%)  InterfaceCheck - Check Interface
   0.0001 (  0.0%)   0.0000 (  0.0%)   0.0001 (  0.0%)   0.0001 (  0.0%)  Memory Dependence Analysis
   0.0001 (  0.0%)   0.0000 (  0.0%)   0.0001 (  0.0%)   0.0001 (  0.0%)  Scalar Evolution Analysis
   0.0001 (  0.0%)   0.0000 (  0.0%)   0.0001 (  0.0%)   0.0001 (  0.0%)  do loop unroll according tripcount threshold config
   0.0001 (  0.0%)   0.0000 (  0.0%)   0.0001 (  0.0%)   0.0001 (  0.0%)  Basic Alias Analysis (stateless AA impl)
   0.0001 (  0.0%)   0.0000 (  0.0%)   0.0001 (  0.0%)   0.0001 (  0.0%)  Scalar Evolution Analysis
   0.0001 (  0.0%)   0.0000 (  0.0%)   0.0001 (  0.0%)   0.0001 (  0.0%)  Memory Dependence Analysis
   0.0001 (  0.0%)   0.0000 (  0.0%)   0.0001 (  0.0%)   0.0001 (  0.0%)  Predicate analysis under a loop context
   0.0001 (  0.0%)   0.0000 (  0.0%)   0.0001 (  0.0%)   0.0001 (  0.0%)  LoopFlattenMark - Mark nested loops flattenable recursively
   0.0001 (  0.0%)   0.0000 (  0.0%)   0.0001 (  0.0%)   0.0001 (  0.0%)  Struct object aggregation
   0.0001 (  0.0%)   0.0000 (  0.0%)   0.0001 (  0.0%)   0.0001 (  0.0%)  CallGraph Construction
   0.0001 (  0.0%)   0.0000 (  0.0%)   0.0001 (  0.0%)   0.0001 (  0.0%)  Memory Dependence Analysis
   0.0001 (  0.0%)   0.0000 (  0.0%)   0.0001 (  0.0%)   0.0001 (  0.0%)  Basic Alias Analysis (stateless AA impl)
   0.0001 (  0.0%)   0.0000 (  0.0%)   0.0001 (  0.0%)   0.0001 (  0.0%)  CallGraph Construction
   0.0001 (  0.0%)   0.0000 (  0.0%)   0.0001 (  0.0%)   0.0001 (  0.0%)  Memory Dependence Analysis
   0.0001 (  0.0%)   0.0000 (  0.0%)   0.0001 (  0.0%)   0.0001 (  0.0%)  Memory Dependence Analysis
   0.0001 (  0.0%)   0.0000 (  0.0%)   0.0001 (  0.0%)   0.0001 (  0.0%)  Memory Dependence Analysis
   0.0000 (  0.0%)   0.0000 (  0.0%)   0.0001 (  0.0%)   0.0001 (  0.0%)  Memory Dependence Analysis
   0.0001 (  0.0%)   0.0000 (  0.0%)   0.0001 (  0.0%)   0.0001 (  0.0%)  Memory Dependence Analysis
   0.0001 (  0.0%)   0.0000 (  0.0%)   0.0001 (  0.0%)   0.0001 (  0.0%)  Memory Dependence Analysis
   0.0001 (  0.0%)   0.0000 (  0.0%)   0.0001 (  0.0%)   0.0001 (  0.0%)  Memory Dependence Analysis
   0.0001 (  0.0%)   0.0000 (  0.0%)   0.0001 (  0.0%)   0.0001 (  0.0%)  Lazy Branch Probability Analysis
   0.0001 (  0.0%)   0.0000 (  0.0%)   0.0001 (  0.0%)   0.0001 (  0.0%)  Memory Dependence Analysis
   0.0001 (  0.0%)   0.0000 (  0.0%)   0.0001 (  0.0%)   0.0001 (  0.0%)  Loop-Closed SSA Form Pass
   0.0001 (  0.0%)   0.0000 (  0.0%)   0.0001 (  0.0%)   0.0001 (  0.0%)  LoopFlattenMark - Mark nested loops flattenable recursively
   0.0001 (  0.0%)   0.0000 (  0.0%)   0.0001 (  0.0%)   0.0001 (  0.0%)  Memory Dependence Analysis
   0.0001 (  0.0%)   0.0000 (  0.0%)   0.0001 (  0.0%)   0.0001 (  0.0%)  Memory Dependence Analysis
   0.0001 (  0.0%)   0.0000 (  0.0%)   0.0001 (  0.0%)   0.0001 (  0.0%)  Lazy Branch Probability Analysis
   0.0001 (  0.0%)   0.0000 (  0.0%)   0.0001 (  0.0%)   0.0001 (  0.0%)  SeqAccessesInference - Infer Sequential accesses for HLS C/C++
   0.0001 (  0.0%)   0.0000 (  0.0%)   0.0001 (  0.0%)   0.0001 (  0.0%)  Memory Dependence Analysis
   0.0001 (  0.0%)   0.0000 (  0.0%)   0.0001 (  0.0%)   0.0001 (  0.0%)  Memory Dependence Analysis
   0.0001 (  0.0%)   0.0000 (  0.0%)   0.0001 (  0.0%)   0.0001 (  0.0%)  Memory Dependence Analysis
   0.0000 (  0.0%)   0.0000 (  0.0%)   0.0001 (  0.0%)   0.0001 (  0.0%)  Optimization Remark Emitter
   0.0001 (  0.0%)   0.0000 (  0.0%)   0.0001 (  0.0%)   0.0001 (  0.0%)  Memory Dependence Analysis
   0.0001 (  0.0%)   0.0000 (  0.0%)   0.0001 (  0.0%)   0.0001 (  0.0%)  Reflow auto unroll loops
   0.0001 (  0.0%)   0.0000 (  0.0%)   0.0001 (  0.0%)   0.0001 (  0.0%)  LoopFlattenMark - Mark nested loops flattenable recursively
   0.0001 (  0.0%)   0.0000 (  0.0%)   0.0001 (  0.0%)   0.0001 (  0.0%)  Lazy Branch Probability Analysis
   0.0001 (  0.0%)   0.0000 (  0.0%)   0.0001 (  0.0%)   0.0001 (  0.0%)  Predicate analysis under a loop context
   0.0001 (  0.0%)   0.0000 (  0.0%)   0.0001 (  0.0%)   0.0001 (  0.0%)  Basic Alias Analysis (stateless AA impl)
   0.0001 (  0.0%)   0.0000 (  0.0%)   0.0001 (  0.0%)   0.0001 (  0.0%)  Memory Dependence Analysis
   0.0001 (  0.0%)   0.0000 (  0.0%)   0.0001 (  0.0%)   0.0001 (  0.0%)  Memory Dependence Analysis
   0.0001 (  0.0%)   0.0000 (  0.0%)   0.0001 (  0.0%)   0.0001 (  0.0%)  Memory Dependence Analysis
   0.0001 (  0.0%)   0.0000 (  0.0%)   0.0001 (  0.0%)   0.0001 (  0.0%)  Basic Alias Analysis (stateless AA impl)
   0.0000 (  0.0%)   0.0000 (  0.0%)   0.0001 (  0.0%)   0.0001 (  0.0%)  Scalar Evolution Canonicalization
   0.0001 (  0.0%)   0.0000 (  0.0%)   0.0001 (  0.0%)   0.0001 (  0.0%)  Memory Dependence Analysis
   0.0001 (  0.0%)   0.0000 (  0.0%)   0.0001 (  0.0%)   0.0001 (  0.0%)  Memory Dependence Analysis
   0.0001 (  0.0%)   0.0000 (  0.0%)   0.0001 (  0.0%)   0.0001 (  0.0%)  Memory Dependence Analysis
   0.0001 (  0.0%)   0.0000 (  0.0%)   0.0001 (  0.0%)   0.0001 (  0.0%)  Memory Dependence Analysis
   0.0001 (  0.0%)   0.0000 (  0.0%)   0.0001 (  0.0%)   0.0001 (  0.0%)  Basic Alias Analysis (stateless AA impl)
   0.0001 (  0.0%)   0.0000 (  0.0%)   0.0001 (  0.0%)   0.0001 (  0.0%)  Basic Alias Analysis (stateless AA impl)
   0.0001 (  0.0%)   0.0000 (  0.0%)   0.0001 (  0.0%)   0.0001 (  0.0%)  Memory Dependence Analysis
   0.0001 (  0.0%)   0.0000 (  0.0%)   0.0001 (  0.0%)   0.0001 (  0.0%)  Memory Dependence Analysis
   0.0001 (  0.0%)   0.0000 (  0.0%)   0.0001 (  0.0%)   0.0001 (  0.0%)  Basic Alias Analysis (stateless AA impl)
   0.0001 (  0.0%)   0.0000 (  0.0%)   0.0001 (  0.0%)   0.0001 (  0.0%)  Memory Dependence Analysis
   0.0001 (  0.0%)   0.0000 (  0.0%)   0.0001 (  0.0%)   0.0001 (  0.0%)  Lazy Branch Probability Analysis
   0.0001 (  0.0%)   0.0000 (  0.0%)   0.0001 (  0.0%)   0.0001 (  0.0%)  Memory Dependence Analysis
   0.0001 (  0.0%)   0.0000 (  0.0%)   0.0001 (  0.0%)   0.0001 (  0.0%)  Memory Dependence Analysis
   0.0001 (  0.0%)   0.0000 (  0.0%)   0.0001 (  0.0%)   0.0001 (  0.0%)  Memory Dependence Analysis
   0.0000 (  0.0%)   0.0000 (  0.0%)   0.0001 (  0.0%)   0.0001 (  0.0%)  Memory Dependence Analysis
   0.0000 (  0.0%)   0.0000 (  0.0%)   0.0001 (  0.0%)   0.0001 (  0.0%)  Memory Dependence Analysis
   0.0001 (  0.0%)   0.0000 (  0.0%)   0.0001 (  0.0%)   0.0001 (  0.0%)  Loop Access Analysis
   0.0001 (  0.0%)   0.0000 (  0.0%)   0.0001 (  0.0%)   0.0001 (  0.0%)  Memory Dependence Analysis
   0.0001 (  0.0%)   0.0000 (  0.0%)   0.0001 (  0.0%)   0.0001 (  0.0%)  Memory Dependence Analysis
   0.0001 (  0.0%)   0.0000 (  0.0%)   0.0001 (  0.0%)   0.0001 (  0.0%)  Memory Dependence Analysis
   0.0001 (  0.0%)   0.0000 (  0.0%)   0.0001 (  0.0%)   0.0001 (  0.0%)  Memory Dependence Analysis
   0.0001 (  0.0%)   0.0000 (  0.0%)   0.0001 (  0.0%)   0.0001 (  0.0%)  Scalar Evolution Canonicalization
   0.0001 (  0.0%)   0.0000 (  0.0%)   0.0001 (  0.0%)   0.0001 (  0.0%)  Basic Alias Analysis (stateless AA impl)
   0.0001 (  0.0%)   0.0000 (  0.0%)   0.0001 (  0.0%)   0.0001 (  0.0%)  Memory Dependence Analysis
   0.0000 (  0.0%)   0.0000 (  0.0%)   0.0001 (  0.0%)   0.0001 (  0.0%)  Memory Dependence Analysis
   0.0001 (  0.0%)   0.0000 (  0.0%)   0.0001 (  0.0%)   0.0001 (  0.0%)  Basic Alias Analysis (stateless AA impl)
   0.0001 (  0.0%)   0.0000 (  0.0%)   0.0001 (  0.0%)   0.0001 (  0.0%)  Memory Dependence Analysis
   0.0001 (  0.0%)   0.0000 (  0.0%)   0.0001 (  0.0%)   0.0001 (  0.0%)  Memory Dependence Analysis
   0.0001 (  0.0%)   0.0000 (  0.0%)   0.0001 (  0.0%)   0.0001 (  0.0%)  Lazy Branch Probability Analysis
   0.0001 (  0.0%)   0.0000 (  0.0%)   0.0001 (  0.0%)   0.0001 (  0.0%)  Promote Memory to Register
   0.0001 (  0.0%)   0.0000 (  0.0%)   0.0001 (  0.0%)   0.0001 (  0.0%)  Memory Dependence Analysis
   0.0001 (  0.0%)   0.0000 (  0.0%)   0.0001 (  0.0%)   0.0001 (  0.0%)  Memory Dependence Analysis
   0.0001 (  0.0%)   0.0000 (  0.0%)   0.0001 (  0.0%)   0.0001 (  0.0%)  Memory Dependence Analysis
   0.0001 (  0.0%)   0.0000 (  0.0%)   0.0001 (  0.0%)   0.0001 (  0.0%)  Basic Alias Analysis (stateless AA impl)
   0.0001 (  0.0%)   0.0000 (  0.0%)   0.0001 (  0.0%)   0.0001 (  0.0%)  Memory Dependence Analysis
   0.0001 (  0.0%)   0.0000 (  0.0%)   0.0001 (  0.0%)   0.0001 (  0.0%)  Basic Alias Analysis (stateless AA impl)
   0.0001 (  0.0%)   0.0000 (  0.0%)   0.0001 (  0.0%)   0.0001 (  0.0%)  Memory Dependence Analysis
   0.0001 (  0.0%)   0.0000 (  0.0%)   0.0001 (  0.0%)   0.0001 (  0.0%)  Optimization Remark Emitter
   0.0001 (  0.0%)   0.0000 (  0.0%)   0.0001 (  0.0%)   0.0001 (  0.0%)  Memory Dependence Analysis
   0.0001 (  0.0%)   0.0000 (  0.0%)   0.0001 (  0.0%)   0.0001 (  0.0%)  Basic Alias Analysis (stateless AA impl)
   0.0001 (  0.0%)   0.0000 (  0.0%)   0.0001 (  0.0%)   0.0001 (  0.0%)  Lazy Branch Probability Analysis
   0.0001 (  0.0%)   0.0000 (  0.0%)   0.0001 (  0.0%)   0.0001 (  0.0%)  Memory Dependence Analysis
   0.0001 (  0.0%)   0.0000 (  0.0%)   0.0001 (  0.0%)   0.0001 (  0.0%)  Lazy Branch Probability Analysis
   0.0001 (  0.0%)   0.0000 (  0.0%)   0.0001 (  0.0%)   0.0001 (  0.0%)  Lazy Branch Probability Analysis
   0.0001 (  0.0%)   0.0000 (  0.0%)   0.0001 (  0.0%)   0.0001 (  0.0%)  Scalar Evolution Canonicalization
   0.0001 (  0.0%)   0.0000 (  0.0%)   0.0001 (  0.0%)   0.0001 (  0.0%)  Lazy Branch Probability Analysis
   0.0001 (  0.0%)   0.0000 (  0.0%)   0.0001 (  0.0%)   0.0001 (  0.0%)  Canonicalize natural loops
   0.0001 (  0.0%)   0.0000 (  0.0%)   0.0001 (  0.0%)   0.0001 (  0.0%)  Lazy Branch Probability Analysis
   0.0001 (  0.0%)   0.0000 (  0.0%)   0.0001 (  0.0%)   0.0001 (  0.0%)  Basic Alias Analysis (stateless AA impl)
   0.0001 (  0.0%)   0.0000 (  0.0%)   0.0001 (  0.0%)   0.0001 (  0.0%)  Lazy Branch Probability Analysis
   0.0001 (  0.0%)   0.0000 (  0.0%)   0.0001 (  0.0%)   0.0001 (  0.0%)  Memory Dependence Analysis
   0.0001 (  0.0%)   0.0000 (  0.0%)   0.0001 (  0.0%)   0.0001 (  0.0%)  Memory Dependence Analysis
   0.0001 (  0.0%)   0.0000 (  0.0%)   0.0001 (  0.0%)   0.0001 (  0.0%)  Memory Dependence Analysis
   0.0001 (  0.0%)   0.0000 (  0.0%)   0.0001 (  0.0%)   0.0001 (  0.0%)  Memory Dependence Analysis
   0.0001 (  0.0%)   0.0000 (  0.0%)   0.0001 (  0.0%)   0.0001 (  0.0%)  Memory Dependence Analysis
   0.0001 (  0.0%)   0.0000 (  0.0%)   0.0001 (  0.0%)   0.0001 (  0.0%)  Scalar Evolution Canonicalization
   0.0001 (  0.0%)   0.0000 (  0.0%)   0.0001 (  0.0%)   0.0001 (  0.0%)  Memory Dependence Analysis
   0.0001 (  0.0%)   0.0000 (  0.0%)   0.0001 (  0.0%)   0.0001 (  0.0%)  Lazy Branch Probability Analysis
   0.0000 (  0.0%)   0.0000 (  0.0%)   0.0001 (  0.0%)   0.0001 (  0.0%)  Lazy Branch Probability Analysis
   0.0001 (  0.0%)   0.0000 (  0.0%)   0.0001 (  0.0%)   0.0001 (  0.0%)  Memory Dependence Analysis
   0.0000 (  0.0%)   0.0000 (  0.0%)   0.0001 (  0.0%)   0.0001 (  0.0%)  Basic Alias Analysis (stateless AA impl)
   0.0001 (  0.0%)   0.0000 (  0.0%)   0.0001 (  0.0%)   0.0001 (  0.0%)  Lazy Branch Probability Analysis
   0.0000 (  0.0%)   0.0000 (  0.0%)   0.0001 (  0.0%)   0.0001 (  0.0%)  Lazy Branch Probability Analysis
   0.0001 (  0.0%)   0.0000 (  0.0%)   0.0001 (  0.0%)   0.0001 (  0.0%)  Lazy Branch Probability Analysis
   0.0001 (  0.0%)   0.0000 (  0.0%)   0.0001 (  0.0%)   0.0001 (  0.0%)  Basic Alias Analysis (stateless AA impl)
   0.0001 (  0.0%)   0.0000 (  0.0%)   0.0001 (  0.0%)   0.0001 (  0.0%)  Lazy Branch Probability Analysis
   0.0001 (  0.0%)   0.0000 (  0.0%)   0.0001 (  0.0%)   0.0001 (  0.0%)  Lazy Branch Probability Analysis
   0.0001 (  0.0%)   0.0000 (  0.0%)   0.0001 (  0.0%)   0.0001 (  0.0%)  ScalarEvolution-based Alias Analysis
   0.0001 (  0.0%)   0.0000 (  0.0%)   0.0001 (  0.0%)   0.0001 (  0.0%)  Lazy Branch Probability Analysis
   0.0001 (  0.0%)   0.0000 (  0.0%)   0.0001 (  0.0%)   0.0001 (  0.0%)  Memory Dependence Analysis
   0.0001 (  0.0%)   0.0000 (  0.0%)   0.0001 (  0.0%)   0.0001 (  0.0%)  Scalar Evolution Analysis
   0.0001 (  0.0%)   0.0000 (  0.0%)   0.0001 (  0.0%)   0.0001 (  0.0%)  Basic Alias Analysis (stateless AA impl)
   0.0001 (  0.0%)   0.0000 (  0.0%)   0.0001 (  0.0%)   0.0001 (  0.0%)  Lazy Branch Probability Analysis
   0.0001 (  0.0%)   0.0000 (  0.0%)   0.0001 (  0.0%)   0.0001 (  0.0%)  Lazy Branch Probability Analysis
   0.0001 (  0.0%)   0.0000 (  0.0%)   0.0001 (  0.0%)   0.0001 (  0.0%)  Basic Alias Analysis (stateless AA impl)
   0.0001 (  0.0%)   0.0000 (  0.0%)   0.0001 (  0.0%)   0.0001 (  0.0%)  Basic Alias Analysis (stateless AA impl)
   0.0001 (  0.0%)   0.0000 (  0.0%)   0.0001 (  0.0%)   0.0001 (  0.0%)  Basic Alias Analysis (stateless AA impl)
   0.0001 (  0.0%)   0.0000 (  0.0%)   0.0001 (  0.0%)   0.0001 (  0.0%)  Lazy Branch Probability Analysis
   0.0001 (  0.0%)   0.0000 (  0.0%)   0.0001 (  0.0%)   0.0001 (  0.0%)  ScalarEvolution-based Alias Analysis
   0.0001 (  0.0%)   0.0000 (  0.0%)   0.0001 (  0.0%)   0.0001 (  0.0%)  Lazy Branch Probability Analysis
   0.0001 (  0.0%)   0.0000 (  0.0%)   0.0001 (  0.0%)   0.0001 (  0.0%)  Lazy Branch Probability Analysis
   0.0001 (  0.0%)   0.0000 (  0.0%)   0.0001 (  0.0%)   0.0001 (  0.0%)  Lazy Branch Probability Analysis
   0.0001 (  0.0%)   0.0000 (  0.0%)   0.0001 (  0.0%)   0.0001 (  0.0%)  Memory Dependence Analysis
   0.0001 (  0.0%)   0.0000 (  0.0%)   0.0001 (  0.0%)   0.0001 (  0.0%)  Lazy Branch Probability Analysis
   0.0001 (  0.0%)   0.0000 (  0.0%)   0.0001 (  0.0%)   0.0001 (  0.0%)  Lazy Branch Probability Analysis
   0.0001 (  0.0%)   0.0000 (  0.0%)   0.0001 (  0.0%)   0.0001 (  0.0%)  ScalarEvolution-based Alias Analysis
   0.0001 (  0.0%)   0.0000 (  0.0%)   0.0001 (  0.0%)   0.0001 (  0.0%)  Basic Alias Analysis (stateless AA impl)
   0.0001 (  0.0%)   0.0000 (  0.0%)   0.0001 (  0.0%)   0.0001 (  0.0%)  Memory Dependence Analysis
   0.0001 (  0.0%)   0.0000 (  0.0%)   0.0001 (  0.0%)   0.0001 (  0.0%)  Memory Dependence Analysis
   0.0001 (  0.0%)   0.0000 (  0.0%)   0.0001 (  0.0%)   0.0001 (  0.0%)  Basic Alias Analysis (stateless AA impl)
   0.0001 (  0.0%)   0.0000 (  0.0%)   0.0001 (  0.0%)   0.0001 (  0.0%)  Lazy Branch Probability Analysis
   0.0001 (  0.0%)   0.0000 (  0.0%)   0.0001 (  0.0%)   0.0001 (  0.0%)  Memory Dependence Analysis
   0.0001 (  0.0%)   0.0000 (  0.0%)   0.0001 (  0.0%)   0.0001 (  0.0%)  Basic Alias Analysis (stateless AA impl)
   0.0001 (  0.0%)   0.0000 (  0.0%)   0.0001 (  0.0%)   0.0001 (  0.0%)  Optimization Remark Emitter
   0.0001 (  0.0%)   0.0000 (  0.0%)   0.0001 (  0.0%)   0.0001 (  0.0%)  Lazy Branch Probability Analysis
   0.0001 (  0.0%)   0.0000 (  0.0%)   0.0001 (  0.0%)   0.0001 (  0.0%)  Lazy Branch Probability Analysis
   0.0001 (  0.0%)   0.0000 (  0.0%)   0.0001 (  0.0%)   0.0001 (  0.0%)  Memory Dependence Analysis
   0.0001 (  0.0%)   0.0000 (  0.0%)   0.0001 (  0.0%)   0.0001 (  0.0%)  Basic Alias Analysis (stateless AA impl)
   0.0001 (  0.0%)   0.0000 (  0.0%)   0.0001 (  0.0%)   0.0001 (  0.0%)  Memory Dependence Analysis
   0.0001 (  0.0%)   0.0000 (  0.0%)   0.0001 (  0.0%)   0.0001 (  0.0%)  Lazy Branch Probability Analysis
   0.0001 (  0.0%)   0.0000 (  0.0%)   0.0001 (  0.0%)   0.0001 (  0.0%)  Memory Dependence Analysis
   0.0001 (  0.0%)   0.0000 (  0.0%)   0.0001 (  0.0%)   0.0001 (  0.0%)  Stream object marker
   0.0001 (  0.0%)   0.0000 (  0.0%)   0.0001 (  0.0%)   0.0001 (  0.0%)  Memory Dependence Analysis
   0.0000 (  0.0%)   0.0000 (  0.0%)   0.0001 (  0.0%)   0.0001 (  0.0%)  Basic Alias Analysis (stateless AA impl)
   0.0001 (  0.0%)   0.0000 (  0.0%)   0.0001 (  0.0%)   0.0001 (  0.0%)  Lazy Branch Probability Analysis
   0.0001 (  0.0%)   0.0000 (  0.0%)   0.0001 (  0.0%)   0.0001 (  0.0%)  Basic Alias Analysis (stateless AA impl)
   0.0001 (  0.0%)   0.0000 (  0.0%)   0.0001 (  0.0%)   0.0001 (  0.0%)  Scalar Evolution Canonicalization
   0.0001 (  0.0%)   0.0000 (  0.0%)   0.0001 (  0.0%)   0.0001 (  0.0%)  Basic Alias Analysis (stateless AA impl)
   0.0001 (  0.0%)   0.0000 (  0.0%)   0.0001 (  0.0%)   0.0001 (  0.0%)  Basic Alias Analysis (stateless AA impl)
   0.0001 (  0.0%)   0.0000 (  0.0%)   0.0001 (  0.0%)   0.0001 (  0.0%)  Memory Dependence Analysis
   0.0001 (  0.0%)   0.0000 (  0.0%)   0.0001 (  0.0%)   0.0001 (  0.0%)  Lazy Branch Probability Analysis
   0.0001 (  0.0%)   0.0000 (  0.0%)   0.0001 (  0.0%)   0.0001 (  0.0%)  Basic Alias Analysis (stateless AA impl)
   0.0001 (  0.0%)   0.0000 (  0.0%)   0.0001 (  0.0%)   0.0001 (  0.0%)  Basic Alias Analysis (stateless AA impl)
   0.0001 (  0.0%)   0.0000 (  0.0%)   0.0001 (  0.0%)   0.0001 (  0.0%)  Lazy Branch Probability Analysis
   0.0001 (  0.0%)   0.0000 (  0.0%)   0.0001 (  0.0%)   0.0001 (  0.0%)  Basic Alias Analysis (stateless AA impl)
   0.0001 (  0.0%)   0.0000 (  0.0%)   0.0001 (  0.0%)   0.0001 (  0.0%)  Optimization Remark Emitter
   0.0001 (  0.0%)   0.0000 (  0.0%)   0.0001 (  0.0%)   0.0001 (  0.0%)  Memory Dependence Analysis
   0.0001 (  0.0%)   0.0000 (  0.0%)   0.0001 (  0.0%)   0.0001 (  0.0%)  ScalarEvolution-based Alias Analysis
   0.0001 (  0.0%)   0.0000 (  0.0%)   0.0001 (  0.0%)   0.0001 (  0.0%)  Optimization Remark Emitter
   0.0000 (  0.0%)   0.0000 (  0.0%)   0.0001 (  0.0%)   0.0001 (  0.0%)  Basic Alias Analysis (stateless AA impl)
   0.0001 (  0.0%)   0.0000 (  0.0%)   0.0001 (  0.0%)   0.0001 (  0.0%)  Lazy Branch Probability Analysis
   0.0000 (  0.0%)   0.0000 (  0.0%)   0.0001 (  0.0%)   0.0001 (  0.0%)  Basic Alias Analysis (stateless AA impl)
   0.0001 (  0.0%)   0.0000 (  0.0%)   0.0001 (  0.0%)   0.0001 (  0.0%)  Basic Alias Analysis (stateless AA impl)
   0.0001 (  0.0%)   0.0000 (  0.0%)   0.0001 (  0.0%)   0.0001 (  0.0%)  ScalarEvolution-based Alias Analysis
   0.0001 (  0.0%)   0.0000 (  0.0%)   0.0001 (  0.0%)   0.0001 (  0.0%)  Basic Alias Analysis (stateless AA impl)
   0.0001 (  0.0%)   0.0000 (  0.0%)   0.0001 (  0.0%)   0.0001 (  0.0%)  Scalar Evolution Canonicalization
   0.0001 (  0.0%)   0.0000 (  0.0%)   0.0001 (  0.0%)   0.0001 (  0.0%)  Basic Alias Analysis (stateless AA impl)
   0.0001 (  0.0%)   0.0000 (  0.0%)   0.0001 (  0.0%)   0.0001 (  0.0%)  Basic Alias Analysis (stateless AA impl)
   0.0000 (  0.0%)   0.0000 (  0.0%)   0.0001 (  0.0%)   0.0001 (  0.0%)  Lazy Branch Probability Analysis
   0.0000 (  0.0%)   0.0000 (  0.0%)   0.0001 (  0.0%)   0.0001 (  0.0%)  Lazy Branch Probability Analysis
   0.0001 (  0.0%)   0.0000 (  0.0%)   0.0001 (  0.0%)   0.0001 (  0.0%)  Memory Dependence Analysis
   0.0001 (  0.0%)   0.0000 (  0.0%)   0.0001 (  0.0%)   0.0001 (  0.0%)  Loop-Closed SSA Form Pass
   0.0001 (  0.0%)   0.0000 (  0.0%)   0.0001 (  0.0%)   0.0001 (  0.0%)  Scalar Evolution Canonicalization
   0.0001 (  0.0%)   0.0000 (  0.0%)   0.0001 (  0.0%)   0.0001 (  0.0%)  Basic Alias Analysis (stateless AA impl)
   0.0001 (  0.0%)   0.0000 (  0.0%)   0.0001 (  0.0%)   0.0001 (  0.0%)  ScalarEvolution-based Alias Analysis
   0.0001 (  0.0%)   0.0000 (  0.0%)   0.0001 (  0.0%)   0.0001 (  0.0%)  Basic Alias Analysis (stateless AA impl)
   0.0001 (  0.0%)   0.0000 (  0.0%)   0.0001 (  0.0%)   0.0001 (  0.0%)  Memory Dependence Analysis
   0.0000 (  0.0%)   0.0000 (  0.0%)   0.0001 (  0.0%)   0.0001 (  0.0%)  Basic Alias Analysis (stateless AA impl)
   0.0001 (  0.0%)   0.0000 (  0.0%)   0.0001 (  0.0%)   0.0001 (  0.0%)  Basic Alias Analysis (stateless AA impl)
   0.0001 (  0.0%)   0.0000 (  0.0%)   0.0001 (  0.0%)   0.0001 (  0.0%)  Lazy Branch Probability Analysis
   0.0001 (  0.0%)   0.0000 (  0.0%)   0.0001 (  0.0%)   0.0001 (  0.0%)  Lazy Branch Probability Analysis
   0.0000 (  0.0%)   0.0000 (  0.0%)   0.0001 (  0.0%)   0.0001 (  0.0%)  Basic Alias Analysis (stateless AA impl)
   0.0001 (  0.0%)   0.0000 (  0.0%)   0.0001 (  0.0%)   0.0001 (  0.0%)  Optimization Remark Emitter
   0.0001 (  0.0%)   0.0000 (  0.0%)   0.0001 (  0.0%)   0.0001 (  0.0%)  Optimization Remark Emitter
   0.0001 (  0.0%)   0.0000 (  0.0%)   0.0001 (  0.0%)   0.0001 (  0.0%)  Basic Alias Analysis (stateless AA impl)
   0.0000 (  0.0%)   0.0000 (  0.0%)   0.0001 (  0.0%)   0.0001 (  0.0%)  Optimization Remark Emitter
   0.0001 (  0.0%)   0.0000 (  0.0%)   0.0001 (  0.0%)   0.0001 (  0.0%)  Optimization Remark Emitter
   0.0001 (  0.0%)   0.0000 (  0.0%)   0.0001 (  0.0%)   0.0001 (  0.0%)  Scalar Evolution Canonicalization
   0.0001 (  0.0%)   0.0000 (  0.0%)   0.0001 (  0.0%)   0.0001 (  0.0%)  Lazy Branch Probability Analysis
   0.0001 (  0.0%)   0.0000 (  0.0%)   0.0001 (  0.0%)   0.0001 (  0.0%)  Lazy Block Frequency Analysis
   0.0001 (  0.0%)   0.0000 (  0.0%)   0.0001 (  0.0%)   0.0001 (  0.0%)  Lazy Branch Probability Analysis
   0.0001 (  0.0%)   0.0000 (  0.0%)   0.0001 (  0.0%)   0.0001 (  0.0%)  Lazy Branch Probability Analysis
   0.0001 (  0.0%)   0.0000 (  0.0%)   0.0001 (  0.0%)   0.0001 (  0.0%)  Basic Alias Analysis (stateless AA impl)
   0.0001 (  0.0%)   0.0000 (  0.0%)   0.0001 (  0.0%)   0.0001 (  0.0%)  Memory Dependence Analysis
   0.0001 (  0.0%)   0.0000 (  0.0%)   0.0001 (  0.0%)   0.0001 (  0.0%)  Optimization Remark Emitter
   0.0001 (  0.0%)   0.0000 (  0.0%)   0.0001 (  0.0%)   0.0001 (  0.0%)  Optimization Remark Emitter
   0.0001 (  0.0%)   0.0000 (  0.0%)   0.0001 (  0.0%)   0.0001 (  0.0%)  Basic Alias Analysis (stateless AA impl)
   0.0001 (  0.0%)   0.0000 (  0.0%)   0.0001 (  0.0%)   0.0001 (  0.0%)  Optimization Remark Emitter
   0.0001 (  0.0%)   0.0000 (  0.0%)   0.0001 (  0.0%)   0.0001 (  0.0%)  Vectorize the SPMD regions
   0.0001 (  0.0%)   0.0000 (  0.0%)   0.0001 (  0.0%)   0.0001 (  0.0%)  Memory Dependence Analysis
   0.0001 (  0.0%)   0.0000 (  0.0%)   0.0001 (  0.0%)   0.0001 (  0.0%)  Optimization Remark Emitter
   0.0001 (  0.0%)   0.0000 (  0.0%)   0.0001 (  0.0%)   0.0001 (  0.0%)  Analyze occurrence information
   0.0001 (  0.0%)   0.0000 (  0.0%)   0.0001 (  0.0%)   0.0001 (  0.0%)  Scalar Evolution Canonicalization
   0.0001 (  0.0%)   0.0000 (  0.0%)   0.0001 (  0.0%)   0.0001 (  0.0%)  ScalarEvolution-based Alias Analysis
   0.0001 (  0.0%)   0.0000 (  0.0%)   0.0001 (  0.0%)   0.0001 (  0.0%)  Lazy Branch Probability Analysis
   0.0000 (  0.0%)   0.0000 (  0.0%)   0.0001 (  0.0%)   0.0001 (  0.0%)  ScalarEvolution-based Alias Analysis
   0.0001 (  0.0%)   0.0000 (  0.0%)   0.0001 (  0.0%)   0.0001 (  0.0%)  Lazy Branch Probability Analysis
   0.0001 (  0.0%)   0.0000 (  0.0%)   0.0001 (  0.0%)   0.0001 (  0.0%)  Lazy Branch Probability Analysis
   0.0001 (  0.0%)   0.0000 (  0.0%)   0.0001 (  0.0%)   0.0001 (  0.0%)  Lazy Branch Probability Analysis
   0.0001 (  0.0%)   0.0000 (  0.0%)   0.0001 (  0.0%)   0.0001 (  0.0%)  Memory Dependence Analysis
   0.0001 (  0.0%)   0.0000 (  0.0%)   0.0001 (  0.0%)   0.0001 (  0.0%)  Lazy Branch Probability Analysis
   0.0001 (  0.0%)   0.0000 (  0.0%)   0.0001 (  0.0%)   0.0001 (  0.0%)  Predicate analysis under a loop context
   0.0000 (  0.0%)   0.0000 (  0.0%)   0.0001 (  0.0%)   0.0001 (  0.0%)  Basic Alias Analysis (stateless AA impl)
   0.0001 (  0.0%)   0.0000 (  0.0%)   0.0001 (  0.0%)   0.0001 (  0.0%)  Basic Alias Analysis (stateless AA impl)
   0.0001 (  0.0%)   0.0000 (  0.0%)   0.0001 (  0.0%)   0.0001 (  0.0%)  Lazy Block Frequency Analysis
   0.0001 (  0.0%)   0.0000 (  0.0%)   0.0001 (  0.0%)   0.0001 (  0.0%)  Basic Alias Analysis (stateless AA impl)
   0.0001 (  0.0%)   0.0000 (  0.0%)   0.0001 (  0.0%)   0.0001 (  0.0%)  Lazy Block Frequency Analysis
   0.0001 (  0.0%)   0.0000 (  0.0%)   0.0001 (  0.0%)   0.0001 (  0.0%)  Basic Alias Analysis (stateless AA impl)
   0.0000 (  0.0%)   0.0000 (  0.0%)   0.0001 (  0.0%)   0.0001 (  0.0%)  Basic Alias Analysis (stateless AA impl)
   0.0000 (  0.0%)   0.0000 (  0.0%)   0.0001 (  0.0%)   0.0001 (  0.0%)  Lazy Branch Probability Analysis
   0.0001 (  0.0%)   0.0000 (  0.0%)   0.0001 (  0.0%)   0.0001 (  0.0%)  Lazy Block Frequency Analysis
   0.0001 (  0.0%)   0.0000 (  0.0%)   0.0001 (  0.0%)   0.0001 (  0.0%)  Optimization Remark Emitter
   0.0001 (  0.0%)   0.0000 (  0.0%)   0.0001 (  0.0%)   0.0001 (  0.0%)  Optimization Remark Emitter
   0.0001 (  0.0%)   0.0000 (  0.0%)   0.0001 (  0.0%)   0.0001 (  0.0%)  Basic Alias Analysis (stateless AA impl)
   0.0000 (  0.0%)   0.0000 (  0.0%)   0.0001 (  0.0%)   0.0001 (  0.0%)  Rotate Loops
   0.0001 (  0.0%)   0.0000 (  0.0%)   0.0001 (  0.0%)   0.0001 (  0.0%)  ScalarEvolution-based Alias Analysis
   0.0001 (  0.0%)   0.0000 (  0.0%)   0.0001 (  0.0%)   0.0001 (  0.0%)  Optimization Remark Emitter
   0.0001 (  0.0%)   0.0000 (  0.0%)   0.0001 (  0.0%)   0.0001 (  0.0%)  Scalar Evolution Analysis
   0.0000 (  0.0%)   0.0000 (  0.0%)   0.0001 (  0.0%)   0.0001 (  0.0%)  Lazy Branch Probability Analysis
   0.0000 (  0.0%)   0.0000 (  0.0%)   0.0001 (  0.0%)   0.0001 (  0.0%)  Lazy Block Frequency Analysis
   0.0001 (  0.0%)   0.0000 (  0.0%)   0.0001 (  0.0%)   0.0001 (  0.0%)  ScalarEvolution-based Alias Analysis
   0.0001 (  0.0%)   0.0000 (  0.0%)   0.0001 (  0.0%)   0.0001 (  0.0%)  Optimization Remark Emitter
   0.0001 (  0.0%)   0.0000 (  0.0%)   0.0001 (  0.0%)   0.0001 (  0.0%)  ScalarEvolution-based Alias Analysis
   0.0001 (  0.0%)   0.0000 (  0.0%)   0.0001 (  0.0%)   0.0001 (  0.0%)  Optimization Remark Emitter
   0.0001 (  0.0%)   0.0000 (  0.0%)   0.0001 (  0.0%)   0.0001 (  0.0%)  ScalarEvolution-based Alias Analysis
   0.0000 (  0.0%)   0.0000 (  0.0%)   0.0001 (  0.0%)   0.0001 (  0.0%)  Lazy Branch Probability Analysis
   0.0000 (  0.0%)   0.0000 (  0.0%)   0.0001 (  0.0%)   0.0001 (  0.0%)  ScalarEvolution-based Alias Analysis
   0.0001 (  0.0%)   0.0000 (  0.0%)   0.0001 (  0.0%)   0.0001 (  0.0%)  Memory Dependence Analysis
   0.0001 (  0.0%)   0.0000 (  0.0%)   0.0001 (  0.0%)   0.0001 (  0.0%)  Basic Alias Analysis (stateless AA impl)
   0.0001 (  0.0%)   0.0000 (  0.0%)   0.0001 (  0.0%)   0.0001 (  0.0%)  Optimization Remark Emitter
   0.0001 (  0.0%)   0.0000 (  0.0%)   0.0001 (  0.0%)   0.0001 (  0.0%)  Optimization Remark Emitter
   0.0001 (  0.0%)   0.0000 (  0.0%)   0.0001 (  0.0%)   0.0001 (  0.0%)  Lazy Block Frequency Analysis
   0.0001 (  0.0%)   0.0000 (  0.0%)   0.0001 (  0.0%)   0.0001 (  0.0%)  Basic Alias Analysis (stateless AA impl)
   0.0001 (  0.0%)   0.0000 (  0.0%)   0.0001 (  0.0%)   0.0001 (  0.0%)  ScalarEvolution-based Alias Analysis
   0.0001 (  0.0%)   0.0000 (  0.0%)   0.0001 (  0.0%)   0.0001 (  0.0%)  Expand private memory for each workitem in SPMD program
   0.0001 (  0.0%)   0.0000 (  0.0%)   0.0001 (  0.0%)   0.0001 (  0.0%)  ScalarEvolution-based Alias Analysis
   0.0001 (  0.0%)   0.0000 (  0.0%)   0.0001 (  0.0%)   0.0001 (  0.0%)  ScalarEvolution-based Alias Analysis
   0.0001 (  0.0%)   0.0000 (  0.0%)   0.0001 (  0.0%)   0.0001 (  0.0%)  Scalar Evolution Canonicalization
   0.0001 (  0.0%)   0.0000 (  0.0%)   0.0001 (  0.0%)   0.0001 (  0.0%)  Optimization Remark Emitter
   0.0001 (  0.0%)   0.0000 (  0.0%)   0.0001 (  0.0%)   0.0001 (  0.0%)  Optimization Remark Emitter
   0.0001 (  0.0%)   0.0000 (  0.0%)   0.0001 (  0.0%)   0.0001 (  0.0%)  Basic Alias Analysis (stateless AA impl)
   0.0001 (  0.0%)   0.0000 (  0.0%)   0.0001 (  0.0%)   0.0001 (  0.0%)  Optimization Remark Emitter
   0.0001 (  0.0%)   0.0000 (  0.0%)   0.0001 (  0.0%)   0.0001 (  0.0%)  Optimization Remark Emitter
   0.0001 (  0.0%)   0.0000 (  0.0%)   0.0001 (  0.0%)   0.0001 (  0.0%)  Memory Dependence Analysis
   0.0000 (  0.0%)   0.0000 (  0.0%)   0.0001 (  0.0%)   0.0001 (  0.0%)  Optimization Remark Emitter
   0.0001 (  0.0%)   0.0000 (  0.0%)   0.0001 (  0.0%)   0.0001 (  0.0%)  Lazy Branch Probability Analysis
   0.0000 (  0.0%)   0.0000 (  0.0%)   0.0001 (  0.0%)   0.0001 (  0.0%)  Optimization Remark Emitter
   0.0001 (  0.0%)   0.0000 (  0.0%)   0.0001 (  0.0%)   0.0001 (  0.0%)  Lazy Block Frequency Analysis
   0.0000 (  0.0%)   0.0000 (  0.0%)   0.0001 (  0.0%)   0.0001 (  0.0%)  Lazy Branch Probability Analysis
   0.0000 (  0.0%)   0.0000 (  0.0%)   0.0001 (  0.0%)   0.0001 (  0.0%)  Optimization Remark Emitter
   0.0000 (  0.0%)   0.0000 (  0.0%)   0.0001 (  0.0%)   0.0001 (  0.0%)  Optimization Remark Emitter
   0.0001 (  0.0%)   0.0000 (  0.0%)   0.0001 (  0.0%)   0.0001 (  0.0%)  Lazy Branch Probability Analysis
   0.0001 (  0.0%)   0.0000 (  0.0%)   0.0001 (  0.0%)   0.0001 (  0.0%)  Optimization Remark Emitter
   0.0001 (  0.0%)   0.0000 (  0.0%)   0.0001 (  0.0%)   0.0001 (  0.0%)  Scalar Evolution Canonicalization
   0.0001 (  0.0%)   0.0000 (  0.0%)   0.0001 (  0.0%)   0.0001 (  0.0%)  Lazy Branch Probability Analysis
   0.0001 (  0.0%)   0.0000 (  0.0%)   0.0001 (  0.0%)   0.0001 (  0.0%)  Optimization Remark Emitter
   0.0001 (  0.0%)   0.0000 (  0.0%)   0.0001 (  0.0%)   0.0001 (  0.0%)  Optimization Remark Emitter
   0.0001 (  0.0%)   0.0000 (  0.0%)   0.0001 (  0.0%)   0.0001 (  0.0%)  Optimization Remark Emitter
   0.0001 (  0.0%)   0.0000 (  0.0%)   0.0001 (  0.0%)   0.0001 (  0.0%)  Optimization Remark Emitter
   0.0001 (  0.0%)   0.0000 (  0.0%)   0.0001 (  0.0%)   0.0001 (  0.0%)  Lazy Branch Probability Analysis
   0.0001 (  0.0%)   0.0000 (  0.0%)   0.0001 (  0.0%)   0.0001 (  0.0%)  Lazy Block Frequency Analysis
   0.0001 (  0.0%)   0.0000 (  0.0%)   0.0001 (  0.0%)   0.0001 (  0.0%)  ScalarEvolution-based Alias Analysis
   0.0000 (  0.0%)   0.0000 (  0.0%)   0.0001 (  0.0%)   0.0001 (  0.0%)  Optimization Remark Emitter
   0.0000 (  0.0%)   0.0000 (  0.0%)   0.0001 (  0.0%)   0.0001 (  0.0%)  Lazy Block Frequency Analysis
   0.0001 (  0.0%)   0.0000 (  0.0%)   0.0001 (  0.0%)   0.0001 (  0.0%)  Scalar Evolution Canonicalization
   0.0000 (  0.0%)   0.0000 (  0.0%)   0.0001 (  0.0%)   0.0001 (  0.0%)  Lazy Block Frequency Analysis
   0.0001 (  0.0%)   0.0000 (  0.0%)   0.0001 (  0.0%)   0.0001 (  0.0%)  Reduce the height of tree
   0.0001 (  0.0%)   0.0000 (  0.0%)   0.0001 (  0.0%)   0.0001 (  0.0%)  Lazy Branch Probability Analysis
   0.0001 (  0.0%)   0.0000 (  0.0%)   0.0001 (  0.0%)   0.0001 (  0.0%)  Optimization Remark Emitter
   0.0000 (  0.0%)   0.0000 (  0.0%)   0.0001 (  0.0%)   0.0001 (  0.0%)  Optimization Remark Emitter
   0.0001 (  0.0%)   0.0000 (  0.0%)   0.0001 (  0.0%)   0.0001 (  0.0%)  Lazy Block Frequency Analysis
   0.0000 (  0.0%)   0.0000 (  0.0%)   0.0001 (  0.0%)   0.0001 (  0.0%)  Optimization Remark Emitter
   0.0001 (  0.0%)   0.0000 (  0.0%)   0.0001 (  0.0%)   0.0001 (  0.0%)  ScalarEvolution-based Alias Analysis
   0.0001 (  0.0%)   0.0000 (  0.0%)   0.0001 (  0.0%)   0.0001 (  0.0%)  Optimization Remark Emitter
   0.0001 (  0.0%)   0.0000 (  0.0%)   0.0001 (  0.0%)   0.0001 (  0.0%)  Lazy Branch Probability Analysis
   0.0000 (  0.0%)   0.0000 (  0.0%)   0.0001 (  0.0%)   0.0001 (  0.0%)  Lazy Block Frequency Analysis
   0.0001 (  0.0%)   0.0000 (  0.0%)   0.0001 (  0.0%)   0.0001 (  0.0%)  Lazy Block Frequency Analysis
   0.0001 (  0.0%)   0.0000 (  0.0%)   0.0001 (  0.0%)   0.0001 (  0.0%)  Lazy Block Frequency Analysis
   0.0001 (  0.0%)   0.0000 (  0.0%)   0.0001 (  0.0%)   0.0001 (  0.0%)  Optimization Remark Emitter
   0.0000 (  0.0%)   0.0000 (  0.0%)   0.0001 (  0.0%)   0.0001 (  0.0%)  Lazy Block Frequency Analysis
   0.0001 (  0.0%)   0.0000 (  0.0%)   0.0001 (  0.0%)   0.0001 (  0.0%)  Optimization Remark Emitter
   0.0001 (  0.0%)   0.0000 (  0.0%)   0.0001 (  0.0%)   0.0001 (  0.0%)  ScalarEvolution-based Alias Analysis
   0.0001 (  0.0%)   0.0000 (  0.0%)   0.0001 (  0.0%)   0.0001 (  0.0%)  Lazy Block Frequency Analysis
   0.0001 (  0.0%)   0.0000 (  0.0%)   0.0001 (  0.0%)   0.0001 (  0.0%)  ScalarEvolution-based Alias Analysis
   0.0001 (  0.0%)   0.0000 (  0.0%)   0.0001 (  0.0%)   0.0001 (  0.0%)  Optimization Remark Emitter
   0.0001 (  0.0%)   0.0000 (  0.0%)   0.0001 (  0.0%)   0.0001 (  0.0%)  Scalar Evolution Canonicalization
   0.0001 (  0.0%)   0.0000 (  0.0%)   0.0001 (  0.0%)   0.0001 (  0.0%)  Lazy Block Frequency Analysis
   0.0000 (  0.0%)   0.0000 (  0.0%)   0.0001 (  0.0%)   0.0001 (  0.0%)  Optimization Remark Emitter
   0.0001 (  0.0%)   0.0000 (  0.0%)   0.0001 (  0.0%)   0.0001 (  0.0%)  Optimization Remark Emitter
   0.0000 (  0.0%)   0.0000 (  0.0%)   0.0001 (  0.0%)   0.0001 (  0.0%)  ScalarEvolution-based Alias Analysis
   0.0001 (  0.0%)   0.0000 (  0.0%)   0.0001 (  0.0%)   0.0001 (  0.0%)  Lazy Block Frequency Analysis
   0.0000 (  0.0%)   0.0000 (  0.0%)   0.0001 (  0.0%)   0.0001 (  0.0%)  Lazy Block Frequency Analysis
   0.0001 (  0.0%)   0.0000 (  0.0%)   0.0001 (  0.0%)   0.0001 (  0.0%)  ScalarEvolution-based Alias Analysis
   0.0001 (  0.0%)   0.0000 (  0.0%)   0.0001 (  0.0%)   0.0001 (  0.0%)  Basic Alias Analysis (stateless AA impl)
   0.0001 (  0.0%)   0.0000 (  0.0%)   0.0001 (  0.0%)   0.0001 (  0.0%)  Optimization Remark Emitter
   0.0001 (  0.0%)   0.0000 (  0.0%)   0.0001 (  0.0%)   0.0001 (  0.0%)  Optimization Remark Emitter
   0.0001 (  0.0%)   0.0000 (  0.0%)   0.0001 (  0.0%)   0.0001 (  0.0%)  Lazy Block Frequency Analysis
   0.0001 (  0.0%)   0.0000 (  0.0%)   0.0001 (  0.0%)   0.0001 (  0.0%)  Basic Alias Analysis (stateless AA impl)
   0.0001 (  0.0%)   0.0000 (  0.0%)   0.0001 (  0.0%)   0.0001 (  0.0%)  Lazy Block Frequency Analysis
   0.0001 (  0.0%)   0.0000 (  0.0%)   0.0001 (  0.0%)   0.0001 (  0.0%)  Lazy Block Frequency Analysis
   0.0001 (  0.0%)   0.0000 (  0.0%)   0.0001 (  0.0%)   0.0001 (  0.0%)  Lazy Block Frequency Analysis
   0.0001 (  0.0%)   0.0000 (  0.0%)   0.0001 (  0.0%)   0.0001 (  0.0%)  Optimization Remark Emitter
   0.0001 (  0.0%)   0.0000 (  0.0%)   0.0001 (  0.0%)   0.0001 (  0.0%)  Lazy Block Frequency Analysis
   0.0001 (  0.0%)   0.0000 (  0.0%)   0.0001 (  0.0%)   0.0001 (  0.0%)  Optimization Remark Emitter
   0.0001 (  0.0%)   0.0000 (  0.0%)   0.0001 (  0.0%)   0.0001 (  0.0%)  Optimization Remark Emitter
   0.0001 (  0.0%)   0.0000 (  0.0%)   0.0001 (  0.0%)   0.0001 (  0.0%)  Lazy Block Frequency Analysis
   0.0001 (  0.0%)   0.0000 (  0.0%)   0.0001 (  0.0%)   0.0001 (  0.0%)  ScalarEvolution-based Alias Analysis
   0.0000 (  0.0%)   0.0000 (  0.0%)   0.0001 (  0.0%)   0.0001 (  0.0%)  Optimization Remark Emitter
   0.0001 (  0.0%)   0.0000 (  0.0%)   0.0001 (  0.0%)   0.0001 (  0.0%)  Optimization Remark Emitter
   0.0001 (  0.0%)   0.0000 (  0.0%)   0.0001 (  0.0%)   0.0001 (  0.0%)  Optimization Remark Emitter
   0.0000 (  0.0%)   0.0000 (  0.0%)   0.0001 (  0.0%)   0.0001 (  0.0%)  ScalarEvolution-based Alias Analysis
   0.0001 (  0.0%)   0.0000 (  0.0%)   0.0001 (  0.0%)   0.0001 (  0.0%)  ScalarEvolution-based Alias Analysis
   0.0001 (  0.0%)   0.0000 (  0.0%)   0.0001 (  0.0%)   0.0001 (  0.0%)  Optimization Remark Emitter
   0.0001 (  0.0%)   0.0000 (  0.0%)   0.0001 (  0.0%)   0.0001 (  0.0%)  Lazy Block Frequency Analysis
   0.0001 (  0.0%)   0.0000 (  0.0%)   0.0001 (  0.0%)   0.0001 (  0.0%)  Optimization Remark Emitter
   0.0001 (  0.0%)   0.0000 (  0.0%)   0.0001 (  0.0%)   0.0001 (  0.0%)  Lazy Block Frequency Analysis
   0.0001 (  0.0%)   0.0000 (  0.0%)   0.0001 (  0.0%)   0.0001 (  0.0%)  ScalarEvolution-based Alias Analysis
   0.0001 (  0.0%)   0.0000 (  0.0%)   0.0001 (  0.0%)   0.0001 (  0.0%)  Optimization Remark Emitter
   0.0001 (  0.0%)   0.0000 (  0.0%)   0.0001 (  0.0%)   0.0001 (  0.0%)  ScalarEvolution-based Alias Analysis
   0.0001 (  0.0%)   0.0000 (  0.0%)   0.0001 (  0.0%)   0.0001 (  0.0%)  ScalarEvolution-based Alias Analysis
   0.0001 (  0.0%)   0.0000 (  0.0%)   0.0001 (  0.0%)   0.0001 (  0.0%)  Optimization Remark Emitter
   0.0001 (  0.0%)   0.0000 (  0.0%)   0.0001 (  0.0%)   0.0001 (  0.0%)  Optimization Remark Emitter
   0.0000 (  0.0%)   0.0000 (  0.0%)   0.0001 (  0.0%)   0.0001 (  0.0%)  Lazy Block Frequency Analysis
   0.0001 (  0.0%)   0.0000 (  0.0%)   0.0001 (  0.0%)   0.0001 (  0.0%)  Lazy Block Frequency Analysis
   0.0001 (  0.0%)   0.0000 (  0.0%)   0.0001 (  0.0%)   0.0001 (  0.0%)  Optimization Remark Emitter
   0.0001 (  0.0%)   0.0000 (  0.0%)   0.0001 (  0.0%)   0.0001 (  0.0%)  Lazy Block Frequency Analysis
   0.0000 (  0.0%)   0.0000 (  0.0%)   0.0001 (  0.0%)   0.0001 (  0.0%)  SPIRUpdateIntrRange - Update SPIR Intrinsics Metadata
   0.0001 (  0.0%)   0.0000 (  0.0%)   0.0001 (  0.0%)   0.0001 (  0.0%)  Lazy Block Frequency Analysis
   0.0001 (  0.0%)   0.0000 (  0.0%)   0.0001 (  0.0%)   0.0001 (  0.0%)  Memory Dependence Analysis
   0.0001 (  0.0%)   0.0000 (  0.0%)   0.0001 (  0.0%)   0.0001 (  0.0%)  Lazy Block Frequency Analysis
   0.0001 (  0.0%)   0.0000 (  0.0%)   0.0001 (  0.0%)   0.0001 (  0.0%)  Optimization Remark Emitter
   0.0001 (  0.0%)   0.0000 (  0.0%)   0.0001 (  0.0%)   0.0001 (  0.0%)  Optimization Remark Emitter
   0.0001 (  0.0%)   0.0000 (  0.0%)   0.0001 (  0.0%)   0.0001 (  0.0%)  ScalarEvolution-based Alias Analysis
   0.0001 (  0.0%)   0.0000 (  0.0%)   0.0001 (  0.0%)   0.0001 (  0.0%)  Lazy Block Frequency Analysis
   0.0001 (  0.0%)   0.0000 (  0.0%)   0.0001 (  0.0%)   0.0001 (  0.0%)  Lazy Block Frequency Analysis
   0.0001 (  0.0%)   0.0000 (  0.0%)   0.0001 (  0.0%)   0.0001 (  0.0%)  ScalarEvolution-based Alias Analysis
   0.0001 (  0.0%)   0.0000 (  0.0%)   0.0001 (  0.0%)   0.0001 (  0.0%)  Optimization Remark Emitter
   0.0001 (  0.0%)   0.0000 (  0.0%)   0.0001 (  0.0%)   0.0001 (  0.0%)  ScalarEvolution-based Alias Analysis
   0.0001 (  0.0%)   0.0000 (  0.0%)   0.0001 (  0.0%)   0.0001 (  0.0%)  Optimization Remark Emitter
   0.0000 (  0.0%)   0.0000 (  0.0%)   0.0001 (  0.0%)   0.0001 (  0.0%)  Lazy Block Frequency Analysis
   0.0001 (  0.0%)   0.0000 (  0.0%)   0.0001 (  0.0%)   0.0001 (  0.0%)  Lazy Block Frequency Analysis
   0.0001 (  0.0%)   0.0000 (  0.0%)   0.0001 (  0.0%)   0.0001 (  0.0%)  Optimization Remark Emitter
   0.0001 (  0.0%)   0.0000 (  0.0%)   0.0001 (  0.0%)   0.0001 (  0.0%)  Optimization Remark Emitter
   0.0001 (  0.0%)   0.0000 (  0.0%)   0.0001 (  0.0%)   0.0001 (  0.0%)  Lazy Block Frequency Analysis
   0.0000 (  0.0%)   0.0000 (  0.0%)   0.0001 (  0.0%)   0.0001 (  0.0%)  Optimization Remark Emitter
   0.0001 (  0.0%)   0.0000 (  0.0%)   0.0001 (  0.0%)   0.0001 (  0.0%)  Lazy Block Frequency Analysis
   0.0001 (  0.0%)   0.0000 (  0.0%)   0.0001 (  0.0%)   0.0001 (  0.0%)  Optimization Remark Emitter
   0.0001 (  0.0%)   0.0000 (  0.0%)   0.0001 (  0.0%)   0.0001 (  0.0%)  ScalarEvolution-based Alias Analysis
   0.0001 (  0.0%)   0.0000 (  0.0%)   0.0001 (  0.0%)   0.0001 (  0.0%)  Optimization Remark Emitter
   0.0001 (  0.0%)   0.0000 (  0.0%)   0.0001 (  0.0%)   0.0001 (  0.0%)  Lazy Block Frequency Analysis
   0.0001 (  0.0%)   0.0000 (  0.0%)   0.0001 (  0.0%)   0.0001 (  0.0%)  Lazy Block Frequency Analysis
   0.0001 (  0.0%)   0.0000 (  0.0%)   0.0001 (  0.0%)   0.0001 (  0.0%)  Lazy Block Frequency Analysis
   0.0001 (  0.0%)   0.0000 (  0.0%)   0.0001 (  0.0%)   0.0001 (  0.0%)  Optimization Remark Emitter
   0.0001 (  0.0%)   0.0000 (  0.0%)   0.0001 (  0.0%)   0.0001 (  0.0%)  Optimization Remark Emitter
   0.0001 (  0.0%)   0.0000 (  0.0%)   0.0001 (  0.0%)   0.0001 (  0.0%)  Lazy Block Frequency Analysis
   0.0000 (  0.0%)   0.0000 (  0.0%)   0.0001 (  0.0%)   0.0001 (  0.0%)  Lazy Block Frequency Analysis
   0.0001 (  0.0%)   0.0000 (  0.0%)   0.0001 (  0.0%)   0.0001 (  0.0%)  Lazy Block Frequency Analysis
   0.0001 (  0.0%)   0.0000 (  0.0%)   0.0001 (  0.0%)   0.0001 (  0.0%)  Optimization Remark Emitter
   0.0001 (  0.0%)   0.0000 (  0.0%)   0.0001 (  0.0%)   0.0001 (  0.0%)  Optimization Remark Emitter
   0.0001 (  0.0%)   0.0000 (  0.0%)   0.0001 (  0.0%)   0.0001 (  0.0%)  Optimization Remark Emitter
   0.0000 (  0.0%)   0.0000 (  0.0%)   0.0001 (  0.0%)   0.0001 (  0.0%)  LCSSA Verifier
   0.0000 (  0.0%)   0.0000 (  0.0%)   0.0001 (  0.0%)   0.0001 (  0.0%)  Lazy Block Frequency Analysis
   0.0001 (  0.0%)   0.0000 (  0.0%)   0.0001 (  0.0%)   0.0001 (  0.0%)  Optimization Remark Emitter
   0.0001 (  0.0%)   0.0000 (  0.0%)   0.0001 (  0.0%)   0.0001 (  0.0%)  Optimization Remark Emitter
   0.0001 (  0.0%)   0.0000 (  0.0%)   0.0001 (  0.0%)   0.0001 (  0.0%)  Lazy Block Frequency Analysis
   0.0001 (  0.0%)   0.0000 (  0.0%)   0.0001 (  0.0%)   0.0001 (  0.0%)  Optimization Remark Emitter
   0.0001 (  0.0%)   0.0000 (  0.0%)   0.0001 (  0.0%)   0.0001 (  0.0%)  Lazy Block Frequency Analysis
   0.0001 (  0.0%)   0.0000 (  0.0%)   0.0001 (  0.0%)   0.0001 (  0.0%)  Lazy Block Frequency Analysis
   0.0001 (  0.0%)   0.0000 (  0.0%)   0.0001 (  0.0%)   0.0001 (  0.0%)  Lazy Block Frequency Analysis
   0.0001 (  0.0%)   0.0000 (  0.0%)   0.0001 (  0.0%)   0.0001 (  0.0%)  LCSSA Verifier
   0.0000 (  0.0%)   0.0000 (  0.0%)   0.0001 (  0.0%)   0.0001 (  0.0%)  Lazy Block Frequency Analysis
   0.0000 (  0.0%)   0.0000 (  0.0%)   0.0001 (  0.0%)   0.0001 (  0.0%)  Lazy Block Frequency Analysis
   0.0000 (  0.0%)   0.0000 (  0.0%)   0.0001 (  0.0%)   0.0001 (  0.0%)  Optimization Remark Emitter
   0.0001 (  0.0%)   0.0000 (  0.0%)   0.0001 (  0.0%)   0.0001 (  0.0%)  Lazy Block Frequency Analysis
   0.0001 (  0.0%)   0.0000 (  0.0%)   0.0001 (  0.0%)   0.0001 (  0.0%)  Lazy Block Frequency Analysis
   0.0001 (  0.0%)   0.0000 (  0.0%)   0.0001 (  0.0%)   0.0001 (  0.0%)  LCSSA Verifier
   0.0000 (  0.0%)   0.0000 (  0.0%)   0.0001 (  0.0%)   0.0001 (  0.0%)  LCSSA Verifier
   0.0001 (  0.0%)   0.0000 (  0.0%)   0.0001 (  0.0%)   0.0001 (  0.0%)  Lazy Block Frequency Analysis
   0.0001 (  0.0%)   0.0000 (  0.0%)   0.0001 (  0.0%)   0.0001 (  0.0%)  Lazy Block Frequency Analysis
   0.0001 (  0.0%)   0.0000 (  0.0%)   0.0001 (  0.0%)   0.0001 (  0.0%)  Lazy Block Frequency Analysis
   0.0001 (  0.0%)   0.0000 (  0.0%)   0.0001 (  0.0%)   0.0001 (  0.0%)  Optimization Remark Emitter
   0.0001 (  0.0%)   0.0000 (  0.0%)   0.0001 (  0.0%)   0.0001 (  0.0%)  LCSSA Verifier
   0.0000 (  0.0%)   0.0000 (  0.0%)   0.0001 (  0.0%)   0.0001 (  0.0%)  LCSSA Verifier
   0.0001 (  0.0%)   0.0000 (  0.0%)   0.0001 (  0.0%)   0.0001 (  0.0%)  Optimization Remark Emitter
   0.0000 (  0.0%)   0.0000 (  0.0%)   0.0001 (  0.0%)   0.0001 (  0.0%)  LCSSA Verifier
   0.0001 (  0.0%)   0.0000 (  0.0%)   0.0001 (  0.0%)   0.0001 (  0.0%)  Optimization Remark Emitter
   0.0001 (  0.0%)   0.0000 (  0.0%)   0.0001 (  0.0%)   0.0001 (  0.0%)  LCSSA Verifier
   0.0000 (  0.0%)   0.0000 (  0.0%)   0.0001 (  0.0%)   0.0001 (  0.0%)  LCSSA Verifier
   0.0001 (  0.0%)   0.0000 (  0.0%)   0.0001 (  0.0%)   0.0001 (  0.0%)  LCSSA Verifier
   0.0001 (  0.0%)   0.0000 (  0.0%)   0.0001 (  0.0%)   0.0001 (  0.0%)  Optimization Remark Emitter
   0.0001 (  0.0%)   0.0000 (  0.0%)   0.0001 (  0.0%)   0.0001 (  0.0%)  LCSSA Verifier
   0.0001 (  0.0%)   0.0000 (  0.0%)   0.0001 (  0.0%)   0.0001 (  0.0%)  LCSSA Verifier
   0.0000 (  0.0%)   0.0000 (  0.0%)   0.0001 (  0.0%)   0.0001 (  0.0%)  LCSSA Verifier
   0.0000 (  0.0%)   0.0000 (  0.0%)   0.0000 (  0.0%)   0.0001 (  0.0%)  Basic Alias Analysis (stateless AA impl)
   0.0000 (  0.0%)   0.0000 (  0.0%)   0.0000 (  0.0%)   0.0001 (  0.0%)  Canonicalize natural loops
   0.0001 (  0.0%)   0.0000 (  0.0%)   0.0001 (  0.0%)   0.0001 (  0.0%)  Function Alias Analysis Results
   0.0001 (  0.0%)   0.0000 (  0.0%)   0.0001 (  0.0%)   0.0001 (  0.0%)  Basic Alias Analysis (stateless AA impl)
   0.0001 (  0.0%)   0.0000 (  0.0%)   0.0001 (  0.0%)   0.0001 (  0.0%)  Function Alias Analysis Results
   0.0000 (  0.0%)   0.0000 (  0.0%)   0.0000 (  0.0%)   0.0001 (  0.0%)  Function Alias Analysis Results
   0.0001 (  0.0%)   0.0000 (  0.0%)   0.0001 (  0.0%)   0.0000 (  0.0%)  Function Alias Analysis Results
   0.0000 (  0.0%)   0.0000 (  0.0%)   0.0000 (  0.0%)   0.0000 (  0.0%)  top function attribute attaching
   0.0000 (  0.0%)   0.0000 (  0.0%)   0.0000 (  0.0%)   0.0000 (  0.0%)  Infer direct input/output accesses
   0.0000 (  0.0%)   0.0000 (  0.0%)   0.0000 (  0.0%)   0.0000 (  0.0%)  Basic Alias Analysis (stateless AA impl)
   0.0000 (  0.0%)   0.0000 (  0.0%)   0.0000 (  0.0%)   0.0000 (  0.0%)  Basic Alias Analysis (stateless AA impl)
   0.0000 (  0.0%)   0.0000 (  0.0%)   0.0000 (  0.0%)   0.0000 (  0.0%)  Basic Alias Analysis (stateless AA impl)
   0.0000 (  0.0%)   0.0000 (  0.0%)   0.0000 (  0.0%)   0.0000 (  0.0%)  Reduce the height of tree
   0.0000 (  0.0%)   0.0000 (  0.0%)   0.0000 (  0.0%)   0.0000 (  0.0%)  Basic Alias Analysis (stateless AA impl)
   0.0000 (  0.0%)   0.0000 (  0.0%)   0.0000 (  0.0%)   0.0000 (  0.0%)  Rotate Loops
   0.0000 (  0.0%)   0.0000 (  0.0%)   0.0000 (  0.0%)   0.0000 (  0.0%)  Eliminate dead stores globally
   0.0000 (  0.0%)   0.0000 (  0.0%)   0.0000 (  0.0%)   0.0000 (  0.0%)  Loop-Closed SSA Form Pass
   0.0000 (  0.0%)   0.0000 (  0.0%)   0.0000 (  0.0%)   0.0000 (  0.0%)  Canonicalize natural loops
   0.0000 (  0.0%)   0.0000 (  0.0%)   0.0000 (  0.0%)   0.0000 (  0.0%)  Loop-Closed SSA Form Pass
   0.0000 (  0.0%)   0.0000 (  0.0%)   0.0000 (  0.0%)   0.0000 (  0.0%)  Struct object aggregation
   0.0000 (  0.0%)   0.0000 (  0.0%)   0.0000 (  0.0%)   0.0000 (  0.0%)  Loop-Closed SSA Form Pass
   0.0000 (  0.0%)   0.0000 (  0.0%)   0.0000 (  0.0%)   0.0000 (  0.0%)  Loop-Closed SSA Form Pass
   0.0000 (  0.0%)   0.0000 (  0.0%)   0.0000 (  0.0%)   0.0000 (  0.0%)  Canonicalize natural loops
   0.0000 (  0.0%)   0.0000 (  0.0%)   0.0000 (  0.0%)   0.0000 (  0.0%)  Canonicalize natural loops
   0.0000 (  0.0%)   0.0000 (  0.0%)   0.0000 (  0.0%)   0.0000 (  0.0%)  Canonicalize natural loops
   0.0000 (  0.0%)   0.0000 (  0.0%)   0.0000 (  0.0%)   0.0000 (  0.0%)  LCSSA Verifier
   0.0000 (  0.0%)   0.0000 (  0.0%)   0.0000 (  0.0%)   0.0000 (  0.0%)  LCSSA Verifier
   0.0000 (  0.0%)   0.0000 (  0.0%)   0.0000 (  0.0%)   0.0000 (  0.0%)  LCSSA Verifier
   0.0000 (  0.0%)   0.0000 (  0.0%)   0.0000 (  0.0%)   0.0000 (  0.0%)  Rotate Loops
   0.0000 (  0.0%)   0.0000 (  0.0%)   0.0000 (  0.0%)   0.0000 (  0.0%)  LCSSA Verifier
   0.0000 (  0.0%)   0.0000 (  0.0%)   0.0000 (  0.0%)   0.0000 (  0.0%)  LCSSA Verifier
   0.0000 (  0.0%)   0.0000 (  0.0%)   0.0000 (  0.0%)   0.0000 (  0.0%)  LCSSA Verifier
   0.0000 (  0.0%)   0.0000 (  0.0%)   0.0000 (  0.0%)   0.0000 (  0.0%)  LCSSA Verifier
   0.0000 (  0.0%)   0.0000 (  0.0%)   0.0000 (  0.0%)   0.0000 (  0.0%)  LCSSA Verifier
   0.0000 (  0.0%)   0.0000 (  0.0%)   0.0000 (  0.0%)   0.0000 (  0.0%)  Basic Alias Analysis (stateless AA impl)
   0.0000 (  0.0%)   0.0000 (  0.0%)   0.0000 (  0.0%)   0.0000 (  0.0%)  Scalar Evolution Canonicalization
   0.0000 (  0.0%)   0.0000 (  0.0%)   0.0000 (  0.0%)   0.0000 (  0.0%)  Memory Dependence Analysis
   0.0000 (  0.0%)   0.0000 (  0.0%)   0.0000 (  0.0%)   0.0000 (  0.0%)  LayoutTransform - Layout Transform Pragma Analysis
   0.0000 (  0.0%)   0.0000 (  0.0%)   0.0000 (  0.0%)   0.0000 (  0.0%)  Lazy Branch Probability Analysis
   0.0000 (  0.0%)   0.0000 (  0.0%)   0.0000 (  0.0%)   0.0000 (  0.0%)  Basic Alias Analysis (stateless AA impl)
   0.0000 (  0.0%)   0.0000 (  0.0%)   0.0000 (  0.0%)   0.0000 (  0.0%)  Basic Alias Analysis (stateless AA impl)
   0.0000 (  0.0%)   0.0000 (  0.0%)   0.0000 (  0.0%)   0.0000 (  0.0%)  Memory Dependence Analysis
   0.0000 (  0.0%)   0.0000 (  0.0%)   0.0000 (  0.0%)   0.0000 (  0.0%)  Basic Alias Analysis (stateless AA impl)
   0.0000 (  0.0%)   0.0000 (  0.0%)   0.0000 (  0.0%)   0.0000 (  0.0%)  Lazy Branch Probability Analysis
   0.0000 (  0.0%)   0.0000 (  0.0%)   0.0000 (  0.0%)   0.0000 (  0.0%)  Basic Alias Analysis (stateless AA impl)
   0.0000 (  0.0%)   0.0000 (  0.0%)   0.0000 (  0.0%)   0.0000 (  0.0%)  Memory Dependence Analysis
   0.0000 (  0.0%)   0.0000 (  0.0%)   0.0000 (  0.0%)   0.0000 (  0.0%)  Memory Dependence Analysis
   0.0000 (  0.0%)   0.0000 (  0.0%)   0.0000 (  0.0%)   0.0000 (  0.0%)  Basic Alias Analysis (stateless AA impl)
   0.0000 (  0.0%)   0.0000 (  0.0%)   0.0000 (  0.0%)   0.0000 (  0.0%)  Lazy Branch Probability Analysis
   0.0000 (  0.0%)   0.0000 (  0.0%)   0.0000 (  0.0%)   0.0000 (  0.0%)  Memory Dependence Analysis
   0.0000 (  0.0%)   0.0000 (  0.0%)   0.0000 (  0.0%)   0.0000 (  0.0%)  Memory Dependence Analysis
   0.0000 (  0.0%)   0.0000 (  0.0%)   0.0000 (  0.0%)   0.0000 (  0.0%)  Optimization Remark Emitter
   0.0000 (  0.0%)   0.0000 (  0.0%)   0.0000 (  0.0%)   0.0000 (  0.0%)  Memory Dependence Analysis
   0.0000 (  0.0%)   0.0000 (  0.0%)   0.0000 (  0.0%)   0.0000 (  0.0%)  Memory Dependence Analysis
   0.0000 (  0.0%)   0.0000 (  0.0%)   0.0000 (  0.0%)   0.0000 (  0.0%)  Basic Alias Analysis (stateless AA impl)
   0.0000 (  0.0%)   0.0000 (  0.0%)   0.0000 (  0.0%)   0.0000 (  0.0%)  Basic Alias Analysis (stateless AA impl)
   0.0000 (  0.0%)   0.0000 (  0.0%)   0.0000 (  0.0%)   0.0000 (  0.0%)  Memory Dependence Analysis
   0.0000 (  0.0%)   0.0000 (  0.0%)   0.0000 (  0.0%)   0.0000 (  0.0%)  Lazy Branch Probability Analysis
   0.0000 (  0.0%)   0.0000 (  0.0%)   0.0000 (  0.0%)   0.0000 (  0.0%)  Lazy Branch Probability Analysis
   0.0000 (  0.0%)   0.0000 (  0.0%)   0.0000 (  0.0%)   0.0000 (  0.0%)  ScalarEvolution-based Alias Analysis
   0.0000 (  0.0%)   0.0000 (  0.0%)   0.0000 (  0.0%)   0.0000 (  0.0%)  Lazy Branch Probability Analysis
   0.0000 (  0.0%)   0.0000 (  0.0%)   0.0000 (  0.0%)   0.0000 (  0.0%)  Basic Alias Analysis (stateless AA impl)
   0.0000 (  0.0%)   0.0000 (  0.0%)   0.0000 (  0.0%)   0.0000 (  0.0%)  Function Alias Analysis Results
   0.0000 (  0.0%)   0.0000 (  0.0%)   0.0000 (  0.0%)   0.0000 (  0.0%)  Lazy Branch Probability Analysis
   0.0000 (  0.0%)   0.0000 (  0.0%)   0.0000 (  0.0%)   0.0000 (  0.0%)  Lazy Branch Probability Analysis
   0.0000 (  0.0%)   0.0000 (  0.0%)   0.0000 (  0.0%)   0.0000 (  0.0%)  Optimization Remark Emitter
   0.0000 (  0.0%)   0.0000 (  0.0%)   0.0000 (  0.0%)   0.0000 (  0.0%)  Lazy Block Frequency Analysis
   0.0000 (  0.0%)   0.0000 (  0.0%)   0.0000 (  0.0%)   0.0000 (  0.0%)  Lazy Branch Probability Analysis
   0.0000 (  0.0%)   0.0000 (  0.0%)   0.0000 (  0.0%)   0.0000 (  0.0%)  Lazy Block Frequency Analysis
   0.0000 (  0.0%)   0.0000 (  0.0%)   0.0000 (  0.0%)   0.0000 (  0.0%)  ScalarEvolution-based Alias Analysis
   0.0000 (  0.0%)   0.0000 (  0.0%)   0.0000 (  0.0%)   0.0000 (  0.0%)  Basic Alias Analysis (stateless AA impl)
   0.0000 (  0.0%)   0.0000 (  0.0%)   0.0000 (  0.0%)   0.0000 (  0.0%)  Lazy Block Frequency Analysis
   0.0000 (  0.0%)   0.0000 (  0.0%)   0.0000 (  0.0%)   0.0000 (  0.0%)  Optimization Remark Emitter
   0.0000 (  0.0%)   0.0000 (  0.0%)   0.0000 (  0.0%)   0.0000 (  0.0%)  Lazy Block Frequency Analysis
   0.0000 (  0.0%)   0.0000 (  0.0%)   0.0000 (  0.0%)   0.0000 (  0.0%)  Lazy Block Frequency Analysis
   0.0000 (  0.0%)   0.0000 (  0.0%)   0.0000 (  0.0%)   0.0000 (  0.0%)  Optimization Remark Emitter
   0.0000 (  0.0%)   0.0000 (  0.0%)   0.0000 (  0.0%)   0.0000 (  0.0%)  Lazy Branch Probability Analysis
   0.0000 (  0.0%)   0.0000 (  0.0%)   0.0000 (  0.0%)   0.0000 (  0.0%)  Optimization Remark Emitter
   0.0000 (  0.0%)   0.0000 (  0.0%)   0.0000 (  0.0%)   0.0000 (  0.0%)  Normalize loop index
   0.0000 (  0.0%)   0.0000 (  0.0%)   0.0000 (  0.0%)   0.0000 (  0.0%)  ScalarEvolution-based Alias Analysis
   0.0000 (  0.0%)   0.0000 (  0.0%)   0.0000 (  0.0%)   0.0000 (  0.0%)  Optimization Remark Emitter
   0.0000 (  0.0%)   0.0000 (  0.0%)   0.0000 (  0.0%)   0.0000 (  0.0%)  Lazy Block Frequency Analysis
   0.0000 (  0.0%)   0.0000 (  0.0%)   0.0000 (  0.0%)   0.0000 (  0.0%)  Optimization Remark Emitter
   0.0000 (  0.0%)   0.0000 (  0.0%)   0.0000 (  0.0%)   0.0000 (  0.0%)  Optimization Remark Emitter
   0.0000 (  0.0%)   0.0000 (  0.0%)   0.0000 (  0.0%)   0.0000 (  0.0%)  Lazy Block Frequency Analysis
   0.0000 (  0.0%)   0.0000 (  0.0%)   0.0000 (  0.0%)   0.0000 (  0.0%)  Optimization Remark Emitter
   0.0000 (  0.0%)   0.0000 (  0.0%)   0.0000 (  0.0%)   0.0000 (  0.0%)  Lazy Block Frequency Analysis
   0.0000 (  0.0%)   0.0000 (  0.0%)   0.0000 (  0.0%)   0.0000 (  0.0%)  Loop-Closed SSA Form Pass
   0.0000 (  0.0%)   0.0000 (  0.0%)   0.0000 (  0.0%)   0.0000 (  0.0%)  Lazy Block Frequency Analysis
   0.0000 (  0.0%)   0.0000 (  0.0%)   0.0000 (  0.0%)   0.0000 (  0.0%)  Optimization Remark Emitter
   0.0000 (  0.0%)   0.0000 (  0.0%)   0.0000 (  0.0%)   0.0000 (  0.0%)  Lazy Block Frequency Analysis
   0.0000 (  0.0%)   0.0000 (  0.0%)   0.0000 (  0.0%)   0.0000 (  0.0%)  Optimization Remark Emitter
   0.0000 (  0.0%)   0.0000 (  0.0%)   0.0000 (  0.0%)   0.0000 (  0.0%)  Optimization Remark Emitter
   0.0000 (  0.0%)   0.0000 (  0.0%)   0.0000 (  0.0%)   0.0000 (  0.0%)  Optimization Remark Emitter
   0.0000 (  0.0%)   0.0000 (  0.0%)   0.0000 (  0.0%)   0.0000 (  0.0%)  Optimization Remark Emitter
   0.0000 (  0.0%)   0.0000 (  0.0%)   0.0000 (  0.0%)   0.0000 (  0.0%)  LCSSA Verifier
   0.0000 (  0.0%)   0.0000 (  0.0%)   0.0000 (  0.0%)   0.0000 (  0.0%)  Achieval II estimation - estimate acheival II lower bound according to constraint
   0.0000 (  0.0%)   0.0000 (  0.0%)   0.0000 (  0.0%)   0.0000 (  0.0%)  LCSSA Verifier
   0.0000 (  0.0%)   0.0000 (  0.0%)   0.0000 (  0.0%)   0.0000 (  0.0%)  Infer direct input/output accesses
   0.0000 (  0.0%)   0.0000 (  0.0%)   0.0000 (  0.0%)   0.0000 (  0.0%)  ScalarEvolution-based Alias Analysis
   0.0000 (  0.0%)   0.0000 (  0.0%)   0.0000 (  0.0%)   0.0000 (  0.0%)  Delete dead loops
   0.0000 (  0.0%)   0.0000 (  0.0%)   0.0000 (  0.0%)   0.0000 (  0.0%)  LCSSA Verifier
   0.0000 (  0.0%)   0.0000 (  0.0%)   0.0000 (  0.0%)   0.0000 (  0.0%)  LCSSA Verifier
   0.0000 (  0.0%)   0.0000 (  0.0%)   0.0000 (  0.0%)   0.0000 (  0.0%)  LCSSA Verifier
   0.0000 (  0.0%)   0.0000 (  0.0%)   0.0000 (  0.0%)   0.0000 (  0.0%)  Lazy Branch Probability Analysis
   0.0000 (  0.0%)   0.0000 (  0.0%)   0.0000 (  0.0%)   0.0000 (  0.0%)  Simplify loop CFG
   0.0000 (  0.0%)   0.0000 (  0.0%)   0.0000 (  0.0%)   0.0000 (  0.0%)  Optimization Remark Emitter
   0.0000 (  0.0%)   0.0000 (  0.0%)   0.0000 (  0.0%)   0.0000 (  0.0%)  Simplify loop CFG
   0.0000 (  0.0%)   0.0000 (  0.0%)   0.0000 (  0.0%)   0.0000 (  0.0%)  Delete dead loops
   0.0000 (  0.0%)   0.0000 (  0.0%)   0.0000 (  0.0%)   0.0000 (  0.0%)  LayoutTransform - Layout Transform Pragma Analysis
   0.0000 (  0.0%)   0.0000 (  0.0%)   0.0000 (  0.0%)   0.0000 (  0.0%)  Lazy Block Frequency Analysis
   0.0000 (  0.0%)   0.0000 (  0.0%)   0.0000 (  0.0%)   0.0000 (  0.0%)  Delete dead loops
   0.0000 (  0.0%)   0.0000 (  0.0%)   0.0000 (  0.0%)   0.0000 (  0.0%)  Dead Global Elimination
   0.0000 (  0.0%)   0.0000 (  0.0%)   0.0000 (  0.0%)   0.0000 (  0.0%)  Delete dead loops
   0.0000 (  0.0%)   0.0000 (  0.0%)   0.0000 (  0.0%)   0.0000 (  0.0%)  Lower llvm.assume to _ssdm_AssertFail
   0.0000 (  0.0%)   0.0000 (  0.0%)   0.0000 (  0.0%)   0.0000 (  0.0%)  Delete dead loops
   0.0000 (  0.0%)   0.0000 (  0.0%)   0.0000 (  0.0%)   0.0000 (  0.0%)  Simplify loop CFG
   0.0000 (  0.0%)   0.0000 (  0.0%)   0.0000 (  0.0%)   0.0000 (  0.0%)  Performance Evaluation
   0.0000 (  0.0%)   0.0000 (  0.0%)   0.0000 (  0.0%)   0.0000 (  0.0%)  normalize array partition result to reduce redundant sub array arguments
   0.0000 (  0.0%)   0.0000 (  0.0%)   0.0000 (  0.0%)   0.0000 (  0.0%)  Simplify loop CFG
   0.0000 (  0.0%)   0.0000 (  0.0%)   0.0000 (  0.0%)   0.0000 (  0.0%)  LayoutTransform - Layout Transform Pragma Analysis
   0.0000 (  0.0%)   0.0000 (  0.0%)   0.0000 (  0.0%)   0.0000 (  0.0%)  LayoutTransform - Layout Transform Pragma Analysis
   0.0000 (  0.0%)   0.0000 (  0.0%)   0.0000 (  0.0%)   0.0000 (  0.0%)  DeSPMD - Insert barriers into uniform loops
   0.0000 (  0.0%)   0.0000 (  0.0%)   0.0000 (  0.0%)   0.0000 (  0.0%)  Delinearization
   0.0000 (  0.0%)   0.0000 (  0.0%)   0.0000 (  0.0%)   0.0000 (  0.0%)  Entirety access check on array-to-stream
   0.0000 (  0.0%)   0.0000 (  0.0%)   0.0000 (  0.0%)   0.0000 (  0.0%)  Assumption Cache Tracker
   0.0000 (  0.0%)   0.0000 (  0.0%)   0.0000 (  0.0%)   0.0000 (  0.0%)  Extract occurrence region
   0.0000 (  0.0%)   0.0000 (  0.0%)   0.0000 (  0.0%)   0.0000 (  0.0%)  ArrayPartition - Partition Arrays into Banks
   0.0000 (  0.0%)   0.0000 (  0.0%)   0.0000 (  0.0%)   0.0000 (  0.0%)  Interface Analysis
   0.0000 (  0.0%)   0.0000 (  0.0%)   0.0000 (  0.0%)   0.0000 (  0.0%)  Lower HLS related intrinsics
   0.0000 (  0.0%)   0.0000 (  0.0%)   0.0000 (  0.0%)   0.0000 (  0.0%)  Achieval II estimation - estimate acheival II lower bound according to constraint
   0.0000 (  0.0%)   0.0000 (  0.0%)   0.0000 (  0.0%)   0.0000 (  0.0%)  Interface Analysis
   0.0000 (  0.0%)   0.0000 (  0.0%)   0.0000 (  0.0%)   0.0000 (  0.0%)  Lower intrinsics for FPGAs
   0.0000 (  0.0%)   0.0000 (  0.0%)   0.0000 (  0.0%)   0.0000 (  0.0%)  Lower memory intrinsic
   0.0000 (  0.0%)   0.0000 (  0.0%)   0.0000 (  0.0%)   0.0000 (  0.0%)  Lower HLS related intrinsics
   0.0000 (  0.0%)   0.0000 (  0.0%)   0.0000 (  0.0%)   0.0000 (  0.0%)  Lower intrinsics for FPGAs
   0.0000 (  0.0%)   0.0000 (  0.0%)   0.0000 (  0.0%)   0.0000 (  0.0%)  Revert PPPO for array-to-stream
   0.0000 (  0.0%)   0.0000 (  0.0%)   0.0000 (  0.0%)   0.0000 (  0.0%)  Lower HLS related intrinsics
   0.0000 (  0.0%)   0.0000 (  0.0%)   0.0000 (  0.0%)   0.0000 (  0.0%)  Eliminate guard varible
   0.0000 (  0.0%)   0.0000 (  0.0%)   0.0000 (  0.0%)   0.0000 (  0.0%)  Revert PPPO for array-to-stream
   0.0000 (  0.0%)   0.0000 (  0.0%)   0.0000 (  0.0%)   0.0000 (  0.0%)  Revert direct input/output accesses
   0.0000 (  0.0%)   0.0000 (  0.0%)   0.0000 (  0.0%)   0.0000 (  0.0%)  Revert PPPO for array-to-stream
   0.0000 (  0.0%)   0.0000 (  0.0%)   0.0000 (  0.0%)   0.0000 (  0.0%)  Lower intrinsics for FPGAs
   0.0000 (  0.0%)   0.0000 (  0.0%)   0.0000 (  0.0%)   0.0000 (  0.0%)  Revert direct input/output accesses
   0.0000 (  0.0%)   0.0000 (  0.0%)   0.0000 (  0.0%)   0.0000 (  0.0%)  Array Access Range Analysis
   0.0000 (  0.0%)   0.0000 (  0.0%)   0.0000 (  0.0%)   0.0000 (  0.0%)  Lower intrinsics for FPGAs
   0.0000 (  0.0%)   0.0000 (  0.0%)   0.0000 (  0.0%)   0.0000 (  0.0%)  Structure Decomposition
   0.0000 (  0.0%)   0.0000 (  0.0%)   0.0000 (  0.0%)   0.0000 (  0.0%)  Interface Analysis
   0.0000 (  0.0%)   0.0000 (  0.0%)   0.0000 (  0.0%)   0.0000 (  0.0%)  Interface Analysis
   0.0000 (  0.0%)   0.0000 (  0.0%)   0.0000 (  0.0%)   0.0000 (  0.0%)  Interface Analysis
   0.0000 (  0.0%)   0.0000 (  0.0%)   0.0000 (  0.0%)   0.0000 (  0.0%)  Revert PPPO for array-to-stream
   0.0000 (  0.0%)   0.0000 (  0.0%)   0.0000 (  0.0%)   0.0000 (  0.0%)  Eliminate guard varible
   0.0000 (  0.0%)   0.0000 (  0.0%)   0.0000 (  0.0%)   0.0000 (  0.0%)  Outline pipeline stages
   0.0000 (  0.0%)   0.0000 (  0.0%)   0.0000 (  0.0%)   0.0000 (  0.0%)  Revert direct input/output accesses
   0.0000 (  0.0%)   0.0000 (  0.0%)   0.0000 (  0.0%)   0.0000 (  0.0%)  Interface Analysis
   0.0000 (  0.0%)   0.0000 (  0.0%)   0.0000 (  0.0%)   0.0000 (  0.0%)  Interface Analysis
   0.0000 (  0.0%)   0.0000 (  0.0%)   0.0000 (  0.0%)   0.0000 (  0.0%)  Interface Analysis
   0.0000 (  0.0%)   0.0000 (  0.0%)   0.0000 (  0.0%)   0.0000 (  0.0%)  Interface Analysis
   0.0000 (  0.0%)   0.0000 (  0.0%)   0.0000 (  0.0%)   0.0000 (  0.0%)  Interface Analysis
   0.0000 (  0.0%)   0.0000 (  0.0%)   0.0000 (  0.0%)   0.0000 (  0.0%)  Interface Analysis
   0.0000 (  0.0%)   0.0000 (  0.0%)   0.0000 (  0.0%)   0.0000 (  0.0%)  Interface Analysis
   0.0000 (  0.0%)   0.0000 (  0.0%)   0.0000 (  0.0%)   0.0000 (  0.0%)  Interface Analysis
   0.0000 (  0.0%)   0.0000 (  0.0%)   0.0000 (  0.0%)   0.0000 (  0.0%)  Interface Analysis
   0.0000 (  0.0%)   0.0000 (  0.0%)   0.0000 (  0.0%)   0.0000 (  0.0%)  Interface Analysis
   0.0000 (  0.0%)   0.0000 (  0.0%)   0.0000 (  0.0%)   0.0000 (  0.0%)  Interface Analysis
   0.0000 (  0.0%)   0.0000 (  0.0%)   0.0000 (  0.0%)   0.0000 (  0.0%)  Interface Analysis
   0.0000 (  0.0%)   0.0000 (  0.0%)   0.0000 (  0.0%)   0.0000 (  0.0%)  Interface Analysis
   0.0000 (  0.0%)   0.0000 (  0.0%)   0.0000 (  0.0%)   0.0000 (  0.0%)  Interface Analysis
   0.0000 (  0.0%)   0.0000 (  0.0%)   0.0000 (  0.0%)   0.0000 (  0.0%)  Interface Analysis
   0.0000 (  0.0%)   0.0000 (  0.0%)   0.0000 (  0.0%)   0.0000 (  0.0%)  Interface Analysis
   0.0000 (  0.0%)   0.0000 (  0.0%)   0.0000 (  0.0%)   0.0000 (  0.0%)  Interface Analysis
   0.0000 (  0.0%)   0.0000 (  0.0%)   0.0000 (  0.0%)   0.0000 (  0.0%)  Interface Analysis
   0.0000 (  0.0%)   0.0000 (  0.0%)   0.0000 (  0.0%)   0.0000 (  0.0%)  Interface Analysis
   0.0000 (  0.0%)   0.0000 (  0.0%)   0.0000 (  0.0%)   0.0000 (  0.0%)  Interface Analysis
   0.0000 (  0.0%)   0.0000 (  0.0%)   0.0000 (  0.0%)   0.0000 (  0.0%)  Interface Analysis
   0.0000 (  0.0%)   0.0000 (  0.0%)   0.0000 (  0.0%)   0.0000 (  0.0%)  Interface Analysis
   0.0000 (  0.0%)   0.0000 (  0.0%)   0.0000 (  0.0%)   0.0000 (  0.0%)  Interface Analysis
   0.0000 (  0.0%)   0.0000 (  0.0%)   0.0000 (  0.0%)   0.0000 (  0.0%)  Interface Analysis
   0.0000 (  0.0%)   0.0000 (  0.0%)   0.0000 (  0.0%)   0.0000 (  0.0%)  A No-Op Barrier Pass
   0.0000 (  0.0%)   0.0000 (  0.0%)   0.0000 (  0.0%)   0.0000 (  0.0%)  A No-Op Barrier Pass
   0.0000 (  0.0%)   0.0000 (  0.0%)   0.0000 (  0.0%)   0.0000 (  0.0%)  Interface Analysis
   0.0000 (  0.0%)   0.0000 (  0.0%)   0.0000 (  0.0%)   0.0000 (  0.0%)  Interface Analysis
   0.0000 (  0.0%)   0.0000 (  0.0%)   0.0000 (  0.0%)   0.0000 (  0.0%)  Interface Analysis
   0.0000 (  0.0%)   0.0000 (  0.0%)   0.0000 (  0.0%)   0.0000 (  0.0%)  Interface Analysis
   0.0000 (  0.0%)   0.0000 (  0.0%)   0.0000 (  0.0%)   0.0000 (  0.0%)  Interface Analysis
   0.0000 (  0.0%)   0.0000 (  0.0%)   0.0000 (  0.0%)   0.0000 (  0.0%)  Evaluate _ssdm_string2bits
   0.0000 (  0.0%)   0.0000 (  0.0%)   0.0000 (  0.0%)   0.0000 (  0.0%)  Interface Analysis
   0.0000 (  0.0%)   0.0000 (  0.0%)   0.0000 (  0.0%)   0.0000 (  0.0%)  A No-Op Barrier Pass
   0.0000 (  0.0%)   0.0000 (  0.0%)   0.0000 (  0.0%)   0.0000 (  0.0%)  A No-Op Barrier Pass
   0.0000 (  0.0%)   0.0000 (  0.0%)   0.0000 (  0.0%)   0.0000 (  0.0%)  Collect basic metrics for FE reflow
   0.0000 (  0.0%)   0.0000 (  0.0%)   0.0000 (  0.0%)   0.0000 (  0.0%)  Entirety access check on array-to-stream
   0.0000 (  0.0%)   0.0000 (  0.0%)   0.0000 (  0.0%)   0.0000 (  0.0%)  Target Transform Information
   0.0000 (  0.0%)   0.0000 (  0.0%)   0.0000 (  0.0%)   0.0000 (  0.0%)  Target Library Information
   0.0000 (  0.0%)   0.0000 (  0.0%)   0.0000 (  0.0%)   0.0000 (  0.0%)  Profile summary info
  173.1222 (100.0%)   0.7733 (100.0%)  173.8955 (100.0%)  173.9391 (100.0%)  Total

===-------------------------------------------------------------------------===
                                LLVM IR Parsing
===-------------------------------------------------------------------------===
  Total Execution Time: 0.0157 seconds (0.0232 wall clock)

   ---User Time---   --System Time--   --User+System--   ---Wall Time---  --- Name ---
   0.0122 (100.0%)   0.0034 (100.0%)   0.0157 (100.0%)   0.0232 (100.0%)  Parse IR
   0.0122 (100.0%)   0.0034 (100.0%)   0.0157 (100.0%)   0.0232 (100.0%)  Total

===-------------------------------------------------------------------------===
                          Clang front-end time report
===-------------------------------------------------------------------------===
  Total Execution Time: 160.8584 seconds (160.9253 wall clock)

   ---User Time---   --System Time--   --User+System--   ---Wall Time---  --- Name ---
  159.9903 (100.0%)   0.8681 (100.0%)  160.8584 (100.0%)  160.9253 (100.0%)  Clang front-end timer
  159.9903 (100.0%)   0.8681 (100.0%)  160.8584 (100.0%)  160.9253 (100.0%)  Total

