INFO-FLOW: Workspace /home/ubuntu/hls4ml_tests/my_hls_prj/myproject_prj/solution1 opened at Sun Sep 21 19:24:56 UTC 2025
Execute       send_msg_by_id INFO @200-1505@%s%s default  vivado 
INFO: [HLS 200-1505] Using default flow_target 'vivado'
Execute     config_array_partition -maximum_size 4096 
INFO: [HLS 200-1510] Running: config_array_partition -maximum_size 4096 
ERROR: [HLS 200-101] config_array_partition: Unknown option '-maximum_size'.
ERROR: [HLS 200-101] config_array_partition: Unknown option '4096'.
Execute       ::HLS_INI_HELP::tclcmd2ininames config_array_partition
Command     config_array_partition done; error code: 1; 0.15 sec.
Execute     config_compile -name_max_length 80 
INFO: [HLS 200-1510] Running: config_compile -name_max_length 80 
INFO: [XFORM 203-1161] The maximum of name length is set to 80.
Execute     set_part xcvu13p-flga2577-2-e 
INFO: [HLS 200-1510] Running: set_part xcvu13p-flga2577-2-e 
Execute       create_platform xcvu13p-flga2577-2-e -board  
DBG:HLSDevice: Trying to load device library: /opt/Xilinx/Vitis_HLS/2024.1/lib/lnx64.o/libxv_hlsvwrap.so
DBG:HLSDevice: first parts/arch.xml in RDI_DATADIR: /opt/Xilinx/Vivado/2024.1/data/parts/arch.xml
DBG:HLSDevice: init success
ERROR: [HLS 200-1023] Part 'xcvu13p-flga2577-2-e' is not installed.
Command       create_platform done; error code: 1; 0.15 sec.
INFO-FLOW: Caught error in set_part: command 'create_platform' returned error code
    while executing
"create_platform $value -board $board"
    (procedure "ap_internal_set_part" line 27)
    invoked from within
"ap_internal_set_part "
Command     set_part done; error code: 2; 0.15 sec.
Command   ap_source done; error code: 1; 0.35 sec.
Execute   cleanup_all 
INFO-FLOW: Workspace /home/ubuntu/hls4ml_tests/my_hls_prj/myproject_prj/solution1 opened at Mon Sep 22 14:34:56 UTC 2025
Execute       send_msg_by_id INFO @200-1505@%s%s  vivado 
INFO: [HLS 200-1505] Using flow_target 'vivado'
Execute       send_msg_by_id INFO @200-1464@%s config_compile -name_max_length=80 
INFO: [HLS 200-1464] Running solution command: config_compile -name_max_length=80
Execute       config_compile -name_max_length=80 
INFO: [XFORM 203-1161] The maximum of name length is set to 80.
Execute     config_array_partition -maximum_size 4096 
INFO: [HLS 200-1510] Running: config_array_partition -maximum_size 4096 
ERROR: [HLS 200-101] config_array_partition: Unknown option '-maximum_size'.
ERROR: [HLS 200-101] config_array_partition: Unknown option '4096'.
Execute       ::HLS_INI_HELP::tclcmd2ininames config_array_partition
Command     config_array_partition done; error code: 1; 0.15 sec.
Execute     config_compile -name_max_length 80 
INFO: [HLS 200-1510] Running: config_compile -name_max_length 80 
INFO: [XFORM 203-1161] The maximum of name length is set to 80.
Execute     set_part xcvu13p-flga2577-2-e 
INFO: [HLS 200-1510] Running: set_part xcvu13p-flga2577-2-e 
Execute       create_platform xcvu13p-flga2577-2-e -board  
DBG:HLSDevice: Trying to load device library: /opt/Xilinx/Vitis_HLS/2024.1/lib/lnx64.o/libxv_hlsvwrap.so
DBG:HLSDevice: first parts/arch.xml in RDI_DATADIR: /opt/Xilinx/Vivado/2024.1/data/parts/arch.xml
DBG:HLSDevice: init success
ERROR: [HLS 200-1023] Part 'xcvu13p-flga2577-2-e' is not installed.
Command       create_platform done; error code: 1; 0.15 sec.
INFO-FLOW: Caught error in set_part: command 'create_platform' returned error code
    while executing
"create_platform $value -board $board"
    (procedure "ap_internal_set_part" line 27)
    invoked from within
"ap_internal_set_part "
Command     set_part done; error code: 2; 0.16 sec.
Command   ap_source done; error code: 1; 0.35 sec.
Execute   cleanup_all 
INFO-FLOW: Workspace /home/ubuntu/hls4ml_tests/my_hls_prj/myproject_prj/solution1 opened at Mon Sep 22 14:38:05 UTC 2025
Execute       send_msg_by_id INFO @200-1505@%s%s  vivado 
INFO: [HLS 200-1505] Using flow_target 'vivado'
Execute       send_msg_by_id INFO @200-1464@%s config_compile -name_max_length=80 
INFO: [HLS 200-1464] Running solution command: config_compile -name_max_length=80
Execute       config_compile -name_max_length=80 
INFO: [XFORM 203-1161] The maximum of name length is set to 80.
Execute     config_array_partition -maximum_size 4096 
INFO: [HLS 200-1510] Running: config_array_partition -maximum_size 4096 
ERROR: [HLS 200-101] config_array_partition: Unknown option '-maximum_size'.
ERROR: [HLS 200-101] config_array_partition: Unknown option '4096'.
Execute       ::HLS_INI_HELP::tclcmd2ininames config_array_partition
Command     config_array_partition done; error code: 1; 0.16 sec.
Execute     config_compile -name_max_length 80 
INFO: [HLS 200-1510] Running: config_compile -name_max_length 80 
INFO: [XFORM 203-1161] The maximum of name length is set to 80.
Execute     set_part xcvu47p-fsvh2892-2-e 
INFO: [HLS 200-1510] Running: set_part xcvu47p-fsvh2892-2-e 
Execute       create_platform xcvu47p-fsvh2892-2-e -board  
DBG:HLSDevice: Trying to load device library: /opt/Xilinx/Vitis_HLS/2024.1/lib/lnx64.o/libxv_hlsvwrap.so
DBG:HLSDevice: first parts/arch.xml in RDI_DATADIR: /opt/Xilinx/Vivado/2024.1/data/parts/arch.xml
DBG:HLSDevice: init success
INFO: [HLS 200-1611] Setting target device to 'xcvu47p-fsvh2892-2-e'
Command       create_platform done; 0.59 sec.
Execute       source /opt/Xilinx/Vitis_HLS/2024.1/common/technology/xilinx/common/xilinx.gen 
Execute         source /opt/Xilinx/Vitis_HLS/2024.1/common/technology/xilinx/interface/plb46.gen 
Execute         source /opt/Xilinx/Vitis_HLS/2024.1/common/technology/xilinx/interface/axi4.gen 
Execute         source /opt/Xilinx/Vitis_HLS/2024.1/common/technology/xilinx/interface/nativeAXI4.gen 
Execute           source /opt/Xilinx/Vitis_HLS/2024.1/common/technology/xilinx/interface/saxilite.gen 
Execute         source /opt/Xilinx/Vitis_HLS/2024.1/common/technology/xilinx/scripts/xilinxcoregen.gen 
Execute         source /opt/Xilinx/Vitis_HLS/2024.1/common/technology/xilinx/interface/XilEDKCoreGen.gen 
Execute         source /opt/Xilinx/Vitis_HLS/2024.1/common/technology/xilinx/ip/util.gen 
Execute         source /opt/Xilinx/Vitis_HLS/2024.1/common/technology/xilinx/ip/xfft.gen 
Execute         source /opt/Xilinx/Vitis_HLS/2024.1/common/technology/xilinx/ip/dds_compiler.gen 
Execute         source /opt/Xilinx/Vitis_HLS/2024.1/common/technology/xilinx/ip/xfir.gen 
Execute         source /opt/Xilinx/Vitis_HLS/2024.1/common/technology/xilinx/DSP48/dsp48.gen 
Command       ap_source done; 0.13 sec.
Execute       ap_part_info -name xcvu47p-fsvh2892-2-e -data info 
Execute       config_compile -quiet -complex-mul-dsp=0 
INFO: [XFORM 203-1161] The maximum of name length is set to 80.
Command     set_part done; 0.74 sec.
Execute     config_schedule -enable_dsp_full_reg=false 
INFO: [HLS 200-1510] Running: config_schedule -enable_dsp_full_reg=false 
Execute     create_clock -period 5 -name default 
INFO: [HLS 200-1510] Running: create_clock -period 5 -name default 
Execute       ap_set_clock -name default -period 5 -unit ns -default=false 
INFO: [SYN 201-201] Setting up clock 'default' with a period of 5ns.
Execute     set_clock_uncertainty 27% default 
INFO: [HLS 200-1510] Running: set_clock_uncertainty 27% default 
Execute       ap_set_clock -name default -uncertainty 1.35 -unit % 
INFO: [SYN 201-201] Setting up clock 'default' with an uncertainty of 1.35ns.
Execute     csim_design 
INFO: [HLS 200-1510] Running: csim_design 
INFO-FLOW: Running SLX 'csim' proc: ::SLX::run_csim
INFO: [SIM 211-2] *************** CSIM start ***************
INFO: [SIM 211-4] CSIM will launch CLANG as the compiler.
Execute       send_msg_by_id INFO @200-2036@%s debug 
INFO: [HLS 200-2036] Building debug C Simulation binaries
Execute       source /opt/Xilinx/Vitis_HLS/2024.1/tps/tcl/tcllib1.11.1/yaml/huddle.tcl 
Execute       source /opt/Xilinx/Vitis_HLS/2024.1/tps/tcl/tcllib1.11.1/yaml/json2huddle.tcl 
Execute         source /opt/Xilinx/Vitis_HLS/2024.1/tps/tcl/tcllib1.11.1/try/try.tcl 
Execute       ap_part_info -name xcvu47p-fsvh2892-2-e -data info 
Execute       source run_sim.tcl 
Command       ap_source done; 0.36 sec.
INFO: [SIM 211-1] CSim done with 0 errors.
INFO: [SIM 211-3] *************** CSIM finish ***************
Command     csim_design done; 12.01 sec.
INFO: [HLS 200-2161] Finished Command csim_design Elapsed time: 00:00:12; Allocated memory: 0.281 MB.
Execute     csynth_design 
INFO: [HLS 200-1510] Running: csynth_design 
INFO-FLOW: Running SLX 'csynth' proc: ::SLX::run_csynth
Execute       elaborate -effort=medium -skip_syncheck=0 -keep_printf=0 -skip_cdt=0 -skip_transform=0 -ng=0 -g=0 -opt_fp=0 -from_csynth_design=1 
INFO: [HLS 200-111] Finished File checks and directory preparation: CPU user time: 0.11 seconds. CPU system time: 0.01 seconds. Elapsed time: 0.13 seconds; current allocated memory: 256.652 MB.
Execute         set_directive_top myproject -name=myproject 
INFO: [HLS 200-10] Analyzing design file 'firmware/myproject.cpp' ... 
INFO-FLOW: Compiling one TU...
INFO-FLOW: Handling firmware/myproject.cpp as C++
Execute         ap_part_info -name xcvu47p-fsvh2892-2-e -data info 
INFO-FLOW: Running: GCC PP 39
INFO-FLOW: Source preprocessing
INFO-FLOW: run_clang exec: /opt/Xilinx/Vitis_HLS/2024.1/lnx64/tools/clang-3.9-csynth/bin/clang firmware/myproject.cpp -foptimization-record-file=/home/ubuntu/hls4ml_tests/my_hls_prj/myproject_prj/solution1/.autopilot/db/myproject.cpp.clang.diag.yml -mllvm -pass-remarks-missed=reflow|pasta|unroll -mllvm -pass-remarks=reflow|pasta|unroll|inline -fno-limit-debug-info -gcc-toolchain /opt/Xilinx/Vitis_HLS/2024.1/tps/lnx64/gcc-8.3.0 -fhls -fno-exceptions -insert-hls-directive=/home/ubuntu/hls4ml_tests/my_hls_prj/myproject_prj/solution1/.autopilot/db/all.directive.json -E -std=c++0x -fno-math-errno -c -emit-llvm -mllvm -disable-llvm-optzns -Werror=implicit-function-declaration -Werror=implicit-hls-streams -Werror=return-type -Wpragmas -Wunused-parameter -Wdump-hls-pragmas -Wno-error=dump-hls-pragmas -hls-clock-period=5 -fno-threadsafe-statics -fno-use-cxa-atexit -target fpga64-xilinx-linux-gnu -fno-threadsafe-statics -fno-use-cxa-atexit -D__VITIS_HLS__ -DAESL_SYN -D__SYNTHESIS__ -D__HLS_SYN__ -I /opt/Xilinx/Vitis_HLS/2024.1/common/technology/autopilot -I /opt/Xilinx/Vitis_HLS/2024.1/common/technology/autopilot/ap_sysc -include etc/autopilot_ssdm_op.h -D__DSP48E2__ -I /usr/include/x86_64-linux-gnu -o /home/ubuntu/hls4ml_tests/my_hls_prj/myproject_prj/solution1/.autopilot/db/myproject.pp.0.cpp -hls-platform-db-name=/opt/Xilinx/Vitis_HLS/2024.1/common/technology/xilinx/common/platform.db -hls-platform-name=virtexuplus_medium -device-resource-info=BRAM_4032.000000_DSP_9024.000000_FF_2607360.000000_LUT_1303680.000000_SLICE_162960.000000_SLR_3.000000_URAM_960.000000 -device-name-info=xcvu47p-fsvh2892-2-e > /home/ubuntu/hls4ml_tests/my_hls_prj/myproject_prj/solution1/.autopilot/db/myproject.cpp.clang.out.log 2> /home/ubuntu/hls4ml_tests/my_hls_prj/myproject_prj/solution1/.autopilot/db/myproject.cpp.clang.err.log
INFO-FLOW: Done: GCC PP 39 time: 0.9 seconds per iteration
INFO-FLOW: Source syntax check for synthesis
INFO-FLOW: run_clang exec: /opt/Xilinx/Vitis_HLS/2024.1/lnx64/tools/clang-3.9-csynth/bin/clang -foptimization-record-file=/home/ubuntu/hls4ml_tests/my_hls_prj/myproject_prj/solution1/.autopilot/db/clang.diag.yml -mllvm -pass-remarks-missed=reflow|pasta|unroll -mllvm -pass-remarks=reflow|pasta|unroll|inline -fsyntax-only -fhls -target fpga64-xilinx-linux-gnu /home/ubuntu/hls4ml_tests/my_hls_prj/myproject_prj/solution1/.autopilot/db/myproject.pp.0.cpp -hls-platform-db-name=/opt/Xilinx/Vitis_HLS/2024.1/common/technology/xilinx/common/platform.db -hls-platform-name=virtexuplus_medium -device-resource-info=BRAM_4032.000000_DSP_9024.000000_FF_2607360.000000_LUT_1303680.000000_SLICE_162960.000000_SLR_3.000000_URAM_960.000000 -device-name-info=xcvu47p-fsvh2892-2-e > /home/ubuntu/hls4ml_tests/my_hls_prj/myproject_prj/solution1/.autopilot/db/clang.out.log 2> /home/ubuntu/hls4ml_tests/my_hls_prj/myproject_prj/solution1/.autopilot/db/clang.err.log
WARNING: [HLS 207-5538] 'Resource pragma' is deprecated, use 'bind_op/bind_storage pragma' instead (firmware/nnet_utils/nnet_dense_resource.h:33:9)
WARNING: [HLS 207-5538] 'Resource pragma' is deprecated, use 'bind_op/bind_storage pragma' instead (firmware/nnet_utils/nnet_dense_resource.h:107:9)
WARNING: [HLS 207-5538] 'Resource pragma' is deprecated, use 'bind_op/bind_storage pragma' instead (firmware/nnet_utils/nnet_dense_resource.h:189:9)
Execute         clang_tidy xilinx-systemc-detector -desc systemc-detector /home/ubuntu/hls4ml_tests/my_hls_prj/myproject_prj/solution1/.autopilot/db/myproject.pp.0.cpp std=c++0x -target fpga  -directive=/home/ubuntu/hls4ml_tests/my_hls_prj/myproject_prj/solution1/.autopilot/db/.systemc_flag 
INFO-FLOW: exec /opt/Xilinx/Vitis_HLS/2024.1/lnx64/tools/clang-3.9-csynth/bin/clang-tidy -header-filter=.* --checks=-*,xilinx-systemc-detector -import-directive=/home/ubuntu/hls4ml_tests/my_hls_prj/myproject_prj/solution1/.autopilot/db/.systemc_flag -fix-errors /home/ubuntu/hls4ml_tests/my_hls_prj/myproject_prj/solution1/.autopilot/db/myproject.pp.0.cpp -- -std=c++0x -target fpga -fhls -ferror-limit=0
Command         clang_tidy done; 1.68 sec.
INFO-FLOW: Running: clang-tidy CDT preprocess 39
Execute         clang_tidy xilinx-directive2pragma -desc directive2pragma /home/ubuntu/hls4ml_tests/my_hls_prj/myproject_prj/solution1/.autopilot/db/myproject.pp.0.cpp std=c++0x -target fpga  -directive=/home/ubuntu/hls4ml_tests/my_hls_prj/myproject_prj/solution1/.autopilot/db/all.directive.json 
INFO-FLOW: exec /opt/Xilinx/Vitis_HLS/2024.1/lnx64/tools/clang-3.9-csynth/bin/clang-tidy -header-filter=.* --checks=-*,xilinx-directive2pragma -import-directive=/home/ubuntu/hls4ml_tests/my_hls_prj/myproject_prj/solution1/.autopilot/db/all.directive.json -fix-errors /home/ubuntu/hls4ml_tests/my_hls_prj/myproject_prj/solution1/.autopilot/db/myproject.pp.0.cpp -- -std=c++0x -target fpga -fhls -ferror-limit=0
Command         clang_tidy done; 2.07 sec.
INFO-FLOW: Done: clang-tidy CDT preprocess 39 time: 2.1 seconds per iteration
INFO-FLOW: Calling xilinx-label-all-loops ... 
INFO-FLOW: Calling xilinx-aggregate-on-hls-vector ... 
Execute         clang_tidy -errorcheck -desc loop-label xilinx-label-all-loops,xilinx-aggregate-on-hls-vector,,xilinx-warn-mayneed-no-ctor-attribute /home/ubuntu/hls4ml_tests/my_hls_prj/myproject_prj/solution1/.autopilot/db/myproject.pp.0.cpp std=c++0x -target fpga  
INFO-FLOW: run_clang exec: /opt/Xilinx/Vitis_HLS/2024.1/lnx64/tools/clang-3.9-csynth/bin/clang-tidy -export-fixes=/home/ubuntu/hls4ml_tests/my_hls_prj/myproject_prj/solution1/.autopilot/db/myproject.pp.0.cpp.clang-tidy.loop-label.diag.yml -header-filter=.* --checks=-*,xilinx-label-all-loops,xilinx-aggregate-on-hls-vector,,xilinx-warn-mayneed-no-ctor-attribute -fix-errors /home/ubuntu/hls4ml_tests/my_hls_prj/myproject_prj/solution1/.autopilot/db/myproject.pp.0.cpp -- -std=c++0x -target fpga -fhls -ferror-limit=0 > /home/ubuntu/hls4ml_tests/my_hls_prj/myproject_prj/solution1/.autopilot/db/myproject.pp.0.cpp.clang-tidy.loop-label.out.log 2> /home/ubuntu/hls4ml_tests/my_hls_prj/myproject_prj/solution1/.autopilot/db/myproject.pp.0.cpp.clang-tidy.loop-label.err.log
Execute           source /opt/Xilinx/Vitis_HLS/2024.1/tps/tcl/tcllib1.11.1/yaml/yaml.tcl 
Command         clang_tidy done; 3.58 sec.
INFO-FLOW: run_clang exec: /opt/Xilinx/Vitis_HLS/2024.1/lnx64/tools/clang-3.9-csynth/bin/xilinx-dataflow-lawyer -export-fixes=/home/ubuntu/hls4ml_tests/my_hls_prj/myproject_prj/solution1/.autopilot/db/myproject.pp.0.cpp.xilinx-dataflow-lawyer.diag.yml /home/ubuntu/hls4ml_tests/my_hls_prj/myproject_prj/solution1/.autopilot/db/myproject.pp.0.cpp -- -std=c++0x -target fpga -fhls -ferror-limit=0 -fstrict-dataflow > /home/ubuntu/hls4ml_tests/my_hls_prj/myproject_prj/solution1/.autopilot/db/myproject.pp.0.cpp.xilinx-dataflow-lawyer.out.log 2> /home/ubuntu/hls4ml_tests/my_hls_prj/myproject_prj/solution1/.autopilot/db/myproject.pp.0.cpp.xilinx-dataflow-lawyer.err.log
Execute         ap_part_info -name xcvu47p-fsvh2892-2-e -data info 
INFO-FLOW: compiling source code to llvm bc
INFO-FLOW: run_clang exec: /opt/Xilinx/Vitis_HLS/2024.1/lnx64/tools/clang-3.9-csynth/bin/clang -foptimization-record-file=/home/ubuntu/hls4ml_tests/my_hls_prj/myproject_prj/solution1/.autopilot/db/myproject.pp.0.cpp.clang.diag.yml -mllvm -pass-remarks-missed=reflow|pasta|unroll -mllvm -pass-remarks=reflow|pasta|unroll|inline -fno-limit-debug-info -fhls -flto -fno-exceptions -Wno-error=c++11-narrowing -hls-emit-hint-scope /home/ubuntu/hls4ml_tests/my_hls_prj/myproject_prj/solution1/.autopilot/db/myproject.pp.0.cpp -std=c++0x -fno-math-errno -c -emit-llvm -mllvm -disable-llvm-optzns -Werror=implicit-function-declaration -Werror=implicit-hls-streams -Werror=return-type -Wpragmas -Wunused-parameter -Wdump-hls-pragmas -Wno-error=dump-hls-pragmas -hls-clock-period=5 -fno-threadsafe-statics -fno-use-cxa-atexit -target fpga64-xilinx-linux-gnu -D__VITIS_HLS__ -DAESL_SYN -D__SYNTHESIS__ -D__HLS_SYN__ -I /opt/Xilinx/Vitis_HLS/2024.1/common/technology/autopilot -I /opt/Xilinx/Vitis_HLS/2024.1/common/technology/autopilot/ap_sysc -include etc/autopilot_ssdm_op.h -D__DSP48E2__ -g -o /home/ubuntu/hls4ml_tests/my_hls_prj/myproject_prj/solution1/.autopilot/db/myproject.bc -hls-platform-db-name=/opt/Xilinx/Vitis_HLS/2024.1/common/technology/xilinx/common/platform.db -hls-platform-name=virtexuplus_medium -device-resource-info=BRAM_4032.000000_DSP_9024.000000_FF_2607360.000000_LUT_1303680.000000_SLICE_162960.000000_SLR_3.000000_URAM_960.000000 -device-name-info=xcvu47p-fsvh2892-2-e > /home/ubuntu/hls4ml_tests/my_hls_prj/myproject_prj/solution1/.autopilot/db/myproject.pp.0.cpp.clang.out.log 2> /home/ubuntu/hls4ml_tests/my_hls_prj/myproject_prj/solution1/.autopilot/db/myproject.pp.0.cpp.clang.err.log
WARNING: [HLS 207-5292] unused parameter 'keep' (firmware/nnet_utils/nnet_helpers.h:285:99)
WARNING: [HLS 207-5292] unused parameter 'data' (firmware/nnet_utils/nnet_function_stubs.h:14:36)
WARNING: [HLS 207-5292] unused parameter 'buffer' (firmware/nnet_utils/nnet_function_stubs.h:15:36)
WARNING: [HLS 207-5292] unused parameter 'partition' (firmware/nnet_utils/nnet_function_stubs.h:16:44)
WARNING: [HLS 207-5292] unused parameter 'data' (firmware/nnet_utils/nnet_function_stubs.h:24:24)
WARNING: [HLS 207-5292] unused parameter 'buffer' (firmware/nnet_utils/nnet_function_stubs.h:25:24)
WARNING: [HLS 207-5292] unused parameter 'partition' (firmware/nnet_utils/nnet_function_stubs.h:26:32)
WARNING: [HLS 207-5292] unused parameter 'data' (firmware/nnet_utils/nnet_function_stubs.h:33:30)
WARNING: [HLS 207-5292] unused parameter 'res' (firmware/nnet_utils/nnet_function_stubs.h:33:58)
WARNING: [HLS 207-5292] unused parameter 'weights' (firmware/nnet_utils/nnet_function_stubs.h:34:51)
WARNING: [HLS 207-5292] unused parameter 'biases' (firmware/nnet_utils/nnet_function_stubs.h:35:49)
WARNING: [HLS 207-5292] unused parameter 'data' (firmware/nnet_utils/nnet_function_stubs.h:42:29)
WARNING: [HLS 207-5292] unused parameter 'res' (firmware/nnet_utils/nnet_function_stubs.h:42:80)
WARNING: [HLS 207-5292] unused parameter 'weights' (firmware/nnet_utils/nnet_function_stubs.h:43:50)
WARNING: [HLS 207-5292] unused parameter 'biases' (firmware/nnet_utils/nnet_function_stubs.h:44:48)
WARNING: [HLS 207-5292] unused parameter 'data' (firmware/nnet_utils/nnet_code_gen.h:16:39)
WARNING: [HLS 207-5292] unused parameter 'res' (firmware/nnet_utils/nnet_code_gen.h:17:38)
WARNING: [HLS 207-5292] unused parameter 'weights' (firmware/nnet_utils/nnet_code_gen.h:18:60)
WARNING: [HLS 207-5292] unused parameter 'biases' (firmware/nnet_utils/nnet_code_gen.h:19:58)
INFO: [HLS 200-111] Finished Source Code Analysis and Preprocessing: CPU user time: 11.81 seconds. CPU system time: 1.02 seconds. Elapsed time: 13.79 seconds; current allocated memory: 262.684 MB.
INFO-FLOW: Linking Debug ...
INFO-FLOW: Linking dut bc code.
Execute         run_link_or_opt -out /home/ubuntu/hls4ml_tests/my_hls_prj/myproject_prj/solution1/.autopilot/db/a.g.ld.0.bc -args  "/home/ubuntu/hls4ml_tests/my_hls_prj/myproject_prj/solution1/.autopilot/db/myproject.g.bc"  
INFO-FLOW: run_clang exec: /opt/Xilinx/Vitis_HLS/2024.1/lnx64/tools/clang-3.9-csynth/bin/llvm-link /home/ubuntu/hls4ml_tests/my_hls_prj/myproject_prj/solution1/.autopilot/db/myproject.g.bc -o /home/ubuntu/hls4ml_tests/my_hls_prj/myproject_prj/solution1/.autopilot/db/a.g.ld.0.bc > /home/ubuntu/hls4ml_tests/my_hls_prj/myproject_prj/solution1/.autopilot/db/a.g.ld.0.bc.llvm-link.out.log 2> /home/ubuntu/hls4ml_tests/my_hls_prj/myproject_prj/solution1/.autopilot/db/a.g.ld.0.bc.llvm-link.err.log
INFO-FLOW: 
Execute         run_link_or_opt -opt -out /home/ubuntu/hls4ml_tests/my_hls_prj/myproject_prj/solution1/.autopilot/db/a.g.ld.1.lower.bc -args /home/ubuntu/hls4ml_tests/my_hls_prj/myproject_prj/solution1/.autopilot/db/a.g.ld.0.bc -reflow-lower-math-intrinsics 
INFO-FLOW: run_clang exec: /opt/Xilinx/Vitis_HLS/2024.1/lnx64/tools/clang-3.9-csynth/bin/opt -pass-remarks-missed=reflow|pasta|unroll -pass-remarks=reflow|pasta|unroll|inline -pass-remarks-output=/home/ubuntu/hls4ml_tests/my_hls_prj/myproject_prj/solution1/.autopilot/db/a.g.ld.1.lower.bc.opt.diag.yml /home/ubuntu/hls4ml_tests/my_hls_prj/myproject_prj/solution1/.autopilot/db/a.g.ld.0.bc -reflow-lower-math-intrinsics -o /home/ubuntu/hls4ml_tests/my_hls_prj/myproject_prj/solution1/.autopilot/db/a.g.ld.1.lower.bc > /home/ubuntu/hls4ml_tests/my_hls_prj/myproject_prj/solution1/.autopilot/db/a.g.ld.1.lower.bc.opt.out.log 2> /home/ubuntu/hls4ml_tests/my_hls_prj/myproject_prj/solution1/.autopilot/db/a.g.ld.1.lower.bc.opt.err.log
INFO-FLOW: 
INFO-FLOW: Running: gen_design_size_report post-opt
INFO-FLOW: Done: gen_design_size_report post-opt time: 0 seconds per iteration
Command         run_link_or_opt done; 0.43 sec.
INFO-FLOW: Linking math bc lib
Execute         run_link_or_opt -out /home/ubuntu/hls4ml_tests/my_hls_prj/myproject_prj/solution1/.autopilot/db/a.g.ld.2.m1.bc -args /home/ubuntu/hls4ml_tests/my_hls_prj/myproject_prj/solution1/.autopilot/db/a.g.ld.1.lower.bc -only-needed /opt/Xilinx/Vitis_HLS/2024.1/lnx64/lib/libhlsm_39.bc /opt/Xilinx/Vitis_HLS/2024.1/lnx64/lib/libhlsmc++_39.bc 
INFO-FLOW: run_clang exec: /opt/Xilinx/Vitis_HLS/2024.1/lnx64/tools/clang-3.9-csynth/bin/llvm-link /home/ubuntu/hls4ml_tests/my_hls_prj/myproject_prj/solution1/.autopilot/db/a.g.ld.1.lower.bc -only-needed /opt/Xilinx/Vitis_HLS/2024.1/lnx64/lib/libhlsm_39.bc /opt/Xilinx/Vitis_HLS/2024.1/lnx64/lib/libhlsmc++_39.bc -o /home/ubuntu/hls4ml_tests/my_hls_prj/myproject_prj/solution1/.autopilot/db/a.g.ld.2.m1.bc > /home/ubuntu/hls4ml_tests/my_hls_prj/myproject_prj/solution1/.autopilot/db/a.g.ld.2.m1.bc.llvm-link.out.log 2> /home/ubuntu/hls4ml_tests/my_hls_prj/myproject_prj/solution1/.autopilot/db/a.g.ld.2.m1.bc.llvm-link.err.log
INFO-FLOW: 
Command         run_link_or_opt done; 2.14 sec.
Execute         run_link_or_opt -opt -out /home/ubuntu/hls4ml_tests/my_hls_prj/myproject_prj/solution1/.autopilot/db/a.g.ld.3.fpc.bc -args /home/ubuntu/hls4ml_tests/my_hls_prj/myproject_prj/solution1/.autopilot/db/a.g.ld.2.m1.bc -reflow-globaldce -hls-top-function-name=myproject -reflow-float-conversion 
INFO-FLOW: run_clang exec: /opt/Xilinx/Vitis_HLS/2024.1/lnx64/tools/clang-3.9-csynth/bin/opt -pass-remarks-missed=reflow|pasta|unroll -pass-remarks=reflow|pasta|unroll|inline -pass-remarks-output=/home/ubuntu/hls4ml_tests/my_hls_prj/myproject_prj/solution1/.autopilot/db/a.g.ld.3.fpc.bc.opt.diag.yml /home/ubuntu/hls4ml_tests/my_hls_prj/myproject_prj/solution1/.autopilot/db/a.g.ld.2.m1.bc -reflow-globaldce -hls-top-function-name=myproject -reflow-float-conversion -o /home/ubuntu/hls4ml_tests/my_hls_prj/myproject_prj/solution1/.autopilot/db/a.g.ld.3.fpc.bc > /home/ubuntu/hls4ml_tests/my_hls_prj/myproject_prj/solution1/.autopilot/db/a.g.ld.3.fpc.bc.opt.out.log 2> /home/ubuntu/hls4ml_tests/my_hls_prj/myproject_prj/solution1/.autopilot/db/a.g.ld.3.fpc.bc.opt.err.log
INFO-FLOW: 
INFO-FLOW: Running: gen_design_size_report post-opt
INFO-FLOW: Done: gen_design_size_report post-opt time: 0 seconds per iteration
Command         run_link_or_opt done; 0.86 sec.
Execute         run_link_or_opt -out /home/ubuntu/hls4ml_tests/my_hls_prj/myproject_prj/solution1/.autopilot/db/a.g.ld.4.m2.bc -args /home/ubuntu/hls4ml_tests/my_hls_prj/myproject_prj/solution1/.autopilot/db/a.g.ld.3.fpc.bc -only-needed /opt/Xilinx/Vitis_HLS/2024.1/lnx64/lib/libfloatconversion_39.bc 
INFO-FLOW: run_clang exec: /opt/Xilinx/Vitis_HLS/2024.1/lnx64/tools/clang-3.9-csynth/bin/llvm-link /home/ubuntu/hls4ml_tests/my_hls_prj/myproject_prj/solution1/.autopilot/db/a.g.ld.3.fpc.bc -only-needed /opt/Xilinx/Vitis_HLS/2024.1/lnx64/lib/libfloatconversion_39.bc -o /home/ubuntu/hls4ml_tests/my_hls_prj/myproject_prj/solution1/.autopilot/db/a.g.ld.4.m2.bc > /home/ubuntu/hls4ml_tests/my_hls_prj/myproject_prj/solution1/.autopilot/db/a.g.ld.4.m2.bc.llvm-link.out.log 2> /home/ubuntu/hls4ml_tests/my_hls_prj/myproject_prj/solution1/.autopilot/db/a.g.ld.4.m2.bc.llvm-link.err.log
INFO-FLOW: 
Execute         run_link_or_opt -opt -out /home/ubuntu/hls4ml_tests/my_hls_prj/myproject_prj/solution1/.autopilot/db/a.g.ld.5.gdce.bc -args /home/ubuntu/hls4ml_tests/my_hls_prj/myproject_prj/solution1/.autopilot/db/a.g.ld.4.m2.bc -reflow-globaldce -hls-top-function-name=myproject 
INFO-FLOW: run_clang exec: /opt/Xilinx/Vitis_HLS/2024.1/lnx64/tools/clang-3.9-csynth/bin/opt -pass-remarks-missed=reflow|pasta|unroll -pass-remarks=reflow|pasta|unroll|inline -pass-remarks-output=/home/ubuntu/hls4ml_tests/my_hls_prj/myproject_prj/solution1/.autopilot/db/a.g.ld.5.gdce.bc.opt.diag.yml /home/ubuntu/hls4ml_tests/my_hls_prj/myproject_prj/solution1/.autopilot/db/a.g.ld.4.m2.bc -reflow-globaldce -hls-top-function-name=myproject -o /home/ubuntu/hls4ml_tests/my_hls_prj/myproject_prj/solution1/.autopilot/db/a.g.ld.5.gdce.bc > /home/ubuntu/hls4ml_tests/my_hls_prj/myproject_prj/solution1/.autopilot/db/a.g.ld.5.gdce.bc.opt.out.log 2> /home/ubuntu/hls4ml_tests/my_hls_prj/myproject_prj/solution1/.autopilot/db/a.g.ld.5.gdce.bc.opt.err.log
INFO-FLOW: 
INFO-FLOW: Running: gen_design_size_report post-opt
INFO-FLOW: Done: gen_design_size_report post-opt time: 0 seconds per iteration
Execute         send_msg_by_id INFO @200-777@%s Vivado 
INFO: [HLS 200-777] Using interface defaults for 'Vivado' flow target.
Execute         is_m_axi_addr64 
INFO-FLOW: Doing LTO.
INFO-FLOW: run_clang (background poll_ms 5000) exec: /opt/Xilinx/Vitis_HLS/2024.1/lnx64/tools/clang-3.9-csynth/bin/clang -foptimization-record-file=/home/ubuntu/hls4ml_tests/my_hls_prj/myproject_prj/solution1/.autopilot/db/a.g.ld.0.bc.clang.reflow.diag.yml -mllvm -pass-remarks-missed=reflow|pasta|unroll -mllvm -pass-remarks=reflow|pasta|unroll|inline -fhls -mllvm -hls-top-function-name=myproject -mllvm -hls-db-dir -mllvm /home/ubuntu/hls4ml_tests/my_hls_prj/myproject_prj/solution1/.autopilot/db -emit-llvm -c -target fpga64-xilinx-none -mllvm -xcl-xmlinfo=/home/ubuntu/hls4ml_tests/my_hls_prj/myproject_prj/solution1/.autopilot/db/kernel.internal.xml -mllvm -top-io-mapping-info=/home/ubuntu/hls4ml_tests/my_hls_prj/myproject_prj/solution1/.autopilot/db/top-io-fe.xml -mllvm -hls-bitcode-version=3.1 -mllvm -reflow-enable-slave-interface-default-setting=true -mllvm -gen-kernel-xml=false -mllvm -default-maxi-offset=slave -mllvm -maxi-latency=0 -mllvm -hls-maxi-data-size-in-bits=8 -mllvm -hls-maxi-max-data-size-in-bits=1024 -mllvm -hls-max-widen-size-in-bits=0 -mllvm -xcl-kernel-max-mem-ports=0 -mllvm -maxi-read-trans=16 -mllvm -maxi-write-trans=16 -mllvm -maxi-read-burst-len=16 -mllvm -maxi-write-burst-len=16 -mllvm -reflow-enable-saxi-64bits=0 -mllvm -reflow-basic-block-instr-threshold=200000 -mllvm -reflow-auto-pipeline-threshold=64 -mllvm -reflow-enable-maxi-auto-id-channel=0 -mllvm -enable-fp-thr=0 -mllvm -reflow-bdd-simplify-threshold=1048576 -mllvm -reflow-fanout-threshold=16 -mllvm -reflow-complete-threshold=4 -mllvm -reflow-array-promotion-threshold=64 -mllvm -assume-maxi-align=1 -mllvm -reflow-enable-dataflow-strict-mode-checking=1 -ftime-report -mllvm -time-passes -mllvm -reflow-auto-array-partition-mode=default -mllvm -reflow-enable-auto-small-array-partition=true -mllvm -reflow-enable-auto-array-partition-for-flatten=true -mllvm -reflow-enable-auto-parallel-performance-driven=true -mllvm -reflow-enable-partition-for-automation=true -mllvm -reflow-aggregate-bitwidth-threshold=4096 -mllvm -reflow-reserved-saxilite-registers=0 -mllvm -enable-reflow-auto-loop-pipeline -mllvm -reflow-max-unroll-threshold=409600 -mllvm -auto-unroll-tripcount-threshold=0 -mllvm -reflow-assume-no-address-wrap=true -mllvm -reflow-enable-occurrence-inference=true -mllvm -reflow-emit-hint-scope=true -mllvm -reflow-enable-codegen-with-if=true -mllvm -hls -mllvm -disable-inlined-alloca-merging=true -mllvm -default-clock-period=5 -mllvm -use_read_first_ram_in_loop=1 -mllvm -default-clock-uncertainty=1.35 -x ir /home/ubuntu/hls4ml_tests/my_hls_prj/myproject_prj/solution1/.autopilot/db/a.g.ld.5.gdce.bc -o /home/ubuntu/hls4ml_tests/my_hls_prj/myproject_prj/solution1/.autopilot/db/a.g.lto.bc -hls-platform-db-name=/opt/Xilinx/Vitis_HLS/2024.1/common/technology/xilinx/common/platform.db -hls-platform-name=virtexuplus_medium -device-resource-info=BRAM_4032.000000_DSP_9024.000000_FF_2607360.000000_LUT_1303680.000000_SLICE_162960.000000_SLR_3.000000_URAM_960.000000 -device-name-info=xcvu47p-fsvh2892-2-e 2> /home/ubuntu/hls4ml_tests/my_hls_prj/myproject_prj/solution1/.autopilot/db/a.g.ld.0.bc.clang.reflow.err.log bg_poll_cmd: ::AP::poll_clang_39_closed_source
Execute         send_msg_by_id INFO @200-1995@%s%s%s 6,341 Compile/Link /home/ubuntu/hls4ml_tests/my_hls_prj/myproject_prj/solution1/syn/report/csynth_design_size.rpt 
INFO: [HLS 200-1995] There were 6,341 instructions in the design after the 'Compile/Link' phase of compilation. See the Design Size Report for more details: /home/ubuntu/hls4ml_tests/my_hls_prj/myproject_prj/solution1/syn/report/csynth_design_size.rpt
Execute         send_msg_by_id WARNING @200-1995@%s%s%s 343,445 Unroll/Inline (step 1) /home/ubuntu/hls4ml_tests/my_hls_prj/myproject_prj/solution1/syn/report/csynth_design_size.rpt 
WARNING: [HLS 200-1995] There were 343,445 instructions in the design after the 'Unroll/Inline (step 1)' phase of compilation. See the Design Size Report for more details: /home/ubuntu/hls4ml_tests/my_hls_prj/myproject_prj/solution1/syn/report/csynth_design_size.rpt
Execute         send_msg_by_id WARNING @200-1995@%s%s%s 244,000 Unroll/Inline (step 2) /home/ubuntu/hls4ml_tests/my_hls_prj/myproject_prj/solution1/syn/report/csynth_design_size.rpt 
WARNING: [HLS 200-1995] There were 244,000 instructions in the design after the 'Unroll/Inline (step 2)' phase of compilation. See the Design Size Report for more details: /home/ubuntu/hls4ml_tests/my_hls_prj/myproject_prj/solution1/syn/report/csynth_design_size.rpt
Execute         send_msg_by_id WARNING @200-1995@%s%s%s 237,767 Unroll/Inline (step 3) /home/ubuntu/hls4ml_tests/my_hls_prj/myproject_prj/solution1/syn/report/csynth_design_size.rpt 
WARNING: [HLS 200-1995] There were 237,767 instructions in the design after the 'Unroll/Inline (step 3)' phase of compilation. See the Design Size Report for more details: /home/ubuntu/hls4ml_tests/my_hls_prj/myproject_prj/solution1/syn/report/csynth_design_size.rpt
Execute         send_msg_by_id WARNING @200-1995@%s%s%s 217,157 Unroll/Inline (step 4) /home/ubuntu/hls4ml_tests/my_hls_prj/myproject_prj/solution1/syn/report/csynth_design_size.rpt 
WARNING: [HLS 200-1995] There were 217,157 instructions in the design after the 'Unroll/Inline (step 4)' phase of compilation. See the Design Size Report for more details: /home/ubuntu/hls4ml_tests/my_hls_prj/myproject_prj/solution1/syn/report/csynth_design_size.rpt
Execute         send_msg_by_id WARNING @200-1995@%s%s%s 215,049 Array/Struct /home/ubuntu/hls4ml_tests/my_hls_prj/myproject_prj/solution1/syn/report/csynth_design_size.rpt 
WARNING: [HLS 200-1995] There were 215,049 instructions in the design after the 'Array/Struct' phase of compilation. See the Design Size Report for more details: /home/ubuntu/hls4ml_tests/my_hls_prj/myproject_prj/solution1/syn/report/csynth_design_size.rpt
Execute         send_msg_by_id WARNING @200-1995@%s%s%s 215,049 Array/Struct (step 2) /home/ubuntu/hls4ml_tests/my_hls_prj/myproject_prj/solution1/syn/report/csynth_design_size.rpt 
WARNING: [HLS 200-1995] There were 215,049 instructions in the design after the 'Array/Struct (step 2)' phase of compilation. See the Design Size Report for more details: /home/ubuntu/hls4ml_tests/my_hls_prj/myproject_prj/solution1/syn/report/csynth_design_size.rpt
Execute         send_msg_by_id WARNING @200-1995@%s%s%s 215,049 Array/Struct (step 3) /home/ubuntu/hls4ml_tests/my_hls_prj/myproject_prj/solution1/syn/report/csynth_design_size.rpt 
WARNING: [HLS 200-1995] There were 215,049 instructions in the design after the 'Array/Struct (step 3)' phase of compilation. See the Design Size Report for more details: /home/ubuntu/hls4ml_tests/my_hls_prj/myproject_prj/solution1/syn/report/csynth_design_size.rpt
Execute         send_msg_by_id WARNING @200-1995@%s%s%s 215,081 Array/Struct (step 4) /home/ubuntu/hls4ml_tests/my_hls_prj/myproject_prj/solution1/syn/report/csynth_design_size.rpt 
WARNING: [HLS 200-1995] There were 215,081 instructions in the design after the 'Array/Struct (step 4)' phase of compilation. See the Design Size Report for more details: /home/ubuntu/hls4ml_tests/my_hls_prj/myproject_prj/solution1/syn/report/csynth_design_size.rpt
Execute         send_msg_by_id WARNING @200-1995@%s%s%s 215,033 Array/Struct (step 5) /home/ubuntu/hls4ml_tests/my_hls_prj/myproject_prj/solution1/syn/report/csynth_design_size.rpt 
WARNING: [HLS 200-1995] There were 215,033 instructions in the design after the 'Array/Struct (step 5)' phase of compilation. See the Design Size Report for more details: /home/ubuntu/hls4ml_tests/my_hls_prj/myproject_prj/solution1/syn/report/csynth_design_size.rpt
Execute         send_msg_by_id WARNING @200-1995@%s%s%s 215,033 Performance /home/ubuntu/hls4ml_tests/my_hls_prj/myproject_prj/solution1/syn/report/csynth_design_size.rpt 
WARNING: [HLS 200-1995] There were 215,033 instructions in the design after the 'Performance' phase of compilation. See the Design Size Report for more details: /home/ubuntu/hls4ml_tests/my_hls_prj/myproject_prj/solution1/syn/report/csynth_design_size.rpt
Execute         send_msg_by_id WARNING @200-1995@%s%s%s 215,033 Performance (step 2) /home/ubuntu/hls4ml_tests/my_hls_prj/myproject_prj/solution1/syn/report/csynth_design_size.rpt 
WARNING: [HLS 200-1995] There were 215,033 instructions in the design after the 'Performance (step 2)' phase of compilation. See the Design Size Report for more details: /home/ubuntu/hls4ml_tests/my_hls_prj/myproject_prj/solution1/syn/report/csynth_design_size.rpt
Execute         send_msg_by_id WARNING @200-1995@%s%s%s 215,033 Performance (step 3) /home/ubuntu/hls4ml_tests/my_hls_prj/myproject_prj/solution1/syn/report/csynth_design_size.rpt 
WARNING: [HLS 200-1995] There were 215,033 instructions in the design after the 'Performance (step 3)' phase of compilation. See the Design Size Report for more details: /home/ubuntu/hls4ml_tests/my_hls_prj/myproject_prj/solution1/syn/report/csynth_design_size.rpt
Execute         send_msg_by_id WARNING @200-1995@%s%s%s 215,033 Performance (step 4) /home/ubuntu/hls4ml_tests/my_hls_prj/myproject_prj/solution1/syn/report/csynth_design_size.rpt 
WARNING: [HLS 200-1995] There were 215,033 instructions in the design after the 'Performance (step 4)' phase of compilation. See the Design Size Report for more details: /home/ubuntu/hls4ml_tests/my_hls_prj/myproject_prj/solution1/syn/report/csynth_design_size.rpt
Execute         send_msg_by_id WARNING @200-1995@%s%s%s 215,038 HW Transforms /home/ubuntu/hls4ml_tests/my_hls_prj/myproject_prj/solution1/syn/report/csynth_design_size.rpt 
WARNING: [HLS 200-1995] There were 215,038 instructions in the design after the 'HW Transforms' phase of compilation. See the Design Size Report for more details: /home/ubuntu/hls4ml_tests/my_hls_prj/myproject_prj/solution1/syn/report/csynth_design_size.rpt
Execute         send_msg_by_id WARNING @200-1995@%s%s%s 215,044 HW Transforms (step 2) /home/ubuntu/hls4ml_tests/my_hls_prj/myproject_prj/solution1/syn/report/csynth_design_size.rpt 
WARNING: [HLS 200-1995] There were 215,044 instructions in the design after the 'HW Transforms (step 2)' phase of compilation. See the Design Size Report for more details: /home/ubuntu/hls4ml_tests/my_hls_prj/myproject_prj/solution1/syn/report/csynth_design_size.rpt
INFO: [HLS 214-131] Inlining function 'nnet::product::mult<ap_fixed<16, 6, (ap_q_mode)5, (ap_o_mode)3, 0>, ap_fixed<16, 6, (ap_q_mode)5, (ap_o_mode)3, 0> >::product(ap_fixed<16, 6, (ap_q_mode)5, (ap_o_mode)3, 0>, ap_fixed<16, 6, (ap_q_mode)5, (ap_o_mode)3, 0>)' into 'void nnet::dense_latency<ap_fixed<16, 6, (ap_q_mode)5, (ap_o_mode)3, 0>, ap_fixed<37, 17, (ap_q_mode)5, (ap_o_mode)3, 0>, config2>(ap_fixed<16, 6, (ap_q_mode)5, (ap_o_mode)3, 0>*, ap_fixed<37, 17, (ap_q_mode)5, (ap_o_mode)3, 0>*, config2::weight_t*, config2::bias_t*)' (firmware/nnet_utils/nnet_dense_latency.h:42:27)
INFO: [HLS 214-131] Inlining function 'nnet::DenseLatency<ap_fixed<16, 6, (ap_q_mode)5, (ap_o_mode)3, 0>, ap_fixed<37, 17, (ap_q_mode)5, (ap_o_mode)3, 0>, config2>::dense(ap_fixed<16, 6, (ap_q_mode)5, (ap_o_mode)3, 0>*, ap_fixed<37, 17, (ap_q_mode)5, (ap_o_mode)3, 0>*, ap_fixed<16, 6, (ap_q_mode)5, (ap_o_mode)3, 0>*, ap_fixed<16, 6, (ap_q_mode)5, (ap_o_mode)3, 0>*)' into 'void nnet::dense<ap_fixed<16, 6, (ap_q_mode)5, (ap_o_mode)3, 0>, ap_fixed<37, 17, (ap_q_mode)5, (ap_o_mode)3, 0>, config2>(ap_fixed<16, 6, (ap_q_mode)5, (ap_o_mode)3, 0>*, ap_fixed<37, 17, (ap_q_mode)5, (ap_o_mode)3, 0>*, config2::weight_t*, config2::bias_t*)' (firmware/nnet_utils/nnet_dense.h:45:2)
INFO: [HLS 214-131] Inlining function 'nnet::product::mult<ap_fixed<16, 6, (ap_q_mode)5, (ap_o_mode)3, 0>, ap_fixed<16, 6, (ap_q_mode)5, (ap_o_mode)3, 0> >::product(ap_fixed<16, 6, (ap_q_mode)5, (ap_o_mode)3, 0>, ap_fixed<16, 6, (ap_q_mode)5, (ap_o_mode)3, 0>)' into 'void nnet::dense_latency<ap_fixed<16, 6, (ap_q_mode)5, (ap_o_mode)3, 0>, ap_fixed<36, 16, (ap_q_mode)5, (ap_o_mode)3, 0>, config4>(ap_fixed<16, 6, (ap_q_mode)5, (ap_o_mode)3, 0>*, ap_fixed<36, 16, (ap_q_mode)5, (ap_o_mode)3, 0>*, config4::weight_t*, config4::bias_t*)' (firmware/nnet_utils/nnet_dense_latency.h:42:27)
INFO: [HLS 214-131] Inlining function 'nnet::DenseLatency<ap_fixed<16, 6, (ap_q_mode)5, (ap_o_mode)3, 0>, ap_fixed<36, 16, (ap_q_mode)5, (ap_o_mode)3, 0>, config4>::dense(ap_fixed<16, 6, (ap_q_mode)5, (ap_o_mode)3, 0>*, ap_fixed<36, 16, (ap_q_mode)5, (ap_o_mode)3, 0>*, ap_fixed<16, 6, (ap_q_mode)5, (ap_o_mode)3, 0>*, ap_fixed<16, 6, (ap_q_mode)5, (ap_o_mode)3, 0>*)' into 'void nnet::dense<ap_fixed<16, 6, (ap_q_mode)5, (ap_o_mode)3, 0>, ap_fixed<36, 16, (ap_q_mode)5, (ap_o_mode)3, 0>, config4>(ap_fixed<16, 6, (ap_q_mode)5, (ap_o_mode)3, 0>*, ap_fixed<36, 16, (ap_q_mode)5, (ap_o_mode)3, 0>*, config4::weight_t*, config4::bias_t*)' (firmware/nnet_utils/nnet_dense.h:45:2)
INFO: [HLS 214-131] Inlining function 'void nnet::dense<ap_fixed<16, 6, (ap_q_mode)5, (ap_o_mode)3, 0>, ap_fixed<37, 17, (ap_q_mode)5, (ap_o_mode)3, 0>, config2>(ap_fixed<16, 6, (ap_q_mode)5, (ap_o_mode)3, 0>*, ap_fixed<37, 17, (ap_q_mode)5, (ap_o_mode)3, 0>*, config2::weight_t*, config2::bias_t*)' into 'myproject(ap_fixed<16, 6, (ap_q_mode)5, (ap_o_mode)3, 0>*, ap_fixed<16, 6, (ap_q_mode)5, (ap_o_mode)3, 0>*)' (firmware/myproject.cpp:36:2)
INFO: [HLS 214-131] Inlining function 'void nnet::dense<ap_fixed<16, 6, (ap_q_mode)5, (ap_o_mode)3, 0>, ap_fixed<36, 16, (ap_q_mode)5, (ap_o_mode)3, 0>, config4>(ap_fixed<16, 6, (ap_q_mode)5, (ap_o_mode)3, 0>*, ap_fixed<36, 16, (ap_q_mode)5, (ap_o_mode)3, 0>*, config4::weight_t*, config4::bias_t*)' into 'myproject(ap_fixed<16, 6, (ap_q_mode)5, (ap_o_mode)3, 0>*, ap_fixed<16, 6, (ap_q_mode)5, (ap_o_mode)3, 0>*)' (firmware/myproject.cpp:44:2)
INFO: [HLS 214-131] Inlining function 'void nnet::softmax<ap_fixed<36, 16, (ap_q_mode)5, (ap_o_mode)3, 0>, ap_fixed<16, 6, (ap_q_mode)5, (ap_o_mode)3, 0>, softmax_config5>(ap_fixed<36, 16, (ap_q_mode)5, (ap_o_mode)3, 0>*, ap_fixed<16, 6, (ap_q_mode)5, (ap_o_mode)3, 0>*)' into 'myproject(ap_fixed<16, 6, (ap_q_mode)5, (ap_o_mode)3, 0>*, ap_fixed<16, 6, (ap_q_mode)5, (ap_o_mode)3, 0>*)' (firmware/myproject.cpp:46:5)
INFO: [HLS 214-291] Loop 'VITIS_LOOP_266_3' is marked as complete unroll implied by the pipeline pragma (firmware/nnet_utils/nnet_activation.h:266:23)
INFO: [HLS 214-291] Loop 'VITIS_LOOP_252_2' is marked as complete unroll implied by the pipeline pragma (firmware/nnet_utils/nnet_activation.h:252:23)
INFO: [HLS 214-291] Loop 'VITIS_LOOP_243_1' is marked as complete unroll implied by the pipeline pragma (firmware/nnet_utils/nnet_activation.h:243:23)
INFO: [HLS 214-291] Loop 'VITIS_LOOP_151_1' is marked as complete unroll implied by the pipeline pragma (firmware/nnet_utils/nnet_activation.h:151:23)
INFO: [HLS 214-291] Loop 'Result' is marked as complete unroll implied by the pipeline pragma (firmware/nnet_utils/nnet_dense_latency.h:64:5)
INFO: [HLS 214-291] Loop 'Accum1' is marked as complete unroll implied by the pipeline pragma (firmware/nnet_utils/nnet_dense_latency.h:54:5)
INFO: [HLS 214-291] Loop 'Accum2' is marked as complete unroll implied by the pipeline pragma (firmware/nnet_utils/nnet_dense_latency.h:56:9)
INFO: [HLS 214-291] Loop 'ResetAccum' is marked as complete unroll implied by the pipeline pragma (firmware/nnet_utils/nnet_dense_latency.h:48:5)
INFO: [HLS 214-291] Loop 'Product1' is marked as complete unroll implied by the pipeline pragma (firmware/nnet_utils/nnet_dense_latency.h:37:5)
INFO: [HLS 214-291] Loop 'Product2' is marked as complete unroll implied by the pipeline pragma (firmware/nnet_utils/nnet_dense_latency.h:40:9)
INFO: [HLS 214-291] Loop 'VITIS_LOOP_43_1' is marked as complete unroll implied by the pipeline pragma (firmware/nnet_utils/nnet_activation.h:43:22)
INFO: [HLS 214-186] Unrolling loop 'VITIS_LOOP_266_3' (firmware/nnet_utils/nnet_activation.h:266:23) in function 'nnet::softmax_stable<ap_fixed<36, 16, (ap_q_mode)5, (ap_o_mode)3, 0>, ap_fixed<16, 6, (ap_q_mode)5, (ap_o_mode)3, 0>, softmax_config5>' completely with a factor of 4 (firmware/nnet_utils/nnet_activation.h:216:0)
INFO: [HLS 214-186] Unrolling loop 'VITIS_LOOP_252_2' (firmware/nnet_utils/nnet_activation.h:252:23) in function 'nnet::softmax_stable<ap_fixed<36, 16, (ap_q_mode)5, (ap_o_mode)3, 0>, ap_fixed<16, 6, (ap_q_mode)5, (ap_o_mode)3, 0>, softmax_config5>' completely with a factor of 4 (firmware/nnet_utils/nnet_activation.h:216:0)
INFO: [HLS 214-186] Unrolling loop 'VITIS_LOOP_243_1' (firmware/nnet_utils/nnet_activation.h:243:23) in function 'nnet::softmax_stable<ap_fixed<36, 16, (ap_q_mode)5, (ap_o_mode)3, 0>, ap_fixed<16, 6, (ap_q_mode)5, (ap_o_mode)3, 0>, softmax_config5>' completely with a factor of 4 (firmware/nnet_utils/nnet_activation.h:216:0)
INFO: [HLS 214-186] Unrolling loop 'VITIS_LOOP_151_1' (firmware/nnet_utils/nnet_activation.h:151:23) in function 'nnet::init_exp_table<ap_fixed<36, 16, (ap_q_mode)5, (ap_o_mode)3, 0>, softmax_config5>' completely with a factor of 1024 (firmware/nnet_utils/nnet_activation.h:149:0)
INFO: [HLS 214-186] Unrolling loop 'Result' (firmware/nnet_utils/nnet_dense_latency.h:64:5) in function 'nnet::dense_latency<ap_fixed<16, 6, (ap_q_mode)5, (ap_o_mode)3, 0>, ap_fixed<36, 16, (ap_q_mode)5, (ap_o_mode)3, 0>, config4>' completely with a factor of 4 (firmware/nnet_utils/nnet_dense_latency.h:15:0)
INFO: [HLS 214-186] Unrolling loop 'Accum1' (firmware/nnet_utils/nnet_dense_latency.h:54:5) in function 'nnet::dense_latency<ap_fixed<16, 6, (ap_q_mode)5, (ap_o_mode)3, 0>, ap_fixed<36, 16, (ap_q_mode)5, (ap_o_mode)3, 0>, config4>' completely with a factor of 8 (firmware/nnet_utils/nnet_dense_latency.h:15:0)
INFO: [HLS 214-186] Unrolling loop 'Accum2' (firmware/nnet_utils/nnet_dense_latency.h:56:9) in function 'nnet::dense_latency<ap_fixed<16, 6, (ap_q_mode)5, (ap_o_mode)3, 0>, ap_fixed<36, 16, (ap_q_mode)5, (ap_o_mode)3, 0>, config4>' completely with a factor of 4 (firmware/nnet_utils/nnet_dense_latency.h:15:0)
INFO: [HLS 214-186] Unrolling loop 'ResetAccum' (firmware/nnet_utils/nnet_dense_latency.h:48:5) in function 'nnet::dense_latency<ap_fixed<16, 6, (ap_q_mode)5, (ap_o_mode)3, 0>, ap_fixed<36, 16, (ap_q_mode)5, (ap_o_mode)3, 0>, config4>' completely with a factor of 4 (firmware/nnet_utils/nnet_dense_latency.h:15:0)
INFO: [HLS 214-186] Unrolling loop 'Product1' (firmware/nnet_utils/nnet_dense_latency.h:37:5) in function 'nnet::dense_latency<ap_fixed<16, 6, (ap_q_mode)5, (ap_o_mode)3, 0>, ap_fixed<36, 16, (ap_q_mode)5, (ap_o_mode)3, 0>, config4>' completely with a factor of 8 (firmware/nnet_utils/nnet_dense_latency.h:15:0)
INFO: [HLS 214-186] Unrolling loop 'Product2' (firmware/nnet_utils/nnet_dense_latency.h:40:9) in function 'nnet::dense_latency<ap_fixed<16, 6, (ap_q_mode)5, (ap_o_mode)3, 0>, ap_fixed<36, 16, (ap_q_mode)5, (ap_o_mode)3, 0>, config4>' completely with a factor of 4 (firmware/nnet_utils/nnet_dense_latency.h:15:0)
INFO: [HLS 214-186] Unrolling loop 'VITIS_LOOP_43_1' (firmware/nnet_utils/nnet_activation.h:43:22) in function 'nnet::relu<ap_fixed<37, 17, (ap_q_mode)5, (ap_o_mode)3, 0>, ap_fixed<16, 6, (ap_q_mode)5, (ap_o_mode)3, 0>, relu_config3>' completely with a factor of 8 (firmware/nnet_utils/nnet_activation.h:39:0)
INFO: [HLS 214-186] Unrolling loop 'Result' (firmware/nnet_utils/nnet_dense_latency.h:64:5) in function 'nnet::dense_latency<ap_fixed<16, 6, (ap_q_mode)5, (ap_o_mode)3, 0>, ap_fixed<37, 17, (ap_q_mode)5, (ap_o_mode)3, 0>, config2>' completely with a factor of 8 (firmware/nnet_utils/nnet_dense_latency.h:15:0)
INFO: [HLS 214-186] Unrolling loop 'Accum1' (firmware/nnet_utils/nnet_dense_latency.h:54:5) in function 'nnet::dense_latency<ap_fixed<16, 6, (ap_q_mode)5, (ap_o_mode)3, 0>, ap_fixed<37, 17, (ap_q_mode)5, (ap_o_mode)3, 0>, config2>' completely with a factor of 16 (firmware/nnet_utils/nnet_dense_latency.h:15:0)
INFO: [HLS 214-186] Unrolling loop 'Accum2' (firmware/nnet_utils/nnet_dense_latency.h:56:9) in function 'nnet::dense_latency<ap_fixed<16, 6, (ap_q_mode)5, (ap_o_mode)3, 0>, ap_fixed<37, 17, (ap_q_mode)5, (ap_o_mode)3, 0>, config2>' completely with a factor of 8 (firmware/nnet_utils/nnet_dense_latency.h:15:0)
INFO: [HLS 214-186] Unrolling loop 'ResetAccum' (firmware/nnet_utils/nnet_dense_latency.h:48:5) in function 'nnet::dense_latency<ap_fixed<16, 6, (ap_q_mode)5, (ap_o_mode)3, 0>, ap_fixed<37, 17, (ap_q_mode)5, (ap_o_mode)3, 0>, config2>' completely with a factor of 8 (firmware/nnet_utils/nnet_dense_latency.h:15:0)
INFO: [HLS 214-186] Unrolling loop 'Product1' (firmware/nnet_utils/nnet_dense_latency.h:37:5) in function 'nnet::dense_latency<ap_fixed<16, 6, (ap_q_mode)5, (ap_o_mode)3, 0>, ap_fixed<37, 17, (ap_q_mode)5, (ap_o_mode)3, 0>, config2>' completely with a factor of 16 (firmware/nnet_utils/nnet_dense_latency.h:15:0)
INFO: [HLS 214-186] Unrolling loop 'Product2' (firmware/nnet_utils/nnet_dense_latency.h:40:9) in function 'nnet::dense_latency<ap_fixed<16, 6, (ap_q_mode)5, (ap_o_mode)3, 0>, ap_fixed<37, 17, (ap_q_mode)5, (ap_o_mode)3, 0>, config2>' completely with a factor of 8 (firmware/nnet_utils/nnet_dense_latency.h:15:0)
INFO: [HLS 214-178] Inlining function 'std::enable_if<!(std::is_same<ap_fixed<16, 6, (ap_q_mode)5, (ap_o_mode)3, 0>, ap_uint<1> >::value), ap_fixed<37, 17, (ap_q_mode)5, (ap_o_mode)3, 0> >::type nnet::cast<ap_fixed<16, 6, (ap_q_mode)5, (ap_o_mode)3, 0>, ap_fixed<37, 17, (ap_q_mode)5, (ap_o_mode)3, 0>, config2>(config2::accum_t)' into 'void nnet::dense_latency<ap_fixed<16, 6, (ap_q_mode)5, (ap_o_mode)3, 0>, ap_fixed<37, 17, (ap_q_mode)5, (ap_o_mode)3, 0>, config2>(ap_fixed<16, 6, (ap_q_mode)5, (ap_o_mode)3, 0>*, ap_fixed<37, 17, (ap_q_mode)5, (ap_o_mode)3, 0>*, config2::weight_t*, config2::bias_t*)' (firmware/nnet_utils/nnet_dense_latency.h:15:0)
INFO: [HLS 214-178] Inlining function 'std::enable_if<!(std::is_same<ap_fixed<16, 6, (ap_q_mode)5, (ap_o_mode)3, 0>, ap_uint<1> >::value), ap_fixed<36, 16, (ap_q_mode)5, (ap_o_mode)3, 0> >::type nnet::cast<ap_fixed<16, 6, (ap_q_mode)5, (ap_o_mode)3, 0>, ap_fixed<36, 16, (ap_q_mode)5, (ap_o_mode)3, 0>, config4>(config4::accum_t)' into 'void nnet::dense_latency<ap_fixed<16, 6, (ap_q_mode)5, (ap_o_mode)3, 0>, ap_fixed<36, 16, (ap_q_mode)5, (ap_o_mode)3, 0>, config4>(ap_fixed<16, 6, (ap_q_mode)5, (ap_o_mode)3, 0>*, ap_fixed<36, 16, (ap_q_mode)5, (ap_o_mode)3, 0>*, config4::weight_t*, config4::bias_t*)' (firmware/nnet_utils/nnet_dense_latency.h:15:0)
INFO: [HLS 214-178] Inlining function 'nnet::Op_max<ap_fixed<36, 16, (ap_q_mode)5, (ap_o_mode)3, 0> >::operator()(ap_fixed<36, 16, (ap_q_mode)5, (ap_o_mode)3, 0>, ap_fixed<36, 16, (ap_q_mode)5, (ap_o_mode)3, 0>)' into 'ap_fixed<36, 16, (ap_q_mode)5, (ap_o_mode)3, 0> nnet::reduce<ap_fixed<36, 16, (ap_q_mode)5, (ap_o_mode)3, 0>, 2, nnet::Op_max<ap_fixed<36, 16, (ap_q_mode)5, (ap_o_mode)3, 0> > >(ap_fixed<36, 16, (ap_q_mode)5, (ap_o_mode)3, 0> const*, nnet::Op_max<ap_fixed<36, 16, (ap_q_mode)5, (ap_o_mode)3, 0> >)' (firmware/nnet_utils/nnet_common.h:37:0)
INFO: [HLS 214-178] Inlining function 'ap_fixed<36, 16, (ap_q_mode)5, (ap_o_mode)3, 0> nnet::reduce<ap_fixed<36, 16, (ap_q_mode)5, (ap_o_mode)3, 0>, 2, nnet::Op_max<ap_fixed<36, 16, (ap_q_mode)5, (ap_o_mode)3, 0> > >(ap_fixed<36, 16, (ap_q_mode)5, (ap_o_mode)3, 0> const*, nnet::Op_max<ap_fixed<36, 16, (ap_q_mode)5, (ap_o_mode)3, 0> >)' into 'ap_fixed<36, 16, (ap_q_mode)5, (ap_o_mode)3, 0> nnet::reduce<ap_fixed<36, 16, (ap_q_mode)5, (ap_o_mode)3, 0>, 4, nnet::Op_max<ap_fixed<36, 16, (ap_q_mode)5, (ap_o_mode)3, 0> > >(ap_fixed<36, 16, (ap_q_mode)5, (ap_o_mode)3, 0> const*, nnet::Op_max<ap_fixed<36, 16, (ap_q_mode)5, (ap_o_mode)3, 0> >)' (firmware/nnet_utils/nnet_common.h:37:0)
INFO: [HLS 214-178] Inlining function 'nnet::Op_max<ap_fixed<36, 16, (ap_q_mode)5, (ap_o_mode)3, 0> >::operator()(ap_fixed<36, 16, (ap_q_mode)5, (ap_o_mode)3, 0>, ap_fixed<36, 16, (ap_q_mode)5, (ap_o_mode)3, 0>) (.42)' into 'ap_fixed<36, 16, (ap_q_mode)5, (ap_o_mode)3, 0> nnet::reduce<ap_fixed<36, 16, (ap_q_mode)5, (ap_o_mode)3, 0>, 4, nnet::Op_max<ap_fixed<36, 16, (ap_q_mode)5, (ap_o_mode)3, 0> > >(ap_fixed<36, 16, (ap_q_mode)5, (ap_o_mode)3, 0> const*, nnet::Op_max<ap_fixed<36, 16, (ap_q_mode)5, (ap_o_mode)3, 0> >)' (firmware/nnet_utils/nnet_common.h:37:0)
INFO: [HLS 214-178] Inlining function 'nnet::Op_add<ap_fixed<18, 8, (ap_q_mode)0, (ap_o_mode)0, 0> >::operator()(ap_fixed<18, 8, (ap_q_mode)0, (ap_o_mode)0, 0>, ap_fixed<18, 8, (ap_q_mode)0, (ap_o_mode)0, 0>) (.18.28)' into 'ap_fixed<18, 8, (ap_q_mode)0, (ap_o_mode)0, 0> nnet::reduce<ap_fixed<18, 8, (ap_q_mode)0, (ap_o_mode)0, 0>, 2, nnet::Op_add<ap_fixed<18, 8, (ap_q_mode)0, (ap_o_mode)0, 0> > >(ap_fixed<18, 8, (ap_q_mode)0, (ap_o_mode)0, 0> const*, nnet::Op_add<ap_fixed<18, 8, (ap_q_mode)0, (ap_o_mode)0, 0> >)' (firmware/nnet_utils/nnet_common.h:37:0)
INFO: [HLS 214-178] Inlining function 'ap_fixed<18, 8, (ap_q_mode)0, (ap_o_mode)0, 0> nnet::reduce<ap_fixed<18, 8, (ap_q_mode)0, (ap_o_mode)0, 0>, 2, nnet::Op_add<ap_fixed<18, 8, (ap_q_mode)0, (ap_o_mode)0, 0> > >(ap_fixed<18, 8, (ap_q_mode)0, (ap_o_mode)0, 0> const*, nnet::Op_add<ap_fixed<18, 8, (ap_q_mode)0, (ap_o_mode)0, 0> >)' into 'ap_fixed<18, 8, (ap_q_mode)0, (ap_o_mode)0, 0> nnet::reduce<ap_fixed<18, 8, (ap_q_mode)0, (ap_o_mode)0, 0>, 4, nnet::Op_add<ap_fixed<18, 8, (ap_q_mode)0, (ap_o_mode)0, 0> > >(ap_fixed<18, 8, (ap_q_mode)0, (ap_o_mode)0, 0> const*, nnet::Op_add<ap_fixed<18, 8, (ap_q_mode)0, (ap_o_mode)0, 0> >)' (firmware/nnet_utils/nnet_common.h:37:0)
INFO: [HLS 214-178] Inlining function 'nnet::Op_add<ap_fixed<18, 8, (ap_q_mode)0, (ap_o_mode)0, 0> >::operator()(ap_fixed<18, 8, (ap_q_mode)0, (ap_o_mode)0, 0>, ap_fixed<18, 8, (ap_q_mode)0, (ap_o_mode)0, 0>) (.18.28)' into 'ap_fixed<18, 8, (ap_q_mode)0, (ap_o_mode)0, 0> nnet::reduce<ap_fixed<18, 8, (ap_q_mode)0, (ap_o_mode)0, 0>, 4, nnet::Op_add<ap_fixed<18, 8, (ap_q_mode)0, (ap_o_mode)0, 0> > >(ap_fixed<18, 8, (ap_q_mode)0, (ap_o_mode)0, 0> const*, nnet::Op_add<ap_fixed<18, 8, (ap_q_mode)0, (ap_o_mode)0, 0> >)' (firmware/nnet_utils/nnet_common.h:37:0)
INFO: [HLS 214-178] Inlining function 'ap_fixed<36, 16, (ap_q_mode)5, (ap_o_mode)3, 0> nnet::reduce<ap_fixed<36, 16, (ap_q_mode)5, (ap_o_mode)3, 0>, 4, nnet::Op_max<ap_fixed<36, 16, (ap_q_mode)5, (ap_o_mode)3, 0> > >(ap_fixed<36, 16, (ap_q_mode)5, (ap_o_mode)3, 0> const*, nnet::Op_max<ap_fixed<36, 16, (ap_q_mode)5, (ap_o_mode)3, 0> >)' into 'void nnet::softmax_stable<ap_fixed<36, 16, (ap_q_mode)5, (ap_o_mode)3, 0>, ap_fixed<16, 6, (ap_q_mode)5, (ap_o_mode)3, 0>, softmax_config5>(ap_fixed<36, 16, (ap_q_mode)5, (ap_o_mode)3, 0>*, ap_fixed<16, 6, (ap_q_mode)5, (ap_o_mode)3, 0>*)' (firmware/nnet_utils/nnet_activation.h:216:0)
INFO: [HLS 214-178] Inlining function 'unsigned int nnet::softmax_idx_from_real_val<ap_fixed<36, 16, (ap_q_mode)5, (ap_o_mode)3, 0>, softmax_config5>(ap_fixed<36, 16, (ap_q_mode)5, (ap_o_mode)3, 0>)' into 'void nnet::softmax_stable<ap_fixed<36, 16, (ap_q_mode)5, (ap_o_mode)3, 0>, ap_fixed<16, 6, (ap_q_mode)5, (ap_o_mode)3, 0>, softmax_config5>(ap_fixed<36, 16, (ap_q_mode)5, (ap_o_mode)3, 0>*, ap_fixed<16, 6, (ap_q_mode)5, (ap_o_mode)3, 0>*)' (firmware/nnet_utils/nnet_activation.h:216:0)
INFO: [HLS 214-178] Inlining function 'ap_fixed<18, 8, (ap_q_mode)0, (ap_o_mode)0, 0> nnet::reduce<ap_fixed<18, 8, (ap_q_mode)0, (ap_o_mode)0, 0>, 4, nnet::Op_add<ap_fixed<18, 8, (ap_q_mode)0, (ap_o_mode)0, 0> > >(ap_fixed<18, 8, (ap_q_mode)0, (ap_o_mode)0, 0> const*, nnet::Op_add<ap_fixed<18, 8, (ap_q_mode)0, (ap_o_mode)0, 0> >)' into 'void nnet::softmax_stable<ap_fixed<36, 16, (ap_q_mode)5, (ap_o_mode)3, 0>, ap_fixed<16, 6, (ap_q_mode)5, (ap_o_mode)3, 0>, softmax_config5>(ap_fixed<36, 16, (ap_q_mode)5, (ap_o_mode)3, 0>*, ap_fixed<16, 6, (ap_q_mode)5, (ap_o_mode)3, 0>*)' (firmware/nnet_utils/nnet_activation.h:216:0)
INFO: [HLS 214-178] Inlining function 'unsigned int nnet::softmax_idx_from_real_val<ap_fixed<18, 8, (ap_q_mode)0, (ap_o_mode)0, 0>, softmax_config5>(ap_fixed<18, 8, (ap_q_mode)0, (ap_o_mode)0, 0>)' into 'void nnet::softmax_stable<ap_fixed<36, 16, (ap_q_mode)5, (ap_o_mode)3, 0>, ap_fixed<16, 6, (ap_q_mode)5, (ap_o_mode)3, 0>, softmax_config5>(ap_fixed<36, 16, (ap_q_mode)5, (ap_o_mode)3, 0>*, ap_fixed<16, 6, (ap_q_mode)5, (ap_o_mode)3, 0>*)' (firmware/nnet_utils/nnet_activation.h:216:0)
INFO: [HLS 214-248] Applying array_partition to 'b4': Complete partitioning on dimension 1. (firmware/weights/b4.h:12:0)
INFO: [HLS 214-248] Applying array_partition to 'b2': Complete partitioning on dimension 1. (firmware/weights/b2.h:12:0)
INFO: [HLS 214-248] Applying array_partition to 'layer2_out': Complete partitioning on dimension 1. (firmware/myproject.cpp:34:17)
INFO: [HLS 214-248] Applying array_partition to 'layer3_out': Complete partitioning on dimension 1. (firmware/myproject.cpp:38:14)
INFO: [HLS 214-248] Applying array_partition to 'layer4_out': Complete partitioning on dimension 1. (firmware/myproject.cpp:42:22)
INFO: [HLS 214-248] Applying array_partition to 'layer5_out': Complete partitioning on dimension 1. (firmware/myproject.cpp:10:0)
INFO: [HLS 214-248] Applying array_reshape to 'input_layer': Complete reshaping on dimension 1. (firmware/myproject.cpp:10:0)
INFO-FLOW: DBG:PUTS: copy_raw_kernel_xml ap_link_39: kernel.xml not generated: /home/ubuntu/hls4ml_tests/my_hls_prj/myproject_prj/solution1/.autopilot/db/kernel.internal.xml
INFO: [HLS 200-111] Finished Compiling Optimization and Transform: CPU user time: 157.17 seconds. CPU system time: 1.44 seconds. Elapsed time: 161.68 seconds; current allocated memory: 273.148 MB.
INFO: [HLS 200-111] Finished Checking Pragmas: CPU user time: 0 seconds. CPU system time: 0 seconds. Elapsed time: 0 seconds; current allocated memory: 273.148 MB.
Execute         opt_and_import_c a -opt_level=2 -skip_syncheck=0 -ng=0 -keep_printf=0 
Execute           cleanup_all_models 
INFO: [HLS 200-10] Starting code transformations ...
INFO-FLOW: Running Standard Transforms...
Execute           transform -hls -share-std-xform -demangle-name -inline-byval-memcpy -always-inline -promote-dbg-pointer -interface-preproc -mem2reg -scalarrepl -mem2reg -keep-read-access -instcombine -dce -promote-dbg-pointer -bitop-raise -loop-simplify -indvarspre -indvars -loop-simplify -constprop -instcombine -simplifycfg -indvars -simplifycfg -dce -globaldce -basicaa -simplifycfg -mem2reg -globalopt -global-constprop -deadargelim -instcombine -simplifycfg -scalarrepl -instcombine -reassociate -licm -simplifycfg -loop-simplify -indvars -instcombine -simplifycfg -mem2reg -loop-simplify -indvars -instcombine -gvn -gvn -instcombine -adce -break-crit-edges -simplifycfg -loop-delete -global-array-opt -dce -dse -adce -find-syn-modules -top myproject -deadargelim -mem2reg -instcombine -dce -presyn-prepare -interface-preproc -syn-check -check-rec-only -find-region -simplifycfg -func-extr -function-inline -globaldce -mem2reg -instcombine -dce -gvn -globaldce -adce -adse -constprop -instcombine -bit-constprop -instcombine -dce -simplifycfg -bitop-raise -simplifycfg -dce -loop-delete -reassociate -globalopt -global-privatize -mem2reg -dce -global-constprop -pointer-simplify -constprop -dce -promote-dbg-pointer -norm-name /home/ubuntu/hls4ml_tests/my_hls_prj/myproject_prj/solution1/.autopilot/db/a.g.0.bc -o /home/ubuntu/hls4ml_tests/my_hls_prj/myproject_prj/solution1/.autopilot/db/a.g.1.bc -f -phase std-opt 
Command           transform done; 18.42 sec.
INFO: [HLS 200-111] Finished Standard Transforms: CPU user time: 18.14 seconds. CPU system time: 0.2 seconds. Elapsed time: 18.43 seconds; current allocated memory: 424.930 MB.
INFO: [HLS 200-10] Checking synthesizability ...
INFO-FLOW: Checking Synthesizability 1/2..
Execute           transform -hls -syn-check -check-rec-only -scalarrepl -norm-name -dce -mem2reg -instcombine -directive-preproc -mem2reg -dse -dce -dce -pag -array-normalize -instcombine -dce -array-seg-normalize -instcombine -dce -data-pack -instcombine -dce -inst-simplify -array-flatten -instcombine -dce -array-burst -dce -deadargelim -promote-global-argument -simplifycfg -mem2reg -globaldce -dce -deadargelim -dce -instcombine -function-inline -globaldce -dce -doublePtrSimplify -doublePtrElim -dce -doublePtrSimplify -promote-dbg-pointer -dce -scalarrepl -dse -adse -instcombine -ptrLegalization -simplifycfg -dce -instcombine -pointer-simplify -ptrArgReplace -dce -instcombine -resolve-double-ptr -scalarrepl -norm-name -dce -mem2reg -instcombine -ptrLegalization -simplifycfg -deadargelim -instcombine -dce -inst-simplify -directive-preproc -mem2reg -dse -dce -globaldce /home/ubuntu/hls4ml_tests/my_hls_prj/myproject_prj/solution1/.autopilot/db/a.g.1.bc -o /home/ubuntu/hls4ml_tests/my_hls_prj/myproject_prj/solution1/.autopilot/db/a.g.2.prechk.bc -f 
INFO: [XFORM 203-602] Inlining function 'nnet::exp_fcn_float' into 'nnet::init_exp_table<ap_fixed<36, 16, (ap_q_mode)5, (ap_o_mode)3, 0>, softmax_config5>' (firmware/nnet_utils/nnet_activation.h:154) automatically.
Command           transform done; 10.31 sec.
INFO-FLOW: Checking Synthesizability 2/2..
Execute           transform -syn-check /home/ubuntu/hls4ml_tests/my_hls_prj/myproject_prj/solution1/.autopilot/db/a.g.2.prechk.bc -o /home/ubuntu/hls4ml_tests/my_hls_prj/myproject_prj/solution1/.autopilot/db/a.g.2.bc -f -phase syn-check 
WARNING: [SYNCHK 200-23] firmware/nnet_utils/nnet_activation.h:138: variable-indexed range selection may cause suboptimal QoR.
INFO: [SYNCHK 200-10] 0 error(s), 1 warning(s).
Command           transform done; 0.49 sec.
INFO: [HLS 200-111] Finished Checking Synthesizability: CPU user time: 10.65 seconds. CPU system time: 0.16 seconds. Elapsed time: 10.81 seconds; current allocated memory: 675.250 MB.
INFO-FLOW: Compiler optimizing ...
INFO-FLOW: Share syncheck's 1.bc for syn flow: copy /home/ubuntu/hls4ml_tests/my_hls_prj/myproject_prj/solution1/.autopilot/db/a.g.1.bc to /home/ubuntu/hls4ml_tests/my_hls_prj/myproject_prj/solution1/.autopilot/db/a.o.1.bc
INFO-FLOW: Presyn 1...
Execute           transform -hls -tmp /home/ubuntu/hls4ml_tests/my_hls_prj/myproject_prj/solution1/.autopilot/db -interface-port-rename -directive-preproc -mem2reg -dse -dce -scalarrepl -norm-name -deadargelim -mem2reg -instcombine -dce -simplifycfg -dce -resource-proc -clib-intrinsic-prepare -dce -func-buffer -dce -pag -array-normalize -func-legal -instcombine -gvn -constprop -dce -simplifycfg -mem2reg -globaldce -resolve-double-ptr -dce -deadargelim -dce -instcombine -ptrArgReplace -mem2reg -dce -array-seg-normalize -deadargelim -instcombine -dce -directive-preproc -mem2reg -dse -dce -pointer-simplify -dce -port-alignment -dce -interface-preproc -data-pack -instcombine -dce -basicaa -aggr-aa -aggrmodref-aa -aggr-aa -gvn -gvn -basicaa -aggr-aa -aggrmodref-aa -aggr-aa -dse -adse -adce -loop-simplify -indvars -instcombine -gvn -loop-simplify -mem2reg -dce -find-region -instcombine -inst-simplify -interface-preproc -cfgopt -instcombine -indvars -loop-simplify -loop-bound -constprop -instcombine -simplifycfg -indvars -simplifycfg -dce -globaldce -clean-region -attach-range -gvn -inst-simplify -constprop -simplifycfg -dce -pointer-simplify -dce -globalopt -constprop -dce -array-promote -constprop -dce -ptrArgReplace -mem2reg -simplifycfg -dce -instcombine -dce -array-transform-check -array-reshape -instcombine -simplifycfg -dce -ptrArgReplace -deadargelim -mem2reg -instcombine -simplifycfg -dce -indvars -loop-simplify -loop-bound -constprop -instcombine -simplifycfg -indvars -simplifycfg -dce -globaldce -basicaa -aggr-aa -aggrmodref-aa -aggr-aa -dse -duplicate-dataflow-processes -globaldce -instcombine -array-partition -prepare-dynamic-array-partition -instcombine -simplifycfg -dce -ptrArgReplace -global-constprop -deadargelim -mem2reg -func-legal -dce -global-constprop -deadargelim -mem2reg -simplifycfg -dce -merge-param -deadargelim -globalopt -constprop -dce -array-promote -constprop -dce -ptrArgReplace -mem2reg -simplifycfg -dce -mem-intrinsic-preproc -dce -global-internalize -global-privatize -mem2reg -globaldce -lcssa -loop-simplify -phi-select-elim -promote-global-argument -ptrArgReplace -mem2reg -dce -globalopt -mergereturn -simplify-global-access -mem2reg -dce -pointer-simplify -dce -basicaa -aggr-aa -aggrmodref-aa -aggr-aa -functionattrs -basicaa -aggr-aa -aggrmodref-aa -aggr-aa -gvn -gvn -basicaa -aggr-aa -aggrmodref-aa -aggr-aa -dse -adse -adce -dce -norm-name -basicaa -aggr-aa -aggrmodref-aa -aggr-aa -accesses-merge -function-inline -complex-op-raise -inst-simplify -globaldce -func-legal -dce -loop-bound -arraycheck -bitwidthmin2 -bitwidthmin2 -on-by-dataflow -loop-delete -instcombine -simplifycfg -globaldce -dce -gvn -deadargelim -dce -loop-simplify -clean-region -simplifycfg -propagate-stable-arguments -loop-stream -instcombine -simplifycfg -dce -globaldce -duplicate-dataflow-processes -stream-intrinsic-preproc -dce -check-ap-stream -loop-simplify -eliminate-keepreads -extract-dataflow-in-loop -loop-simplify -dce -gvn -deadargelim -dse -duplicate-dataflow-processes -check-dataflow-syntax -legalize-stream-variable -globaldce -legalize-global -extract-subproc -dce -dead-channel-elimination -canonicalize-gep -globaldce -dce -gvn -hls-dead-arg-elim -deadargelim -directive-preproc -canonicalize-dataflow -dce -globaldce -scalar-preprocessing -scalar-propagation2 -scalar-stream -deadargelim -globaldce -mem2reg -check-dataflow-channels -function-stream -dce -globaldce -prop-fifo-spec -internal-stream-gen -canonicalize-gep -globaldce -dce -gvn -deadargelim -mergereturn -indvars -loop-simplify -instcombine -array-stream -array-seg-normalize -array-partition -clean-array-spec -func-legal -instcombine -simplifycfg -dce -bundle-memfifo-ops -deadargelim -directive-preproc -mem2reg -dse -dce -group-axi-access -licm -simplifycfg -dce -loop-delete -hls-display -norm-name /home/ubuntu/hls4ml_tests/my_hls_prj/myproject_prj/solution1/.autopilot/db/a.o.1.bc -o /home/ubuntu/hls4ml_tests/my_hls_prj/myproject_prj/solution1/.autopilot/db/a.o.1.tmp.bc -f 
INFO: [XFORM 203-602] Inlining function 'nnet::exp_fcn_float' into 'nnet::init_exp_table<ap_fixed<36, 16, (ap_q_mode)5, (ap_o_mode)3, 0>, softmax_config5>' (firmware/nnet_utils/nnet_activation.h:154) automatically.
Command           transform done; 72.78 sec.
INFO-FLOW: Presyn 2...
Execute           transform -hls -keep-callgraph -scalarrepl -mem2reg -port-alignment -attach-range -dce -pipe-mux-gen -indvars -loop-bound -inst-simplify -instcombine -dce -merge-array-access -mem2reg -dce -clean-region -mergereturn -if-conv -instcombine -dce -constprop -basicaa -aggr-aa -aggrmodref-aa -aggr-aa -gvn -gvn -basicaa -aggr-aa -aggrmodref-aa -aggr-aa -dse -adse -adce -scalarrepl -mem2reg -global-constprop -deadargelim -deadargelim -instcombine -dce -simplifycfg -ptrArgReplace -mem2reg -function-inline -globaldce -mem2reg -instcombine -dce -expr-balance -instcombine -dce -bitwidthmin2 -bitwidthmin2 -interface-preproc -directive-preproc -inst-rectify -instcombine -dce -basicaa -aggr-aa -aggrmodref-aa -aggr-aa -functionattrs -constprop -instcombine -bit-constprop -simplify-global-access -globalopt -globaldce -inst-simplify -instcombine -elimdeaddata -dce -loop-delete -simplifycfg -loop-simplify -barrier -norm-name /home/ubuntu/hls4ml_tests/my_hls_prj/myproject_prj/solution1/.autopilot/db/a.o.1.tmp.bc -o /home/ubuntu/hls4ml_tests/my_hls_prj/myproject_prj/solution1/.autopilot/db/a.o.2.bc -f -phase presyn 
INFO: [XFORM 203-401] Performing if-conversion on hyperblock from (firmware/nnet_utils/nnet_activation.h:133:92) to (firmware/nnet_utils/nnet_activation.h:138:5) in function 'nnet::softmax_real_val_from_idx<ap_fixed<36, 16, (ap_q_mode)5, (ap_o_mode)3, 0>, softmax_config5>'... converting 10 basic blocks.
INFO: [XFORM 203-401] Performing if-conversion on hyperblock from (firmware/nnet_utils/nnet_activation.h:42:9) to (firmware/nnet_utils/nnet_activation.h:50:1) in function 'nnet::relu<ap_fixed<37, 17, (ap_q_mode)5, (ap_o_mode)3, 0>, ap_fixed<16, 6, (ap_q_mode)5, (ap_o_mode)3, 0>, relu_config3>'... converting 17 basic blocks.
INFO: [XFORM 203-401] Performing if-conversion on hyperblock from (firmware/nnet_utils/nnet_activation.h:149:52) to (firmware/nnet_utils/nnet_activation.h:157:1) in function 'nnet::init_exp_table<ap_fixed<36, 16, (ap_q_mode)5, (ap_o_mode)3, 0>, softmax_config5>'... converting 27649 basic blocks.
INFO: [XFORM 203-11] Balancing expressions in function 'nnet::dense_latency<ap_fixed<16, 6, (ap_q_mode)5, (ap_o_mode)3, 0>, ap_fixed<37, 17, (ap_q_mode)5, (ap_o_mode)3, 0>, config2>' (firmware/nnet_utils/nnet_dense_latency.h:33:21)...120 expression(s) balanced.
INFO: [XFORM 203-11] Balancing expressions in function 'nnet::dense_latency<ap_fixed<16, 6, (ap_q_mode)5, (ap_o_mode)3, 0>, ap_fixed<36, 16, (ap_q_mode)5, (ap_o_mode)3, 0>, config4>' (firmware/nnet_utils/nnet_dense_latency.h:33:1)...28 expression(s) balanced.
Command           transform done; 563.84 sec.
INFO: [HLS 200-111] Finished Loop, function and other optimizations: CPU user time: 636.3 seconds. CPU system time: 0.32 seconds. Elapsed time: 636.63 seconds; current allocated memory: 1000.656 MB.
Execute           transform -hls -auto-function-inline -globaldce -ptrArgReplace -mem2reg -dce -reset-lda -loop-simplify -indvars -aggr-aa -licm -loop-dep -loop-bound -licm -loop-simplify -loop-sink-hoist -flattenloopnest -array-flatten -gvn -instcombine -dce -array-map -dce -func-legal -gvn -adce -instcombine -cfgopt -simplifycfg-lite -loop-simplify -array-burst -promote-global-argument -dce -array-seg-normalize -basicaa -aggrmodref-aa -globalsmodref-aa -aggr-aa -gvn -gvn -basicaa -aggrmodref-aa -globalsmodref-aa -aggr-aa -dse -adse -adce -licm -inst-simplify -dce -globaldce -instcombine -array-stream -eliminate-keepreads -instcombine -dce -deadargelim -doublePtrSimplify -doublePtrElim -dce -doublePtrSimplify -promote-dbg-pointer -dce -scalarrepl -mem2reg -norm-name -mem2reg -instcombine -dse -adse -adce -ptrLegalization -dce -array-flatten -dce -instcombine -check-doubleptr -loop-rot -constprop -inst-simplify -cfgopt -simplifycfg-lite -loop-simplify -indvars -pointer-simplify -dce -loop-bound -loop-simplify -loop-preproc -constprop -global-constprop -gvn -mem2reg -instcombine -dce -loop-bound -loop-merge -dce -deadargelim -dce -canonicalize-dataflow -dce -deadargelim -globaldce -mem2reg -bram-byte-enable -inst-simplify -inst-rectify -instcombine -adce -deadargelim -load-elim -read-loop-dep -loop-simplify -loop-extract-inner -directive-preproc -bitwidthmin2 -bitwidthmin2 -read-loop-dep -interface-preproc -directive-preproc -interface-gen -bram-byte-enable-spec-prop -mul2addshift -deadargelim -inst-simplify -dce -mem2reg -instcombine -gvn -dce -adse -loop-bound -instcombine -cfgopt -simplifycfg-lite -loop-simplify -clean-region -io-protocol -find-region -mem2reg -bitop-raise -complex-op-raise -inst-simplify -inst-rectify -instcombine -adce -deadargelim -float-op-raise -loop-simplify -phi-opt -bitop-raise -cfgopt -simplifycfg-lite -strip-dead-prototypes -interface-lower -bitop-lower -intrinsic-lower -auto-function-inline -basicaa -aggrmodref-aa -globalsmodref-aa -aggr-aa -inst-simplify -simplifycfg-lite -loop-simplify -mergereturn -inst-simplify -inst-rectify -globaldce -dce -load-elim -bitop-lower -float-op-raise -fma-raise -loop-rewind -pointer-simplify -dce -cfgopt -dce -loop-bound -loop-dep -read-loop-dep -dce -dyn-mem-reuse -dce -recurrence-min -dce -share-scalar-alloca -deadargelim -dce -check-stream -norm-name -legalize -inst-clarity -bitwidth -dce -validate-dataflow -dump-loop-dep-to-ir -check-all-ssdm -dump-complexity-metric /home/ubuntu/hls4ml_tests/my_hls_prj/myproject_prj/solution1/.autopilot/db/a.o.2.bc -o /home/ubuntu/hls4ml_tests/my_hls_prj/myproject_prj/solution1/.autopilot/db/a.o.3.bc -f -phase build-ssdm 
INFO: [XFORM 203-603] Evaluating the output(s) of a call to function 'nnet::softmax_real_val_from_idx<ap_fixed<36, 16, (ap_q_mode)5, (ap_o_mode)3, 0>, softmax_config5>' (firmware/nnet_utils/nnet_activation.h:153:19) in function 'nnet::init_exp_table<ap_fixed<36, 16, (ap_q_mode)5, (ap_o_mode)3, 0>, softmax_config5>' and propagating its result(s) since all actual argument(s) to the function are constants.
Execute             auto_get_db
Command           transform done; 1281.81 sec.
INFO-FLOW: Building ssdm...
Execute           transform -hls -cdfg-build /home/ubuntu/hls4ml_tests/my_hls_prj/myproject_prj/solution1/.autopilot/db/a.o.3.bc -o /home/ubuntu/hls4ml_tests/my_hls_prj/myproject_prj/solution1/.autopilot/db/a.o.3.bc -f -phase build-ssdm 
Command           transform done; 4.92 sec.
INFO: [HLS 200-111] Finished Architecture Synthesis: CPU user time: 1286.52 seconds. CPU system time: 0.18 seconds. Elapsed time: 1286.73 seconds; current allocated memory: 1.156 GB.
INFO-FLOW: Finish building internal data model.
Command         opt_and_import_c done; 1952.63 sec.
Command       elaborate done; 2128.12 sec.
Execute       ap_eval exec zip -j /home/ubuntu/hls4ml_tests/my_hls_prj/myproject_prj/solution1/.autopilot/db/dut.hcp $dbDir/a.o.3.bc $dbDir/${topname}.rtl_wrap.cfg.tcl $dbDir/apatb_${topname}.cpp $dbDir/apatb_${topname}_util.cpp $dbDir/apatb_${topname}_ir.ll $dbDir/mapper_${topname}.cpp $dbDir/top-io-fe.xml $dbDir/kernel.internal.xml $workdir/../hls.app 
Command       ap_eval done; error code: 1; 
INFO-FLOW: exec zip -j /home/ubuntu/hls4ml_tests/my_hls_prj/myproject_prj/solution1/.autopilot/db/dut.hcp $dbDir/a.o.3.bc $dbDir/${topname}.rtl_wrap.cfg.tcl $dbDir/apatb_${topname}.cpp $dbDir/apatb_${topname}_util.cpp $dbDir/apatb_${topname}_ir.ll $dbDir/mapper_${topname}.cpp $dbDir/top-io-fe.xml $dbDir/kernel.internal.xml $workdir/../hls.app
INFO-FLOW: couldn't execute "zip": no such file or directory
Execute       autosyn -from_csynth_design=1 
INFO: [HLS 200-10] Starting hardware synthesis ...
INFO-FLOW: Synthesizing C/C++ design ...
INFO: [HLS 200-10] Synthesizing 'myproject' ...
Execute         ap_set_top_model myproject 
WARNING: [SYN 201-103] Legalizing function name 'dense_latency<ap_fixed<16, 6, 5, 3, 0>, ap_fixed<37, 17, 5, 3, 0>, config2>' to 'dense_latency_ap_fixed_16_6_5_3_0_ap_fixed_37_17_5_3_0_config2_s'.
WARNING: [SYN 201-103] Legalizing function name 'relu<ap_fixed<37, 17, 5, 3, 0>, ap_fixed<16, 6, 5, 3, 0>, relu_config3>' to 'relu_ap_fixed_37_17_5_3_0_ap_fixed_16_6_5_3_0_relu_config3_s'.
WARNING: [SYN 201-103] Legalizing function name 'dense_latency<ap_fixed<16, 6, 5, 3, 0>, ap_fixed<36, 16, 5, 3, 0>, config4>' to 'dense_latency_ap_fixed_16_6_5_3_0_ap_fixed_36_16_5_3_0_config4_s'.
WARNING: [SYN 201-103] Legalizing function name 'init_exp_table<ap_fixed<36, 16, 5, 3, 0>, softmax_config5>' to 'init_exp_table_ap_fixed_36_16_5_3_0_softmax_config5_s'.
WARNING: [SYN 201-103] Legalizing function name 'softmax_stable<ap_fixed,ap_fixed<16,6,5,3,0>,softmax_config5>' to 'softmax_stable_ap_fixed_ap_fixed_16_6_5_3_0_softmax_config5_s'.
Execute         get_model_list myproject -filter all-wo-channel -topdown 
Execute         preproc_iomode -model myproject 
Execute         preproc_iomode -model softmax_stable<ap_fixed,ap_fixed<16,6,5,3,0>,softmax_config5> 
Execute         preproc_iomode -model init_exp_table<ap_fixed<36, 16, 5, 3, 0>, softmax_config5> 
Execute         preproc_iomode -model dense_latency<ap_fixed<16, 6, 5, 3, 0>, ap_fixed<36, 16, 5, 3, 0>, config4> 
Execute         preproc_iomode -model relu<ap_fixed<37, 17, 5, 3, 0>, ap_fixed<16, 6, 5, 3, 0>, relu_config3> 
Execute         preproc_iomode -model dense_latency<ap_fixed<16, 6, 5, 3, 0>, ap_fixed<37, 17, 5, 3, 0>, config2> 
Execute         get_model_list myproject -filter all-wo-channel 
INFO-FLOW: Model list for configure: {dense_latency<ap_fixed<16, 6, 5, 3, 0>, ap_fixed<37, 17, 5, 3, 0>, config2>} {relu<ap_fixed<37, 17, 5, 3, 0>, ap_fixed<16, 6, 5, 3, 0>, relu_config3>} {dense_latency<ap_fixed<16, 6, 5, 3, 0>, ap_fixed<36, 16, 5, 3, 0>, config4>} {init_exp_table<ap_fixed<36, 16, 5, 3, 0>, softmax_config5>} softmax_stable<ap_fixed,ap_fixed<16,6,5,3,0>,softmax_config5> myproject
INFO-FLOW: Configuring Module : dense_latency<ap_fixed<16, 6, 5, 3, 0>, ap_fixed<37, 17, 5, 3, 0>, config2> ...
Execute         set_default_model dense_latency<ap_fixed<16, 6, 5, 3, 0>, ap_fixed<37, 17, 5, 3, 0>, config2> 
Execute         apply_spec_resource_limit dense_latency<ap_fixed<16, 6, 5, 3, 0>, ap_fixed<37, 17, 5, 3, 0>, config2> 
INFO-FLOW: Configuring Module : relu<ap_fixed<37, 17, 5, 3, 0>, ap_fixed<16, 6, 5, 3, 0>, relu_config3> ...
Execute         set_default_model relu<ap_fixed<37, 17, 5, 3, 0>, ap_fixed<16, 6, 5, 3, 0>, relu_config3> 
Execute         apply_spec_resource_limit relu<ap_fixed<37, 17, 5, 3, 0>, ap_fixed<16, 6, 5, 3, 0>, relu_config3> 
INFO-FLOW: Configuring Module : dense_latency<ap_fixed<16, 6, 5, 3, 0>, ap_fixed<36, 16, 5, 3, 0>, config4> ...
Execute         set_default_model dense_latency<ap_fixed<16, 6, 5, 3, 0>, ap_fixed<36, 16, 5, 3, 0>, config4> 
Execute         apply_spec_resource_limit dense_latency<ap_fixed<16, 6, 5, 3, 0>, ap_fixed<36, 16, 5, 3, 0>, config4> 
INFO-FLOW: Configuring Module : init_exp_table<ap_fixed<36, 16, 5, 3, 0>, softmax_config5> ...
Execute         set_default_model init_exp_table<ap_fixed<36, 16, 5, 3, 0>, softmax_config5> 
Execute         apply_spec_resource_limit init_exp_table<ap_fixed<36, 16, 5, 3, 0>, softmax_config5> 
INFO-FLOW: Configuring Module : softmax_stable<ap_fixed,ap_fixed<16,6,5,3,0>,softmax_config5> ...
Execute         set_default_model softmax_stable<ap_fixed,ap_fixed<16,6,5,3,0>,softmax_config5> 
Execute         apply_spec_resource_limit softmax_stable<ap_fixed,ap_fixed<16,6,5,3,0>,softmax_config5> 
INFO-FLOW: Configuring Module : myproject ...
Execute         set_default_model myproject 
Execute         apply_spec_resource_limit myproject 
INFO-FLOW: Model list for preprocess: {dense_latency<ap_fixed<16, 6, 5, 3, 0>, ap_fixed<37, 17, 5, 3, 0>, config2>} {relu<ap_fixed<37, 17, 5, 3, 0>, ap_fixed<16, 6, 5, 3, 0>, relu_config3>} {dense_latency<ap_fixed<16, 6, 5, 3, 0>, ap_fixed<36, 16, 5, 3, 0>, config4>} {init_exp_table<ap_fixed<36, 16, 5, 3, 0>, softmax_config5>} softmax_stable<ap_fixed,ap_fixed<16,6,5,3,0>,softmax_config5> myproject
INFO-FLOW: Preprocessing Module: dense_latency<ap_fixed<16, 6, 5, 3, 0>, ap_fixed<37, 17, 5, 3, 0>, config2> ...
Execute         set_default_model dense_latency<ap_fixed<16, 6, 5, 3, 0>, ap_fixed<37, 17, 5, 3, 0>, config2> 
Execute         cdfg_preprocess -model dense_latency<ap_fixed<16, 6, 5, 3, 0>, ap_fixed<37, 17, 5, 3, 0>, config2> 
Execute         rtl_gen_preprocess dense_latency<ap_fixed<16, 6, 5, 3, 0>, ap_fixed<37, 17, 5, 3, 0>, config2> 
INFO-FLOW: Preprocessing Module: relu<ap_fixed<37, 17, 5, 3, 0>, ap_fixed<16, 6, 5, 3, 0>, relu_config3> ...
Execute         set_default_model relu<ap_fixed<37, 17, 5, 3, 0>, ap_fixed<16, 6, 5, 3, 0>, relu_config3> 
Execute         cdfg_preprocess -model relu<ap_fixed<37, 17, 5, 3, 0>, ap_fixed<16, 6, 5, 3, 0>, relu_config3> 
Execute         rtl_gen_preprocess relu<ap_fixed<37, 17, 5, 3, 0>, ap_fixed<16, 6, 5, 3, 0>, relu_config3> 
INFO-FLOW: Preprocessing Module: dense_latency<ap_fixed<16, 6, 5, 3, 0>, ap_fixed<36, 16, 5, 3, 0>, config4> ...
Execute         set_default_model dense_latency<ap_fixed<16, 6, 5, 3, 0>, ap_fixed<36, 16, 5, 3, 0>, config4> 
Execute         cdfg_preprocess -model dense_latency<ap_fixed<16, 6, 5, 3, 0>, ap_fixed<36, 16, 5, 3, 0>, config4> 
Execute         rtl_gen_preprocess dense_latency<ap_fixed<16, 6, 5, 3, 0>, ap_fixed<36, 16, 5, 3, 0>, config4> 
INFO-FLOW: Preprocessing Module: init_exp_table<ap_fixed<36, 16, 5, 3, 0>, softmax_config5> ...
Execute         set_default_model init_exp_table<ap_fixed<36, 16, 5, 3, 0>, softmax_config5> 
Execute         cdfg_preprocess -model init_exp_table<ap_fixed<36, 16, 5, 3, 0>, softmax_config5> 
Command         cdfg_preprocess done; 1.36 sec.
Execute         rtl_gen_preprocess init_exp_table<ap_fixed<36, 16, 5, 3, 0>, softmax_config5> 
INFO-FLOW: Preprocessing Module: softmax_stable<ap_fixed,ap_fixed<16,6,5,3,0>,softmax_config5> ...
Execute         set_default_model softmax_stable<ap_fixed,ap_fixed<16,6,5,3,0>,softmax_config5> 
Execute         cdfg_preprocess -model softmax_stable<ap_fixed,ap_fixed<16,6,5,3,0>,softmax_config5> 
Execute         rtl_gen_preprocess softmax_stable<ap_fixed,ap_fixed<16,6,5,3,0>,softmax_config5> 
INFO-FLOW: Preprocessing Module: myproject ...
Execute         set_default_model myproject 
Execute         cdfg_preprocess -model myproject 
Execute         rtl_gen_preprocess myproject 
INFO-FLOW: Model list for synthesis: {dense_latency<ap_fixed<16, 6, 5, 3, 0>, ap_fixed<37, 17, 5, 3, 0>, config2>} {relu<ap_fixed<37, 17, 5, 3, 0>, ap_fixed<16, 6, 5, 3, 0>, relu_config3>} {dense_latency<ap_fixed<16, 6, 5, 3, 0>, ap_fixed<36, 16, 5, 3, 0>, config4>} {init_exp_table<ap_fixed<36, 16, 5, 3, 0>, softmax_config5>} softmax_stable<ap_fixed,ap_fixed<16,6,5,3,0>,softmax_config5> myproject
INFO: [HLS 200-10] ----------------------------------------------------------------
INFO: [HLS 200-42] -- Implementing module 'dense_latency_ap_fixed_16_6_5_3_0_ap_fixed_37_17_5_3_0_config2_s' 
INFO: [HLS 200-10] ----------------------------------------------------------------
Execute         set_default_model dense_latency<ap_fixed<16, 6, 5, 3, 0>, ap_fixed<37, 17, 5, 3, 0>, config2> 
Execute         schedule -model dense_latency<ap_fixed<16, 6, 5, 3, 0>, ap_fixed<37, 17, 5, 3, 0>, config2> 
INFO: [SCHED 204-11] Starting scheduling ...
INFO: [SCHED 204-61] Pipelining function 'dense_latency<ap_fixed<16, 6, 5, 3, 0>, ap_fixed<37, 17, 5, 3, 0>, config2>'.
INFO: [HLS 200-1470] Pipelining result : Target II = NA, Final II = 1, Depth = 2, function 'dense_latency<ap_fixed<16, 6, 5, 3, 0>, ap_fixed<37, 17, 5, 3, 0>, config2>'
INFO: [SCHED 204-11] Finished scheduling.
Command         schedule done; 0.84 sec.
INFO: [HLS 200-111] Finished Scheduling: CPU user time: 2.23 seconds. CPU system time: 0.1 seconds. Elapsed time: 2.38 seconds; current allocated memory: 1.156 GB.
Execute         syn_report -verbosereport -o /home/ubuntu/hls4ml_tests/my_hls_prj/myproject_prj/solution1/.autopilot/db/dense_latency_ap_fixed_16_6_5_3_0_ap_fixed_37_17_5_3_0_config2_s.verbose.sched.rpt 
Execute           list_part -family xcvu47p-fsvh2892-2-e 
Execute             ap_family_info -name xcvu47p-fsvh2892-2-e -data names 
Execute             ap_part_info -quiet -name xcvu47p-fsvh2892-2-e -data family 
Execute         db_write -o /home/ubuntu/hls4ml_tests/my_hls_prj/myproject_prj/solution1/.autopilot/db/dense_latency_ap_fixed_16_6_5_3_0_ap_fixed_37_17_5_3_0_config2_s.sched.adb -f 
INFO-FLOW: Finish scheduling dense_latency<ap_fixed<16, 6, 5, 3, 0>, ap_fixed<37, 17, 5, 3, 0>, config2>.
Execute         set_default_model dense_latency<ap_fixed<16, 6, 5, 3, 0>, ap_fixed<37, 17, 5, 3, 0>, config2> 
Execute         bind -model dense_latency<ap_fixed<16, 6, 5, 3, 0>, ap_fixed<37, 17, 5, 3, 0>, config2> 
INFO: [BIND 205-100] Starting micro-architecture generation ...
INFO: [BIND 205-101] Performing variable lifetime analysis.
INFO: [BIND 205-101] Exploring resource sharing.
INFO: [BIND 205-101] Binding ...
INFO: [BIND 205-100] Starting global binding ...
INFO: [BIND 205-100] Finished micro-architecture generation.
Command         bind done; 0.15 sec.
INFO: [HLS 200-111] Finished Binding: CPU user time: 0.21 seconds. CPU system time: 0 seconds. Elapsed time: 0.21 seconds; current allocated memory: 1.156 GB.
Execute         syn_report -verbosereport -o /home/ubuntu/hls4ml_tests/my_hls_prj/myproject_prj/solution1/.autopilot/db/dense_latency_ap_fixed_16_6_5_3_0_ap_fixed_37_17_5_3_0_config2_s.verbose.bind.rpt 
Execute           list_part -family xcvu47p-fsvh2892-2-e 
Execute             ap_family_info -name xcvu47p-fsvh2892-2-e -data names 
Execute             ap_part_info -quiet -name xcvu47p-fsvh2892-2-e -data family 
Execute         db_write -o /home/ubuntu/hls4ml_tests/my_hls_prj/myproject_prj/solution1/.autopilot/db/dense_latency_ap_fixed_16_6_5_3_0_ap_fixed_37_17_5_3_0_config2_s.bind.adb -f 
INFO-FLOW: Finish binding dense_latency<ap_fixed<16, 6, 5, 3, 0>, ap_fixed<37, 17, 5, 3, 0>, config2>.
INFO: [HLS 200-10] ----------------------------------------------------------------
INFO: [HLS 200-42] -- Implementing module 'relu_ap_fixed_37_17_5_3_0_ap_fixed_16_6_5_3_0_relu_config3_s' 
INFO: [HLS 200-10] ----------------------------------------------------------------
Execute         set_default_model relu<ap_fixed<37, 17, 5, 3, 0>, ap_fixed<16, 6, 5, 3, 0>, relu_config3> 
Execute         schedule -model relu<ap_fixed<37, 17, 5, 3, 0>, ap_fixed<16, 6, 5, 3, 0>, relu_config3> 
INFO: [SCHED 204-11] Starting scheduling ...
INFO: [SCHED 204-61] Pipelining function 'relu<ap_fixed<37, 17, 5, 3, 0>, ap_fixed<16, 6, 5, 3, 0>, relu_config3>'.
INFO: [HLS 200-1470] Pipelining result : Target II = NA, Final II = 1, Depth = 1, function 'relu<ap_fixed<37, 17, 5, 3, 0>, ap_fixed<16, 6, 5, 3, 0>, relu_config3>'
INFO: [SCHED 204-11] Finished scheduling.
INFO: [HLS 200-111] Finished Scheduling: CPU user time: 0.1 seconds. CPU system time: 0.01 seconds. Elapsed time: 0.11 seconds; current allocated memory: 1.156 GB.
Execute         syn_report -verbosereport -o /home/ubuntu/hls4ml_tests/my_hls_prj/myproject_prj/solution1/.autopilot/db/relu_ap_fixed_37_17_5_3_0_ap_fixed_16_6_5_3_0_relu_config3_s.verbose.sched.rpt 
Execute           list_part -family xcvu47p-fsvh2892-2-e 
Execute             ap_family_info -name xcvu47p-fsvh2892-2-e -data names 
Execute             ap_part_info -quiet -name xcvu47p-fsvh2892-2-e -data family 
Execute         db_write -o /home/ubuntu/hls4ml_tests/my_hls_prj/myproject_prj/solution1/.autopilot/db/relu_ap_fixed_37_17_5_3_0_ap_fixed_16_6_5_3_0_relu_config3_s.sched.adb -f 
INFO-FLOW: Finish scheduling relu<ap_fixed<37, 17, 5, 3, 0>, ap_fixed<16, 6, 5, 3, 0>, relu_config3>.
Execute         set_default_model relu<ap_fixed<37, 17, 5, 3, 0>, ap_fixed<16, 6, 5, 3, 0>, relu_config3> 
Execute         bind -model relu<ap_fixed<37, 17, 5, 3, 0>, ap_fixed<16, 6, 5, 3, 0>, relu_config3> 
INFO: [BIND 205-100] Starting micro-architecture generation ...
INFO: [BIND 205-101] Performing variable lifetime analysis.
INFO: [BIND 205-101] Exploring resource sharing.
INFO: [BIND 205-101] Binding ...
INFO: [BIND 205-100] Finished micro-architecture generation.
INFO: [HLS 200-111] Finished Binding: CPU user time: 0.02 seconds. CPU system time: 0 seconds. Elapsed time: 0.02 seconds; current allocated memory: 1.156 GB.
Execute         syn_report -verbosereport -o /home/ubuntu/hls4ml_tests/my_hls_prj/myproject_prj/solution1/.autopilot/db/relu_ap_fixed_37_17_5_3_0_ap_fixed_16_6_5_3_0_relu_config3_s.verbose.bind.rpt 
Execute           list_part -family xcvu47p-fsvh2892-2-e 
Execute             ap_family_info -name xcvu47p-fsvh2892-2-e -data names 
Execute             ap_part_info -quiet -name xcvu47p-fsvh2892-2-e -data family 
Execute         db_write -o /home/ubuntu/hls4ml_tests/my_hls_prj/myproject_prj/solution1/.autopilot/db/relu_ap_fixed_37_17_5_3_0_ap_fixed_16_6_5_3_0_relu_config3_s.bind.adb -f 
INFO-FLOW: Finish binding relu<ap_fixed<37, 17, 5, 3, 0>, ap_fixed<16, 6, 5, 3, 0>, relu_config3>.
INFO: [HLS 200-10] ----------------------------------------------------------------
INFO: [HLS 200-42] -- Implementing module 'dense_latency_ap_fixed_16_6_5_3_0_ap_fixed_36_16_5_3_0_config4_s' 
INFO: [HLS 200-10] ----------------------------------------------------------------
Execute         set_default_model dense_latency<ap_fixed<16, 6, 5, 3, 0>, ap_fixed<36, 16, 5, 3, 0>, config4> 
Execute         schedule -model dense_latency<ap_fixed<16, 6, 5, 3, 0>, ap_fixed<36, 16, 5, 3, 0>, config4> 
INFO: [SCHED 204-11] Starting scheduling ...
INFO: [SCHED 204-61] Pipelining function 'dense_latency<ap_fixed<16, 6, 5, 3, 0>, ap_fixed<36, 16, 5, 3, 0>, config4>'.
INFO: [HLS 200-1470] Pipelining result : Target II = NA, Final II = 1, Depth = 2, function 'dense_latency<ap_fixed<16, 6, 5, 3, 0>, ap_fixed<36, 16, 5, 3, 0>, config4>'
INFO: [SCHED 204-11] Finished scheduling.
Command         schedule done; 0.18 sec.
INFO: [HLS 200-111] Finished Scheduling: CPU user time: 0.19 seconds. CPU system time: 0 seconds. Elapsed time: 0.2 seconds; current allocated memory: 1.156 GB.
Execute         syn_report -verbosereport -o /home/ubuntu/hls4ml_tests/my_hls_prj/myproject_prj/solution1/.autopilot/db/dense_latency_ap_fixed_16_6_5_3_0_ap_fixed_36_16_5_3_0_config4_s.verbose.sched.rpt 
Execute           list_part -family xcvu47p-fsvh2892-2-e 
Execute             ap_family_info -name xcvu47p-fsvh2892-2-e -data names 
Execute             ap_part_info -quiet -name xcvu47p-fsvh2892-2-e -data family 
Execute         db_write -o /home/ubuntu/hls4ml_tests/my_hls_prj/myproject_prj/solution1/.autopilot/db/dense_latency_ap_fixed_16_6_5_3_0_ap_fixed_36_16_5_3_0_config4_s.sched.adb -f 
INFO-FLOW: Finish scheduling dense_latency<ap_fixed<16, 6, 5, 3, 0>, ap_fixed<36, 16, 5, 3, 0>, config4>.
Execute         set_default_model dense_latency<ap_fixed<16, 6, 5, 3, 0>, ap_fixed<36, 16, 5, 3, 0>, config4> 
Execute         bind -model dense_latency<ap_fixed<16, 6, 5, 3, 0>, ap_fixed<36, 16, 5, 3, 0>, config4> 
INFO: [BIND 205-100] Starting micro-architecture generation ...
INFO: [BIND 205-101] Performing variable lifetime analysis.
INFO: [BIND 205-101] Exploring resource sharing.
INFO: [BIND 205-101] Binding ...
INFO: [BIND 205-100] Starting global binding ...
INFO: [BIND 205-100] Finished micro-architecture generation.
INFO: [HLS 200-111] Finished Binding: CPU user time: 0.03 seconds. CPU system time: 0.01 seconds. Elapsed time: 0.04 seconds; current allocated memory: 1.156 GB.
Execute         syn_report -verbosereport -o /home/ubuntu/hls4ml_tests/my_hls_prj/myproject_prj/solution1/.autopilot/db/dense_latency_ap_fixed_16_6_5_3_0_ap_fixed_36_16_5_3_0_config4_s.verbose.bind.rpt 
Execute           list_part -family xcvu47p-fsvh2892-2-e 
Execute             ap_family_info -name xcvu47p-fsvh2892-2-e -data names 
Execute             ap_part_info -quiet -name xcvu47p-fsvh2892-2-e -data family 
Execute         db_write -o /home/ubuntu/hls4ml_tests/my_hls_prj/myproject_prj/solution1/.autopilot/db/dense_latency_ap_fixed_16_6_5_3_0_ap_fixed_36_16_5_3_0_config4_s.bind.adb -f 
INFO-FLOW: Finish binding dense_latency<ap_fixed<16, 6, 5, 3, 0>, ap_fixed<36, 16, 5, 3, 0>, config4>.
INFO: [HLS 200-10] ----------------------------------------------------------------
INFO: [HLS 200-42] -- Implementing module 'init_exp_table_ap_fixed_36_16_5_3_0_softmax_config5_s' 
INFO: [HLS 200-10] ----------------------------------------------------------------
Execute         set_default_model init_exp_table<ap_fixed<36, 16, 5, 3, 0>, softmax_config5> 
Execute         schedule -model init_exp_table<ap_fixed<36, 16, 5, 3, 0>, softmax_config5> 
INFO-FLOW: Workspace /home/ubuntu/hls4ml_tests/my_hls_prj/myproject_prj/solution1 opened at Mon Sep 22 17:27:03 UTC 2025
Execute       ap_set_clock -name default -period 5 -unit ns -default=false 
INFO: [SYN 201-201] Setting up clock 'default' with a period of 5ns.
Execute       ap_set_clock -name default -uncertainty 1.35 -unit % 
INFO: [SYN 201-201] Setting up clock 'default' with an uncertainty of 1.35ns.
Execute       set_part xcvu47p-fsvh2892-2-e 
Execute         create_platform xcvu47p-fsvh2892-2-e -board  
DBG:HLSDevice: Trying to load device library: /opt/Xilinx/Vitis_HLS/2024.1/lib/lnx64.o/libxv_hlsvwrap.so
DBG:HLSDevice: first parts/arch.xml in RDI_DATADIR: /opt/Xilinx/Vivado/2024.1/data/parts/arch.xml
DBG:HLSDevice: init success
INFO: [HLS 200-1611] Setting target device to 'xcvu47p-fsvh2892-2-e'
Command         create_platform done; 0.37 sec.
Execute         source /opt/Xilinx/Vitis_HLS/2024.1/common/technology/xilinx/common/xilinx.gen 
Execute           source /opt/Xilinx/Vitis_HLS/2024.1/common/technology/xilinx/interface/plb46.gen 
Execute           source /opt/Xilinx/Vitis_HLS/2024.1/common/technology/xilinx/interface/axi4.gen 
Execute           source /opt/Xilinx/Vitis_HLS/2024.1/common/technology/xilinx/interface/nativeAXI4.gen 
Execute             source /opt/Xilinx/Vitis_HLS/2024.1/common/technology/xilinx/interface/saxilite.gen 
Execute           source /opt/Xilinx/Vitis_HLS/2024.1/common/technology/xilinx/scripts/xilinxcoregen.gen 
Execute           source /opt/Xilinx/Vitis_HLS/2024.1/common/technology/xilinx/interface/XilEDKCoreGen.gen 
Execute           source /opt/Xilinx/Vitis_HLS/2024.1/common/technology/xilinx/ip/util.gen 
Execute           source /opt/Xilinx/Vitis_HLS/2024.1/common/technology/xilinx/ip/xfft.gen 
Execute           source /opt/Xilinx/Vitis_HLS/2024.1/common/technology/xilinx/ip/dds_compiler.gen 
Execute           source /opt/Xilinx/Vitis_HLS/2024.1/common/technology/xilinx/ip/xfir.gen 
Execute           source /opt/Xilinx/Vitis_HLS/2024.1/common/technology/xilinx/DSP48/dsp48.gen 
Execute         ap_part_info -name xcvu47p-fsvh2892-2-e -data info 
Execute         config_compile -quiet -complex-mul-dsp=0 
Command       set_part done; 0.49 sec.
Execute       send_msg_by_id INFO @200-1505@%s%s  vivado 
INFO: [HLS 200-1505] Using flow_target 'vivado'
Execute       send_msg_by_id INFO @200-1464@%s config_compile -name_max_length=80 
INFO: [HLS 200-1464] Running solution command: config_compile -name_max_length=80
Execute       config_compile -name_max_length=80 
INFO: [XFORM 203-1161] The maximum of name length is set to 80.
Execute       send_msg_by_id INFO @200-1464@%s config_schedule -enable_dsp_full_reg=0 
INFO: [HLS 200-1464] Running solution command: config_schedule -enable_dsp_full_reg=0
Execute       config_schedule -enable_dsp_full_reg=0 
Command     open_solution done; 0.51 sec.
Execute     config_array_partition -maximum_size 4096 
INFO: [HLS 200-1510] Running: config_array_partition -maximum_size 4096 
ERROR: [HLS 200-101] config_array_partition: Unknown option '-maximum_size'.
ERROR: [HLS 200-101] config_array_partition: Unknown option '4096'.
Execute       ::HLS_INI_HELP::tclcmd2ininames config_array_partition
Command     config_array_partition done; error code: 1; 0.15 sec.
Execute     config_compile -name_max_length 80 
INFO: [HLS 200-1510] Running: config_compile -name_max_length 80 
INFO: [XFORM 203-1161] The maximum of name length is set to 80.
Execute     set_part xcvu47p-fsvh2892-2-e 
INFO: [HLS 200-1510] Running: set_part xcvu47p-fsvh2892-2-e 
Execute       create_platform xcvu47p-fsvh2892-2-e -board  
Command       create_platform done; 0.13 sec.
Execute       source /opt/Xilinx/Vitis_HLS/2024.1/common/technology/xilinx/common/xilinx.gen 
Execute         source /opt/Xilinx/Vitis_HLS/2024.1/common/technology/xilinx/interface/plb46.gen 
Execute         source /opt/Xilinx/Vitis_HLS/2024.1/common/technology/xilinx/interface/axi4.gen 
Execute         source /opt/Xilinx/Vitis_HLS/2024.1/common/technology/xilinx/interface/nativeAXI4.gen 
Execute           source /opt/Xilinx/Vitis_HLS/2024.1/common/technology/xilinx/interface/saxilite.gen 
Execute         source /opt/Xilinx/Vitis_HLS/2024.1/common/technology/xilinx/scripts/xilinxcoregen.gen 
Execute         source /opt/Xilinx/Vitis_HLS/2024.1/common/technology/xilinx/interface/XilEDKCoreGen.gen 
Execute         source /opt/Xilinx/Vitis_HLS/2024.1/common/technology/xilinx/ip/util.gen 
Execute         source /opt/Xilinx/Vitis_HLS/2024.1/common/technology/xilinx/ip/xfft.gen 
Execute         source /opt/Xilinx/Vitis_HLS/2024.1/common/technology/xilinx/ip/dds_compiler.gen 
Execute         source /opt/Xilinx/Vitis_HLS/2024.1/common/technology/xilinx/ip/xfir.gen 
Execute         source /opt/Xilinx/Vitis_HLS/2024.1/common/technology/xilinx/DSP48/dsp48.gen 
Command       ap_source done; 0.11 sec.
Execute       ap_part_info -name xcvu47p-fsvh2892-2-e -data info 
Execute       config_compile -quiet -complex-mul-dsp=0 
INFO: [XFORM 203-1161] The maximum of name length is set to 80.
Command     set_part done; 0.24 sec.
Execute     config_schedule -enable_dsp_full_reg=false 
INFO: [HLS 200-1510] Running: config_schedule -enable_dsp_full_reg=false 
Execute     create_clock -period 5 -name default 
INFO: [HLS 200-1510] Running: create_clock -period 5 -name default 
Execute     set_clock_uncertainty 27% default 
INFO: [HLS 200-1510] Running: set_clock_uncertainty 27% default 
Execute     csim_design 
INFO: [HLS 200-1510] Running: csim_design 
INFO-FLOW: Running SLX 'csim' proc: ::SLX::run_csim
INFO: [SIM 211-2] *************** CSIM start ***************
INFO: [SIM 211-4] CSIM will launch CLANG as the compiler.
Execute       source csim/.lst_opt.tcl 
Execute       send_msg_by_id INFO @200-2036@%s debug 
INFO: [HLS 200-2036] Building debug C Simulation binaries
Execute       source /opt/Xilinx/Vitis_HLS/2024.1/tps/tcl/tcllib1.11.1/yaml/huddle.tcl 
Execute       source /opt/Xilinx/Vitis_HLS/2024.1/tps/tcl/tcllib1.11.1/yaml/json2huddle.tcl 
Execute         source /opt/Xilinx/Vitis_HLS/2024.1/tps/tcl/tcllib1.11.1/try/try.tcl 
Execute       ap_part_info -name xcvu47p-fsvh2892-2-e -data info 
Execute       source run_sim.tcl 
Command       ap_source done; 0.34 sec.
INFO: [SIM 211-1] CSim done with 0 errors.
INFO: [SIM 211-3] *************** CSIM finish ***************
Command     csim_design done; 0.7 sec.
INFO: [HLS 200-2161] Finished Command csim_design Elapsed time: 00:00:00; Allocated memory: 0.000 MB.
Execute     csynth_design 
INFO: [HLS 200-1510] Running: csynth_design 
INFO-FLOW: Running SLX 'csynth' proc: ::SLX::run_csynth
Execute       elaborate -effort=medium -skip_syncheck=0 -keep_printf=0 -skip_cdt=0 -skip_transform=0 -ng=0 -g=0 -opt_fp=0 -from_csynth_design=1 
INFO: [HLS 200-111] Finished File checks and directory preparation: CPU user time: 0.1 seconds. CPU system time: 0.03 seconds. Elapsed time: 0.12 seconds; current allocated memory: 277.109 MB.
Execute         set_directive_top myproject -name=myproject 
INFO: [HLS 200-10] Analyzing design file 'firmware/myproject.cpp' ... 
INFO-FLOW: Compiling one TU...
INFO-FLOW: Handling firmware/myproject.cpp as C++
Execute         ap_part_info -name xcvu47p-fsvh2892-2-e -data info 
INFO-FLOW: Running: GCC PP 39
INFO-FLOW: Source preprocessing
INFO-FLOW: run_clang exec: /opt/Xilinx/Vitis_HLS/2024.1/lnx64/tools/clang-3.9-csynth/bin/clang firmware/myproject.cpp -foptimization-record-file=/home/ubuntu/hls4ml_tests/my_hls_prj/myproject_prj/solution1/.autopilot/db/myproject.cpp.clang.diag.yml -mllvm -pass-remarks-missed=reflow|pasta|unroll -mllvm -pass-remarks=reflow|pasta|unroll|inline -fno-limit-debug-info -gcc-toolchain /opt/Xilinx/Vitis_HLS/2024.1/tps/lnx64/gcc-8.3.0 -fhls -fno-exceptions -insert-hls-directive=/home/ubuntu/hls4ml_tests/my_hls_prj/myproject_prj/solution1/.autopilot/db/all.directive.json -E -std=c++0x -fno-math-errno -c -emit-llvm -mllvm -disable-llvm-optzns -Werror=implicit-function-declaration -Werror=implicit-hls-streams -Werror=return-type -Wpragmas -Wunused-parameter -Wdump-hls-pragmas -Wno-error=dump-hls-pragmas -hls-clock-period=5 -fno-threadsafe-statics -fno-use-cxa-atexit -target fpga64-xilinx-linux-gnu -fno-threadsafe-statics -fno-use-cxa-atexit -D__VITIS_HLS__ -DAESL_SYN -D__SYNTHESIS__ -D__HLS_SYN__ -I /opt/Xilinx/Vitis_HLS/2024.1/common/technology/autopilot -I /opt/Xilinx/Vitis_HLS/2024.1/common/technology/autopilot/ap_sysc -include etc/autopilot_ssdm_op.h -D__DSP48E2__ -I /usr/include/x86_64-linux-gnu -o /home/ubuntu/hls4ml_tests/my_hls_prj/myproject_prj/solution1/.autopilot/db/myproject.pp.0.cpp -hls-platform-db-name=/opt/Xilinx/Vitis_HLS/2024.1/common/technology/xilinx/common/platform.db -hls-platform-name=virtexuplus_medium -device-resource-info=BRAM_4032.000000_DSP_9024.000000_FF_2607360.000000_LUT_1303680.000000_SLICE_162960.000000_SLR_3.000000_URAM_960.000000 -device-name-info=xcvu47p-fsvh2892-2-e > /home/ubuntu/hls4ml_tests/my_hls_prj/myproject_prj/solution1/.autopilot/db/myproject.cpp.clang.out.log 2> /home/ubuntu/hls4ml_tests/my_hls_prj/myproject_prj/solution1/.autopilot/db/myproject.cpp.clang.err.log
INFO-FLOW: Done: GCC PP 39 time: 0.4 seconds per iteration
INFO-FLOW: Source syntax check for synthesis
INFO-FLOW: run_clang exec: /opt/Xilinx/Vitis_HLS/2024.1/lnx64/tools/clang-3.9-csynth/bin/clang -foptimization-record-file=/home/ubuntu/hls4ml_tests/my_hls_prj/myproject_prj/solution1/.autopilot/db/clang.diag.yml -mllvm -pass-remarks-missed=reflow|pasta|unroll -mllvm -pass-remarks=reflow|pasta|unroll|inline -fsyntax-only -fhls -target fpga64-xilinx-linux-gnu /home/ubuntu/hls4ml_tests/my_hls_prj/myproject_prj/solution1/.autopilot/db/myproject.pp.0.cpp -hls-platform-db-name=/opt/Xilinx/Vitis_HLS/2024.1/common/technology/xilinx/common/platform.db -hls-platform-name=virtexuplus_medium -device-resource-info=BRAM_4032.000000_DSP_9024.000000_FF_2607360.000000_LUT_1303680.000000_SLICE_162960.000000_SLR_3.000000_URAM_960.000000 -device-name-info=xcvu47p-fsvh2892-2-e > /home/ubuntu/hls4ml_tests/my_hls_prj/myproject_prj/solution1/.autopilot/db/clang.out.log 2> /home/ubuntu/hls4ml_tests/my_hls_prj/myproject_prj/solution1/.autopilot/db/clang.err.log
WARNING: [HLS 207-5538] 'Resource pragma' is deprecated, use 'bind_op/bind_storage pragma' instead (firmware/nnet_utils/nnet_dense_resource.h:33:9)
WARNING: [HLS 207-5538] 'Resource pragma' is deprecated, use 'bind_op/bind_storage pragma' instead (firmware/nnet_utils/nnet_dense_resource.h:107:9)
WARNING: [HLS 207-5538] 'Resource pragma' is deprecated, use 'bind_op/bind_storage pragma' instead (firmware/nnet_utils/nnet_dense_resource.h:189:9)
Execute         clang_tidy xilinx-systemc-detector -desc systemc-detector /home/ubuntu/hls4ml_tests/my_hls_prj/myproject_prj/solution1/.autopilot/db/myproject.pp.0.cpp std=c++0x -target fpga  -directive=/home/ubuntu/hls4ml_tests/my_hls_prj/myproject_prj/solution1/.autopilot/db/.systemc_flag 
INFO-FLOW: exec /opt/Xilinx/Vitis_HLS/2024.1/lnx64/tools/clang-3.9-csynth/bin/clang-tidy -header-filter=.* --checks=-*,xilinx-systemc-detector -import-directive=/home/ubuntu/hls4ml_tests/my_hls_prj/myproject_prj/solution1/.autopilot/db/.systemc_flag -fix-errors /home/ubuntu/hls4ml_tests/my_hls_prj/myproject_prj/solution1/.autopilot/db/myproject.pp.0.cpp -- -std=c++0x -target fpga -fhls -ferror-limit=0
Command         clang_tidy done; 1.43 sec.
INFO-FLOW: Running: clang-tidy CDT preprocess 39
Execute         clang_tidy xilinx-directive2pragma -desc directive2pragma /home/ubuntu/hls4ml_tests/my_hls_prj/myproject_prj/solution1/.autopilot/db/myproject.pp.0.cpp std=c++0x -target fpga  -directive=/home/ubuntu/hls4ml_tests/my_hls_prj/myproject_prj/solution1/.autopilot/db/all.directive.json 
INFO-FLOW: exec /opt/Xilinx/Vitis_HLS/2024.1/lnx64/tools/clang-3.9-csynth/bin/clang-tidy -header-filter=.* --checks=-*,xilinx-directive2pragma -import-directive=/home/ubuntu/hls4ml_tests/my_hls_prj/myproject_prj/solution1/.autopilot/db/all.directive.json -fix-errors /home/ubuntu/hls4ml_tests/my_hls_prj/myproject_prj/solution1/.autopilot/db/myproject.pp.0.cpp -- -std=c++0x -target fpga -fhls -ferror-limit=0
Command         clang_tidy done; 1.97 sec.
INFO-FLOW: Done: clang-tidy CDT preprocess 39 time: 2 seconds per iteration
INFO-FLOW: Calling xilinx-label-all-loops ... 
INFO-FLOW: Calling xilinx-aggregate-on-hls-vector ... 
Execute         clang_tidy -errorcheck -desc loop-label xilinx-label-all-loops,xilinx-aggregate-on-hls-vector,,xilinx-warn-mayneed-no-ctor-attribute /home/ubuntu/hls4ml_tests/my_hls_prj/myproject_prj/solution1/.autopilot/db/myproject.pp.0.cpp std=c++0x -target fpga  
INFO-FLOW: run_clang exec: /opt/Xilinx/Vitis_HLS/2024.1/lnx64/tools/clang-3.9-csynth/bin/clang-tidy -export-fixes=/home/ubuntu/hls4ml_tests/my_hls_prj/myproject_prj/solution1/.autopilot/db/myproject.pp.0.cpp.clang-tidy.loop-label.diag.yml -header-filter=.* --checks=-*,xilinx-label-all-loops,xilinx-aggregate-on-hls-vector,,xilinx-warn-mayneed-no-ctor-attribute -fix-errors /home/ubuntu/hls4ml_tests/my_hls_prj/myproject_prj/solution1/.autopilot/db/myproject.pp.0.cpp -- -std=c++0x -target fpga -fhls -ferror-limit=0 > /home/ubuntu/hls4ml_tests/my_hls_prj/myproject_prj/solution1/.autopilot/db/myproject.pp.0.cpp.clang-tidy.loop-label.out.log 2> /home/ubuntu/hls4ml_tests/my_hls_prj/myproject_prj/solution1/.autopilot/db/myproject.pp.0.cpp.clang-tidy.loop-label.err.log
Execute           source /opt/Xilinx/Vitis_HLS/2024.1/tps/tcl/tcllib1.11.1/yaml/yaml.tcl 
Command         clang_tidy done; 3.49 sec.
INFO-FLOW: run_clang exec: /opt/Xilinx/Vitis_HLS/2024.1/lnx64/tools/clang-3.9-csynth/bin/xilinx-dataflow-lawyer -export-fixes=/home/ubuntu/hls4ml_tests/my_hls_prj/myproject_prj/solution1/.autopilot/db/myproject.pp.0.cpp.xilinx-dataflow-lawyer.diag.yml /home/ubuntu/hls4ml_tests/my_hls_prj/myproject_prj/solution1/.autopilot/db/myproject.pp.0.cpp -- -std=c++0x -target fpga -fhls -ferror-limit=0 -fstrict-dataflow > /home/ubuntu/hls4ml_tests/my_hls_prj/myproject_prj/solution1/.autopilot/db/myproject.pp.0.cpp.xilinx-dataflow-lawyer.out.log 2> /home/ubuntu/hls4ml_tests/my_hls_prj/myproject_prj/solution1/.autopilot/db/myproject.pp.0.cpp.xilinx-dataflow-lawyer.err.log
Execute         ap_part_info -name xcvu47p-fsvh2892-2-e -data info 
INFO-FLOW: compiling source code to llvm bc
INFO-FLOW: run_clang exec: /opt/Xilinx/Vitis_HLS/2024.1/lnx64/tools/clang-3.9-csynth/bin/clang -foptimization-record-file=/home/ubuntu/hls4ml_tests/my_hls_prj/myproject_prj/solution1/.autopilot/db/myproject.pp.0.cpp.clang.diag.yml -mllvm -pass-remarks-missed=reflow|pasta|unroll -mllvm -pass-remarks=reflow|pasta|unroll|inline -fno-limit-debug-info -fhls -flto -fno-exceptions -Wno-error=c++11-narrowing -hls-emit-hint-scope /home/ubuntu/hls4ml_tests/my_hls_prj/myproject_prj/solution1/.autopilot/db/myproject.pp.0.cpp -std=c++0x -fno-math-errno -c -emit-llvm -mllvm -disable-llvm-optzns -Werror=implicit-function-declaration -Werror=implicit-hls-streams -Werror=return-type -Wpragmas -Wunused-parameter -Wdump-hls-pragmas -Wno-error=dump-hls-pragmas -hls-clock-period=5 -fno-threadsafe-statics -fno-use-cxa-atexit -target fpga64-xilinx-linux-gnu -D__VITIS_HLS__ -DAESL_SYN -D__SYNTHESIS__ -D__HLS_SYN__ -I /opt/Xilinx/Vitis_HLS/2024.1/common/technology/autopilot -I /opt/Xilinx/Vitis_HLS/2024.1/common/technology/autopilot/ap_sysc -include etc/autopilot_ssdm_op.h -D__DSP48E2__ -g -o /home/ubuntu/hls4ml_tests/my_hls_prj/myproject_prj/solution1/.autopilot/db/myproject.bc -hls-platform-db-name=/opt/Xilinx/Vitis_HLS/2024.1/common/technology/xilinx/common/platform.db -hls-platform-name=virtexuplus_medium -device-resource-info=BRAM_4032.000000_DSP_9024.000000_FF_2607360.000000_LUT_1303680.000000_SLICE_162960.000000_SLR_3.000000_URAM_960.000000 -device-name-info=xcvu47p-fsvh2892-2-e > /home/ubuntu/hls4ml_tests/my_hls_prj/myproject_prj/solution1/.autopilot/db/myproject.pp.0.cpp.clang.out.log 2> /home/ubuntu/hls4ml_tests/my_hls_prj/myproject_prj/solution1/.autopilot/db/myproject.pp.0.cpp.clang.err.log
WARNING: [HLS 207-5292] unused parameter 'keep' (firmware/nnet_utils/nnet_helpers.h:285:99)
WARNING: [HLS 207-5292] unused parameter 'data' (firmware/nnet_utils/nnet_function_stubs.h:14:36)
WARNING: [HLS 207-5292] unused parameter 'buffer' (firmware/nnet_utils/nnet_function_stubs.h:15:36)
WARNING: [HLS 207-5292] unused parameter 'partition' (firmware/nnet_utils/nnet_function_stubs.h:16:44)
WARNING: [HLS 207-5292] unused parameter 'data' (firmware/nnet_utils/nnet_function_stubs.h:24:24)
WARNING: [HLS 207-5292] unused parameter 'buffer' (firmware/nnet_utils/nnet_function_stubs.h:25:24)
WARNING: [HLS 207-5292] unused parameter 'partition' (firmware/nnet_utils/nnet_function_stubs.h:26:32)
WARNING: [HLS 207-5292] unused parameter 'data' (firmware/nnet_utils/nnet_function_stubs.h:33:30)
WARNING: [HLS 207-5292] unused parameter 'res' (firmware/nnet_utils/nnet_function_stubs.h:33:58)
WARNING: [HLS 207-5292] unused parameter 'weights' (firmware/nnet_utils/nnet_function_stubs.h:34:51)
WARNING: [HLS 207-5292] unused parameter 'biases' (firmware/nnet_utils/nnet_function_stubs.h:35:49)
WARNING: [HLS 207-5292] unused parameter 'data' (firmware/nnet_utils/nnet_function_stubs.h:42:29)
WARNING: [HLS 207-5292] unused parameter 'res' (firmware/nnet_utils/nnet_function_stubs.h:42:80)
WARNING: [HLS 207-5292] unused parameter 'weights' (firmware/nnet_utils/nnet_function_stubs.h:43:50)
WARNING: [HLS 207-5292] unused parameter 'biases' (firmware/nnet_utils/nnet_function_stubs.h:44:48)
WARNING: [HLS 207-5292] unused parameter 'data' (firmware/nnet_utils/nnet_code_gen.h:16:39)
WARNING: [HLS 207-5292] unused parameter 'res' (firmware/nnet_utils/nnet_code_gen.h:17:38)
WARNING: [HLS 207-5292] unused parameter 'weights' (firmware/nnet_utils/nnet_code_gen.h:18:60)
WARNING: [HLS 207-5292] unused parameter 'biases' (firmware/nnet_utils/nnet_code_gen.h:19:58)
INFO: [HLS 200-111] Finished Source Code Analysis and Preprocessing: CPU user time: 11.45 seconds. CPU system time: 0.96 seconds. Elapsed time: 12.41 seconds; current allocated memory: 282.816 MB.
INFO-FLOW: Linking Debug ...
INFO-FLOW: Linking dut bc code.
Execute         run_link_or_opt -out /home/ubuntu/hls4ml_tests/my_hls_prj/myproject_prj/solution1/.autopilot/db/a.g.ld.0.bc -args  "/home/ubuntu/hls4ml_tests/my_hls_prj/myproject_prj/solution1/.autopilot/db/myproject.g.bc"  
INFO-FLOW: run_clang exec: /opt/Xilinx/Vitis_HLS/2024.1/lnx64/tools/clang-3.9-csynth/bin/llvm-link /home/ubuntu/hls4ml_tests/my_hls_prj/myproject_prj/solution1/.autopilot/db/myproject.g.bc -o /home/ubuntu/hls4ml_tests/my_hls_prj/myproject_prj/solution1/.autopilot/db/a.g.ld.0.bc > /home/ubuntu/hls4ml_tests/my_hls_prj/myproject_prj/solution1/.autopilot/db/a.g.ld.0.bc.llvm-link.out.log 2> /home/ubuntu/hls4ml_tests/my_hls_prj/myproject_prj/solution1/.autopilot/db/a.g.ld.0.bc.llvm-link.err.log
INFO-FLOW: 
Execute         run_link_or_opt -opt -out /home/ubuntu/hls4ml_tests/my_hls_prj/myproject_prj/solution1/.autopilot/db/a.g.ld.1.lower.bc -args /home/ubuntu/hls4ml_tests/my_hls_prj/myproject_prj/solution1/.autopilot/db/a.g.ld.0.bc -reflow-lower-math-intrinsics 
INFO-FLOW: run_clang exec: /opt/Xilinx/Vitis_HLS/2024.1/lnx64/tools/clang-3.9-csynth/bin/opt -pass-remarks-missed=reflow|pasta|unroll -pass-remarks=reflow|pasta|unroll|inline -pass-remarks-output=/home/ubuntu/hls4ml_tests/my_hls_prj/myproject_prj/solution1/.autopilot/db/a.g.ld.1.lower.bc.opt.diag.yml /home/ubuntu/hls4ml_tests/my_hls_prj/myproject_prj/solution1/.autopilot/db/a.g.ld.0.bc -reflow-lower-math-intrinsics -o /home/ubuntu/hls4ml_tests/my_hls_prj/myproject_prj/solution1/.autopilot/db/a.g.ld.1.lower.bc > /home/ubuntu/hls4ml_tests/my_hls_prj/myproject_prj/solution1/.autopilot/db/a.g.ld.1.lower.bc.opt.out.log 2> /home/ubuntu/hls4ml_tests/my_hls_prj/myproject_prj/solution1/.autopilot/db/a.g.ld.1.lower.bc.opt.err.log
INFO-FLOW: 
INFO-FLOW: Running: gen_design_size_report post-opt
INFO-FLOW: Done: gen_design_size_report post-opt time: 0 seconds per iteration
INFO-FLOW: Linking math bc lib
Execute         run_link_or_opt -out /home/ubuntu/hls4ml_tests/my_hls_prj/myproject_prj/solution1/.autopilot/db/a.g.ld.2.m1.bc -args /home/ubuntu/hls4ml_tests/my_hls_prj/myproject_prj/solution1/.autopilot/db/a.g.ld.1.lower.bc -only-needed /opt/Xilinx/Vitis_HLS/2024.1/lnx64/lib/libhlsm_39.bc /opt/Xilinx/Vitis_HLS/2024.1/lnx64/lib/libhlsmc++_39.bc 
INFO-FLOW: run_clang exec: /opt/Xilinx/Vitis_HLS/2024.1/lnx64/tools/clang-3.9-csynth/bin/llvm-link /home/ubuntu/hls4ml_tests/my_hls_prj/myproject_prj/solution1/.autopilot/db/a.g.ld.1.lower.bc -only-needed /opt/Xilinx/Vitis_HLS/2024.1/lnx64/lib/libhlsm_39.bc /opt/Xilinx/Vitis_HLS/2024.1/lnx64/lib/libhlsmc++_39.bc -o /home/ubuntu/hls4ml_tests/my_hls_prj/myproject_prj/solution1/.autopilot/db/a.g.ld.2.m1.bc > /home/ubuntu/hls4ml_tests/my_hls_prj/myproject_prj/solution1/.autopilot/db/a.g.ld.2.m1.bc.llvm-link.out.log 2> /home/ubuntu/hls4ml_tests/my_hls_prj/myproject_prj/solution1/.autopilot/db/a.g.ld.2.m1.bc.llvm-link.err.log
INFO-FLOW: 
Command         run_link_or_opt done; 1.9 sec.
Execute         run_link_or_opt -opt -out /home/ubuntu/hls4ml_tests/my_hls_prj/myproject_prj/solution1/.autopilot/db/a.g.ld.3.fpc.bc -args /home/ubuntu/hls4ml_tests/my_hls_prj/myproject_prj/solution1/.autopilot/db/a.g.ld.2.m1.bc -reflow-globaldce -hls-top-function-name=myproject -reflow-float-conversion 
INFO-FLOW: run_clang exec: /opt/Xilinx/Vitis_HLS/2024.1/lnx64/tools/clang-3.9-csynth/bin/opt -pass-remarks-missed=reflow|pasta|unroll -pass-remarks=reflow|pasta|unroll|inline -pass-remarks-output=/home/ubuntu/hls4ml_tests/my_hls_prj/myproject_prj/solution1/.autopilot/db/a.g.ld.3.fpc.bc.opt.diag.yml /home/ubuntu/hls4ml_tests/my_hls_prj/myproject_prj/solution1/.autopilot/db/a.g.ld.2.m1.bc -reflow-globaldce -hls-top-function-name=myproject -reflow-float-conversion -o /home/ubuntu/hls4ml_tests/my_hls_prj/myproject_prj/solution1/.autopilot/db/a.g.ld.3.fpc.bc > /home/ubuntu/hls4ml_tests/my_hls_prj/myproject_prj/solution1/.autopilot/db/a.g.ld.3.fpc.bc.opt.out.log 2> /home/ubuntu/hls4ml_tests/my_hls_prj/myproject_prj/solution1/.autopilot/db/a.g.ld.3.fpc.bc.opt.err.log
INFO-FLOW: 
INFO-FLOW: Running: gen_design_size_report post-opt
INFO-FLOW: Done: gen_design_size_report post-opt time: 0 seconds per iteration
Command         run_link_or_opt done; 0.82 sec.
Execute         run_link_or_opt -out /home/ubuntu/hls4ml_tests/my_hls_prj/myproject_prj/solution1/.autopilot/db/a.g.ld.4.m2.bc -args /home/ubuntu/hls4ml_tests/my_hls_prj/myproject_prj/solution1/.autopilot/db/a.g.ld.3.fpc.bc -only-needed /opt/Xilinx/Vitis_HLS/2024.1/lnx64/lib/libfloatconversion_39.bc 
INFO-FLOW: run_clang exec: /opt/Xilinx/Vitis_HLS/2024.1/lnx64/tools/clang-3.9-csynth/bin/llvm-link /home/ubuntu/hls4ml_tests/my_hls_prj/myproject_prj/solution1/.autopilot/db/a.g.ld.3.fpc.bc -only-needed /opt/Xilinx/Vitis_HLS/2024.1/lnx64/lib/libfloatconversion_39.bc -o /home/ubuntu/hls4ml_tests/my_hls_prj/myproject_prj/solution1/.autopilot/db/a.g.ld.4.m2.bc > /home/ubuntu/hls4ml_tests/my_hls_prj/myproject_prj/solution1/.autopilot/db/a.g.ld.4.m2.bc.llvm-link.out.log 2> /home/ubuntu/hls4ml_tests/my_hls_prj/myproject_prj/solution1/.autopilot/db/a.g.ld.4.m2.bc.llvm-link.err.log
INFO-FLOW: 
Execute         run_link_or_opt -opt -out /home/ubuntu/hls4ml_tests/my_hls_prj/myproject_prj/solution1/.autopilot/db/a.g.ld.5.gdce.bc -args /home/ubuntu/hls4ml_tests/my_hls_prj/myproject_prj/solution1/.autopilot/db/a.g.ld.4.m2.bc -reflow-globaldce -hls-top-function-name=myproject 
INFO-FLOW: run_clang exec: /opt/Xilinx/Vitis_HLS/2024.1/lnx64/tools/clang-3.9-csynth/bin/opt -pass-remarks-missed=reflow|pasta|unroll -pass-remarks=reflow|pasta|unroll|inline -pass-remarks-output=/home/ubuntu/hls4ml_tests/my_hls_prj/myproject_prj/solution1/.autopilot/db/a.g.ld.5.gdce.bc.opt.diag.yml /home/ubuntu/hls4ml_tests/my_hls_prj/myproject_prj/solution1/.autopilot/db/a.g.ld.4.m2.bc -reflow-globaldce -hls-top-function-name=myproject -o /home/ubuntu/hls4ml_tests/my_hls_prj/myproject_prj/solution1/.autopilot/db/a.g.ld.5.gdce.bc > /home/ubuntu/hls4ml_tests/my_hls_prj/myproject_prj/solution1/.autopilot/db/a.g.ld.5.gdce.bc.opt.out.log 2> /home/ubuntu/hls4ml_tests/my_hls_prj/myproject_prj/solution1/.autopilot/db/a.g.ld.5.gdce.bc.opt.err.log
INFO-FLOW: 
INFO-FLOW: Running: gen_design_size_report post-opt
INFO-FLOW: Done: gen_design_size_report post-opt time: 0 seconds per iteration
Execute         send_msg_by_id INFO @200-777@%s Vivado 
INFO: [HLS 200-777] Using interface defaults for 'Vivado' flow target.
Execute         is_m_axi_addr64 
INFO-FLOW: Doing LTO.
INFO-FLOW: run_clang (background poll_ms 5000) exec: /opt/Xilinx/Vitis_HLS/2024.1/lnx64/tools/clang-3.9-csynth/bin/clang -foptimization-record-file=/home/ubuntu/hls4ml_tests/my_hls_prj/myproject_prj/solution1/.autopilot/db/a.g.ld.0.bc.clang.reflow.diag.yml -mllvm -pass-remarks-missed=reflow|pasta|unroll -mllvm -pass-remarks=reflow|pasta|unroll|inline -fhls -mllvm -hls-top-function-name=myproject -mllvm -hls-db-dir -mllvm /home/ubuntu/hls4ml_tests/my_hls_prj/myproject_prj/solution1/.autopilot/db -emit-llvm -c -target fpga64-xilinx-none -mllvm -xcl-xmlinfo=/home/ubuntu/hls4ml_tests/my_hls_prj/myproject_prj/solution1/.autopilot/db/kernel.internal.xml -mllvm -top-io-mapping-info=/home/ubuntu/hls4ml_tests/my_hls_prj/myproject_prj/solution1/.autopilot/db/top-io-fe.xml -mllvm -hls-bitcode-version=3.1 -mllvm -reflow-enable-slave-interface-default-setting=true -mllvm -gen-kernel-xml=false -mllvm -default-maxi-offset=slave -mllvm -maxi-latency=0 -mllvm -hls-maxi-data-size-in-bits=8 -mllvm -hls-maxi-max-data-size-in-bits=1024 -mllvm -hls-max-widen-size-in-bits=0 -mllvm -xcl-kernel-max-mem-ports=0 -mllvm -maxi-read-trans=16 -mllvm -maxi-write-trans=16 -mllvm -maxi-read-burst-len=16 -mllvm -maxi-write-burst-len=16 -mllvm -reflow-enable-saxi-64bits=0 -mllvm -reflow-basic-block-instr-threshold=200000 -mllvm -reflow-auto-pipeline-threshold=64 -mllvm -reflow-enable-maxi-auto-id-channel=0 -mllvm -enable-fp-thr=0 -mllvm -reflow-bdd-simplify-threshold=1048576 -mllvm -reflow-fanout-threshold=16 -mllvm -reflow-complete-threshold=4 -mllvm -reflow-array-promotion-threshold=64 -mllvm -assume-maxi-align=1 -mllvm -reflow-enable-dataflow-strict-mode-checking=1 -ftime-report -mllvm -time-passes -mllvm -reflow-auto-array-partition-mode=default -mllvm -reflow-enable-auto-small-array-partition=true -mllvm -reflow-enable-auto-array-partition-for-flatten=true -mllvm -reflow-enable-auto-parallel-performance-driven=true -mllvm -reflow-enable-partition-for-automation=true -mllvm -reflow-aggregate-bitwidth-threshold=4096 -mllvm -reflow-reserved-saxilite-registers=0 -mllvm -enable-reflow-auto-loop-pipeline -mllvm -reflow-max-unroll-threshold=409600 -mllvm -auto-unroll-tripcount-threshold=0 -mllvm -reflow-assume-no-address-wrap=true -mllvm -reflow-enable-occurrence-inference=true -mllvm -reflow-emit-hint-scope=true -mllvm -reflow-enable-codegen-with-if=true -mllvm -hls -mllvm -disable-inlined-alloca-merging=true -mllvm -default-clock-period=5 -mllvm -use_read_first_ram_in_loop=1 -mllvm -default-clock-uncertainty=1.35 -x ir /home/ubuntu/hls4ml_tests/my_hls_prj/myproject_prj/solution1/.autopilot/db/a.g.ld.5.gdce.bc -o /home/ubuntu/hls4ml_tests/my_hls_prj/myproject_prj/solution1/.autopilot/db/a.g.lto.bc -hls-platform-db-name=/opt/Xilinx/Vitis_HLS/2024.1/common/technology/xilinx/common/platform.db -hls-platform-name=virtexuplus_medium -device-resource-info=BRAM_4032.000000_DSP_9024.000000_FF_2607360.000000_LUT_1303680.000000_SLICE_162960.000000_SLR_3.000000_URAM_960.000000 -device-name-info=xcvu47p-fsvh2892-2-e 2> /home/ubuntu/hls4ml_tests/my_hls_prj/myproject_prj/solution1/.autopilot/db/a.g.ld.0.bc.clang.reflow.err.log bg_poll_cmd: ::AP::poll_clang_39_closed_source
Execute         send_msg_by_id INFO @200-1995@%s%s%s 6,341 Compile/Link /home/ubuntu/hls4ml_tests/my_hls_prj/myproject_prj/solution1/syn/report/csynth_design_size.rpt 
INFO: [HLS 200-1995] There were 6,341 instructions in the design after the 'Compile/Link' phase of compilation. See the Design Size Report for more details: /home/ubuntu/hls4ml_tests/my_hls_prj/myproject_prj/solution1/syn/report/csynth_design_size.rpt
Execute         send_msg_by_id WARNING @200-1995@%s%s%s 343,445 Unroll/Inline (step 1) /home/ubuntu/hls4ml_tests/my_hls_prj/myproject_prj/solution1/syn/report/csynth_design_size.rpt 
WARNING: [HLS 200-1995] There were 343,445 instructions in the design after the 'Unroll/Inline (step 1)' phase of compilation. See the Design Size Report for more details: /home/ubuntu/hls4ml_tests/my_hls_prj/myproject_prj/solution1/syn/report/csynth_design_size.rpt
Execute         send_msg_by_id WARNING @200-1995@%s%s%s 244,000 Unroll/Inline (step 2) /home/ubuntu/hls4ml_tests/my_hls_prj/myproject_prj/solution1/syn/report/csynth_design_size.rpt 
WARNING: [HLS 200-1995] There were 244,000 instructions in the design after the 'Unroll/Inline (step 2)' phase of compilation. See the Design Size Report for more details: /home/ubuntu/hls4ml_tests/my_hls_prj/myproject_prj/solution1/syn/report/csynth_design_size.rpt
Execute         send_msg_by_id WARNING @200-1995@%s%s%s 237,767 Unroll/Inline (step 3) /home/ubuntu/hls4ml_tests/my_hls_prj/myproject_prj/solution1/syn/report/csynth_design_size.rpt 
WARNING: [HLS 200-1995] There were 237,767 instructions in the design after the 'Unroll/Inline (step 3)' phase of compilation. See the Design Size Report for more details: /home/ubuntu/hls4ml_tests/my_hls_prj/myproject_prj/solution1/syn/report/csynth_design_size.rpt
Execute         send_msg_by_id WARNING @200-1995@%s%s%s 217,157 Unroll/Inline (step 4) /home/ubuntu/hls4ml_tests/my_hls_prj/myproject_prj/solution1/syn/report/csynth_design_size.rpt 
WARNING: [HLS 200-1995] There were 217,157 instructions in the design after the 'Unroll/Inline (step 4)' phase of compilation. See the Design Size Report for more details: /home/ubuntu/hls4ml_tests/my_hls_prj/myproject_prj/solution1/syn/report/csynth_design_size.rpt
Execute         send_msg_by_id WARNING @200-1995@%s%s%s 215,049 Array/Struct /home/ubuntu/hls4ml_tests/my_hls_prj/myproject_prj/solution1/syn/report/csynth_design_size.rpt 
WARNING: [HLS 200-1995] There were 215,049 instructions in the design after the 'Array/Struct' phase of compilation. See the Design Size Report for more details: /home/ubuntu/hls4ml_tests/my_hls_prj/myproject_prj/solution1/syn/report/csynth_design_size.rpt
Execute         send_msg_by_id WARNING @200-1995@%s%s%s 215,049 Array/Struct (step 2) /home/ubuntu/hls4ml_tests/my_hls_prj/myproject_prj/solution1/syn/report/csynth_design_size.rpt 
WARNING: [HLS 200-1995] There were 215,049 instructions in the design after the 'Array/Struct (step 2)' phase of compilation. See the Design Size Report for more details: /home/ubuntu/hls4ml_tests/my_hls_prj/myproject_prj/solution1/syn/report/csynth_design_size.rpt
Execute         send_msg_by_id WARNING @200-1995@%s%s%s 215,049 Array/Struct (step 3) /home/ubuntu/hls4ml_tests/my_hls_prj/myproject_prj/solution1/syn/report/csynth_design_size.rpt 
WARNING: [HLS 200-1995] There were 215,049 instructions in the design after the 'Array/Struct (step 3)' phase of compilation. See the Design Size Report for more details: /home/ubuntu/hls4ml_tests/my_hls_prj/myproject_prj/solution1/syn/report/csynth_design_size.rpt
Execute         send_msg_by_id WARNING @200-1995@%s%s%s 215,081 Array/Struct (step 4) /home/ubuntu/hls4ml_tests/my_hls_prj/myproject_prj/solution1/syn/report/csynth_design_size.rpt 
WARNING: [HLS 200-1995] There were 215,081 instructions in the design after the 'Array/Struct (step 4)' phase of compilation. See the Design Size Report for more details: /home/ubuntu/hls4ml_tests/my_hls_prj/myproject_prj/solution1/syn/report/csynth_design_size.rpt
Execute         send_msg_by_id WARNING @200-1995@%s%s%s 215,033 Array/Struct (step 5) /home/ubuntu/hls4ml_tests/my_hls_prj/myproject_prj/solution1/syn/report/csynth_design_size.rpt 
WARNING: [HLS 200-1995] There were 215,033 instructions in the design after the 'Array/Struct (step 5)' phase of compilation. See the Design Size Report for more details: /home/ubuntu/hls4ml_tests/my_hls_prj/myproject_prj/solution1/syn/report/csynth_design_size.rpt
Execute         send_msg_by_id WARNING @200-1995@%s%s%s 215,033 Performance /home/ubuntu/hls4ml_tests/my_hls_prj/myproject_prj/solution1/syn/report/csynth_design_size.rpt 
WARNING: [HLS 200-1995] There were 215,033 instructions in the design after the 'Performance' phase of compilation. See the Design Size Report for more details: /home/ubuntu/hls4ml_tests/my_hls_prj/myproject_prj/solution1/syn/report/csynth_design_size.rpt
Execute         send_msg_by_id WARNING @200-1995@%s%s%s 215,033 Performance (step 2) /home/ubuntu/hls4ml_tests/my_hls_prj/myproject_prj/solution1/syn/report/csynth_design_size.rpt 
WARNING: [HLS 200-1995] There were 215,033 instructions in the design after the 'Performance (step 2)' phase of compilation. See the Design Size Report for more details: /home/ubuntu/hls4ml_tests/my_hls_prj/myproject_prj/solution1/syn/report/csynth_design_size.rpt
Execute         send_msg_by_id WARNING @200-1995@%s%s%s 215,033 Performance (step 3) /home/ubuntu/hls4ml_tests/my_hls_prj/myproject_prj/solution1/syn/report/csynth_design_size.rpt 
WARNING: [HLS 200-1995] There were 215,033 instructions in the design after the 'Performance (step 3)' phase of compilation. See the Design Size Report for more details: /home/ubuntu/hls4ml_tests/my_hls_prj/myproject_prj/solution1/syn/report/csynth_design_size.rpt
Execute         send_msg_by_id WARNING @200-1995@%s%s%s 215,033 Performance (step 4) /home/ubuntu/hls4ml_tests/my_hls_prj/myproject_prj/solution1/syn/report/csynth_design_size.rpt 
WARNING: [HLS 200-1995] There were 215,033 instructions in the design after the 'Performance (step 4)' phase of compilation. See the Design Size Report for more details: /home/ubuntu/hls4ml_tests/my_hls_prj/myproject_prj/solution1/syn/report/csynth_design_size.rpt
Execute         send_msg_by_id WARNING @200-1995@%s%s%s 215,038 HW Transforms /home/ubuntu/hls4ml_tests/my_hls_prj/myproject_prj/solution1/syn/report/csynth_design_size.rpt 
WARNING: [HLS 200-1995] There were 215,038 instructions in the design after the 'HW Transforms' phase of compilation. See the Design Size Report for more details: /home/ubuntu/hls4ml_tests/my_hls_prj/myproject_prj/solution1/syn/report/csynth_design_size.rpt
Execute         send_msg_by_id WARNING @200-1995@%s%s%s 215,044 HW Transforms (step 2) /home/ubuntu/hls4ml_tests/my_hls_prj/myproject_prj/solution1/syn/report/csynth_design_size.rpt 
WARNING: [HLS 200-1995] There were 215,044 instructions in the design after the 'HW Transforms (step 2)' phase of compilation. See the Design Size Report for more details: /home/ubuntu/hls4ml_tests/my_hls_prj/myproject_prj/solution1/syn/report/csynth_design_size.rpt
INFO: [HLS 214-131] Inlining function 'nnet::product::mult<ap_fixed<16, 6, (ap_q_mode)5, (ap_o_mode)3, 0>, ap_fixed<16, 6, (ap_q_mode)5, (ap_o_mode)3, 0> >::product(ap_fixed<16, 6, (ap_q_mode)5, (ap_o_mode)3, 0>, ap_fixed<16, 6, (ap_q_mode)5, (ap_o_mode)3, 0>)' into 'void nnet::dense_latency<ap_fixed<16, 6, (ap_q_mode)5, (ap_o_mode)3, 0>, ap_fixed<37, 17, (ap_q_mode)5, (ap_o_mode)3, 0>, config2>(ap_fixed<16, 6, (ap_q_mode)5, (ap_o_mode)3, 0>*, ap_fixed<37, 17, (ap_q_mode)5, (ap_o_mode)3, 0>*, config2::weight_t*, config2::bias_t*)' (firmware/nnet_utils/nnet_dense_latency.h:42:27)
INFO: [HLS 214-131] Inlining function 'nnet::DenseLatency<ap_fixed<16, 6, (ap_q_mode)5, (ap_o_mode)3, 0>, ap_fixed<37, 17, (ap_q_mode)5, (ap_o_mode)3, 0>, config2>::dense(ap_fixed<16, 6, (ap_q_mode)5, (ap_o_mode)3, 0>*, ap_fixed<37, 17, (ap_q_mode)5, (ap_o_mode)3, 0>*, ap_fixed<16, 6, (ap_q_mode)5, (ap_o_mode)3, 0>*, ap_fixed<16, 6, (ap_q_mode)5, (ap_o_mode)3, 0>*)' into 'void nnet::dense<ap_fixed<16, 6, (ap_q_mode)5, (ap_o_mode)3, 0>, ap_fixed<37, 17, (ap_q_mode)5, (ap_o_mode)3, 0>, config2>(ap_fixed<16, 6, (ap_q_mode)5, (ap_o_mode)3, 0>*, ap_fixed<37, 17, (ap_q_mode)5, (ap_o_mode)3, 0>*, config2::weight_t*, config2::bias_t*)' (firmware/nnet_utils/nnet_dense.h:45:2)
INFO: [HLS 214-131] Inlining function 'nnet::product::mult<ap_fixed<16, 6, (ap_q_mode)5, (ap_o_mode)3, 0>, ap_fixed<16, 6, (ap_q_mode)5, (ap_o_mode)3, 0> >::product(ap_fixed<16, 6, (ap_q_mode)5, (ap_o_mode)3, 0>, ap_fixed<16, 6, (ap_q_mode)5, (ap_o_mode)3, 0>)' into 'void nnet::dense_latency<ap_fixed<16, 6, (ap_q_mode)5, (ap_o_mode)3, 0>, ap_fixed<36, 16, (ap_q_mode)5, (ap_o_mode)3, 0>, config4>(ap_fixed<16, 6, (ap_q_mode)5, (ap_o_mode)3, 0>*, ap_fixed<36, 16, (ap_q_mode)5, (ap_o_mode)3, 0>*, config4::weight_t*, config4::bias_t*)' (firmware/nnet_utils/nnet_dense_latency.h:42:27)
INFO: [HLS 214-131] Inlining function 'nnet::DenseLatency<ap_fixed<16, 6, (ap_q_mode)5, (ap_o_mode)3, 0>, ap_fixed<36, 16, (ap_q_mode)5, (ap_o_mode)3, 0>, config4>::dense(ap_fixed<16, 6, (ap_q_mode)5, (ap_o_mode)3, 0>*, ap_fixed<36, 16, (ap_q_mode)5, (ap_o_mode)3, 0>*, ap_fixed<16, 6, (ap_q_mode)5, (ap_o_mode)3, 0>*, ap_fixed<16, 6, (ap_q_mode)5, (ap_o_mode)3, 0>*)' into 'void nnet::dense<ap_fixed<16, 6, (ap_q_mode)5, (ap_o_mode)3, 0>, ap_fixed<36, 16, (ap_q_mode)5, (ap_o_mode)3, 0>, config4>(ap_fixed<16, 6, (ap_q_mode)5, (ap_o_mode)3, 0>*, ap_fixed<36, 16, (ap_q_mode)5, (ap_o_mode)3, 0>*, config4::weight_t*, config4::bias_t*)' (firmware/nnet_utils/nnet_dense.h:45:2)
INFO: [HLS 214-131] Inlining function 'void nnet::dense<ap_fixed<16, 6, (ap_q_mode)5, (ap_o_mode)3, 0>, ap_fixed<37, 17, (ap_q_mode)5, (ap_o_mode)3, 0>, config2>(ap_fixed<16, 6, (ap_q_mode)5, (ap_o_mode)3, 0>*, ap_fixed<37, 17, (ap_q_mode)5, (ap_o_mode)3, 0>*, config2::weight_t*, config2::bias_t*)' into 'myproject(ap_fixed<16, 6, (ap_q_mode)5, (ap_o_mode)3, 0>*, ap_fixed<16, 6, (ap_q_mode)5, (ap_o_mode)3, 0>*)' (firmware/myproject.cpp:36:2)
INFO: [HLS 214-131] Inlining function 'void nnet::dense<ap_fixed<16, 6, (ap_q_mode)5, (ap_o_mode)3, 0>, ap_fixed<36, 16, (ap_q_mode)5, (ap_o_mode)3, 0>, config4>(ap_fixed<16, 6, (ap_q_mode)5, (ap_o_mode)3, 0>*, ap_fixed<36, 16, (ap_q_mode)5, (ap_o_mode)3, 0>*, config4::weight_t*, config4::bias_t*)' into 'myproject(ap_fixed<16, 6, (ap_q_mode)5, (ap_o_mode)3, 0>*, ap_fixed<16, 6, (ap_q_mode)5, (ap_o_mode)3, 0>*)' (firmware/myproject.cpp:44:2)
INFO: [HLS 214-131] Inlining function 'void nnet::softmax<ap_fixed<36, 16, (ap_q_mode)5, (ap_o_mode)3, 0>, ap_fixed<16, 6, (ap_q_mode)5, (ap_o_mode)3, 0>, softmax_config5>(ap_fixed<36, 16, (ap_q_mode)5, (ap_o_mode)3, 0>*, ap_fixed<16, 6, (ap_q_mode)5, (ap_o_mode)3, 0>*)' into 'myproject(ap_fixed<16, 6, (ap_q_mode)5, (ap_o_mode)3, 0>*, ap_fixed<16, 6, (ap_q_mode)5, (ap_o_mode)3, 0>*)' (firmware/myproject.cpp:46:5)
INFO: [HLS 214-291] Loop 'VITIS_LOOP_266_3' is marked as complete unroll implied by the pipeline pragma (firmware/nnet_utils/nnet_activation.h:266:23)
INFO: [HLS 214-291] Loop 'VITIS_LOOP_252_2' is marked as complete unroll implied by the pipeline pragma (firmware/nnet_utils/nnet_activation.h:252:23)
INFO: [HLS 214-291] Loop 'VITIS_LOOP_243_1' is marked as complete unroll implied by the pipeline pragma (firmware/nnet_utils/nnet_activation.h:243:23)
INFO: [HLS 214-291] Loop 'VITIS_LOOP_151_1' is marked as complete unroll implied by the pipeline pragma (firmware/nnet_utils/nnet_activation.h:151:23)
INFO: [HLS 214-291] Loop 'Result' is marked as complete unroll implied by the pipeline pragma (firmware/nnet_utils/nnet_dense_latency.h:64:5)
INFO: [HLS 214-291] Loop 'Accum1' is marked as complete unroll implied by the pipeline pragma (firmware/nnet_utils/nnet_dense_latency.h:54:5)
INFO: [HLS 214-291] Loop 'Accum2' is marked as complete unroll implied by the pipeline pragma (firmware/nnet_utils/nnet_dense_latency.h:56:9)
INFO: [HLS 214-291] Loop 'ResetAccum' is marked as complete unroll implied by the pipeline pragma (firmware/nnet_utils/nnet_dense_latency.h:48:5)
INFO: [HLS 214-291] Loop 'Product1' is marked as complete unroll implied by the pipeline pragma (firmware/nnet_utils/nnet_dense_latency.h:37:5)
INFO: [HLS 214-291] Loop 'Product2' is marked as complete unroll implied by the pipeline pragma (firmware/nnet_utils/nnet_dense_latency.h:40:9)
INFO: [HLS 214-291] Loop 'VITIS_LOOP_43_1' is marked as complete unroll implied by the pipeline pragma (firmware/nnet_utils/nnet_activation.h:43:22)
INFO: [HLS 214-186] Unrolling loop 'VITIS_LOOP_266_3' (firmware/nnet_utils/nnet_activation.h:266:23) in function 'nnet::softmax_stable<ap_fixed<36, 16, (ap_q_mode)5, (ap_o_mode)3, 0>, ap_fixed<16, 6, (ap_q_mode)5, (ap_o_mode)3, 0>, softmax_config5>' completely with a factor of 4 (firmware/nnet_utils/nnet_activation.h:216:0)
INFO: [HLS 214-186] Unrolling loop 'VITIS_LOOP_252_2' (firmware/nnet_utils/nnet_activation.h:252:23) in function 'nnet::softmax_stable<ap_fixed<36, 16, (ap_q_mode)5, (ap_o_mode)3, 0>, ap_fixed<16, 6, (ap_q_mode)5, (ap_o_mode)3, 0>, softmax_config5>' completely with a factor of 4 (firmware/nnet_utils/nnet_activation.h:216:0)
INFO: [HLS 214-186] Unrolling loop 'VITIS_LOOP_243_1' (firmware/nnet_utils/nnet_activation.h:243:23) in function 'nnet::softmax_stable<ap_fixed<36, 16, (ap_q_mode)5, (ap_o_mode)3, 0>, ap_fixed<16, 6, (ap_q_mode)5, (ap_o_mode)3, 0>, softmax_config5>' completely with a factor of 4 (firmware/nnet_utils/nnet_activation.h:216:0)
INFO: [HLS 214-186] Unrolling loop 'VITIS_LOOP_151_1' (firmware/nnet_utils/nnet_activation.h:151:23) in function 'nnet::init_exp_table<ap_fixed<36, 16, (ap_q_mode)5, (ap_o_mode)3, 0>, softmax_config5>' completely with a factor of 1024 (firmware/nnet_utils/nnet_activation.h:149:0)
INFO: [HLS 214-186] Unrolling loop 'Result' (firmware/nnet_utils/nnet_dense_latency.h:64:5) in function 'nnet::dense_latency<ap_fixed<16, 6, (ap_q_mode)5, (ap_o_mode)3, 0>, ap_fixed<36, 16, (ap_q_mode)5, (ap_o_mode)3, 0>, config4>' completely with a factor of 4 (firmware/nnet_utils/nnet_dense_latency.h:15:0)
INFO: [HLS 214-186] Unrolling loop 'Accum1' (firmware/nnet_utils/nnet_dense_latency.h:54:5) in function 'nnet::dense_latency<ap_fixed<16, 6, (ap_q_mode)5, (ap_o_mode)3, 0>, ap_fixed<36, 16, (ap_q_mode)5, (ap_o_mode)3, 0>, config4>' completely with a factor of 8 (firmware/nnet_utils/nnet_dense_latency.h:15:0)
INFO: [HLS 214-186] Unrolling loop 'Accum2' (firmware/nnet_utils/nnet_dense_latency.h:56:9) in function 'nnet::dense_latency<ap_fixed<16, 6, (ap_q_mode)5, (ap_o_mode)3, 0>, ap_fixed<36, 16, (ap_q_mode)5, (ap_o_mode)3, 0>, config4>' completely with a factor of 4 (firmware/nnet_utils/nnet_dense_latency.h:15:0)
INFO: [HLS 214-186] Unrolling loop 'ResetAccum' (firmware/nnet_utils/nnet_dense_latency.h:48:5) in function 'nnet::dense_latency<ap_fixed<16, 6, (ap_q_mode)5, (ap_o_mode)3, 0>, ap_fixed<36, 16, (ap_q_mode)5, (ap_o_mode)3, 0>, config4>' completely with a factor of 4 (firmware/nnet_utils/nnet_dense_latency.h:15:0)
INFO: [HLS 214-186] Unrolling loop 'Product1' (firmware/nnet_utils/nnet_dense_latency.h:37:5) in function 'nnet::dense_latency<ap_fixed<16, 6, (ap_q_mode)5, (ap_o_mode)3, 0>, ap_fixed<36, 16, (ap_q_mode)5, (ap_o_mode)3, 0>, config4>' completely with a factor of 8 (firmware/nnet_utils/nnet_dense_latency.h:15:0)
INFO: [HLS 214-186] Unrolling loop 'Product2' (firmware/nnet_utils/nnet_dense_latency.h:40:9) in function 'nnet::dense_latency<ap_fixed<16, 6, (ap_q_mode)5, (ap_o_mode)3, 0>, ap_fixed<36, 16, (ap_q_mode)5, (ap_o_mode)3, 0>, config4>' completely with a factor of 4 (firmware/nnet_utils/nnet_dense_latency.h:15:0)
INFO: [HLS 214-186] Unrolling loop 'VITIS_LOOP_43_1' (firmware/nnet_utils/nnet_activation.h:43:22) in function 'nnet::relu<ap_fixed<37, 17, (ap_q_mode)5, (ap_o_mode)3, 0>, ap_fixed<16, 6, (ap_q_mode)5, (ap_o_mode)3, 0>, relu_config3>' completely with a factor of 8 (firmware/nnet_utils/nnet_activation.h:39:0)
INFO: [HLS 214-186] Unrolling loop 'Result' (firmware/nnet_utils/nnet_dense_latency.h:64:5) in function 'nnet::dense_latency<ap_fixed<16, 6, (ap_q_mode)5, (ap_o_mode)3, 0>, ap_fixed<37, 17, (ap_q_mode)5, (ap_o_mode)3, 0>, config2>' completely with a factor of 8 (firmware/nnet_utils/nnet_dense_latency.h:15:0)
INFO: [HLS 214-186] Unrolling loop 'Accum1' (firmware/nnet_utils/nnet_dense_latency.h:54:5) in function 'nnet::dense_latency<ap_fixed<16, 6, (ap_q_mode)5, (ap_o_mode)3, 0>, ap_fixed<37, 17, (ap_q_mode)5, (ap_o_mode)3, 0>, config2>' completely with a factor of 16 (firmware/nnet_utils/nnet_dense_latency.h:15:0)
INFO: [HLS 214-186] Unrolling loop 'Accum2' (firmware/nnet_utils/nnet_dense_latency.h:56:9) in function 'nnet::dense_latency<ap_fixed<16, 6, (ap_q_mode)5, (ap_o_mode)3, 0>, ap_fixed<37, 17, (ap_q_mode)5, (ap_o_mode)3, 0>, config2>' completely with a factor of 8 (firmware/nnet_utils/nnet_dense_latency.h:15:0)
INFO: [HLS 214-186] Unrolling loop 'ResetAccum' (firmware/nnet_utils/nnet_dense_latency.h:48:5) in function 'nnet::dense_latency<ap_fixed<16, 6, (ap_q_mode)5, (ap_o_mode)3, 0>, ap_fixed<37, 17, (ap_q_mode)5, (ap_o_mode)3, 0>, config2>' completely with a factor of 8 (firmware/nnet_utils/nnet_dense_latency.h:15:0)
INFO: [HLS 214-186] Unrolling loop 'Product1' (firmware/nnet_utils/nnet_dense_latency.h:37:5) in function 'nnet::dense_latency<ap_fixed<16, 6, (ap_q_mode)5, (ap_o_mode)3, 0>, ap_fixed<37, 17, (ap_q_mode)5, (ap_o_mode)3, 0>, config2>' completely with a factor of 16 (firmware/nnet_utils/nnet_dense_latency.h:15:0)
INFO: [HLS 214-186] Unrolling loop 'Product2' (firmware/nnet_utils/nnet_dense_latency.h:40:9) in function 'nnet::dense_latency<ap_fixed<16, 6, (ap_q_mode)5, (ap_o_mode)3, 0>, ap_fixed<37, 17, (ap_q_mode)5, (ap_o_mode)3, 0>, config2>' completely with a factor of 8 (firmware/nnet_utils/nnet_dense_latency.h:15:0)
INFO: [HLS 214-178] Inlining function 'std::enable_if<!(std::is_same<ap_fixed<16, 6, (ap_q_mode)5, (ap_o_mode)3, 0>, ap_uint<1> >::value), ap_fixed<37, 17, (ap_q_mode)5, (ap_o_mode)3, 0> >::type nnet::cast<ap_fixed<16, 6, (ap_q_mode)5, (ap_o_mode)3, 0>, ap_fixed<37, 17, (ap_q_mode)5, (ap_o_mode)3, 0>, config2>(config2::accum_t)' into 'void nnet::dense_latency<ap_fixed<16, 6, (ap_q_mode)5, (ap_o_mode)3, 0>, ap_fixed<37, 17, (ap_q_mode)5, (ap_o_mode)3, 0>, config2>(ap_fixed<16, 6, (ap_q_mode)5, (ap_o_mode)3, 0>*, ap_fixed<37, 17, (ap_q_mode)5, (ap_o_mode)3, 0>*, config2::weight_t*, config2::bias_t*)' (firmware/nnet_utils/nnet_dense_latency.h:15:0)
INFO: [HLS 214-178] Inlining function 'std::enable_if<!(std::is_same<ap_fixed<16, 6, (ap_q_mode)5, (ap_o_mode)3, 0>, ap_uint<1> >::value), ap_fixed<36, 16, (ap_q_mode)5, (ap_o_mode)3, 0> >::type nnet::cast<ap_fixed<16, 6, (ap_q_mode)5, (ap_o_mode)3, 0>, ap_fixed<36, 16, (ap_q_mode)5, (ap_o_mode)3, 0>, config4>(config4::accum_t)' into 'void nnet::dense_latency<ap_fixed<16, 6, (ap_q_mode)5, (ap_o_mode)3, 0>, ap_fixed<36, 16, (ap_q_mode)5, (ap_o_mode)3, 0>, config4>(ap_fixed<16, 6, (ap_q_mode)5, (ap_o_mode)3, 0>*, ap_fixed<36, 16, (ap_q_mode)5, (ap_o_mode)3, 0>*, config4::weight_t*, config4::bias_t*)' (firmware/nnet_utils/nnet_dense_latency.h:15:0)
INFO: [HLS 214-178] Inlining function 'nnet::Op_max<ap_fixed<36, 16, (ap_q_mode)5, (ap_o_mode)3, 0> >::operator()(ap_fixed<36, 16, (ap_q_mode)5, (ap_o_mode)3, 0>, ap_fixed<36, 16, (ap_q_mode)5, (ap_o_mode)3, 0>)' into 'ap_fixed<36, 16, (ap_q_mode)5, (ap_o_mode)3, 0> nnet::reduce<ap_fixed<36, 16, (ap_q_mode)5, (ap_o_mode)3, 0>, 2, nnet::Op_max<ap_fixed<36, 16, (ap_q_mode)5, (ap_o_mode)3, 0> > >(ap_fixed<36, 16, (ap_q_mode)5, (ap_o_mode)3, 0> const*, nnet::Op_max<ap_fixed<36, 16, (ap_q_mode)5, (ap_o_mode)3, 0> >)' (firmware/nnet_utils/nnet_common.h:37:0)
INFO: [HLS 214-178] Inlining function 'ap_fixed<36, 16, (ap_q_mode)5, (ap_o_mode)3, 0> nnet::reduce<ap_fixed<36, 16, (ap_q_mode)5, (ap_o_mode)3, 0>, 2, nnet::Op_max<ap_fixed<36, 16, (ap_q_mode)5, (ap_o_mode)3, 0> > >(ap_fixed<36, 16, (ap_q_mode)5, (ap_o_mode)3, 0> const*, nnet::Op_max<ap_fixed<36, 16, (ap_q_mode)5, (ap_o_mode)3, 0> >)' into 'ap_fixed<36, 16, (ap_q_mode)5, (ap_o_mode)3, 0> nnet::reduce<ap_fixed<36, 16, (ap_q_mode)5, (ap_o_mode)3, 0>, 4, nnet::Op_max<ap_fixed<36, 16, (ap_q_mode)5, (ap_o_mode)3, 0> > >(ap_fixed<36, 16, (ap_q_mode)5, (ap_o_mode)3, 0> const*, nnet::Op_max<ap_fixed<36, 16, (ap_q_mode)5, (ap_o_mode)3, 0> >)' (firmware/nnet_utils/nnet_common.h:37:0)
INFO: [HLS 214-178] Inlining function 'nnet::Op_max<ap_fixed<36, 16, (ap_q_mode)5, (ap_o_mode)3, 0> >::operator()(ap_fixed<36, 16, (ap_q_mode)5, (ap_o_mode)3, 0>, ap_fixed<36, 16, (ap_q_mode)5, (ap_o_mode)3, 0>) (.42)' into 'ap_fixed<36, 16, (ap_q_mode)5, (ap_o_mode)3, 0> nnet::reduce<ap_fixed<36, 16, (ap_q_mode)5, (ap_o_mode)3, 0>, 4, nnet::Op_max<ap_fixed<36, 16, (ap_q_mode)5, (ap_o_mode)3, 0> > >(ap_fixed<36, 16, (ap_q_mode)5, (ap_o_mode)3, 0> const*, nnet::Op_max<ap_fixed<36, 16, (ap_q_mode)5, (ap_o_mode)3, 0> >)' (firmware/nnet_utils/nnet_common.h:37:0)
INFO: [HLS 214-178] Inlining function 'nnet::Op_add<ap_fixed<18, 8, (ap_q_mode)0, (ap_o_mode)0, 0> >::operator()(ap_fixed<18, 8, (ap_q_mode)0, (ap_o_mode)0, 0>, ap_fixed<18, 8, (ap_q_mode)0, (ap_o_mode)0, 0>) (.18.28)' into 'ap_fixed<18, 8, (ap_q_mode)0, (ap_o_mode)0, 0> nnet::reduce<ap_fixed<18, 8, (ap_q_mode)0, (ap_o_mode)0, 0>, 2, nnet::Op_add<ap_fixed<18, 8, (ap_q_mode)0, (ap_o_mode)0, 0> > >(ap_fixed<18, 8, (ap_q_mode)0, (ap_o_mode)0, 0> const*, nnet::Op_add<ap_fixed<18, 8, (ap_q_mode)0, (ap_o_mode)0, 0> >)' (firmware/nnet_utils/nnet_common.h:37:0)
INFO: [HLS 214-178] Inlining function 'ap_fixed<18, 8, (ap_q_mode)0, (ap_o_mode)0, 0> nnet::reduce<ap_fixed<18, 8, (ap_q_mode)0, (ap_o_mode)0, 0>, 2, nnet::Op_add<ap_fixed<18, 8, (ap_q_mode)0, (ap_o_mode)0, 0> > >(ap_fixed<18, 8, (ap_q_mode)0, (ap_o_mode)0, 0> const*, nnet::Op_add<ap_fixed<18, 8, (ap_q_mode)0, (ap_o_mode)0, 0> >)' into 'ap_fixed<18, 8, (ap_q_mode)0, (ap_o_mode)0, 0> nnet::reduce<ap_fixed<18, 8, (ap_q_mode)0, (ap_o_mode)0, 0>, 4, nnet::Op_add<ap_fixed<18, 8, (ap_q_mode)0, (ap_o_mode)0, 0> > >(ap_fixed<18, 8, (ap_q_mode)0, (ap_o_mode)0, 0> const*, nnet::Op_add<ap_fixed<18, 8, (ap_q_mode)0, (ap_o_mode)0, 0> >)' (firmware/nnet_utils/nnet_common.h:37:0)
INFO: [HLS 214-178] Inlining function 'nnet::Op_add<ap_fixed<18, 8, (ap_q_mode)0, (ap_o_mode)0, 0> >::operator()(ap_fixed<18, 8, (ap_q_mode)0, (ap_o_mode)0, 0>, ap_fixed<18, 8, (ap_q_mode)0, (ap_o_mode)0, 0>) (.18.28)' into 'ap_fixed<18, 8, (ap_q_mode)0, (ap_o_mode)0, 0> nnet::reduce<ap_fixed<18, 8, (ap_q_mode)0, (ap_o_mode)0, 0>, 4, nnet::Op_add<ap_fixed<18, 8, (ap_q_mode)0, (ap_o_mode)0, 0> > >(ap_fixed<18, 8, (ap_q_mode)0, (ap_o_mode)0, 0> const*, nnet::Op_add<ap_fixed<18, 8, (ap_q_mode)0, (ap_o_mode)0, 0> >)' (firmware/nnet_utils/nnet_common.h:37:0)
INFO: [HLS 214-178] Inlining function 'ap_fixed<36, 16, (ap_q_mode)5, (ap_o_mode)3, 0> nnet::reduce<ap_fixed<36, 16, (ap_q_mode)5, (ap_o_mode)3, 0>, 4, nnet::Op_max<ap_fixed<36, 16, (ap_q_mode)5, (ap_o_mode)3, 0> > >(ap_fixed<36, 16, (ap_q_mode)5, (ap_o_mode)3, 0> const*, nnet::Op_max<ap_fixed<36, 16, (ap_q_mode)5, (ap_o_mode)3, 0> >)' into 'void nnet::softmax_stable<ap_fixed<36, 16, (ap_q_mode)5, (ap_o_mode)3, 0>, ap_fixed<16, 6, (ap_q_mode)5, (ap_o_mode)3, 0>, softmax_config5>(ap_fixed<36, 16, (ap_q_mode)5, (ap_o_mode)3, 0>*, ap_fixed<16, 6, (ap_q_mode)5, (ap_o_mode)3, 0>*)' (firmware/nnet_utils/nnet_activation.h:216:0)
INFO: [HLS 214-178] Inlining function 'unsigned int nnet::softmax_idx_from_real_val<ap_fixed<36, 16, (ap_q_mode)5, (ap_o_mode)3, 0>, softmax_config5>(ap_fixed<36, 16, (ap_q_mode)5, (ap_o_mode)3, 0>)' into 'void nnet::softmax_stable<ap_fixed<36, 16, (ap_q_mode)5, (ap_o_mode)3, 0>, ap_fixed<16, 6, (ap_q_mode)5, (ap_o_mode)3, 0>, softmax_config5>(ap_fixed<36, 16, (ap_q_mode)5, (ap_o_mode)3, 0>*, ap_fixed<16, 6, (ap_q_mode)5, (ap_o_mode)3, 0>*)' (firmware/nnet_utils/nnet_activation.h:216:0)
INFO: [HLS 214-178] Inlining function 'ap_fixed<18, 8, (ap_q_mode)0, (ap_o_mode)0, 0> nnet::reduce<ap_fixed<18, 8, (ap_q_mode)0, (ap_o_mode)0, 0>, 4, nnet::Op_add<ap_fixed<18, 8, (ap_q_mode)0, (ap_o_mode)0, 0> > >(ap_fixed<18, 8, (ap_q_mode)0, (ap_o_mode)0, 0> const*, nnet::Op_add<ap_fixed<18, 8, (ap_q_mode)0, (ap_o_mode)0, 0> >)' into 'void nnet::softmax_stable<ap_fixed<36, 16, (ap_q_mode)5, (ap_o_mode)3, 0>, ap_fixed<16, 6, (ap_q_mode)5, (ap_o_mode)3, 0>, softmax_config5>(ap_fixed<36, 16, (ap_q_mode)5, (ap_o_mode)3, 0>*, ap_fixed<16, 6, (ap_q_mode)5, (ap_o_mode)3, 0>*)' (firmware/nnet_utils/nnet_activation.h:216:0)
INFO: [HLS 214-178] Inlining function 'unsigned int nnet::softmax_idx_from_real_val<ap_fixed<18, 8, (ap_q_mode)0, (ap_o_mode)0, 0>, softmax_config5>(ap_fixed<18, 8, (ap_q_mode)0, (ap_o_mode)0, 0>)' into 'void nnet::softmax_stable<ap_fixed<36, 16, (ap_q_mode)5, (ap_o_mode)3, 0>, ap_fixed<16, 6, (ap_q_mode)5, (ap_o_mode)3, 0>, softmax_config5>(ap_fixed<36, 16, (ap_q_mode)5, (ap_o_mode)3, 0>*, ap_fixed<16, 6, (ap_q_mode)5, (ap_o_mode)3, 0>*)' (firmware/nnet_utils/nnet_activation.h:216:0)
INFO: [HLS 214-248] Applying array_partition to 'b4': Complete partitioning on dimension 1. (firmware/weights/b4.h:12:0)
INFO: [HLS 214-248] Applying array_partition to 'b2': Complete partitioning on dimension 1. (firmware/weights/b2.h:12:0)
INFO: [HLS 214-248] Applying array_partition to 'layer2_out': Complete partitioning on dimension 1. (firmware/myproject.cpp:34:17)
INFO: [HLS 214-248] Applying array_partition to 'layer3_out': Complete partitioning on dimension 1. (firmware/myproject.cpp:38:14)
INFO: [HLS 214-248] Applying array_partition to 'layer4_out': Complete partitioning on dimension 1. (firmware/myproject.cpp:42:22)
INFO: [HLS 214-248] Applying array_partition to 'layer5_out': Complete partitioning on dimension 1. (firmware/myproject.cpp:10:0)
INFO: [HLS 214-248] Applying array_reshape to 'input_layer': Complete reshaping on dimension 1. (firmware/myproject.cpp:10:0)
INFO-FLOW: DBG:PUTS: copy_raw_kernel_xml ap_link_39: kernel.xml not generated: /home/ubuntu/hls4ml_tests/my_hls_prj/myproject_prj/solution1/.autopilot/db/kernel.internal.xml
INFO: [HLS 200-111] Finished Compiling Optimization and Transform: CPU user time: 147.94 seconds. CPU system time: 1.41 seconds. Elapsed time: 150.9 seconds; current allocated memory: 293.266 MB.
INFO: [HLS 200-111] Finished Checking Pragmas: CPU user time: 0 seconds. CPU system time: 0 seconds. Elapsed time: 0 seconds; current allocated memory: 293.266 MB.
Execute         opt_and_import_c a -opt_level=2 -skip_syncheck=0 -ng=0 -keep_printf=0 
Execute           cleanup_all_models 
INFO: [HLS 200-10] Starting code transformations ...
INFO-FLOW: Running Standard Transforms...
Execute           transform -hls -share-std-xform -demangle-name -inline-byval-memcpy -always-inline -promote-dbg-pointer -interface-preproc -mem2reg -scalarrepl -mem2reg -keep-read-access -instcombine -dce -promote-dbg-pointer -bitop-raise -loop-simplify -indvarspre -indvars -loop-simplify -constprop -instcombine -simplifycfg -indvars -simplifycfg -dce -globaldce -basicaa -simplifycfg -mem2reg -globalopt -global-constprop -deadargelim -instcombine -simplifycfg -scalarrepl -instcombine -reassociate -licm -simplifycfg -loop-simplify -indvars -instcombine -simplifycfg -mem2reg -loop-simplify -indvars -instcombine -gvn -gvn -instcombine -adce -break-crit-edges -simplifycfg -loop-delete -global-array-opt -dce -dse -adce -find-syn-modules -top myproject -deadargelim -mem2reg -instcombine -dce -presyn-prepare -interface-preproc -syn-check -check-rec-only -find-region -simplifycfg -func-extr -function-inline -globaldce -mem2reg -instcombine -dce -gvn -globaldce -adce -adse -constprop -instcombine -bit-constprop -instcombine -dce -simplifycfg -bitop-raise -simplifycfg -dce -loop-delete -reassociate -globalopt -global-privatize -mem2reg -dce -global-constprop -pointer-simplify -constprop -dce -promote-dbg-pointer -norm-name /home/ubuntu/hls4ml_tests/my_hls_prj/myproject_prj/solution1/.autopilot/db/a.g.0.bc -o /home/ubuntu/hls4ml_tests/my_hls_prj/myproject_prj/solution1/.autopilot/db/a.g.1.bc -f -phase std-opt 
Command           transform done; 16.44 sec.
INFO: [HLS 200-111] Finished Standard Transforms: CPU user time: 16.21 seconds. CPU system time: 0.24 seconds. Elapsed time: 16.45 seconds; current allocated memory: 515.488 MB.
INFO: [HLS 200-10] Checking synthesizability ...
INFO-FLOW: Checking Synthesizability 1/2..
Execute           transform -hls -syn-check -check-rec-only -scalarrepl -norm-name -dce -mem2reg -instcombine -directive-preproc -mem2reg -dse -dce -dce -pag -array-normalize -instcombine -dce -array-seg-normalize -instcombine -dce -data-pack -instcombine -dce -inst-simplify -array-flatten -instcombine -dce -array-burst -dce -deadargelim -promote-global-argument -simplifycfg -mem2reg -globaldce -dce -deadargelim -dce -instcombine -function-inline -globaldce -dce -doublePtrSimplify -doublePtrElim -dce -doublePtrSimplify -promote-dbg-pointer -dce -scalarrepl -dse -adse -instcombine -ptrLegalization -simplifycfg -dce -instcombine -pointer-simplify -ptrArgReplace -dce -instcombine -resolve-double-ptr -scalarrepl -norm-name -dce -mem2reg -instcombine -ptrLegalization -simplifycfg -deadargelim -instcombine -dce -inst-simplify -directive-preproc -mem2reg -dse -dce -globaldce /home/ubuntu/hls4ml_tests/my_hls_prj/myproject_prj/solution1/.autopilot/db/a.g.1.bc -o /home/ubuntu/hls4ml_tests/my_hls_prj/myproject_prj/solution1/.autopilot/db/a.g.2.prechk.bc -f 
INFO: [XFORM 203-602] Inlining function 'nnet::exp_fcn_float' into 'nnet::init_exp_table<ap_fixed<36, 16, (ap_q_mode)5, (ap_o_mode)3, 0>, softmax_config5>' (firmware/nnet_utils/nnet_activation.h:154) automatically.
Command           transform done; 9.72 sec.
INFO-FLOW: Checking Synthesizability 2/2..
Execute           transform -syn-check /home/ubuntu/hls4ml_tests/my_hls_prj/myproject_prj/solution1/.autopilot/db/a.g.2.prechk.bc -o /home/ubuntu/hls4ml_tests/my_hls_prj/myproject_prj/solution1/.autopilot/db/a.g.2.bc -f -phase syn-check 
WARNING: [SYNCHK 200-23] firmware/nnet_utils/nnet_activation.h:138: variable-indexed range selection may cause suboptimal QoR.
INFO: [SYNCHK 200-10] 0 error(s), 1 warning(s).
Command           transform done; 0.48 sec.
INFO: [HLS 200-111] Finished Checking Synthesizability: CPU user time: 10.04 seconds. CPU system time: 0.15 seconds. Elapsed time: 10.2 seconds; current allocated memory: 701.871 MB.
INFO-FLOW: Compiler optimizing ...
INFO-FLOW: Share syncheck's 1.bc for syn flow: copy /home/ubuntu/hls4ml_tests/my_hls_prj/myproject_prj/solution1/.autopilot/db/a.g.1.bc to /home/ubuntu/hls4ml_tests/my_hls_prj/myproject_prj/solution1/.autopilot/db/a.o.1.bc
INFO-FLOW: Presyn 1...
Execute           transform -hls -tmp /home/ubuntu/hls4ml_tests/my_hls_prj/myproject_prj/solution1/.autopilot/db -interface-port-rename -directive-preproc -mem2reg -dse -dce -scalarrepl -norm-name -deadargelim -mem2reg -instcombine -dce -simplifycfg -dce -resource-proc -clib-intrinsic-prepare -dce -func-buffer -dce -pag -array-normalize -func-legal -instcombine -gvn -constprop -dce -simplifycfg -mem2reg -globaldce -resolve-double-ptr -dce -deadargelim -dce -instcombine -ptrArgReplace -mem2reg -dce -array-seg-normalize -deadargelim -instcombine -dce -directive-preproc -mem2reg -dse -dce -pointer-simplify -dce -port-alignment -dce -interface-preproc -data-pack -instcombine -dce -basicaa -aggr-aa -aggrmodref-aa -aggr-aa -gvn -gvn -basicaa -aggr-aa -aggrmodref-aa -aggr-aa -dse -adse -adce -loop-simplify -indvars -instcombine -gvn -loop-simplify -mem2reg -dce -find-region -instcombine -inst-simplify -interface-preproc -cfgopt -instcombine -indvars -loop-simplify -loop-bound -constprop -instcombine -simplifycfg -indvars -simplifycfg -dce -globaldce -clean-region -attach-range -gvn -inst-simplify -constprop -simplifycfg -dce -pointer-simplify -dce -globalopt -constprop -dce -array-promote -constprop -dce -ptrArgReplace -mem2reg -simplifycfg -dce -instcombine -dce -array-transform-check -array-reshape -instcombine -simplifycfg -dce -ptrArgReplace -deadargelim -mem2reg -instcombine -simplifycfg -dce -indvars -loop-simplify -loop-bound -constprop -instcombine -simplifycfg -indvars -simplifycfg -dce -globaldce -basicaa -aggr-aa -aggrmodref-aa -aggr-aa -dse -duplicate-dataflow-processes -globaldce -instcombine -array-partition -prepare-dynamic-array-partition -instcombine -simplifycfg -dce -ptrArgReplace -global-constprop -deadargelim -mem2reg -func-legal -dce -global-constprop -deadargelim -mem2reg -simplifycfg -dce -merge-param -deadargelim -globalopt -constprop -dce -array-promote -constprop -dce -ptrArgReplace -mem2reg -simplifycfg -dce -mem-intrinsic-preproc -dce -global-internalize -global-privatize -mem2reg -globaldce -lcssa -loop-simplify -phi-select-elim -promote-global-argument -ptrArgReplace -mem2reg -dce -globalopt -mergereturn -simplify-global-access -mem2reg -dce -pointer-simplify -dce -basicaa -aggr-aa -aggrmodref-aa -aggr-aa -functionattrs -basicaa -aggr-aa -aggrmodref-aa -aggr-aa -gvn -gvn -basicaa -aggr-aa -aggrmodref-aa -aggr-aa -dse -adse -adce -dce -norm-name -basicaa -aggr-aa -aggrmodref-aa -aggr-aa -accesses-merge -function-inline -complex-op-raise -inst-simplify -globaldce -func-legal -dce -loop-bound -arraycheck -bitwidthmin2 -bitwidthmin2 -on-by-dataflow -loop-delete -instcombine -simplifycfg -globaldce -dce -gvn -deadargelim -dce -loop-simplify -clean-region -simplifycfg -propagate-stable-arguments -loop-stream -instcombine -simplifycfg -dce -globaldce -duplicate-dataflow-processes -stream-intrinsic-preproc -dce -check-ap-stream -loop-simplify -eliminate-keepreads -extract-dataflow-in-loop -loop-simplify -dce -gvn -deadargelim -dse -duplicate-dataflow-processes -check-dataflow-syntax -legalize-stream-variable -globaldce -legalize-global -extract-subproc -dce -dead-channel-elimination -canonicalize-gep -globaldce -dce -gvn -hls-dead-arg-elim -deadargelim -directive-preproc -canonicalize-dataflow -dce -globaldce -scalar-preprocessing -scalar-propagation2 -scalar-stream -deadargelim -globaldce -mem2reg -check-dataflow-channels -function-stream -dce -globaldce -prop-fifo-spec -internal-stream-gen -canonicalize-gep -globaldce -dce -gvn -deadargelim -mergereturn -indvars -loop-simplify -instcombine -array-stream -array-seg-normalize -array-partition -clean-array-spec -func-legal -instcombine -simplifycfg -dce -bundle-memfifo-ops -deadargelim -directive-preproc -mem2reg -dse -dce -group-axi-access -licm -simplifycfg -dce -loop-delete -hls-display -norm-name /home/ubuntu/hls4ml_tests/my_hls_prj/myproject_prj/solution1/.autopilot/db/a.o.1.bc -o /home/ubuntu/hls4ml_tests/my_hls_prj/myproject_prj/solution1/.autopilot/db/a.o.1.tmp.bc -f 
INFO: [XFORM 203-602] Inlining function 'nnet::exp_fcn_float' into 'nnet::init_exp_table<ap_fixed<36, 16, (ap_q_mode)5, (ap_o_mode)3, 0>, softmax_config5>' (firmware/nnet_utils/nnet_activation.h:154) automatically.
Command           transform done; 65.78 sec.
INFO-FLOW: Presyn 2...
Execute           transform -hls -keep-callgraph -scalarrepl -mem2reg -port-alignment -attach-range -dce -pipe-mux-gen -indvars -loop-bound -inst-simplify -instcombine -dce -merge-array-access -mem2reg -dce -clean-region -mergereturn -if-conv -instcombine -dce -constprop -basicaa -aggr-aa -aggrmodref-aa -aggr-aa -gvn -gvn -basicaa -aggr-aa -aggrmodref-aa -aggr-aa -dse -adse -adce -scalarrepl -mem2reg -global-constprop -deadargelim -deadargelim -instcombine -dce -simplifycfg -ptrArgReplace -mem2reg -function-inline -globaldce -mem2reg -instcombine -dce -expr-balance -instcombine -dce -bitwidthmin2 -bitwidthmin2 -interface-preproc -directive-preproc -inst-rectify -instcombine -dce -basicaa -aggr-aa -aggrmodref-aa -aggr-aa -functionattrs -constprop -instcombine -bit-constprop -simplify-global-access -globalopt -globaldce -inst-simplify -instcombine -elimdeaddata -dce -loop-delete -simplifycfg -loop-simplify -barrier -norm-name /home/ubuntu/hls4ml_tests/my_hls_prj/myproject_prj/solution1/.autopilot/db/a.o.1.tmp.bc -o /home/ubuntu/hls4ml_tests/my_hls_prj/myproject_prj/solution1/.autopilot/db/a.o.2.bc -f -phase presyn 
INFO: [XFORM 203-401] Performing if-conversion on hyperblock from (firmware/nnet_utils/nnet_activation.h:133:92) to (firmware/nnet_utils/nnet_activation.h:138:5) in function 'nnet::softmax_real_val_from_idx<ap_fixed<36, 16, (ap_q_mode)5, (ap_o_mode)3, 0>, softmax_config5>'... converting 10 basic blocks.
INFO: [XFORM 203-401] Performing if-conversion on hyperblock from (firmware/nnet_utils/nnet_activation.h:42:9) to (firmware/nnet_utils/nnet_activation.h:50:1) in function 'nnet::relu<ap_fixed<37, 17, (ap_q_mode)5, (ap_o_mode)3, 0>, ap_fixed<16, 6, (ap_q_mode)5, (ap_o_mode)3, 0>, relu_config3>'... converting 17 basic blocks.
INFO: [XFORM 203-401] Performing if-conversion on hyperblock from (firmware/nnet_utils/nnet_activation.h:149:52) to (firmware/nnet_utils/nnet_activation.h:157:1) in function 'nnet::init_exp_table<ap_fixed<36, 16, (ap_q_mode)5, (ap_o_mode)3, 0>, softmax_config5>'... converting 27649 basic blocks.
INFO: [XFORM 203-11] Balancing expressions in function 'nnet::dense_latency<ap_fixed<16, 6, (ap_q_mode)5, (ap_o_mode)3, 0>, ap_fixed<37, 17, (ap_q_mode)5, (ap_o_mode)3, 0>, config2>' (firmware/nnet_utils/nnet_dense_latency.h:33:21)...120 expression(s) balanced.
INFO: [XFORM 203-11] Balancing expressions in function 'nnet::dense_latency<ap_fixed<16, 6, (ap_q_mode)5, (ap_o_mode)3, 0>, ap_fixed<36, 16, (ap_q_mode)5, (ap_o_mode)3, 0>, config4>' (firmware/nnet_utils/nnet_dense_latency.h:33:1)...28 expression(s) balanced.
Command           transform done; 513.8 sec.
INFO: [HLS 200-111] Finished Loop, function and other optimizations: CPU user time: 579.22 seconds. CPU system time: 0.31 seconds. Elapsed time: 579.58 seconds; current allocated memory: 882.371 MB.
Execute           transform -hls -auto-function-inline -globaldce -ptrArgReplace -mem2reg -dce -reset-lda -loop-simplify -indvars -aggr-aa -licm -loop-dep -loop-bound -licm -loop-simplify -loop-sink-hoist -flattenloopnest -array-flatten -gvn -instcombine -dce -array-map -dce -func-legal -gvn -adce -instcombine -cfgopt -simplifycfg-lite -loop-simplify -array-burst -promote-global-argument -dce -array-seg-normalize -basicaa -aggrmodref-aa -globalsmodref-aa -aggr-aa -gvn -gvn -basicaa -aggrmodref-aa -globalsmodref-aa -aggr-aa -dse -adse -adce -licm -inst-simplify -dce -globaldce -instcombine -array-stream -eliminate-keepreads -instcombine -dce -deadargelim -doublePtrSimplify -doublePtrElim -dce -doublePtrSimplify -promote-dbg-pointer -dce -scalarrepl -mem2reg -norm-name -mem2reg -instcombine -dse -adse -adce -ptrLegalization -dce -array-flatten -dce -instcombine -check-doubleptr -loop-rot -constprop -inst-simplify -cfgopt -simplifycfg-lite -loop-simplify -indvars -pointer-simplify -dce -loop-bound -loop-simplify -loop-preproc -constprop -global-constprop -gvn -mem2reg -instcombine -dce -loop-bound -loop-merge -dce -deadargelim -dce -canonicalize-dataflow -dce -deadargelim -globaldce -mem2reg -bram-byte-enable -inst-simplify -inst-rectify -instcombine -adce -deadargelim -load-elim -read-loop-dep -loop-simplify -loop-extract-inner -directive-preproc -bitwidthmin2 -bitwidthmin2 -read-loop-dep -interface-preproc -directive-preproc -interface-gen -bram-byte-enable-spec-prop -mul2addshift -deadargelim -inst-simplify -dce -mem2reg -instcombine -gvn -dce -adse -loop-bound -instcombine -cfgopt -simplifycfg-lite -loop-simplify -clean-region -io-protocol -find-region -mem2reg -bitop-raise -complex-op-raise -inst-simplify -inst-rectify -instcombine -adce -deadargelim -float-op-raise -loop-simplify -phi-opt -bitop-raise -cfgopt -simplifycfg-lite -strip-dead-prototypes -interface-lower -bitop-lower -intrinsic-lower -auto-function-inline -basicaa -aggrmodref-aa -globalsmodref-aa -aggr-aa -inst-simplify -simplifycfg-lite -loop-simplify -mergereturn -inst-simplify -inst-rectify -globaldce -dce -load-elim -bitop-lower -float-op-raise -fma-raise -loop-rewind -pointer-simplify -dce -cfgopt -dce -loop-bound -loop-dep -read-loop-dep -dce -dyn-mem-reuse -dce -recurrence-min -dce -share-scalar-alloca -deadargelim -dce -check-stream -norm-name -legalize -inst-clarity -bitwidth -dce -validate-dataflow -dump-loop-dep-to-ir -check-all-ssdm -dump-complexity-metric /home/ubuntu/hls4ml_tests/my_hls_prj/myproject_prj/solution1/.autopilot/db/a.o.2.bc -o /home/ubuntu/hls4ml_tests/my_hls_prj/myproject_prj/solution1/.autopilot/db/a.o.3.bc -f -phase build-ssdm 
INFO: [XFORM 203-603] Evaluating the output(s) of a call to function 'nnet::softmax_real_val_from_idx<ap_fixed<36, 16, (ap_q_mode)5, (ap_o_mode)3, 0>, softmax_config5>' (firmware/nnet_utils/nnet_activation.h:153:19) in function 'nnet::init_exp_table<ap_fixed<36, 16, (ap_q_mode)5, (ap_o_mode)3, 0>, softmax_config5>' and propagating its result(s) since all actual argument(s) to the function are constants.
Execute             auto_get_db
Command           transform done; 1251.8 sec.
INFO-FLOW: Building ssdm...
Execute           transform -hls -cdfg-build /home/ubuntu/hls4ml_tests/my_hls_prj/myproject_prj/solution1/.autopilot/db/a.o.3.bc -o /home/ubuntu/hls4ml_tests/my_hls_prj/myproject_prj/solution1/.autopilot/db/a.o.3.bc -f -phase build-ssdm 
Command           transform done; 4.71 sec.
INFO: [HLS 200-111] Finished Architecture Synthesis: CPU user time: 1256.11 seconds. CPU system time: 0.26 seconds. Elapsed time: 1256.51 seconds; current allocated memory: 1.226 GB.
INFO-FLOW: Finish building internal data model.
Command         opt_and_import_c done; 1862.74 sec.
Command       elaborate done; 2026.08 sec.
Execute       ap_eval exec zip -j /home/ubuntu/hls4ml_tests/my_hls_prj/myproject_prj/solution1/.autopilot/db/dut.hcp $dbDir/a.o.3.bc $dbDir/${topname}.rtl_wrap.cfg.tcl $dbDir/apatb_${topname}.cpp $dbDir/apatb_${topname}_util.cpp $dbDir/apatb_${topname}_ir.ll $dbDir/mapper_${topname}.cpp $dbDir/top-io-fe.xml $dbDir/kernel.internal.xml $workdir/../hls.app 
Command       ap_eval done; error code: 1; 
INFO-FLOW: exec zip -j /home/ubuntu/hls4ml_tests/my_hls_prj/myproject_prj/solution1/.autopilot/db/dut.hcp $dbDir/a.o.3.bc $dbDir/${topname}.rtl_wrap.cfg.tcl $dbDir/apatb_${topname}.cpp $dbDir/apatb_${topname}_util.cpp $dbDir/apatb_${topname}_ir.ll $dbDir/mapper_${topname}.cpp $dbDir/top-io-fe.xml $dbDir/kernel.internal.xml $workdir/../hls.app
INFO-FLOW: couldn't execute "zip": no such file or directory
Execute       autosyn -from_csynth_design=1 
INFO: [HLS 200-10] Starting hardware synthesis ...
INFO-FLOW: Synthesizing C/C++ design ...
INFO: [HLS 200-10] Synthesizing 'myproject' ...
Execute         ap_set_top_model myproject 
WARNING: [SYN 201-103] Legalizing function name 'dense_latency<ap_fixed<16, 6, 5, 3, 0>, ap_fixed<37, 17, 5, 3, 0>, config2>' to 'dense_latency_ap_fixed_16_6_5_3_0_ap_fixed_37_17_5_3_0_config2_s'.
WARNING: [SYN 201-103] Legalizing function name 'relu<ap_fixed<37, 17, 5, 3, 0>, ap_fixed<16, 6, 5, 3, 0>, relu_config3>' to 'relu_ap_fixed_37_17_5_3_0_ap_fixed_16_6_5_3_0_relu_config3_s'.
WARNING: [SYN 201-103] Legalizing function name 'dense_latency<ap_fixed<16, 6, 5, 3, 0>, ap_fixed<36, 16, 5, 3, 0>, config4>' to 'dense_latency_ap_fixed_16_6_5_3_0_ap_fixed_36_16_5_3_0_config4_s'.
WARNING: [SYN 201-103] Legalizing function name 'init_exp_table<ap_fixed<36, 16, 5, 3, 0>, softmax_config5>' to 'init_exp_table_ap_fixed_36_16_5_3_0_softmax_config5_s'.
WARNING: [SYN 201-103] Legalizing function name 'softmax_stable<ap_fixed,ap_fixed<16,6,5,3,0>,softmax_config5>' to 'softmax_stable_ap_fixed_ap_fixed_16_6_5_3_0_softmax_config5_s'.
Execute         get_model_list myproject -filter all-wo-channel -topdown 
Execute         preproc_iomode -model myproject 
Execute         preproc_iomode -model softmax_stable<ap_fixed,ap_fixed<16,6,5,3,0>,softmax_config5> 
Execute         preproc_iomode -model init_exp_table<ap_fixed<36, 16, 5, 3, 0>, softmax_config5> 
Execute         preproc_iomode -model dense_latency<ap_fixed<16, 6, 5, 3, 0>, ap_fixed<36, 16, 5, 3, 0>, config4> 
Execute         preproc_iomode -model relu<ap_fixed<37, 17, 5, 3, 0>, ap_fixed<16, 6, 5, 3, 0>, relu_config3> 
Execute         preproc_iomode -model dense_latency<ap_fixed<16, 6, 5, 3, 0>, ap_fixed<37, 17, 5, 3, 0>, config2> 
Execute         get_model_list myproject -filter all-wo-channel 
INFO-FLOW: Model list for configure: {dense_latency<ap_fixed<16, 6, 5, 3, 0>, ap_fixed<37, 17, 5, 3, 0>, config2>} {relu<ap_fixed<37, 17, 5, 3, 0>, ap_fixed<16, 6, 5, 3, 0>, relu_config3>} {dense_latency<ap_fixed<16, 6, 5, 3, 0>, ap_fixed<36, 16, 5, 3, 0>, config4>} {init_exp_table<ap_fixed<36, 16, 5, 3, 0>, softmax_config5>} softmax_stable<ap_fixed,ap_fixed<16,6,5,3,0>,softmax_config5> myproject
INFO-FLOW: Configuring Module : dense_latency<ap_fixed<16, 6, 5, 3, 0>, ap_fixed<37, 17, 5, 3, 0>, config2> ...
Execute         set_default_model dense_latency<ap_fixed<16, 6, 5, 3, 0>, ap_fixed<37, 17, 5, 3, 0>, config2> 
Execute         apply_spec_resource_limit dense_latency<ap_fixed<16, 6, 5, 3, 0>, ap_fixed<37, 17, 5, 3, 0>, config2> 
INFO-FLOW: Configuring Module : relu<ap_fixed<37, 17, 5, 3, 0>, ap_fixed<16, 6, 5, 3, 0>, relu_config3> ...
Execute         set_default_model relu<ap_fixed<37, 17, 5, 3, 0>, ap_fixed<16, 6, 5, 3, 0>, relu_config3> 
Execute         apply_spec_resource_limit relu<ap_fixed<37, 17, 5, 3, 0>, ap_fixed<16, 6, 5, 3, 0>, relu_config3> 
INFO-FLOW: Configuring Module : dense_latency<ap_fixed<16, 6, 5, 3, 0>, ap_fixed<36, 16, 5, 3, 0>, config4> ...
Execute         set_default_model dense_latency<ap_fixed<16, 6, 5, 3, 0>, ap_fixed<36, 16, 5, 3, 0>, config4> 
Execute         apply_spec_resource_limit dense_latency<ap_fixed<16, 6, 5, 3, 0>, ap_fixed<36, 16, 5, 3, 0>, config4> 
INFO-FLOW: Configuring Module : init_exp_table<ap_fixed<36, 16, 5, 3, 0>, softmax_config5> ...
Execute         set_default_model init_exp_table<ap_fixed<36, 16, 5, 3, 0>, softmax_config5> 
Execute         apply_spec_resource_limit init_exp_table<ap_fixed<36, 16, 5, 3, 0>, softmax_config5> 
INFO-FLOW: Configuring Module : softmax_stable<ap_fixed,ap_fixed<16,6,5,3,0>,softmax_config5> ...
Execute         set_default_model softmax_stable<ap_fixed,ap_fixed<16,6,5,3,0>,softmax_config5> 
Execute         apply_spec_resource_limit softmax_stable<ap_fixed,ap_fixed<16,6,5,3,0>,softmax_config5> 
INFO-FLOW: Configuring Module : myproject ...
Execute         set_default_model myproject 
Execute         apply_spec_resource_limit myproject 
INFO-FLOW: Model list for preprocess: {dense_latency<ap_fixed<16, 6, 5, 3, 0>, ap_fixed<37, 17, 5, 3, 0>, config2>} {relu<ap_fixed<37, 17, 5, 3, 0>, ap_fixed<16, 6, 5, 3, 0>, relu_config3>} {dense_latency<ap_fixed<16, 6, 5, 3, 0>, ap_fixed<36, 16, 5, 3, 0>, config4>} {init_exp_table<ap_fixed<36, 16, 5, 3, 0>, softmax_config5>} softmax_stable<ap_fixed,ap_fixed<16,6,5,3,0>,softmax_config5> myproject
INFO-FLOW: Preprocessing Module: dense_latency<ap_fixed<16, 6, 5, 3, 0>, ap_fixed<37, 17, 5, 3, 0>, config2> ...
Execute         set_default_model dense_latency<ap_fixed<16, 6, 5, 3, 0>, ap_fixed<37, 17, 5, 3, 0>, config2> 
Execute         cdfg_preprocess -model dense_latency<ap_fixed<16, 6, 5, 3, 0>, ap_fixed<37, 17, 5, 3, 0>, config2> 
Execute         rtl_gen_preprocess dense_latency<ap_fixed<16, 6, 5, 3, 0>, ap_fixed<37, 17, 5, 3, 0>, config2> 
INFO-FLOW: Preprocessing Module: relu<ap_fixed<37, 17, 5, 3, 0>, ap_fixed<16, 6, 5, 3, 0>, relu_config3> ...
Execute         set_default_model relu<ap_fixed<37, 17, 5, 3, 0>, ap_fixed<16, 6, 5, 3, 0>, relu_config3> 
Execute         cdfg_preprocess -model relu<ap_fixed<37, 17, 5, 3, 0>, ap_fixed<16, 6, 5, 3, 0>, relu_config3> 
Execute         rtl_gen_preprocess relu<ap_fixed<37, 17, 5, 3, 0>, ap_fixed<16, 6, 5, 3, 0>, relu_config3> 
INFO-FLOW: Preprocessing Module: dense_latency<ap_fixed<16, 6, 5, 3, 0>, ap_fixed<36, 16, 5, 3, 0>, config4> ...
Execute         set_default_model dense_latency<ap_fixed<16, 6, 5, 3, 0>, ap_fixed<36, 16, 5, 3, 0>, config4> 
Execute         cdfg_preprocess -model dense_latency<ap_fixed<16, 6, 5, 3, 0>, ap_fixed<36, 16, 5, 3, 0>, config4> 
Execute         rtl_gen_preprocess dense_latency<ap_fixed<16, 6, 5, 3, 0>, ap_fixed<36, 16, 5, 3, 0>, config4> 
INFO-FLOW: Preprocessing Module: init_exp_table<ap_fixed<36, 16, 5, 3, 0>, softmax_config5> ...
Execute         set_default_model init_exp_table<ap_fixed<36, 16, 5, 3, 0>, softmax_config5> 
Execute         cdfg_preprocess -model init_exp_table<ap_fixed<36, 16, 5, 3, 0>, softmax_config5> 
Command         cdfg_preprocess done; 1.37 sec.
Execute         rtl_gen_preprocess init_exp_table<ap_fixed<36, 16, 5, 3, 0>, softmax_config5> 
INFO-FLOW: Preprocessing Module: softmax_stable<ap_fixed,ap_fixed<16,6,5,3,0>,softmax_config5> ...
Execute         set_default_model softmax_stable<ap_fixed,ap_fixed<16,6,5,3,0>,softmax_config5> 
Execute         cdfg_preprocess -model softmax_stable<ap_fixed,ap_fixed<16,6,5,3,0>,softmax_config5> 
Execute         rtl_gen_preprocess softmax_stable<ap_fixed,ap_fixed<16,6,5,3,0>,softmax_config5> 
INFO-FLOW: Preprocessing Module: myproject ...
Execute         set_default_model myproject 
Execute         cdfg_preprocess -model myproject 
Execute         rtl_gen_preprocess myproject 
INFO-FLOW: Model list for synthesis: {dense_latency<ap_fixed<16, 6, 5, 3, 0>, ap_fixed<37, 17, 5, 3, 0>, config2>} {relu<ap_fixed<37, 17, 5, 3, 0>, ap_fixed<16, 6, 5, 3, 0>, relu_config3>} {dense_latency<ap_fixed<16, 6, 5, 3, 0>, ap_fixed<36, 16, 5, 3, 0>, config4>} {init_exp_table<ap_fixed<36, 16, 5, 3, 0>, softmax_config5>} softmax_stable<ap_fixed,ap_fixed<16,6,5,3,0>,softmax_config5> myproject
INFO: [HLS 200-10] ----------------------------------------------------------------
INFO: [HLS 200-42] -- Implementing module 'dense_latency_ap_fixed_16_6_5_3_0_ap_fixed_37_17_5_3_0_config2_s' 
INFO: [HLS 200-10] ----------------------------------------------------------------
Execute         set_default_model dense_latency<ap_fixed<16, 6, 5, 3, 0>, ap_fixed<37, 17, 5, 3, 0>, config2> 
Execute         schedule -model dense_latency<ap_fixed<16, 6, 5, 3, 0>, ap_fixed<37, 17, 5, 3, 0>, config2> 
INFO: [SCHED 204-11] Starting scheduling ...
INFO: [SCHED 204-61] Pipelining function 'dense_latency<ap_fixed<16, 6, 5, 3, 0>, ap_fixed<37, 17, 5, 3, 0>, config2>'.
INFO: [HLS 200-1470] Pipelining result : Target II = NA, Final II = 1, Depth = 2, function 'dense_latency<ap_fixed<16, 6, 5, 3, 0>, ap_fixed<37, 17, 5, 3, 0>, config2>'
INFO: [SCHED 204-11] Finished scheduling.
Command         schedule done; 0.8 sec.
INFO: [HLS 200-111] Finished Scheduling: CPU user time: 2.22 seconds. CPU system time: 0.11 seconds. Elapsed time: 2.33 seconds; current allocated memory: 1.226 GB.
Execute         syn_report -verbosereport -o /home/ubuntu/hls4ml_tests/my_hls_prj/myproject_prj/solution1/.autopilot/db/dense_latency_ap_fixed_16_6_5_3_0_ap_fixed_37_17_5_3_0_config2_s.verbose.sched.rpt 
Execute           list_part -family xcvu47p-fsvh2892-2-e 
Execute             ap_family_info -name xcvu47p-fsvh2892-2-e -data names 
Execute             ap_part_info -quiet -name xcvu47p-fsvh2892-2-e -data family 
Execute         db_write -o /home/ubuntu/hls4ml_tests/my_hls_prj/myproject_prj/solution1/.autopilot/db/dense_latency_ap_fixed_16_6_5_3_0_ap_fixed_37_17_5_3_0_config2_s.sched.adb -f 
INFO-FLOW: Finish scheduling dense_latency<ap_fixed<16, 6, 5, 3, 0>, ap_fixed<37, 17, 5, 3, 0>, config2>.
Execute         set_default_model dense_latency<ap_fixed<16, 6, 5, 3, 0>, ap_fixed<37, 17, 5, 3, 0>, config2> 
Execute         bind -model dense_latency<ap_fixed<16, 6, 5, 3, 0>, ap_fixed<37, 17, 5, 3, 0>, config2> 
INFO: [BIND 205-100] Starting micro-architecture generation ...
INFO: [BIND 205-101] Performing variable lifetime analysis.
INFO: [BIND 205-101] Exploring resource sharing.
INFO: [BIND 205-101] Binding ...
INFO: [BIND 205-100] Starting global binding ...
INFO: [BIND 205-100] Finished micro-architecture generation.
Command         bind done; 0.15 sec.
INFO: [HLS 200-111] Finished Binding: CPU user time: 0.21 seconds. CPU system time: 0 seconds. Elapsed time: 0.2 seconds; current allocated memory: 1.226 GB.
Execute         syn_report -verbosereport -o /home/ubuntu/hls4ml_tests/my_hls_prj/myproject_prj/solution1/.autopilot/db/dense_latency_ap_fixed_16_6_5_3_0_ap_fixed_37_17_5_3_0_config2_s.verbose.bind.rpt 
Execute           list_part -family xcvu47p-fsvh2892-2-e 
Execute             ap_family_info -name xcvu47p-fsvh2892-2-e -data names 
Execute             ap_part_info -quiet -name xcvu47p-fsvh2892-2-e -data family 
Execute         db_write -o /home/ubuntu/hls4ml_tests/my_hls_prj/myproject_prj/solution1/.autopilot/db/dense_latency_ap_fixed_16_6_5_3_0_ap_fixed_37_17_5_3_0_config2_s.bind.adb -f 
INFO-FLOW: Finish binding dense_latency<ap_fixed<16, 6, 5, 3, 0>, ap_fixed<37, 17, 5, 3, 0>, config2>.
INFO: [HLS 200-10] ----------------------------------------------------------------
INFO: [HLS 200-42] -- Implementing module 'relu_ap_fixed_37_17_5_3_0_ap_fixed_16_6_5_3_0_relu_config3_s' 
INFO: [HLS 200-10] ----------------------------------------------------------------
Execute         set_default_model relu<ap_fixed<37, 17, 5, 3, 0>, ap_fixed<16, 6, 5, 3, 0>, relu_config3> 
Execute         schedule -model relu<ap_fixed<37, 17, 5, 3, 0>, ap_fixed<16, 6, 5, 3, 0>, relu_config3> 
INFO: [SCHED 204-11] Starting scheduling ...
INFO: [SCHED 204-61] Pipelining function 'relu<ap_fixed<37, 17, 5, 3, 0>, ap_fixed<16, 6, 5, 3, 0>, relu_config3>'.
INFO: [HLS 200-1470] Pipelining result : Target II = NA, Final II = 1, Depth = 1, function 'relu<ap_fixed<37, 17, 5, 3, 0>, ap_fixed<16, 6, 5, 3, 0>, relu_config3>'
INFO: [SCHED 204-11] Finished scheduling.
INFO: [HLS 200-111] Finished Scheduling: CPU user time: 0.11 seconds. CPU system time: 0.01 seconds. Elapsed time: 0.1 seconds; current allocated memory: 1.226 GB.
Execute         syn_report -verbosereport -o /home/ubuntu/hls4ml_tests/my_hls_prj/myproject_prj/solution1/.autopilot/db/relu_ap_fixed_37_17_5_3_0_ap_fixed_16_6_5_3_0_relu_config3_s.verbose.sched.rpt 
Execute           list_part -family xcvu47p-fsvh2892-2-e 
Execute             ap_family_info -name xcvu47p-fsvh2892-2-e -data names 
Execute             ap_part_info -quiet -name xcvu47p-fsvh2892-2-e -data family 
Execute         db_write -o /home/ubuntu/hls4ml_tests/my_hls_prj/myproject_prj/solution1/.autopilot/db/relu_ap_fixed_37_17_5_3_0_ap_fixed_16_6_5_3_0_relu_config3_s.sched.adb -f 
INFO-FLOW: Finish scheduling relu<ap_fixed<37, 17, 5, 3, 0>, ap_fixed<16, 6, 5, 3, 0>, relu_config3>.
Execute         set_default_model relu<ap_fixed<37, 17, 5, 3, 0>, ap_fixed<16, 6, 5, 3, 0>, relu_config3> 
Execute         bind -model relu<ap_fixed<37, 17, 5, 3, 0>, ap_fixed<16, 6, 5, 3, 0>, relu_config3> 
INFO: [BIND 205-100] Starting micro-architecture generation ...
INFO: [BIND 205-101] Performing variable lifetime analysis.
INFO: [BIND 205-101] Exploring resource sharing.
INFO: [BIND 205-101] Binding ...
INFO: [BIND 205-100] Finished micro-architecture generation.
INFO: [HLS 200-111] Finished Binding: CPU user time: 0.01 seconds. CPU system time: 0 seconds. Elapsed time: 0.02 seconds; current allocated memory: 1.226 GB.
Execute         syn_report -verbosereport -o /home/ubuntu/hls4ml_tests/my_hls_prj/myproject_prj/solution1/.autopilot/db/relu_ap_fixed_37_17_5_3_0_ap_fixed_16_6_5_3_0_relu_config3_s.verbose.bind.rpt 
Execute           list_part -family xcvu47p-fsvh2892-2-e 
Execute             ap_family_info -name xcvu47p-fsvh2892-2-e -data names 
Execute             ap_part_info -quiet -name xcvu47p-fsvh2892-2-e -data family 
Execute         db_write -o /home/ubuntu/hls4ml_tests/my_hls_prj/myproject_prj/solution1/.autopilot/db/relu_ap_fixed_37_17_5_3_0_ap_fixed_16_6_5_3_0_relu_config3_s.bind.adb -f 
INFO-FLOW: Finish binding relu<ap_fixed<37, 17, 5, 3, 0>, ap_fixed<16, 6, 5, 3, 0>, relu_config3>.
INFO: [HLS 200-10] ----------------------------------------------------------------
INFO: [HLS 200-42] -- Implementing module 'dense_latency_ap_fixed_16_6_5_3_0_ap_fixed_36_16_5_3_0_config4_s' 
INFO: [HLS 200-10] ----------------------------------------------------------------
Execute         set_default_model dense_latency<ap_fixed<16, 6, 5, 3, 0>, ap_fixed<36, 16, 5, 3, 0>, config4> 
Execute         schedule -model dense_latency<ap_fixed<16, 6, 5, 3, 0>, ap_fixed<36, 16, 5, 3, 0>, config4> 
INFO: [SCHED 204-11] Starting scheduling ...
INFO: [SCHED 204-61] Pipelining function 'dense_latency<ap_fixed<16, 6, 5, 3, 0>, ap_fixed<36, 16, 5, 3, 0>, config4>'.
INFO: [HLS 200-1470] Pipelining result : Target II = NA, Final II = 1, Depth = 2, function 'dense_latency<ap_fixed<16, 6, 5, 3, 0>, ap_fixed<36, 16, 5, 3, 0>, config4>'
INFO: [SCHED 204-11] Finished scheduling.
Command         schedule done; 0.19 sec.
INFO: [HLS 200-111] Finished Scheduling: CPU user time: 0.19 seconds. CPU system time: 0.01 seconds. Elapsed time: 0.2 seconds; current allocated memory: 1.226 GB.
Execute         syn_report -verbosereport -o /home/ubuntu/hls4ml_tests/my_hls_prj/myproject_prj/solution1/.autopilot/db/dense_latency_ap_fixed_16_6_5_3_0_ap_fixed_36_16_5_3_0_config4_s.verbose.sched.rpt 
Execute           list_part -family xcvu47p-fsvh2892-2-e 
Execute             ap_family_info -name xcvu47p-fsvh2892-2-e -data names 
Execute             ap_part_info -quiet -name xcvu47p-fsvh2892-2-e -data family 
Execute         db_write -o /home/ubuntu/hls4ml_tests/my_hls_prj/myproject_prj/solution1/.autopilot/db/dense_latency_ap_fixed_16_6_5_3_0_ap_fixed_36_16_5_3_0_config4_s.sched.adb -f 
INFO-FLOW: Finish scheduling dense_latency<ap_fixed<16, 6, 5, 3, 0>, ap_fixed<36, 16, 5, 3, 0>, config4>.
Execute         set_default_model dense_latency<ap_fixed<16, 6, 5, 3, 0>, ap_fixed<36, 16, 5, 3, 0>, config4> 
Execute         bind -model dense_latency<ap_fixed<16, 6, 5, 3, 0>, ap_fixed<36, 16, 5, 3, 0>, config4> 
INFO: [BIND 205-100] Starting micro-architecture generation ...
INFO: [BIND 205-101] Performing variable lifetime analysis.
INFO: [BIND 205-101] Exploring resource sharing.
INFO: [BIND 205-101] Binding ...
INFO: [BIND 205-100] Starting global binding ...
INFO: [BIND 205-100] Finished micro-architecture generation.
INFO: [HLS 200-111] Finished Binding: CPU user time: 0.04 seconds. CPU system time: 0 seconds. Elapsed time: 0.04 seconds; current allocated memory: 1.226 GB.
Execute         syn_report -verbosereport -o /home/ubuntu/hls4ml_tests/my_hls_prj/myproject_prj/solution1/.autopilot/db/dense_latency_ap_fixed_16_6_5_3_0_ap_fixed_36_16_5_3_0_config4_s.verbose.bind.rpt 
Execute           list_part -family xcvu47p-fsvh2892-2-e 
Execute             ap_family_info -name xcvu47p-fsvh2892-2-e -data names 
Execute             ap_part_info -quiet -name xcvu47p-fsvh2892-2-e -data family 
Execute         db_write -o /home/ubuntu/hls4ml_tests/my_hls_prj/myproject_prj/solution1/.autopilot/db/dense_latency_ap_fixed_16_6_5_3_0_ap_fixed_36_16_5_3_0_config4_s.bind.adb -f 
INFO-FLOW: Finish binding dense_latency<ap_fixed<16, 6, 5, 3, 0>, ap_fixed<36, 16, 5, 3, 0>, config4>.
INFO: [HLS 200-10] ----------------------------------------------------------------
INFO: [HLS 200-42] -- Implementing module 'init_exp_table_ap_fixed_36_16_5_3_0_softmax_config5_s' 
INFO: [HLS 200-10] ----------------------------------------------------------------
Execute         set_default_model init_exp_table<ap_fixed<36, 16, 5, 3, 0>, softmax_config5> 
Execute         schedule -model init_exp_table<ap_fixed<36, 16, 5, 3, 0>, softmax_config5> 
INFO-FLOW: Workspace /home/ubuntu/hls4ml_tests/my_hls_prj/myproject_prj/solution1 opened at Tue Sep 23 11:30:27 UTC 2025
Execute       ap_set_clock -name default -period 5 -unit ns -default=false 
INFO: [SYN 201-201] Setting up clock 'default' with a period of 5ns.
Execute       ap_set_clock -name default -uncertainty 1.35 -unit % 
INFO: [SYN 201-201] Setting up clock 'default' with an uncertainty of 1.35ns.
Execute       set_part xcvu47p-fsvh2892-2-e 
Execute         create_platform xcvu47p-fsvh2892-2-e -board  
DBG:HLSDevice: Trying to load device library: /opt/Xilinx/Vitis_HLS/2024.1/lib/lnx64.o/libxv_hlsvwrap.so
DBG:HLSDevice: first parts/arch.xml in RDI_DATADIR: /opt/Xilinx/Vivado/2024.1/data/parts/arch.xml
DBG:HLSDevice: init success
INFO: [HLS 200-1611] Setting target device to 'xcvu47p-fsvh2892-2-e'
Command         create_platform done; 0.56 sec.
Execute         source /opt/Xilinx/Vitis_HLS/2024.1/common/technology/xilinx/common/xilinx.gen 
Execute           source /opt/Xilinx/Vitis_HLS/2024.1/common/technology/xilinx/interface/plb46.gen 
Execute           source /opt/Xilinx/Vitis_HLS/2024.1/common/technology/xilinx/interface/axi4.gen 
Execute           source /opt/Xilinx/Vitis_HLS/2024.1/common/technology/xilinx/interface/nativeAXI4.gen 
Execute             source /opt/Xilinx/Vitis_HLS/2024.1/common/technology/xilinx/interface/saxilite.gen 
Execute           source /opt/Xilinx/Vitis_HLS/2024.1/common/technology/xilinx/scripts/xilinxcoregen.gen 
Execute           source /opt/Xilinx/Vitis_HLS/2024.1/common/technology/xilinx/interface/XilEDKCoreGen.gen 
Execute           source /opt/Xilinx/Vitis_HLS/2024.1/common/technology/xilinx/ip/util.gen 
Execute           source /opt/Xilinx/Vitis_HLS/2024.1/common/technology/xilinx/ip/xfft.gen 
Execute           source /opt/Xilinx/Vitis_HLS/2024.1/common/technology/xilinx/ip/dds_compiler.gen 
Execute           source /opt/Xilinx/Vitis_HLS/2024.1/common/technology/xilinx/ip/xfir.gen 
Execute           source /opt/Xilinx/Vitis_HLS/2024.1/common/technology/xilinx/DSP48/dsp48.gen 
Command         ap_source done; 0.13 sec.
Execute         ap_part_info -name xcvu47p-fsvh2892-2-e -data info 
Execute         config_compile -quiet -complex-mul-dsp=0 
Command       set_part done; 0.7 sec.
Execute       send_msg_by_id INFO @200-1505@%s%s  vivado 
INFO: [HLS 200-1505] Using flow_target 'vivado'
Execute       send_msg_by_id INFO @200-1464@%s config_compile -name_max_length=80 
INFO: [HLS 200-1464] Running solution command: config_compile -name_max_length=80
Execute       config_compile -name_max_length=80 
INFO: [XFORM 203-1161] The maximum of name length is set to 80.
Execute       send_msg_by_id INFO @200-1464@%s config_compile -complex-mul-dsp=0 
INFO: [HLS 200-1464] Running solution command: config_compile -complex-mul-dsp=0
Execute       config_compile -complex-mul-dsp=0 
INFO: [XFORM 203-1161] The maximum of name length is set to 80.
Execute       send_msg_by_id INFO @200-1464@%s config_schedule -enable_dsp_full_reg=0 
INFO: [HLS 200-1464] Running solution command: config_schedule -enable_dsp_full_reg=0
Execute       config_schedule -enable_dsp_full_reg=0 
Command     open_solution done; 0.72 sec.
Execute     config_array_partition -maximum_size 4096 
INFO: [HLS 200-1510] Running: config_array_partition -maximum_size 4096 
ERROR: [HLS 200-101] config_array_partition: Unknown option '-maximum_size'.
ERROR: [HLS 200-101] config_array_partition: Unknown option '4096'.
Execute       ::HLS_INI_HELP::tclcmd2ininames config_array_partition
Command     config_array_partition done; error code: 1; 0.16 sec.
Execute     config_compile -name_max_length 80 
INFO: [HLS 200-1510] Running: config_compile -name_max_length 80 
INFO: [XFORM 203-1161] The maximum of name length is set to 80.
Execute     set_part xcvu47p-fsvh2892-2-e 
INFO: [HLS 200-1510] Running: set_part xcvu47p-fsvh2892-2-e 
Execute       create_platform xcvu47p-fsvh2892-2-e -board  
Command       create_platform done; 0.13 sec.
Execute       source /opt/Xilinx/Vitis_HLS/2024.1/common/technology/xilinx/common/xilinx.gen 
Execute         source /opt/Xilinx/Vitis_HLS/2024.1/common/technology/xilinx/interface/plb46.gen 
Execute         source /opt/Xilinx/Vitis_HLS/2024.1/common/technology/xilinx/interface/axi4.gen 
Execute         source /opt/Xilinx/Vitis_HLS/2024.1/common/technology/xilinx/interface/nativeAXI4.gen 
Execute           source /opt/Xilinx/Vitis_HLS/2024.1/common/technology/xilinx/interface/saxilite.gen 
Execute         source /opt/Xilinx/Vitis_HLS/2024.1/common/technology/xilinx/scripts/xilinxcoregen.gen 
Execute         source /opt/Xilinx/Vitis_HLS/2024.1/common/technology/xilinx/interface/XilEDKCoreGen.gen 
Execute         source /opt/Xilinx/Vitis_HLS/2024.1/common/technology/xilinx/ip/util.gen 
Execute         source /opt/Xilinx/Vitis_HLS/2024.1/common/technology/xilinx/ip/xfft.gen 
Execute         source /opt/Xilinx/Vitis_HLS/2024.1/common/technology/xilinx/ip/dds_compiler.gen 
Execute         source /opt/Xilinx/Vitis_HLS/2024.1/common/technology/xilinx/ip/xfir.gen 
Execute         source /opt/Xilinx/Vitis_HLS/2024.1/common/technology/xilinx/DSP48/dsp48.gen 
Execute       ap_part_info -name xcvu47p-fsvh2892-2-e -data info 
Execute       config_compile -quiet -complex-mul-dsp=0 
INFO: [XFORM 203-1161] The maximum of name length is set to 80.
Command     set_part done; 0.24 sec.
Execute     config_schedule -enable_dsp_full_reg=false 
INFO: [HLS 200-1510] Running: config_schedule -enable_dsp_full_reg=false 
Execute     create_clock -period 5 -name default 
INFO: [HLS 200-1510] Running: create_clock -period 5 -name default 
Execute     set_clock_uncertainty 27% default 
INFO: [HLS 200-1510] Running: set_clock_uncertainty 27% default 
Execute     csim_design 
INFO: [HLS 200-1510] Running: csim_design 
INFO-FLOW: Running SLX 'csim' proc: ::SLX::run_csim
INFO: [SIM 211-2] *************** CSIM start ***************
INFO: [SIM 211-4] CSIM will launch CLANG as the compiler.
Execute       source csim/.lst_opt.tcl 
Execute       send_msg_by_id INFO @200-2036@%s debug 
INFO: [HLS 200-2036] Building debug C Simulation binaries
Execute       source /opt/Xilinx/Vitis_HLS/2024.1/tps/tcl/tcllib1.11.1/yaml/huddle.tcl 
Execute       source /opt/Xilinx/Vitis_HLS/2024.1/tps/tcl/tcllib1.11.1/yaml/json2huddle.tcl 
Execute         source /opt/Xilinx/Vitis_HLS/2024.1/tps/tcl/tcllib1.11.1/try/try.tcl 
Execute       ap_part_info -name xcvu47p-fsvh2892-2-e -data info 
Execute       source run_sim.tcl 
INFO: [Common 17-41] Interrupt caught. Command should exit soon.
Command       ap_source done; error code: 1; 0.34 sec.
Command     csim_design done; error code: 1; 0.71 sec.
INFO: [HLS 200-2161] Finished Command csim_design Elapsed time: 00:00:00; Allocated memory: 8.000 MB.
Command   ap_source done; error code: 1; 1.86 sec.
Command vitis_hls_bin done; error code: 1; 1.86 sec.
INFO-FLOW: Workspace /home/ubuntu/hls4ml_tests/my_hls_prj/myproject_prj/solution1 opened at Tue Sep 23 11:33:08 UTC 2025
Execute       ap_set_clock -name default -period 5 -unit ns -default=false 
INFO: [SYN 201-201] Setting up clock 'default' with a period of 5ns.
Execute       ap_set_clock -name default -uncertainty 1.35 -unit % 
INFO: [SYN 201-201] Setting up clock 'default' with an uncertainty of 1.35ns.
Execute       set_part xcvu47p-fsvh2892-2-e 
Execute         create_platform xcvu47p-fsvh2892-2-e -board  
DBG:HLSDevice: Trying to load device library: /opt/Xilinx/Vitis_HLS/2024.1/lib/lnx64.o/libxv_hlsvwrap.so
DBG:HLSDevice: first parts/arch.xml in RDI_DATADIR: /opt/Xilinx/Vivado/2024.1/data/parts/arch.xml
DBG:HLSDevice: init success
INFO: [HLS 200-1611] Setting target device to 'xcvu47p-fsvh2892-2-e'
Command         create_platform done; 0.55 sec.
Execute         source /opt/Xilinx/Vitis_HLS/2024.1/common/technology/xilinx/common/xilinx.gen 
Execute           source /opt/Xilinx/Vitis_HLS/2024.1/common/technology/xilinx/interface/plb46.gen 
Execute           source /opt/Xilinx/Vitis_HLS/2024.1/common/technology/xilinx/interface/axi4.gen 
Execute           source /opt/Xilinx/Vitis_HLS/2024.1/common/technology/xilinx/interface/nativeAXI4.gen 
Execute             source /opt/Xilinx/Vitis_HLS/2024.1/common/technology/xilinx/interface/saxilite.gen 
Execute           source /opt/Xilinx/Vitis_HLS/2024.1/common/technology/xilinx/scripts/xilinxcoregen.gen 
Execute           source /opt/Xilinx/Vitis_HLS/2024.1/common/technology/xilinx/interface/XilEDKCoreGen.gen 
Execute           source /opt/Xilinx/Vitis_HLS/2024.1/common/technology/xilinx/ip/util.gen 
Execute           source /opt/Xilinx/Vitis_HLS/2024.1/common/technology/xilinx/ip/xfft.gen 
Execute           source /opt/Xilinx/Vitis_HLS/2024.1/common/technology/xilinx/ip/dds_compiler.gen 
Execute           source /opt/Xilinx/Vitis_HLS/2024.1/common/technology/xilinx/ip/xfir.gen 
Execute           source /opt/Xilinx/Vitis_HLS/2024.1/common/technology/xilinx/DSP48/dsp48.gen 
Command         ap_source done; 0.13 sec.
Execute         ap_part_info -name xcvu47p-fsvh2892-2-e -data info 
Execute         config_compile -quiet -complex-mul-dsp=0 
Command       set_part done; 0.68 sec.
Execute       send_msg_by_id INFO @200-1505@%s%s  vivado 
INFO: [HLS 200-1505] Using flow_target 'vivado'
Execute       send_msg_by_id INFO @200-1464@%s config_compile -name_max_length=80 
INFO: [HLS 200-1464] Running solution command: config_compile -name_max_length=80
Execute       config_compile -name_max_length=80 
INFO: [XFORM 203-1161] The maximum of name length is set to 80.
Execute       send_msg_by_id INFO @200-1464@%s config_compile -complex-mul-dsp=0 
INFO: [HLS 200-1464] Running solution command: config_compile -complex-mul-dsp=0
Execute       config_compile -complex-mul-dsp=0 
INFO: [XFORM 203-1161] The maximum of name length is set to 80.
Execute       send_msg_by_id INFO @200-1464@%s config_schedule -enable_dsp_full_reg=0 
INFO: [HLS 200-1464] Running solution command: config_schedule -enable_dsp_full_reg=0
Execute       config_schedule -enable_dsp_full_reg=0 
Command     open_solution done; 0.7 sec.
Execute     config_array_partition -maximum_size 4096 
INFO: [HLS 200-1510] Running: config_array_partition -maximum_size 4096 
ERROR: [HLS 200-101] config_array_partition: Unknown option '-maximum_size'.
ERROR: [HLS 200-101] config_array_partition: Unknown option '4096'.
Execute       ::HLS_INI_HELP::tclcmd2ininames config_array_partition
Command     config_array_partition done; error code: 1; 0.16 sec.
Execute     config_compile -name_max_length 80 
INFO: [HLS 200-1510] Running: config_compile -name_max_length 80 
INFO: [XFORM 203-1161] The maximum of name length is set to 80.
Execute     set_part xcvu47p-fsvh2892-2-e 
INFO: [HLS 200-1510] Running: set_part xcvu47p-fsvh2892-2-e 
Execute       create_platform xcvu47p-fsvh2892-2-e -board  
Command       create_platform done; 0.13 sec.
Execute       source /opt/Xilinx/Vitis_HLS/2024.1/common/technology/xilinx/common/xilinx.gen 
Execute         source /opt/Xilinx/Vitis_HLS/2024.1/common/technology/xilinx/interface/plb46.gen 
Execute         source /opt/Xilinx/Vitis_HLS/2024.1/common/technology/xilinx/interface/axi4.gen 
Execute         source /opt/Xilinx/Vitis_HLS/2024.1/common/technology/xilinx/interface/nativeAXI4.gen 
Execute           source /opt/Xilinx/Vitis_HLS/2024.1/common/technology/xilinx/interface/saxilite.gen 
Execute         source /opt/Xilinx/Vitis_HLS/2024.1/common/technology/xilinx/scripts/xilinxcoregen.gen 
Execute         source /opt/Xilinx/Vitis_HLS/2024.1/common/technology/xilinx/interface/XilEDKCoreGen.gen 
Execute         source /opt/Xilinx/Vitis_HLS/2024.1/common/technology/xilinx/ip/util.gen 
Execute         source /opt/Xilinx/Vitis_HLS/2024.1/common/technology/xilinx/ip/xfft.gen 
Execute         source /opt/Xilinx/Vitis_HLS/2024.1/common/technology/xilinx/ip/dds_compiler.gen 
Execute         source /opt/Xilinx/Vitis_HLS/2024.1/common/technology/xilinx/ip/xfir.gen 
Execute         source /opt/Xilinx/Vitis_HLS/2024.1/common/technology/xilinx/DSP48/dsp48.gen 
Command       ap_source done; 0.11 sec.
Execute       ap_part_info -name xcvu47p-fsvh2892-2-e -data info 
Execute       config_compile -quiet -complex-mul-dsp=0 
INFO: [XFORM 203-1161] The maximum of name length is set to 80.
Command     set_part done; 0.24 sec.
Execute     config_schedule -enable_dsp_full_reg=false 
INFO: [HLS 200-1510] Running: config_schedule -enable_dsp_full_reg=false 
Execute     create_clock -period 5 -name default 
INFO: [HLS 200-1510] Running: create_clock -period 5 -name default 
Execute     set_clock_uncertainty 27% default 
INFO: [HLS 200-1510] Running: set_clock_uncertainty 27% default 
Execute     csim_design 
INFO: [HLS 200-1510] Running: csim_design 
INFO-FLOW: Running SLX 'csim' proc: ::SLX::run_csim
INFO: [SIM 211-2] *************** CSIM start ***************
INFO: [SIM 211-4] CSIM will launch CLANG as the compiler.
Execute       source csim/.lst_opt.tcl 
Execute       send_msg_by_id INFO @200-2036@%s debug 
INFO: [HLS 200-2036] Building debug C Simulation binaries
Execute       source /opt/Xilinx/Vitis_HLS/2024.1/tps/tcl/tcllib1.11.1/yaml/huddle.tcl 
Execute       source /opt/Xilinx/Vitis_HLS/2024.1/tps/tcl/tcllib1.11.1/yaml/json2huddle.tcl 
Execute         source /opt/Xilinx/Vitis_HLS/2024.1/tps/tcl/tcllib1.11.1/try/try.tcl 
Execute       ap_part_info -name xcvu47p-fsvh2892-2-e -data info 
Execute       source run_sim.tcl 
Command       ap_source done; 0.36 sec.
INFO: [SIM 211-1] CSim done with 0 errors.
INFO: [SIM 211-3] *************** CSIM finish ***************
Command     csim_design done; 0.73 sec.
INFO: [HLS 200-2161] Finished Command csim_design Elapsed time: 00:00:00; Allocated memory: 0.000 MB.
Execute     cleanup_all 
INFO-FLOW: Workspace /home/ubuntu/hls4ml_tests/my_hls_prj/myproject_prj/solution1 opened at Tue Sep 23 11:34:37 UTC 2025
Execute       ap_set_clock -name default -period 5 -unit ns -default=false 
INFO: [SYN 201-201] Setting up clock 'default' with a period of 5ns.
Execute       ap_set_clock -name default -uncertainty 1.35 -unit % 
INFO: [SYN 201-201] Setting up clock 'default' with an uncertainty of 1.35ns.
Execute       set_part xcvu47p-fsvh2892-2-e 
Execute         create_platform xcvu47p-fsvh2892-2-e -board  
DBG:HLSDevice: Trying to load device library: /opt/Xilinx/Vitis_HLS/2024.1/lib/lnx64.o/libxv_hlsvwrap.so
DBG:HLSDevice: first parts/arch.xml in RDI_DATADIR: /opt/Xilinx/Vivado/2024.1/data/parts/arch.xml
DBG:HLSDevice: init success
INFO: [HLS 200-1611] Setting target device to 'xcvu47p-fsvh2892-2-e'
Command         create_platform done; 0.37 sec.
Execute         source /opt/Xilinx/Vitis_HLS/2024.1/common/technology/xilinx/common/xilinx.gen 
Execute           source /opt/Xilinx/Vitis_HLS/2024.1/common/technology/xilinx/interface/plb46.gen 
Execute           source /opt/Xilinx/Vitis_HLS/2024.1/common/technology/xilinx/interface/axi4.gen 
Execute           source /opt/Xilinx/Vitis_HLS/2024.1/common/technology/xilinx/interface/nativeAXI4.gen 
Execute             source /opt/Xilinx/Vitis_HLS/2024.1/common/technology/xilinx/interface/saxilite.gen 
Execute           source /opt/Xilinx/Vitis_HLS/2024.1/common/technology/xilinx/scripts/xilinxcoregen.gen 
Execute           source /opt/Xilinx/Vitis_HLS/2024.1/common/technology/xilinx/interface/XilEDKCoreGen.gen 
Execute           source /opt/Xilinx/Vitis_HLS/2024.1/common/technology/xilinx/ip/util.gen 
Execute           source /opt/Xilinx/Vitis_HLS/2024.1/common/technology/xilinx/ip/xfft.gen 
Execute           source /opt/Xilinx/Vitis_HLS/2024.1/common/technology/xilinx/ip/dds_compiler.gen 
Execute           source /opt/Xilinx/Vitis_HLS/2024.1/common/technology/xilinx/ip/xfir.gen 
Execute           source /opt/Xilinx/Vitis_HLS/2024.1/common/technology/xilinx/DSP48/dsp48.gen 
Command         ap_source done; 0.11 sec.
Execute         ap_part_info -name xcvu47p-fsvh2892-2-e -data info 
Execute         config_compile -quiet -complex-mul-dsp=0 
Command       set_part done; 0.49 sec.
Execute       send_msg_by_id INFO @200-1505@%s%s  vivado 
INFO: [HLS 200-1505] Using flow_target 'vivado'
Execute       send_msg_by_id INFO @200-1464@%s config_compile -name_max_length=80 
INFO: [HLS 200-1464] Running solution command: config_compile -name_max_length=80
Execute       config_compile -name_max_length=80 
INFO: [XFORM 203-1161] The maximum of name length is set to 80.
Execute       send_msg_by_id INFO @200-1464@%s config_compile -complex-mul-dsp=0 
INFO: [HLS 200-1464] Running solution command: config_compile -complex-mul-dsp=0
Execute       config_compile -complex-mul-dsp=0 
INFO: [XFORM 203-1161] The maximum of name length is set to 80.
Execute       send_msg_by_id INFO @200-1464@%s config_schedule -enable_dsp_full_reg=0 
INFO: [HLS 200-1464] Running solution command: config_schedule -enable_dsp_full_reg=0
Execute       config_schedule -enable_dsp_full_reg=0 
Command     open_solution done; 0.5 sec.
Execute     config_array_partition -maximum_size 4096 
INFO: [HLS 200-1510] Running: config_array_partition -maximum_size 4096 
ERROR: [HLS 200-101] config_array_partition: Unknown option '-maximum_size'.
ERROR: [HLS 200-101] config_array_partition: Unknown option '4096'.
Execute       ::HLS_INI_HELP::tclcmd2ininames config_array_partition
Command     config_array_partition done; error code: 1; 0.16 sec.
Execute     config_compile -name_max_length 80 
INFO: [HLS 200-1510] Running: config_compile -name_max_length 80 
INFO: [XFORM 203-1161] The maximum of name length is set to 80.
Execute     set_part xcvu47p-fsvh2892-2-e 
INFO: [HLS 200-1510] Running: set_part xcvu47p-fsvh2892-2-e 
Execute       create_platform xcvu47p-fsvh2892-2-e -board  
Command       create_platform done; 0.13 sec.
Execute       source /opt/Xilinx/Vitis_HLS/2024.1/common/technology/xilinx/common/xilinx.gen 
Execute         source /opt/Xilinx/Vitis_HLS/2024.1/common/technology/xilinx/interface/plb46.gen 
Execute         source /opt/Xilinx/Vitis_HLS/2024.1/common/technology/xilinx/interface/axi4.gen 
Execute         source /opt/Xilinx/Vitis_HLS/2024.1/common/technology/xilinx/interface/nativeAXI4.gen 
Execute           source /opt/Xilinx/Vitis_HLS/2024.1/common/technology/xilinx/interface/saxilite.gen 
Execute         source /opt/Xilinx/Vitis_HLS/2024.1/common/technology/xilinx/scripts/xilinxcoregen.gen 
Execute         source /opt/Xilinx/Vitis_HLS/2024.1/common/technology/xilinx/interface/XilEDKCoreGen.gen 
Execute         source /opt/Xilinx/Vitis_HLS/2024.1/common/technology/xilinx/ip/util.gen 
Execute         source /opt/Xilinx/Vitis_HLS/2024.1/common/technology/xilinx/ip/xfft.gen 
Execute         source /opt/Xilinx/Vitis_HLS/2024.1/common/technology/xilinx/ip/dds_compiler.gen 
Execute         source /opt/Xilinx/Vitis_HLS/2024.1/common/technology/xilinx/ip/xfir.gen 
Execute         source /opt/Xilinx/Vitis_HLS/2024.1/common/technology/xilinx/DSP48/dsp48.gen 
Command       ap_source done; 0.11 sec.
Execute       ap_part_info -name xcvu47p-fsvh2892-2-e -data info 
Execute       config_compile -quiet -complex-mul-dsp=0 
INFO: [XFORM 203-1161] The maximum of name length is set to 80.
Command     set_part done; 0.24 sec.
Execute     config_schedule -enable_dsp_full_reg=false 
INFO: [HLS 200-1510] Running: config_schedule -enable_dsp_full_reg=false 
Execute     create_clock -period 5 -name default 
INFO: [HLS 200-1510] Running: create_clock -period 5 -name default 
Execute     set_clock_uncertainty 27% default 
INFO: [HLS 200-1510] Running: set_clock_uncertainty 27% default 
Execute     csim_design 
INFO: [HLS 200-1510] Running: csim_design 
INFO-FLOW: Running SLX 'csim' proc: ::SLX::run_csim
INFO: [SIM 211-2] *************** CSIM start ***************
INFO: [SIM 211-4] CSIM will launch CLANG as the compiler.
Execute       source csim/.lst_opt.tcl 
Execute       send_msg_by_id INFO @200-2036@%s debug 
INFO: [HLS 200-2036] Building debug C Simulation binaries
Execute       source /opt/Xilinx/Vitis_HLS/2024.1/tps/tcl/tcllib1.11.1/yaml/huddle.tcl 
Execute       source /opt/Xilinx/Vitis_HLS/2024.1/tps/tcl/tcllib1.11.1/yaml/json2huddle.tcl 
Execute         source /opt/Xilinx/Vitis_HLS/2024.1/tps/tcl/tcllib1.11.1/try/try.tcl 
Execute       ap_part_info -name xcvu47p-fsvh2892-2-e -data info 
Execute       source run_sim.tcl 
Command       ap_source done; 0.34 sec.
INFO: [SIM 211-1] CSim done with 0 errors.
INFO: [SIM 211-3] *************** CSIM finish ***************
Command     csim_design done; 0.68 sec.
INFO: [HLS 200-2161] Finished Command csim_design Elapsed time: 00:00:00; Allocated memory: 0.000 MB.
Execute     cleanup_all 
INFO-FLOW: Workspace /home/ubuntu/hls4ml_tests/my_hls_prj/myproject_prj/solution1 opened at Tue Sep 23 11:36:44 UTC 2025
Execute       ap_set_clock -name default -period 5 -unit ns -default=false 
INFO: [SYN 201-201] Setting up clock 'default' with a period of 5ns.
Execute       ap_set_clock -name default -uncertainty 1.35 -unit % 
INFO: [SYN 201-201] Setting up clock 'default' with an uncertainty of 1.35ns.
Execute       set_part xcvu47p-fsvh2892-2-e 
Execute         create_platform xcvu47p-fsvh2892-2-e -board  
DBG:HLSDevice: Trying to load device library: /opt/Xilinx/Vitis_HLS/2024.1/lib/lnx64.o/libxv_hlsvwrap.so
DBG:HLSDevice: first parts/arch.xml in RDI_DATADIR: /opt/Xilinx/Vivado/2024.1/data/parts/arch.xml
DBG:HLSDevice: init success
INFO: [HLS 200-1611] Setting target device to 'xcvu47p-fsvh2892-2-e'
Command         create_platform done; 0.36 sec.
Execute         source /opt/Xilinx/Vitis_HLS/2024.1/common/technology/xilinx/common/xilinx.gen 
Execute           source /opt/Xilinx/Vitis_HLS/2024.1/common/technology/xilinx/interface/plb46.gen 
Execute           source /opt/Xilinx/Vitis_HLS/2024.1/common/technology/xilinx/interface/axi4.gen 
Execute           source /opt/Xilinx/Vitis_HLS/2024.1/common/technology/xilinx/interface/nativeAXI4.gen 
Execute             source /opt/Xilinx/Vitis_HLS/2024.1/common/technology/xilinx/interface/saxilite.gen 
Execute           source /opt/Xilinx/Vitis_HLS/2024.1/common/technology/xilinx/scripts/xilinxcoregen.gen 
Execute           source /opt/Xilinx/Vitis_HLS/2024.1/common/technology/xilinx/interface/XilEDKCoreGen.gen 
Execute           source /opt/Xilinx/Vitis_HLS/2024.1/common/technology/xilinx/ip/util.gen 
Execute           source /opt/Xilinx/Vitis_HLS/2024.1/common/technology/xilinx/ip/xfft.gen 
Execute           source /opt/Xilinx/Vitis_HLS/2024.1/common/technology/xilinx/ip/dds_compiler.gen 
Execute           source /opt/Xilinx/Vitis_HLS/2024.1/common/technology/xilinx/ip/xfir.gen 
Execute           source /opt/Xilinx/Vitis_HLS/2024.1/common/technology/xilinx/DSP48/dsp48.gen 
Execute         ap_part_info -name xcvu47p-fsvh2892-2-e -data info 
Execute         config_compile -quiet -complex-mul-dsp=0 
Command       set_part done; 0.48 sec.
Execute       send_msg_by_id INFO @200-1505@%s%s  vivado 
INFO: [HLS 200-1505] Using flow_target 'vivado'
Execute       send_msg_by_id INFO @200-1464@%s config_compile -name_max_length=80 
INFO: [HLS 200-1464] Running solution command: config_compile -name_max_length=80
Execute       config_compile -name_max_length=80 
INFO: [XFORM 203-1161] The maximum of name length is set to 80.
Execute       send_msg_by_id INFO @200-1464@%s config_compile -complex-mul-dsp=0 
INFO: [HLS 200-1464] Running solution command: config_compile -complex-mul-dsp=0
Execute       config_compile -complex-mul-dsp=0 
INFO: [XFORM 203-1161] The maximum of name length is set to 80.
Execute       send_msg_by_id INFO @200-1464@%s config_schedule -enable_dsp_full_reg=0 
INFO: [HLS 200-1464] Running solution command: config_schedule -enable_dsp_full_reg=0
Execute       config_schedule -enable_dsp_full_reg=0 
Command     open_solution done; 0.5 sec.
Execute     config_array_partition -maximum_size 4096 
INFO: [HLS 200-1510] Running: config_array_partition -maximum_size 4096 
ERROR: [HLS 200-101] config_array_partition: Unknown option '-maximum_size'.
ERROR: [HLS 200-101] config_array_partition: Unknown option '4096'.
Execute       ::HLS_INI_HELP::tclcmd2ininames config_array_partition
Command     config_array_partition done; error code: 1; 0.15 sec.
Execute     config_compile -name_max_length 80 
INFO: [HLS 200-1510] Running: config_compile -name_max_length 80 
INFO: [XFORM 203-1161] The maximum of name length is set to 80.
Execute     set_part xcvu47p-fsvh2892-2-e 
INFO: [HLS 200-1510] Running: set_part xcvu47p-fsvh2892-2-e 
Execute       create_platform xcvu47p-fsvh2892-2-e -board  
Command       create_platform done; 0.13 sec.
Execute       source /opt/Xilinx/Vitis_HLS/2024.1/common/technology/xilinx/common/xilinx.gen 
Execute         source /opt/Xilinx/Vitis_HLS/2024.1/common/technology/xilinx/interface/plb46.gen 
Execute         source /opt/Xilinx/Vitis_HLS/2024.1/common/technology/xilinx/interface/axi4.gen 
Execute         source /opt/Xilinx/Vitis_HLS/2024.1/common/technology/xilinx/interface/nativeAXI4.gen 
Execute           source /opt/Xilinx/Vitis_HLS/2024.1/common/technology/xilinx/interface/saxilite.gen 
Execute         source /opt/Xilinx/Vitis_HLS/2024.1/common/technology/xilinx/scripts/xilinxcoregen.gen 
Execute         source /opt/Xilinx/Vitis_HLS/2024.1/common/technology/xilinx/interface/XilEDKCoreGen.gen 
Execute         source /opt/Xilinx/Vitis_HLS/2024.1/common/technology/xilinx/ip/util.gen 
Execute         source /opt/Xilinx/Vitis_HLS/2024.1/common/technology/xilinx/ip/xfft.gen 
Execute         source /opt/Xilinx/Vitis_HLS/2024.1/common/technology/xilinx/ip/dds_compiler.gen 
Execute         source /opt/Xilinx/Vitis_HLS/2024.1/common/technology/xilinx/ip/xfir.gen 
Execute         source /opt/Xilinx/Vitis_HLS/2024.1/common/technology/xilinx/DSP48/dsp48.gen 
Command       ap_source done; 0.11 sec.
Execute       ap_part_info -name xcvu47p-fsvh2892-2-e -data info 
Execute       config_compile -quiet -complex-mul-dsp=0 
INFO: [XFORM 203-1161] The maximum of name length is set to 80.
Command     set_part done; 0.24 sec.
Execute     config_schedule -enable_dsp_full_reg=false 
INFO: [HLS 200-1510] Running: config_schedule -enable_dsp_full_reg=false 
Execute     create_clock -period 5 -name default 
INFO: [HLS 200-1510] Running: create_clock -period 5 -name default 
Execute     set_clock_uncertainty 27% default 
INFO: [HLS 200-1510] Running: set_clock_uncertainty 27% default 
Execute     csim_design 
INFO: [HLS 200-1510] Running: csim_design 
INFO-FLOW: Running SLX 'csim' proc: ::SLX::run_csim
INFO: [SIM 211-2] *************** CSIM start ***************
INFO: [SIM 211-4] CSIM will launch CLANG as the compiler.
Execute       source csim/.lst_opt.tcl 
Execute       send_msg_by_id INFO @200-2036@%s debug 
INFO: [HLS 200-2036] Building debug C Simulation binaries
Execute       source /opt/Xilinx/Vitis_HLS/2024.1/tps/tcl/tcllib1.11.1/yaml/huddle.tcl 
Execute       source /opt/Xilinx/Vitis_HLS/2024.1/tps/tcl/tcllib1.11.1/yaml/json2huddle.tcl 
Execute         source /opt/Xilinx/Vitis_HLS/2024.1/tps/tcl/tcllib1.11.1/try/try.tcl 
Execute       ap_part_info -name xcvu47p-fsvh2892-2-e -data info 
Execute       source run_sim.tcl 
Command       ap_source done; 0.32 sec.
INFO: [SIM 211-1] CSim done with 0 errors.
INFO: [SIM 211-3] *************** CSIM finish ***************
Command     csim_design done; 0.68 sec.
INFO: [HLS 200-2161] Finished Command csim_design Elapsed time: 00:00:00; Allocated memory: 0.000 MB.
Execute     csynth_design 
INFO: [HLS 200-1510] Running: csynth_design 
INFO-FLOW: Running SLX 'csynth' proc: ::SLX::run_csynth
Execute       elaborate -effort=medium -skip_syncheck=0 -keep_printf=0 -skip_cdt=0 -skip_transform=0 -ng=0 -g=0 -opt_fp=0 -from_csynth_design=1 
INFO: [HLS 200-111] Finished File checks and directory preparation: CPU user time: 0.11 seconds. CPU system time: 0.02 seconds. Elapsed time: 0.12 seconds; current allocated memory: 277.160 MB.
Execute         set_directive_top myproject -name=myproject 
INFO: [HLS 200-10] Analyzing design file 'firmware/myproject.cpp' ... 
INFO-FLOW: Compiling one TU...
INFO-FLOW: Handling firmware/myproject.cpp as C++
Execute         ap_part_info -name xcvu47p-fsvh2892-2-e -data info 
INFO-FLOW: Running: GCC PP 39
INFO-FLOW: Source preprocessing
INFO-FLOW: run_clang exec: /opt/Xilinx/Vitis_HLS/2024.1/lnx64/tools/clang-3.9-csynth/bin/clang firmware/myproject.cpp -foptimization-record-file=/home/ubuntu/hls4ml_tests/my_hls_prj/myproject_prj/solution1/.autopilot/db/myproject.cpp.clang.diag.yml -mllvm -pass-remarks-missed=reflow|pasta|unroll -mllvm -pass-remarks=reflow|pasta|unroll|inline -fno-limit-debug-info -gcc-toolchain /opt/Xilinx/Vitis_HLS/2024.1/tps/lnx64/gcc-8.3.0 -fhls -fno-exceptions -insert-hls-directive=/home/ubuntu/hls4ml_tests/my_hls_prj/myproject_prj/solution1/.autopilot/db/all.directive.json -E -std=c++0x -fno-math-errno -c -emit-llvm -mllvm -disable-llvm-optzns -Werror=implicit-function-declaration -Werror=implicit-hls-streams -Werror=return-type -Wpragmas -Wunused-parameter -Wdump-hls-pragmas -Wno-error=dump-hls-pragmas -hls-clock-period=5 -fno-threadsafe-statics -fno-use-cxa-atexit -target fpga64-xilinx-linux-gnu -fno-threadsafe-statics -fno-use-cxa-atexit -D__VITIS_HLS__ -DAESL_SYN -D__SYNTHESIS__ -D__HLS_SYN__ -I /opt/Xilinx/Vitis_HLS/2024.1/common/technology/autopilot -I /opt/Xilinx/Vitis_HLS/2024.1/common/technology/autopilot/ap_sysc -include etc/autopilot_ssdm_op.h -D__DSP48E2__ -I /usr/include/x86_64-linux-gnu -o /home/ubuntu/hls4ml_tests/my_hls_prj/myproject_prj/solution1/.autopilot/db/myproject.pp.0.cpp -hls-platform-db-name=/opt/Xilinx/Vitis_HLS/2024.1/common/technology/xilinx/common/platform.db -hls-platform-name=virtexuplus_medium -device-resource-info=BRAM_4032.000000_DSP_9024.000000_FF_2607360.000000_LUT_1303680.000000_SLICE_162960.000000_SLR_3.000000_URAM_960.000000 -device-name-info=xcvu47p-fsvh2892-2-e > /home/ubuntu/hls4ml_tests/my_hls_prj/myproject_prj/solution1/.autopilot/db/myproject.cpp.clang.out.log 2> /home/ubuntu/hls4ml_tests/my_hls_prj/myproject_prj/solution1/.autopilot/db/myproject.cpp.clang.err.log
INFO-FLOW: Done: GCC PP 39 time: 1.1 seconds per iteration
INFO-FLOW: Source syntax check for synthesis
INFO-FLOW: run_clang exec: /opt/Xilinx/Vitis_HLS/2024.1/lnx64/tools/clang-3.9-csynth/bin/clang -foptimization-record-file=/home/ubuntu/hls4ml_tests/my_hls_prj/myproject_prj/solution1/.autopilot/db/clang.diag.yml -mllvm -pass-remarks-missed=reflow|pasta|unroll -mllvm -pass-remarks=reflow|pasta|unroll|inline -fsyntax-only -fhls -target fpga64-xilinx-linux-gnu /home/ubuntu/hls4ml_tests/my_hls_prj/myproject_prj/solution1/.autopilot/db/myproject.pp.0.cpp -hls-platform-db-name=/opt/Xilinx/Vitis_HLS/2024.1/common/technology/xilinx/common/platform.db -hls-platform-name=virtexuplus_medium -device-resource-info=BRAM_4032.000000_DSP_9024.000000_FF_2607360.000000_LUT_1303680.000000_SLICE_162960.000000_SLR_3.000000_URAM_960.000000 -device-name-info=xcvu47p-fsvh2892-2-e > /home/ubuntu/hls4ml_tests/my_hls_prj/myproject_prj/solution1/.autopilot/db/clang.out.log 2> /home/ubuntu/hls4ml_tests/my_hls_prj/myproject_prj/solution1/.autopilot/db/clang.err.log
WARNING: [HLS 207-5538] 'Resource pragma' is deprecated, use 'bind_op/bind_storage pragma' instead (firmware/nnet_utils/nnet_dense_resource.h:33:9)
WARNING: [HLS 207-5538] 'Resource pragma' is deprecated, use 'bind_op/bind_storage pragma' instead (firmware/nnet_utils/nnet_dense_resource.h:107:9)
WARNING: [HLS 207-5538] 'Resource pragma' is deprecated, use 'bind_op/bind_storage pragma' instead (firmware/nnet_utils/nnet_dense_resource.h:189:9)
Execute         clang_tidy xilinx-systemc-detector -desc systemc-detector /home/ubuntu/hls4ml_tests/my_hls_prj/myproject_prj/solution1/.autopilot/db/myproject.pp.0.cpp std=c++0x -target fpga  -directive=/home/ubuntu/hls4ml_tests/my_hls_prj/myproject_prj/solution1/.autopilot/db/.systemc_flag 
INFO-FLOW: exec /opt/Xilinx/Vitis_HLS/2024.1/lnx64/tools/clang-3.9-csynth/bin/clang-tidy -header-filter=.* --checks=-*,xilinx-systemc-detector -import-directive=/home/ubuntu/hls4ml_tests/my_hls_prj/myproject_prj/solution1/.autopilot/db/.systemc_flag -fix-errors /home/ubuntu/hls4ml_tests/my_hls_prj/myproject_prj/solution1/.autopilot/db/myproject.pp.0.cpp -- -std=c++0x -target fpga -fhls -ferror-limit=0
Command         clang_tidy done; 1.63 sec.
INFO-FLOW: Running: clang-tidy CDT preprocess 39
Execute         clang_tidy xilinx-directive2pragma -desc directive2pragma /home/ubuntu/hls4ml_tests/my_hls_prj/myproject_prj/solution1/.autopilot/db/myproject.pp.0.cpp std=c++0x -target fpga  -directive=/home/ubuntu/hls4ml_tests/my_hls_prj/myproject_prj/solution1/.autopilot/db/all.directive.json 
INFO-FLOW: exec /opt/Xilinx/Vitis_HLS/2024.1/lnx64/tools/clang-3.9-csynth/bin/clang-tidy -header-filter=.* --checks=-*,xilinx-directive2pragma -import-directive=/home/ubuntu/hls4ml_tests/my_hls_prj/myproject_prj/solution1/.autopilot/db/all.directive.json -fix-errors /home/ubuntu/hls4ml_tests/my_hls_prj/myproject_prj/solution1/.autopilot/db/myproject.pp.0.cpp -- -std=c++0x -target fpga -fhls -ferror-limit=0
Command         clang_tidy done; 1.98 sec.
INFO-FLOW: Done: clang-tidy CDT preprocess 39 time: 2 seconds per iteration
INFO-FLOW: Calling xilinx-label-all-loops ... 
INFO-FLOW: Calling xilinx-aggregate-on-hls-vector ... 
Execute         clang_tidy -errorcheck -desc loop-label xilinx-label-all-loops,xilinx-aggregate-on-hls-vector,,xilinx-warn-mayneed-no-ctor-attribute /home/ubuntu/hls4ml_tests/my_hls_prj/myproject_prj/solution1/.autopilot/db/myproject.pp.0.cpp std=c++0x -target fpga  
INFO-FLOW: run_clang exec: /opt/Xilinx/Vitis_HLS/2024.1/lnx64/tools/clang-3.9-csynth/bin/clang-tidy -export-fixes=/home/ubuntu/hls4ml_tests/my_hls_prj/myproject_prj/solution1/.autopilot/db/myproject.pp.0.cpp.clang-tidy.loop-label.diag.yml -header-filter=.* --checks=-*,xilinx-label-all-loops,xilinx-aggregate-on-hls-vector,,xilinx-warn-mayneed-no-ctor-attribute -fix-errors /home/ubuntu/hls4ml_tests/my_hls_prj/myproject_prj/solution1/.autopilot/db/myproject.pp.0.cpp -- -std=c++0x -target fpga -fhls -ferror-limit=0 > /home/ubuntu/hls4ml_tests/my_hls_prj/myproject_prj/solution1/.autopilot/db/myproject.pp.0.cpp.clang-tidy.loop-label.out.log 2> /home/ubuntu/hls4ml_tests/my_hls_prj/myproject_prj/solution1/.autopilot/db/myproject.pp.0.cpp.clang-tidy.loop-label.err.log
Execute           source /opt/Xilinx/Vitis_HLS/2024.1/tps/tcl/tcllib1.11.1/yaml/yaml.tcl 
Command         clang_tidy done; 3.48 sec.
INFO-FLOW: run_clang exec: /opt/Xilinx/Vitis_HLS/2024.1/lnx64/tools/clang-3.9-csynth/bin/xilinx-dataflow-lawyer -export-fixes=/home/ubuntu/hls4ml_tests/my_hls_prj/myproject_prj/solution1/.autopilot/db/myproject.pp.0.cpp.xilinx-dataflow-lawyer.diag.yml /home/ubuntu/hls4ml_tests/my_hls_prj/myproject_prj/solution1/.autopilot/db/myproject.pp.0.cpp -- -std=c++0x -target fpga -fhls -ferror-limit=0 -fstrict-dataflow > /home/ubuntu/hls4ml_tests/my_hls_prj/myproject_prj/solution1/.autopilot/db/myproject.pp.0.cpp.xilinx-dataflow-lawyer.out.log 2> /home/ubuntu/hls4ml_tests/my_hls_prj/myproject_prj/solution1/.autopilot/db/myproject.pp.0.cpp.xilinx-dataflow-lawyer.err.log
Execute         ap_part_info -name xcvu47p-fsvh2892-2-e -data info 
INFO-FLOW: compiling source code to llvm bc
INFO-FLOW: run_clang exec: /opt/Xilinx/Vitis_HLS/2024.1/lnx64/tools/clang-3.9-csynth/bin/clang -foptimization-record-file=/home/ubuntu/hls4ml_tests/my_hls_prj/myproject_prj/solution1/.autopilot/db/myproject.pp.0.cpp.clang.diag.yml -mllvm -pass-remarks-missed=reflow|pasta|unroll -mllvm -pass-remarks=reflow|pasta|unroll|inline -fno-limit-debug-info -fhls -flto -fno-exceptions -Wno-error=c++11-narrowing -hls-emit-hint-scope /home/ubuntu/hls4ml_tests/my_hls_prj/myproject_prj/solution1/.autopilot/db/myproject.pp.0.cpp -std=c++0x -fno-math-errno -c -emit-llvm -mllvm -disable-llvm-optzns -Werror=implicit-function-declaration -Werror=implicit-hls-streams -Werror=return-type -Wpragmas -Wunused-parameter -Wdump-hls-pragmas -Wno-error=dump-hls-pragmas -hls-clock-period=5 -fno-threadsafe-statics -fno-use-cxa-atexit -target fpga64-xilinx-linux-gnu -D__VITIS_HLS__ -DAESL_SYN -D__SYNTHESIS__ -D__HLS_SYN__ -I /opt/Xilinx/Vitis_HLS/2024.1/common/technology/autopilot -I /opt/Xilinx/Vitis_HLS/2024.1/common/technology/autopilot/ap_sysc -include etc/autopilot_ssdm_op.h -D__DSP48E2__ -g -o /home/ubuntu/hls4ml_tests/my_hls_prj/myproject_prj/solution1/.autopilot/db/myproject.bc -hls-platform-db-name=/opt/Xilinx/Vitis_HLS/2024.1/common/technology/xilinx/common/platform.db -hls-platform-name=virtexuplus_medium -device-resource-info=BRAM_4032.000000_DSP_9024.000000_FF_2607360.000000_LUT_1303680.000000_SLICE_162960.000000_SLR_3.000000_URAM_960.000000 -device-name-info=xcvu47p-fsvh2892-2-e > /home/ubuntu/hls4ml_tests/my_hls_prj/myproject_prj/solution1/.autopilot/db/myproject.pp.0.cpp.clang.out.log 2> /home/ubuntu/hls4ml_tests/my_hls_prj/myproject_prj/solution1/.autopilot/db/myproject.pp.0.cpp.clang.err.log
WARNING: [HLS 207-5292] unused parameter 'keep' (firmware/nnet_utils/nnet_helpers.h:285:99)
WARNING: [HLS 207-5292] unused parameter 'data' (firmware/nnet_utils/nnet_function_stubs.h:14:36)
WARNING: [HLS 207-5292] unused parameter 'buffer' (firmware/nnet_utils/nnet_function_stubs.h:15:36)
WARNING: [HLS 207-5292] unused parameter 'partition' (firmware/nnet_utils/nnet_function_stubs.h:16:44)
WARNING: [HLS 207-5292] unused parameter 'data' (firmware/nnet_utils/nnet_function_stubs.h:24:24)
WARNING: [HLS 207-5292] unused parameter 'buffer' (firmware/nnet_utils/nnet_function_stubs.h:25:24)
WARNING: [HLS 207-5292] unused parameter 'partition' (firmware/nnet_utils/nnet_function_stubs.h:26:32)
WARNING: [HLS 207-5292] unused parameter 'data' (firmware/nnet_utils/nnet_function_stubs.h:33:30)
WARNING: [HLS 207-5292] unused parameter 'res' (firmware/nnet_utils/nnet_function_stubs.h:33:58)
WARNING: [HLS 207-5292] unused parameter 'weights' (firmware/nnet_utils/nnet_function_stubs.h:34:51)
WARNING: [HLS 207-5292] unused parameter 'biases' (firmware/nnet_utils/nnet_function_stubs.h:35:49)
WARNING: [HLS 207-5292] unused parameter 'data' (firmware/nnet_utils/nnet_function_stubs.h:42:29)
WARNING: [HLS 207-5292] unused parameter 'res' (firmware/nnet_utils/nnet_function_stubs.h:42:80)
WARNING: [HLS 207-5292] unused parameter 'weights' (firmware/nnet_utils/nnet_function_stubs.h:43:50)
WARNING: [HLS 207-5292] unused parameter 'biases' (firmware/nnet_utils/nnet_function_stubs.h:44:48)
WARNING: [HLS 207-5292] unused parameter 'data' (firmware/nnet_utils/nnet_code_gen.h:16:39)
WARNING: [HLS 207-5292] unused parameter 'res' (firmware/nnet_utils/nnet_code_gen.h:17:38)
WARNING: [HLS 207-5292] unused parameter 'weights' (firmware/nnet_utils/nnet_code_gen.h:18:60)
WARNING: [HLS 207-5292] unused parameter 'biases' (firmware/nnet_utils/nnet_code_gen.h:19:58)
INFO: [HLS 200-111] Finished Source Code Analysis and Preprocessing: CPU user time: 11.49 seconds. CPU system time: 0.94 seconds. Elapsed time: 13.69 seconds; current allocated memory: 282.840 MB.
INFO-FLOW: Linking Debug ...
INFO-FLOW: Linking dut bc code.
Execute         run_link_or_opt -out /home/ubuntu/hls4ml_tests/my_hls_prj/myproject_prj/solution1/.autopilot/db/a.g.ld.0.bc -args  "/home/ubuntu/hls4ml_tests/my_hls_prj/myproject_prj/solution1/.autopilot/db/myproject.g.bc"  
INFO-FLOW: run_clang exec: /opt/Xilinx/Vitis_HLS/2024.1/lnx64/tools/clang-3.9-csynth/bin/llvm-link /home/ubuntu/hls4ml_tests/my_hls_prj/myproject_prj/solution1/.autopilot/db/myproject.g.bc -o /home/ubuntu/hls4ml_tests/my_hls_prj/myproject_prj/solution1/.autopilot/db/a.g.ld.0.bc > /home/ubuntu/hls4ml_tests/my_hls_prj/myproject_prj/solution1/.autopilot/db/a.g.ld.0.bc.llvm-link.out.log 2> /home/ubuntu/hls4ml_tests/my_hls_prj/myproject_prj/solution1/.autopilot/db/a.g.ld.0.bc.llvm-link.err.log
INFO-FLOW: 
Execute         run_link_or_opt -opt -out /home/ubuntu/hls4ml_tests/my_hls_prj/myproject_prj/solution1/.autopilot/db/a.g.ld.1.lower.bc -args /home/ubuntu/hls4ml_tests/my_hls_prj/myproject_prj/solution1/.autopilot/db/a.g.ld.0.bc -reflow-lower-math-intrinsics 
INFO-FLOW: run_clang exec: /opt/Xilinx/Vitis_HLS/2024.1/lnx64/tools/clang-3.9-csynth/bin/opt -pass-remarks-missed=reflow|pasta|unroll -pass-remarks=reflow|pasta|unroll|inline -pass-remarks-output=/home/ubuntu/hls4ml_tests/my_hls_prj/myproject_prj/solution1/.autopilot/db/a.g.ld.1.lower.bc.opt.diag.yml /home/ubuntu/hls4ml_tests/my_hls_prj/myproject_prj/solution1/.autopilot/db/a.g.ld.0.bc -reflow-lower-math-intrinsics -o /home/ubuntu/hls4ml_tests/my_hls_prj/myproject_prj/solution1/.autopilot/db/a.g.ld.1.lower.bc > /home/ubuntu/hls4ml_tests/my_hls_prj/myproject_prj/solution1/.autopilot/db/a.g.ld.1.lower.bc.opt.out.log 2> /home/ubuntu/hls4ml_tests/my_hls_prj/myproject_prj/solution1/.autopilot/db/a.g.ld.1.lower.bc.opt.err.log
INFO-FLOW: 
INFO-FLOW: Running: gen_design_size_report post-opt
INFO-FLOW: Done: gen_design_size_report post-opt time: 0 seconds per iteration
Command         run_link_or_opt done; 0.55 sec.
INFO-FLOW: Linking math bc lib
Execute         run_link_or_opt -out /home/ubuntu/hls4ml_tests/my_hls_prj/myproject_prj/solution1/.autopilot/db/a.g.ld.2.m1.bc -args /home/ubuntu/hls4ml_tests/my_hls_prj/myproject_prj/solution1/.autopilot/db/a.g.ld.1.lower.bc -only-needed /opt/Xilinx/Vitis_HLS/2024.1/lnx64/lib/libhlsm_39.bc /opt/Xilinx/Vitis_HLS/2024.1/lnx64/lib/libhlsmc++_39.bc 
INFO-FLOW: run_clang exec: /opt/Xilinx/Vitis_HLS/2024.1/lnx64/tools/clang-3.9-csynth/bin/llvm-link /home/ubuntu/hls4ml_tests/my_hls_prj/myproject_prj/solution1/.autopilot/db/a.g.ld.1.lower.bc -only-needed /opt/Xilinx/Vitis_HLS/2024.1/lnx64/lib/libhlsm_39.bc /opt/Xilinx/Vitis_HLS/2024.1/lnx64/lib/libhlsmc++_39.bc -o /home/ubuntu/hls4ml_tests/my_hls_prj/myproject_prj/solution1/.autopilot/db/a.g.ld.2.m1.bc > /home/ubuntu/hls4ml_tests/my_hls_prj/myproject_prj/solution1/.autopilot/db/a.g.ld.2.m1.bc.llvm-link.out.log 2> /home/ubuntu/hls4ml_tests/my_hls_prj/myproject_prj/solution1/.autopilot/db/a.g.ld.2.m1.bc.llvm-link.err.log
INFO-FLOW: 
Command         run_link_or_opt done; 2.21 sec.
Execute         run_link_or_opt -opt -out /home/ubuntu/hls4ml_tests/my_hls_prj/myproject_prj/solution1/.autopilot/db/a.g.ld.3.fpc.bc -args /home/ubuntu/hls4ml_tests/my_hls_prj/myproject_prj/solution1/.autopilot/db/a.g.ld.2.m1.bc -reflow-globaldce -hls-top-function-name=myproject -reflow-float-conversion 
INFO-FLOW: run_clang exec: /opt/Xilinx/Vitis_HLS/2024.1/lnx64/tools/clang-3.9-csynth/bin/opt -pass-remarks-missed=reflow|pasta|unroll -pass-remarks=reflow|pasta|unroll|inline -pass-remarks-output=/home/ubuntu/hls4ml_tests/my_hls_prj/myproject_prj/solution1/.autopilot/db/a.g.ld.3.fpc.bc.opt.diag.yml /home/ubuntu/hls4ml_tests/my_hls_prj/myproject_prj/solution1/.autopilot/db/a.g.ld.2.m1.bc -reflow-globaldce -hls-top-function-name=myproject -reflow-float-conversion -o /home/ubuntu/hls4ml_tests/my_hls_prj/myproject_prj/solution1/.autopilot/db/a.g.ld.3.fpc.bc > /home/ubuntu/hls4ml_tests/my_hls_prj/myproject_prj/solution1/.autopilot/db/a.g.ld.3.fpc.bc.opt.out.log 2> /home/ubuntu/hls4ml_tests/my_hls_prj/myproject_prj/solution1/.autopilot/db/a.g.ld.3.fpc.bc.opt.err.log
INFO-FLOW: 
INFO-FLOW: Running: gen_design_size_report post-opt
INFO-FLOW: Done: gen_design_size_report post-opt time: 0 seconds per iteration
Command         run_link_or_opt done; 0.83 sec.
Execute         run_link_or_opt -out /home/ubuntu/hls4ml_tests/my_hls_prj/myproject_prj/solution1/.autopilot/db/a.g.ld.4.m2.bc -args /home/ubuntu/hls4ml_tests/my_hls_prj/myproject_prj/solution1/.autopilot/db/a.g.ld.3.fpc.bc -only-needed /opt/Xilinx/Vitis_HLS/2024.1/lnx64/lib/libfloatconversion_39.bc 
INFO-FLOW: run_clang exec: /opt/Xilinx/Vitis_HLS/2024.1/lnx64/tools/clang-3.9-csynth/bin/llvm-link /home/ubuntu/hls4ml_tests/my_hls_prj/myproject_prj/solution1/.autopilot/db/a.g.ld.3.fpc.bc -only-needed /opt/Xilinx/Vitis_HLS/2024.1/lnx64/lib/libfloatconversion_39.bc -o /home/ubuntu/hls4ml_tests/my_hls_prj/myproject_prj/solution1/.autopilot/db/a.g.ld.4.m2.bc > /home/ubuntu/hls4ml_tests/my_hls_prj/myproject_prj/solution1/.autopilot/db/a.g.ld.4.m2.bc.llvm-link.out.log 2> /home/ubuntu/hls4ml_tests/my_hls_prj/myproject_prj/solution1/.autopilot/db/a.g.ld.4.m2.bc.llvm-link.err.log
INFO-FLOW: 
Execute         run_link_or_opt -opt -out /home/ubuntu/hls4ml_tests/my_hls_prj/myproject_prj/solution1/.autopilot/db/a.g.ld.5.gdce.bc -args /home/ubuntu/hls4ml_tests/my_hls_prj/myproject_prj/solution1/.autopilot/db/a.g.ld.4.m2.bc -reflow-globaldce -hls-top-function-name=myproject 
INFO-FLOW: run_clang exec: /opt/Xilinx/Vitis_HLS/2024.1/lnx64/tools/clang-3.9-csynth/bin/opt -pass-remarks-missed=reflow|pasta|unroll -pass-remarks=reflow|pasta|unroll|inline -pass-remarks-output=/home/ubuntu/hls4ml_tests/my_hls_prj/myproject_prj/solution1/.autopilot/db/a.g.ld.5.gdce.bc.opt.diag.yml /home/ubuntu/hls4ml_tests/my_hls_prj/myproject_prj/solution1/.autopilot/db/a.g.ld.4.m2.bc -reflow-globaldce -hls-top-function-name=myproject -o /home/ubuntu/hls4ml_tests/my_hls_prj/myproject_prj/solution1/.autopilot/db/a.g.ld.5.gdce.bc > /home/ubuntu/hls4ml_tests/my_hls_prj/myproject_prj/solution1/.autopilot/db/a.g.ld.5.gdce.bc.opt.out.log 2> /home/ubuntu/hls4ml_tests/my_hls_prj/myproject_prj/solution1/.autopilot/db/a.g.ld.5.gdce.bc.opt.err.log
INFO-FLOW: 
INFO-FLOW: Running: gen_design_size_report post-opt
INFO-FLOW: Done: gen_design_size_report post-opt time: 0 seconds per iteration
Execute         send_msg_by_id INFO @200-777@%s Vivado 
INFO: [HLS 200-777] Using interface defaults for 'Vivado' flow target.
Execute         is_m_axi_addr64 
INFO-FLOW: Doing LTO.
INFO-FLOW: run_clang (background poll_ms 5000) exec: /opt/Xilinx/Vitis_HLS/2024.1/lnx64/tools/clang-3.9-csynth/bin/clang -foptimization-record-file=/home/ubuntu/hls4ml_tests/my_hls_prj/myproject_prj/solution1/.autopilot/db/a.g.ld.0.bc.clang.reflow.diag.yml -mllvm -pass-remarks-missed=reflow|pasta|unroll -mllvm -pass-remarks=reflow|pasta|unroll|inline -fhls -mllvm -hls-top-function-name=myproject -mllvm -hls-db-dir -mllvm /home/ubuntu/hls4ml_tests/my_hls_prj/myproject_prj/solution1/.autopilot/db -emit-llvm -c -target fpga64-xilinx-none -mllvm -xcl-xmlinfo=/home/ubuntu/hls4ml_tests/my_hls_prj/myproject_prj/solution1/.autopilot/db/kernel.internal.xml -mllvm -top-io-mapping-info=/home/ubuntu/hls4ml_tests/my_hls_prj/myproject_prj/solution1/.autopilot/db/top-io-fe.xml -mllvm -hls-bitcode-version=3.1 -mllvm -reflow-enable-slave-interface-default-setting=true -mllvm -gen-kernel-xml=false -mllvm -default-maxi-offset=slave -mllvm -maxi-latency=0 -mllvm -hls-maxi-data-size-in-bits=8 -mllvm -hls-maxi-max-data-size-in-bits=1024 -mllvm -hls-max-widen-size-in-bits=0 -mllvm -xcl-kernel-max-mem-ports=0 -mllvm -maxi-read-trans=16 -mllvm -maxi-write-trans=16 -mllvm -maxi-read-burst-len=16 -mllvm -maxi-write-burst-len=16 -mllvm -reflow-enable-saxi-64bits=0 -mllvm -reflow-basic-block-instr-threshold=200000 -mllvm -reflow-auto-pipeline-threshold=64 -mllvm -reflow-enable-maxi-auto-id-channel=0 -mllvm -enable-fp-thr=0 -mllvm -reflow-bdd-simplify-threshold=1048576 -mllvm -reflow-fanout-threshold=16 -mllvm -reflow-complete-threshold=4 -mllvm -reflow-array-promotion-threshold=64 -mllvm -assume-maxi-align=1 -mllvm -reflow-enable-dataflow-strict-mode-checking=1 -ftime-report -mllvm -time-passes -mllvm -reflow-auto-array-partition-mode=default -mllvm -reflow-enable-auto-small-array-partition=true -mllvm -reflow-enable-auto-array-partition-for-flatten=true -mllvm -reflow-enable-auto-parallel-performance-driven=true -mllvm -reflow-enable-partition-for-automation=true -mllvm -reflow-aggregate-bitwidth-threshold=4096 -mllvm -reflow-reserved-saxilite-registers=0 -mllvm -enable-reflow-auto-loop-pipeline -mllvm -reflow-max-unroll-threshold=409600 -mllvm -auto-unroll-tripcount-threshold=0 -mllvm -reflow-assume-no-address-wrap=true -mllvm -reflow-enable-occurrence-inference=true -mllvm -reflow-emit-hint-scope=true -mllvm -reflow-enable-codegen-with-if=true -mllvm -hls -mllvm -disable-inlined-alloca-merging=true -mllvm -default-clock-period=5 -mllvm -use_read_first_ram_in_loop=1 -mllvm -default-clock-uncertainty=1.35 -x ir /home/ubuntu/hls4ml_tests/my_hls_prj/myproject_prj/solution1/.autopilot/db/a.g.ld.5.gdce.bc -o /home/ubuntu/hls4ml_tests/my_hls_prj/myproject_prj/solution1/.autopilot/db/a.g.lto.bc -hls-platform-db-name=/opt/Xilinx/Vitis_HLS/2024.1/common/technology/xilinx/common/platform.db -hls-platform-name=virtexuplus_medium -device-resource-info=BRAM_4032.000000_DSP_9024.000000_FF_2607360.000000_LUT_1303680.000000_SLICE_162960.000000_SLR_3.000000_URAM_960.000000 -device-name-info=xcvu47p-fsvh2892-2-e 2> /home/ubuntu/hls4ml_tests/my_hls_prj/myproject_prj/solution1/.autopilot/db/a.g.ld.0.bc.clang.reflow.err.log bg_poll_cmd: ::AP::poll_clang_39_closed_source
Execute         send_msg_by_id INFO @200-1995@%s%s%s 6,341 Compile/Link /home/ubuntu/hls4ml_tests/my_hls_prj/myproject_prj/solution1/syn/report/csynth_design_size.rpt 
INFO: [HLS 200-1995] There were 6,341 instructions in the design after the 'Compile/Link' phase of compilation. See the Design Size Report for more details: /home/ubuntu/hls4ml_tests/my_hls_prj/myproject_prj/solution1/syn/report/csynth_design_size.rpt
Execute         send_msg_by_id WARNING @200-1995@%s%s%s 343,445 Unroll/Inline (step 1) /home/ubuntu/hls4ml_tests/my_hls_prj/myproject_prj/solution1/syn/report/csynth_design_size.rpt 
WARNING: [HLS 200-1995] There were 343,445 instructions in the design after the 'Unroll/Inline (step 1)' phase of compilation. See the Design Size Report for more details: /home/ubuntu/hls4ml_tests/my_hls_prj/myproject_prj/solution1/syn/report/csynth_design_size.rpt
Execute         send_msg_by_id WARNING @200-1995@%s%s%s 244,000 Unroll/Inline (step 2) /home/ubuntu/hls4ml_tests/my_hls_prj/myproject_prj/solution1/syn/report/csynth_design_size.rpt 
WARNING: [HLS 200-1995] There were 244,000 instructions in the design after the 'Unroll/Inline (step 2)' phase of compilation. See the Design Size Report for more details: /home/ubuntu/hls4ml_tests/my_hls_prj/myproject_prj/solution1/syn/report/csynth_design_size.rpt
Execute         send_msg_by_id WARNING @200-1995@%s%s%s 237,767 Unroll/Inline (step 3) /home/ubuntu/hls4ml_tests/my_hls_prj/myproject_prj/solution1/syn/report/csynth_design_size.rpt 
WARNING: [HLS 200-1995] There were 237,767 instructions in the design after the 'Unroll/Inline (step 3)' phase of compilation. See the Design Size Report for more details: /home/ubuntu/hls4ml_tests/my_hls_prj/myproject_prj/solution1/syn/report/csynth_design_size.rpt
Execute         send_msg_by_id WARNING @200-1995@%s%s%s 217,157 Unroll/Inline (step 4) /home/ubuntu/hls4ml_tests/my_hls_prj/myproject_prj/solution1/syn/report/csynth_design_size.rpt 
WARNING: [HLS 200-1995] There were 217,157 instructions in the design after the 'Unroll/Inline (step 4)' phase of compilation. See the Design Size Report for more details: /home/ubuntu/hls4ml_tests/my_hls_prj/myproject_prj/solution1/syn/report/csynth_design_size.rpt
Execute         send_msg_by_id WARNING @200-1995@%s%s%s 215,049 Array/Struct /home/ubuntu/hls4ml_tests/my_hls_prj/myproject_prj/solution1/syn/report/csynth_design_size.rpt 
WARNING: [HLS 200-1995] There were 215,049 instructions in the design after the 'Array/Struct' phase of compilation. See the Design Size Report for more details: /home/ubuntu/hls4ml_tests/my_hls_prj/myproject_prj/solution1/syn/report/csynth_design_size.rpt
Execute         send_msg_by_id WARNING @200-1995@%s%s%s 215,049 Array/Struct (step 2) /home/ubuntu/hls4ml_tests/my_hls_prj/myproject_prj/solution1/syn/report/csynth_design_size.rpt 
WARNING: [HLS 200-1995] There were 215,049 instructions in the design after the 'Array/Struct (step 2)' phase of compilation. See the Design Size Report for more details: /home/ubuntu/hls4ml_tests/my_hls_prj/myproject_prj/solution1/syn/report/csynth_design_size.rpt
Execute         send_msg_by_id WARNING @200-1995@%s%s%s 215,049 Array/Struct (step 3) /home/ubuntu/hls4ml_tests/my_hls_prj/myproject_prj/solution1/syn/report/csynth_design_size.rpt 
WARNING: [HLS 200-1995] There were 215,049 instructions in the design after the 'Array/Struct (step 3)' phase of compilation. See the Design Size Report for more details: /home/ubuntu/hls4ml_tests/my_hls_prj/myproject_prj/solution1/syn/report/csynth_design_size.rpt
Execute         send_msg_by_id WARNING @200-1995@%s%s%s 215,081 Array/Struct (step 4) /home/ubuntu/hls4ml_tests/my_hls_prj/myproject_prj/solution1/syn/report/csynth_design_size.rpt 
WARNING: [HLS 200-1995] There were 215,081 instructions in the design after the 'Array/Struct (step 4)' phase of compilation. See the Design Size Report for more details: /home/ubuntu/hls4ml_tests/my_hls_prj/myproject_prj/solution1/syn/report/csynth_design_size.rpt
Execute         send_msg_by_id WARNING @200-1995@%s%s%s 215,033 Array/Struct (step 5) /home/ubuntu/hls4ml_tests/my_hls_prj/myproject_prj/solution1/syn/report/csynth_design_size.rpt 
WARNING: [HLS 200-1995] There were 215,033 instructions in the design after the 'Array/Struct (step 5)' phase of compilation. See the Design Size Report for more details: /home/ubuntu/hls4ml_tests/my_hls_prj/myproject_prj/solution1/syn/report/csynth_design_size.rpt
Execute         send_msg_by_id WARNING @200-1995@%s%s%s 215,033 Performance /home/ubuntu/hls4ml_tests/my_hls_prj/myproject_prj/solution1/syn/report/csynth_design_size.rpt 
WARNING: [HLS 200-1995] There were 215,033 instructions in the design after the 'Performance' phase of compilation. See the Design Size Report for more details: /home/ubuntu/hls4ml_tests/my_hls_prj/myproject_prj/solution1/syn/report/csynth_design_size.rpt
Execute         send_msg_by_id WARNING @200-1995@%s%s%s 215,033 Performance (step 2) /home/ubuntu/hls4ml_tests/my_hls_prj/myproject_prj/solution1/syn/report/csynth_design_size.rpt 
WARNING: [HLS 200-1995] There were 215,033 instructions in the design after the 'Performance (step 2)' phase of compilation. See the Design Size Report for more details: /home/ubuntu/hls4ml_tests/my_hls_prj/myproject_prj/solution1/syn/report/csynth_design_size.rpt
Execute         send_msg_by_id WARNING @200-1995@%s%s%s 215,033 Performance (step 3) /home/ubuntu/hls4ml_tests/my_hls_prj/myproject_prj/solution1/syn/report/csynth_design_size.rpt 
WARNING: [HLS 200-1995] There were 215,033 instructions in the design after the 'Performance (step 3)' phase of compilation. See the Design Size Report for more details: /home/ubuntu/hls4ml_tests/my_hls_prj/myproject_prj/solution1/syn/report/csynth_design_size.rpt
Execute         send_msg_by_id WARNING @200-1995@%s%s%s 215,033 Performance (step 4) /home/ubuntu/hls4ml_tests/my_hls_prj/myproject_prj/solution1/syn/report/csynth_design_size.rpt 
WARNING: [HLS 200-1995] There were 215,033 instructions in the design after the 'Performance (step 4)' phase of compilation. See the Design Size Report for more details: /home/ubuntu/hls4ml_tests/my_hls_prj/myproject_prj/solution1/syn/report/csynth_design_size.rpt
Execute         send_msg_by_id WARNING @200-1995@%s%s%s 215,038 HW Transforms /home/ubuntu/hls4ml_tests/my_hls_prj/myproject_prj/solution1/syn/report/csynth_design_size.rpt 
WARNING: [HLS 200-1995] There were 215,038 instructions in the design after the 'HW Transforms' phase of compilation. See the Design Size Report for more details: /home/ubuntu/hls4ml_tests/my_hls_prj/myproject_prj/solution1/syn/report/csynth_design_size.rpt
Execute         send_msg_by_id WARNING @200-1995@%s%s%s 215,044 HW Transforms (step 2) /home/ubuntu/hls4ml_tests/my_hls_prj/myproject_prj/solution1/syn/report/csynth_design_size.rpt 
WARNING: [HLS 200-1995] There were 215,044 instructions in the design after the 'HW Transforms (step 2)' phase of compilation. See the Design Size Report for more details: /home/ubuntu/hls4ml_tests/my_hls_prj/myproject_prj/solution1/syn/report/csynth_design_size.rpt
INFO: [HLS 214-131] Inlining function 'nnet::product::mult<ap_fixed<16, 6, (ap_q_mode)5, (ap_o_mode)3, 0>, ap_fixed<16, 6, (ap_q_mode)5, (ap_o_mode)3, 0> >::product(ap_fixed<16, 6, (ap_q_mode)5, (ap_o_mode)3, 0>, ap_fixed<16, 6, (ap_q_mode)5, (ap_o_mode)3, 0>)' into 'void nnet::dense_latency<ap_fixed<16, 6, (ap_q_mode)5, (ap_o_mode)3, 0>, ap_fixed<37, 17, (ap_q_mode)5, (ap_o_mode)3, 0>, config2>(ap_fixed<16, 6, (ap_q_mode)5, (ap_o_mode)3, 0>*, ap_fixed<37, 17, (ap_q_mode)5, (ap_o_mode)3, 0>*, config2::weight_t*, config2::bias_t*)' (firmware/nnet_utils/nnet_dense_latency.h:42:27)
INFO: [HLS 214-131] Inlining function 'nnet::DenseLatency<ap_fixed<16, 6, (ap_q_mode)5, (ap_o_mode)3, 0>, ap_fixed<37, 17, (ap_q_mode)5, (ap_o_mode)3, 0>, config2>::dense(ap_fixed<16, 6, (ap_q_mode)5, (ap_o_mode)3, 0>*, ap_fixed<37, 17, (ap_q_mode)5, (ap_o_mode)3, 0>*, ap_fixed<16, 6, (ap_q_mode)5, (ap_o_mode)3, 0>*, ap_fixed<16, 6, (ap_q_mode)5, (ap_o_mode)3, 0>*)' into 'void nnet::dense<ap_fixed<16, 6, (ap_q_mode)5, (ap_o_mode)3, 0>, ap_fixed<37, 17, (ap_q_mode)5, (ap_o_mode)3, 0>, config2>(ap_fixed<16, 6, (ap_q_mode)5, (ap_o_mode)3, 0>*, ap_fixed<37, 17, (ap_q_mode)5, (ap_o_mode)3, 0>*, config2::weight_t*, config2::bias_t*)' (firmware/nnet_utils/nnet_dense.h:45:2)
INFO: [HLS 214-131] Inlining function 'nnet::product::mult<ap_fixed<16, 6, (ap_q_mode)5, (ap_o_mode)3, 0>, ap_fixed<16, 6, (ap_q_mode)5, (ap_o_mode)3, 0> >::product(ap_fixed<16, 6, (ap_q_mode)5, (ap_o_mode)3, 0>, ap_fixed<16, 6, (ap_q_mode)5, (ap_o_mode)3, 0>)' into 'void nnet::dense_latency<ap_fixed<16, 6, (ap_q_mode)5, (ap_o_mode)3, 0>, ap_fixed<36, 16, (ap_q_mode)5, (ap_o_mode)3, 0>, config4>(ap_fixed<16, 6, (ap_q_mode)5, (ap_o_mode)3, 0>*, ap_fixed<36, 16, (ap_q_mode)5, (ap_o_mode)3, 0>*, config4::weight_t*, config4::bias_t*)' (firmware/nnet_utils/nnet_dense_latency.h:42:27)
INFO: [HLS 214-131] Inlining function 'nnet::DenseLatency<ap_fixed<16, 6, (ap_q_mode)5, (ap_o_mode)3, 0>, ap_fixed<36, 16, (ap_q_mode)5, (ap_o_mode)3, 0>, config4>::dense(ap_fixed<16, 6, (ap_q_mode)5, (ap_o_mode)3, 0>*, ap_fixed<36, 16, (ap_q_mode)5, (ap_o_mode)3, 0>*, ap_fixed<16, 6, (ap_q_mode)5, (ap_o_mode)3, 0>*, ap_fixed<16, 6, (ap_q_mode)5, (ap_o_mode)3, 0>*)' into 'void nnet::dense<ap_fixed<16, 6, (ap_q_mode)5, (ap_o_mode)3, 0>, ap_fixed<36, 16, (ap_q_mode)5, (ap_o_mode)3, 0>, config4>(ap_fixed<16, 6, (ap_q_mode)5, (ap_o_mode)3, 0>*, ap_fixed<36, 16, (ap_q_mode)5, (ap_o_mode)3, 0>*, config4::weight_t*, config4::bias_t*)' (firmware/nnet_utils/nnet_dense.h:45:2)
INFO: [HLS 214-131] Inlining function 'void nnet::dense<ap_fixed<16, 6, (ap_q_mode)5, (ap_o_mode)3, 0>, ap_fixed<37, 17, (ap_q_mode)5, (ap_o_mode)3, 0>, config2>(ap_fixed<16, 6, (ap_q_mode)5, (ap_o_mode)3, 0>*, ap_fixed<37, 17, (ap_q_mode)5, (ap_o_mode)3, 0>*, config2::weight_t*, config2::bias_t*)' into 'myproject(ap_fixed<16, 6, (ap_q_mode)5, (ap_o_mode)3, 0>*, ap_fixed<16, 6, (ap_q_mode)5, (ap_o_mode)3, 0>*)' (firmware/myproject.cpp:36:2)
INFO: [HLS 214-131] Inlining function 'void nnet::dense<ap_fixed<16, 6, (ap_q_mode)5, (ap_o_mode)3, 0>, ap_fixed<36, 16, (ap_q_mode)5, (ap_o_mode)3, 0>, config4>(ap_fixed<16, 6, (ap_q_mode)5, (ap_o_mode)3, 0>*, ap_fixed<36, 16, (ap_q_mode)5, (ap_o_mode)3, 0>*, config4::weight_t*, config4::bias_t*)' into 'myproject(ap_fixed<16, 6, (ap_q_mode)5, (ap_o_mode)3, 0>*, ap_fixed<16, 6, (ap_q_mode)5, (ap_o_mode)3, 0>*)' (firmware/myproject.cpp:44:2)
INFO: [HLS 214-131] Inlining function 'void nnet::softmax<ap_fixed<36, 16, (ap_q_mode)5, (ap_o_mode)3, 0>, ap_fixed<16, 6, (ap_q_mode)5, (ap_o_mode)3, 0>, softmax_config5>(ap_fixed<36, 16, (ap_q_mode)5, (ap_o_mode)3, 0>*, ap_fixed<16, 6, (ap_q_mode)5, (ap_o_mode)3, 0>*)' into 'myproject(ap_fixed<16, 6, (ap_q_mode)5, (ap_o_mode)3, 0>*, ap_fixed<16, 6, (ap_q_mode)5, (ap_o_mode)3, 0>*)' (firmware/myproject.cpp:46:5)
INFO: [HLS 214-291] Loop 'VITIS_LOOP_266_3' is marked as complete unroll implied by the pipeline pragma (firmware/nnet_utils/nnet_activation.h:266:23)
INFO: [HLS 214-291] Loop 'VITIS_LOOP_252_2' is marked as complete unroll implied by the pipeline pragma (firmware/nnet_utils/nnet_activation.h:252:23)
INFO: [HLS 214-291] Loop 'VITIS_LOOP_243_1' is marked as complete unroll implied by the pipeline pragma (firmware/nnet_utils/nnet_activation.h:243:23)
INFO: [HLS 214-291] Loop 'VITIS_LOOP_151_1' is marked as complete unroll implied by the pipeline pragma (firmware/nnet_utils/nnet_activation.h:151:23)
INFO: [HLS 214-291] Loop 'Result' is marked as complete unroll implied by the pipeline pragma (firmware/nnet_utils/nnet_dense_latency.h:64:5)
INFO: [HLS 214-291] Loop 'Accum1' is marked as complete unroll implied by the pipeline pragma (firmware/nnet_utils/nnet_dense_latency.h:54:5)
INFO: [HLS 214-291] Loop 'Accum2' is marked as complete unroll implied by the pipeline pragma (firmware/nnet_utils/nnet_dense_latency.h:56:9)
INFO: [HLS 214-291] Loop 'ResetAccum' is marked as complete unroll implied by the pipeline pragma (firmware/nnet_utils/nnet_dense_latency.h:48:5)
INFO: [HLS 214-291] Loop 'Product1' is marked as complete unroll implied by the pipeline pragma (firmware/nnet_utils/nnet_dense_latency.h:37:5)
INFO: [HLS 214-291] Loop 'Product2' is marked as complete unroll implied by the pipeline pragma (firmware/nnet_utils/nnet_dense_latency.h:40:9)
INFO: [HLS 214-291] Loop 'VITIS_LOOP_43_1' is marked as complete unroll implied by the pipeline pragma (firmware/nnet_utils/nnet_activation.h:43:22)
INFO: [HLS 214-186] Unrolling loop 'VITIS_LOOP_266_3' (firmware/nnet_utils/nnet_activation.h:266:23) in function 'nnet::softmax_stable<ap_fixed<36, 16, (ap_q_mode)5, (ap_o_mode)3, 0>, ap_fixed<16, 6, (ap_q_mode)5, (ap_o_mode)3, 0>, softmax_config5>' completely with a factor of 4 (firmware/nnet_utils/nnet_activation.h:216:0)
INFO: [HLS 214-186] Unrolling loop 'VITIS_LOOP_252_2' (firmware/nnet_utils/nnet_activation.h:252:23) in function 'nnet::softmax_stable<ap_fixed<36, 16, (ap_q_mode)5, (ap_o_mode)3, 0>, ap_fixed<16, 6, (ap_q_mode)5, (ap_o_mode)3, 0>, softmax_config5>' completely with a factor of 4 (firmware/nnet_utils/nnet_activation.h:216:0)
INFO: [HLS 214-186] Unrolling loop 'VITIS_LOOP_243_1' (firmware/nnet_utils/nnet_activation.h:243:23) in function 'nnet::softmax_stable<ap_fixed<36, 16, (ap_q_mode)5, (ap_o_mode)3, 0>, ap_fixed<16, 6, (ap_q_mode)5, (ap_o_mode)3, 0>, softmax_config5>' completely with a factor of 4 (firmware/nnet_utils/nnet_activation.h:216:0)
INFO: [HLS 214-186] Unrolling loop 'VITIS_LOOP_151_1' (firmware/nnet_utils/nnet_activation.h:151:23) in function 'nnet::init_exp_table<ap_fixed<36, 16, (ap_q_mode)5, (ap_o_mode)3, 0>, softmax_config5>' completely with a factor of 1024 (firmware/nnet_utils/nnet_activation.h:149:0)
INFO: [HLS 214-186] Unrolling loop 'Result' (firmware/nnet_utils/nnet_dense_latency.h:64:5) in function 'nnet::dense_latency<ap_fixed<16, 6, (ap_q_mode)5, (ap_o_mode)3, 0>, ap_fixed<36, 16, (ap_q_mode)5, (ap_o_mode)3, 0>, config4>' completely with a factor of 4 (firmware/nnet_utils/nnet_dense_latency.h:15:0)
INFO: [HLS 214-186] Unrolling loop 'Accum1' (firmware/nnet_utils/nnet_dense_latency.h:54:5) in function 'nnet::dense_latency<ap_fixed<16, 6, (ap_q_mode)5, (ap_o_mode)3, 0>, ap_fixed<36, 16, (ap_q_mode)5, (ap_o_mode)3, 0>, config4>' completely with a factor of 8 (firmware/nnet_utils/nnet_dense_latency.h:15:0)
INFO: [HLS 214-186] Unrolling loop 'Accum2' (firmware/nnet_utils/nnet_dense_latency.h:56:9) in function 'nnet::dense_latency<ap_fixed<16, 6, (ap_q_mode)5, (ap_o_mode)3, 0>, ap_fixed<36, 16, (ap_q_mode)5, (ap_o_mode)3, 0>, config4>' completely with a factor of 4 (firmware/nnet_utils/nnet_dense_latency.h:15:0)
INFO: [HLS 214-186] Unrolling loop 'ResetAccum' (firmware/nnet_utils/nnet_dense_latency.h:48:5) in function 'nnet::dense_latency<ap_fixed<16, 6, (ap_q_mode)5, (ap_o_mode)3, 0>, ap_fixed<36, 16, (ap_q_mode)5, (ap_o_mode)3, 0>, config4>' completely with a factor of 4 (firmware/nnet_utils/nnet_dense_latency.h:15:0)
INFO: [HLS 214-186] Unrolling loop 'Product1' (firmware/nnet_utils/nnet_dense_latency.h:37:5) in function 'nnet::dense_latency<ap_fixed<16, 6, (ap_q_mode)5, (ap_o_mode)3, 0>, ap_fixed<36, 16, (ap_q_mode)5, (ap_o_mode)3, 0>, config4>' completely with a factor of 8 (firmware/nnet_utils/nnet_dense_latency.h:15:0)
INFO: [HLS 214-186] Unrolling loop 'Product2' (firmware/nnet_utils/nnet_dense_latency.h:40:9) in function 'nnet::dense_latency<ap_fixed<16, 6, (ap_q_mode)5, (ap_o_mode)3, 0>, ap_fixed<36, 16, (ap_q_mode)5, (ap_o_mode)3, 0>, config4>' completely with a factor of 4 (firmware/nnet_utils/nnet_dense_latency.h:15:0)
INFO: [HLS 214-186] Unrolling loop 'VITIS_LOOP_43_1' (firmware/nnet_utils/nnet_activation.h:43:22) in function 'nnet::relu<ap_fixed<37, 17, (ap_q_mode)5, (ap_o_mode)3, 0>, ap_fixed<16, 6, (ap_q_mode)5, (ap_o_mode)3, 0>, relu_config3>' completely with a factor of 8 (firmware/nnet_utils/nnet_activation.h:39:0)
INFO: [HLS 214-186] Unrolling loop 'Result' (firmware/nnet_utils/nnet_dense_latency.h:64:5) in function 'nnet::dense_latency<ap_fixed<16, 6, (ap_q_mode)5, (ap_o_mode)3, 0>, ap_fixed<37, 17, (ap_q_mode)5, (ap_o_mode)3, 0>, config2>' completely with a factor of 8 (firmware/nnet_utils/nnet_dense_latency.h:15:0)
INFO: [HLS 214-186] Unrolling loop 'Accum1' (firmware/nnet_utils/nnet_dense_latency.h:54:5) in function 'nnet::dense_latency<ap_fixed<16, 6, (ap_q_mode)5, (ap_o_mode)3, 0>, ap_fixed<37, 17, (ap_q_mode)5, (ap_o_mode)3, 0>, config2>' completely with a factor of 16 (firmware/nnet_utils/nnet_dense_latency.h:15:0)
INFO: [HLS 214-186] Unrolling loop 'Accum2' (firmware/nnet_utils/nnet_dense_latency.h:56:9) in function 'nnet::dense_latency<ap_fixed<16, 6, (ap_q_mode)5, (ap_o_mode)3, 0>, ap_fixed<37, 17, (ap_q_mode)5, (ap_o_mode)3, 0>, config2>' completely with a factor of 8 (firmware/nnet_utils/nnet_dense_latency.h:15:0)
INFO: [HLS 214-186] Unrolling loop 'ResetAccum' (firmware/nnet_utils/nnet_dense_latency.h:48:5) in function 'nnet::dense_latency<ap_fixed<16, 6, (ap_q_mode)5, (ap_o_mode)3, 0>, ap_fixed<37, 17, (ap_q_mode)5, (ap_o_mode)3, 0>, config2>' completely with a factor of 8 (firmware/nnet_utils/nnet_dense_latency.h:15:0)
INFO: [HLS 214-186] Unrolling loop 'Product1' (firmware/nnet_utils/nnet_dense_latency.h:37:5) in function 'nnet::dense_latency<ap_fixed<16, 6, (ap_q_mode)5, (ap_o_mode)3, 0>, ap_fixed<37, 17, (ap_q_mode)5, (ap_o_mode)3, 0>, config2>' completely with a factor of 16 (firmware/nnet_utils/nnet_dense_latency.h:15:0)
INFO: [HLS 214-186] Unrolling loop 'Product2' (firmware/nnet_utils/nnet_dense_latency.h:40:9) in function 'nnet::dense_latency<ap_fixed<16, 6, (ap_q_mode)5, (ap_o_mode)3, 0>, ap_fixed<37, 17, (ap_q_mode)5, (ap_o_mode)3, 0>, config2>' completely with a factor of 8 (firmware/nnet_utils/nnet_dense_latency.h:15:0)
INFO: [HLS 214-178] Inlining function 'std::enable_if<!(std::is_same<ap_fixed<16, 6, (ap_q_mode)5, (ap_o_mode)3, 0>, ap_uint<1> >::value), ap_fixed<37, 17, (ap_q_mode)5, (ap_o_mode)3, 0> >::type nnet::cast<ap_fixed<16, 6, (ap_q_mode)5, (ap_o_mode)3, 0>, ap_fixed<37, 17, (ap_q_mode)5, (ap_o_mode)3, 0>, config2>(config2::accum_t)' into 'void nnet::dense_latency<ap_fixed<16, 6, (ap_q_mode)5, (ap_o_mode)3, 0>, ap_fixed<37, 17, (ap_q_mode)5, (ap_o_mode)3, 0>, config2>(ap_fixed<16, 6, (ap_q_mode)5, (ap_o_mode)3, 0>*, ap_fixed<37, 17, (ap_q_mode)5, (ap_o_mode)3, 0>*, config2::weight_t*, config2::bias_t*)' (firmware/nnet_utils/nnet_dense_latency.h:15:0)
INFO: [HLS 214-178] Inlining function 'std::enable_if<!(std::is_same<ap_fixed<16, 6, (ap_q_mode)5, (ap_o_mode)3, 0>, ap_uint<1> >::value), ap_fixed<36, 16, (ap_q_mode)5, (ap_o_mode)3, 0> >::type nnet::cast<ap_fixed<16, 6, (ap_q_mode)5, (ap_o_mode)3, 0>, ap_fixed<36, 16, (ap_q_mode)5, (ap_o_mode)3, 0>, config4>(config4::accum_t)' into 'void nnet::dense_latency<ap_fixed<16, 6, (ap_q_mode)5, (ap_o_mode)3, 0>, ap_fixed<36, 16, (ap_q_mode)5, (ap_o_mode)3, 0>, config4>(ap_fixed<16, 6, (ap_q_mode)5, (ap_o_mode)3, 0>*, ap_fixed<36, 16, (ap_q_mode)5, (ap_o_mode)3, 0>*, config4::weight_t*, config4::bias_t*)' (firmware/nnet_utils/nnet_dense_latency.h:15:0)
INFO: [HLS 214-178] Inlining function 'nnet::Op_max<ap_fixed<36, 16, (ap_q_mode)5, (ap_o_mode)3, 0> >::operator()(ap_fixed<36, 16, (ap_q_mode)5, (ap_o_mode)3, 0>, ap_fixed<36, 16, (ap_q_mode)5, (ap_o_mode)3, 0>)' into 'ap_fixed<36, 16, (ap_q_mode)5, (ap_o_mode)3, 0> nnet::reduce<ap_fixed<36, 16, (ap_q_mode)5, (ap_o_mode)3, 0>, 2, nnet::Op_max<ap_fixed<36, 16, (ap_q_mode)5, (ap_o_mode)3, 0> > >(ap_fixed<36, 16, (ap_q_mode)5, (ap_o_mode)3, 0> const*, nnet::Op_max<ap_fixed<36, 16, (ap_q_mode)5, (ap_o_mode)3, 0> >)' (firmware/nnet_utils/nnet_common.h:37:0)
INFO: [HLS 214-178] Inlining function 'ap_fixed<36, 16, (ap_q_mode)5, (ap_o_mode)3, 0> nnet::reduce<ap_fixed<36, 16, (ap_q_mode)5, (ap_o_mode)3, 0>, 2, nnet::Op_max<ap_fixed<36, 16, (ap_q_mode)5, (ap_o_mode)3, 0> > >(ap_fixed<36, 16, (ap_q_mode)5, (ap_o_mode)3, 0> const*, nnet::Op_max<ap_fixed<36, 16, (ap_q_mode)5, (ap_o_mode)3, 0> >)' into 'ap_fixed<36, 16, (ap_q_mode)5, (ap_o_mode)3, 0> nnet::reduce<ap_fixed<36, 16, (ap_q_mode)5, (ap_o_mode)3, 0>, 4, nnet::Op_max<ap_fixed<36, 16, (ap_q_mode)5, (ap_o_mode)3, 0> > >(ap_fixed<36, 16, (ap_q_mode)5, (ap_o_mode)3, 0> const*, nnet::Op_max<ap_fixed<36, 16, (ap_q_mode)5, (ap_o_mode)3, 0> >)' (firmware/nnet_utils/nnet_common.h:37:0)
INFO: [HLS 214-178] Inlining function 'nnet::Op_max<ap_fixed<36, 16, (ap_q_mode)5, (ap_o_mode)3, 0> >::operator()(ap_fixed<36, 16, (ap_q_mode)5, (ap_o_mode)3, 0>, ap_fixed<36, 16, (ap_q_mode)5, (ap_o_mode)3, 0>) (.42)' into 'ap_fixed<36, 16, (ap_q_mode)5, (ap_o_mode)3, 0> nnet::reduce<ap_fixed<36, 16, (ap_q_mode)5, (ap_o_mode)3, 0>, 4, nnet::Op_max<ap_fixed<36, 16, (ap_q_mode)5, (ap_o_mode)3, 0> > >(ap_fixed<36, 16, (ap_q_mode)5, (ap_o_mode)3, 0> const*, nnet::Op_max<ap_fixed<36, 16, (ap_q_mode)5, (ap_o_mode)3, 0> >)' (firmware/nnet_utils/nnet_common.h:37:0)
INFO: [HLS 214-178] Inlining function 'nnet::Op_add<ap_fixed<18, 8, (ap_q_mode)0, (ap_o_mode)0, 0> >::operator()(ap_fixed<18, 8, (ap_q_mode)0, (ap_o_mode)0, 0>, ap_fixed<18, 8, (ap_q_mode)0, (ap_o_mode)0, 0>) (.18.28)' into 'ap_fixed<18, 8, (ap_q_mode)0, (ap_o_mode)0, 0> nnet::reduce<ap_fixed<18, 8, (ap_q_mode)0, (ap_o_mode)0, 0>, 2, nnet::Op_add<ap_fixed<18, 8, (ap_q_mode)0, (ap_o_mode)0, 0> > >(ap_fixed<18, 8, (ap_q_mode)0, (ap_o_mode)0, 0> const*, nnet::Op_add<ap_fixed<18, 8, (ap_q_mode)0, (ap_o_mode)0, 0> >)' (firmware/nnet_utils/nnet_common.h:37:0)
INFO: [HLS 214-178] Inlining function 'ap_fixed<18, 8, (ap_q_mode)0, (ap_o_mode)0, 0> nnet::reduce<ap_fixed<18, 8, (ap_q_mode)0, (ap_o_mode)0, 0>, 2, nnet::Op_add<ap_fixed<18, 8, (ap_q_mode)0, (ap_o_mode)0, 0> > >(ap_fixed<18, 8, (ap_q_mode)0, (ap_o_mode)0, 0> const*, nnet::Op_add<ap_fixed<18, 8, (ap_q_mode)0, (ap_o_mode)0, 0> >)' into 'ap_fixed<18, 8, (ap_q_mode)0, (ap_o_mode)0, 0> nnet::reduce<ap_fixed<18, 8, (ap_q_mode)0, (ap_o_mode)0, 0>, 4, nnet::Op_add<ap_fixed<18, 8, (ap_q_mode)0, (ap_o_mode)0, 0> > >(ap_fixed<18, 8, (ap_q_mode)0, (ap_o_mode)0, 0> const*, nnet::Op_add<ap_fixed<18, 8, (ap_q_mode)0, (ap_o_mode)0, 0> >)' (firmware/nnet_utils/nnet_common.h:37:0)
INFO: [HLS 214-178] Inlining function 'nnet::Op_add<ap_fixed<18, 8, (ap_q_mode)0, (ap_o_mode)0, 0> >::operator()(ap_fixed<18, 8, (ap_q_mode)0, (ap_o_mode)0, 0>, ap_fixed<18, 8, (ap_q_mode)0, (ap_o_mode)0, 0>) (.18.28)' into 'ap_fixed<18, 8, (ap_q_mode)0, (ap_o_mode)0, 0> nnet::reduce<ap_fixed<18, 8, (ap_q_mode)0, (ap_o_mode)0, 0>, 4, nnet::Op_add<ap_fixed<18, 8, (ap_q_mode)0, (ap_o_mode)0, 0> > >(ap_fixed<18, 8, (ap_q_mode)0, (ap_o_mode)0, 0> const*, nnet::Op_add<ap_fixed<18, 8, (ap_q_mode)0, (ap_o_mode)0, 0> >)' (firmware/nnet_utils/nnet_common.h:37:0)
INFO: [HLS 214-178] Inlining function 'ap_fixed<36, 16, (ap_q_mode)5, (ap_o_mode)3, 0> nnet::reduce<ap_fixed<36, 16, (ap_q_mode)5, (ap_o_mode)3, 0>, 4, nnet::Op_max<ap_fixed<36, 16, (ap_q_mode)5, (ap_o_mode)3, 0> > >(ap_fixed<36, 16, (ap_q_mode)5, (ap_o_mode)3, 0> const*, nnet::Op_max<ap_fixed<36, 16, (ap_q_mode)5, (ap_o_mode)3, 0> >)' into 'void nnet::softmax_stable<ap_fixed<36, 16, (ap_q_mode)5, (ap_o_mode)3, 0>, ap_fixed<16, 6, (ap_q_mode)5, (ap_o_mode)3, 0>, softmax_config5>(ap_fixed<36, 16, (ap_q_mode)5, (ap_o_mode)3, 0>*, ap_fixed<16, 6, (ap_q_mode)5, (ap_o_mode)3, 0>*)' (firmware/nnet_utils/nnet_activation.h:216:0)
INFO: [HLS 214-178] Inlining function 'unsigned int nnet::softmax_idx_from_real_val<ap_fixed<36, 16, (ap_q_mode)5, (ap_o_mode)3, 0>, softmax_config5>(ap_fixed<36, 16, (ap_q_mode)5, (ap_o_mode)3, 0>)' into 'void nnet::softmax_stable<ap_fixed<36, 16, (ap_q_mode)5, (ap_o_mode)3, 0>, ap_fixed<16, 6, (ap_q_mode)5, (ap_o_mode)3, 0>, softmax_config5>(ap_fixed<36, 16, (ap_q_mode)5, (ap_o_mode)3, 0>*, ap_fixed<16, 6, (ap_q_mode)5, (ap_o_mode)3, 0>*)' (firmware/nnet_utils/nnet_activation.h:216:0)
INFO: [HLS 214-178] Inlining function 'ap_fixed<18, 8, (ap_q_mode)0, (ap_o_mode)0, 0> nnet::reduce<ap_fixed<18, 8, (ap_q_mode)0, (ap_o_mode)0, 0>, 4, nnet::Op_add<ap_fixed<18, 8, (ap_q_mode)0, (ap_o_mode)0, 0> > >(ap_fixed<18, 8, (ap_q_mode)0, (ap_o_mode)0, 0> const*, nnet::Op_add<ap_fixed<18, 8, (ap_q_mode)0, (ap_o_mode)0, 0> >)' into 'void nnet::softmax_stable<ap_fixed<36, 16, (ap_q_mode)5, (ap_o_mode)3, 0>, ap_fixed<16, 6, (ap_q_mode)5, (ap_o_mode)3, 0>, softmax_config5>(ap_fixed<36, 16, (ap_q_mode)5, (ap_o_mode)3, 0>*, ap_fixed<16, 6, (ap_q_mode)5, (ap_o_mode)3, 0>*)' (firmware/nnet_utils/nnet_activation.h:216:0)
INFO: [HLS 214-178] Inlining function 'unsigned int nnet::softmax_idx_from_real_val<ap_fixed<18, 8, (ap_q_mode)0, (ap_o_mode)0, 0>, softmax_config5>(ap_fixed<18, 8, (ap_q_mode)0, (ap_o_mode)0, 0>)' into 'void nnet::softmax_stable<ap_fixed<36, 16, (ap_q_mode)5, (ap_o_mode)3, 0>, ap_fixed<16, 6, (ap_q_mode)5, (ap_o_mode)3, 0>, softmax_config5>(ap_fixed<36, 16, (ap_q_mode)5, (ap_o_mode)3, 0>*, ap_fixed<16, 6, (ap_q_mode)5, (ap_o_mode)3, 0>*)' (firmware/nnet_utils/nnet_activation.h:216:0)
INFO: [HLS 214-248] Applying array_partition to 'b4': Complete partitioning on dimension 1. (firmware/weights/b4.h:12:0)
INFO: [HLS 214-248] Applying array_partition to 'b2': Complete partitioning on dimension 1. (firmware/weights/b2.h:12:0)
INFO: [HLS 214-248] Applying array_partition to 'layer2_out': Complete partitioning on dimension 1. (firmware/myproject.cpp:34:17)
INFO: [HLS 214-248] Applying array_partition to 'layer3_out': Complete partitioning on dimension 1. (firmware/myproject.cpp:38:14)
INFO: [HLS 214-248] Applying array_partition to 'layer4_out': Complete partitioning on dimension 1. (firmware/myproject.cpp:42:22)
INFO: [HLS 214-248] Applying array_partition to 'layer5_out': Complete partitioning on dimension 1. (firmware/myproject.cpp:10:0)
INFO: [HLS 214-248] Applying array_reshape to 'input_layer': Complete reshaping on dimension 1. (firmware/myproject.cpp:10:0)
INFO-FLOW: DBG:PUTS: copy_raw_kernel_xml ap_link_39: kernel.xml not generated: /home/ubuntu/hls4ml_tests/my_hls_prj/myproject_prj/solution1/.autopilot/db/kernel.internal.xml
INFO: [HLS 200-111] Finished Compiling Optimization and Transform: CPU user time: 144.89 seconds. CPU system time: 1.38 seconds. Elapsed time: 146.86 seconds; current allocated memory: 293.277 MB.
INFO: [HLS 200-111] Finished Checking Pragmas: CPU user time: 0 seconds. CPU system time: 0 seconds. Elapsed time: 0 seconds; current allocated memory: 293.277 MB.
Execute         opt_and_import_c a -opt_level=2 -skip_syncheck=0 -ng=0 -keep_printf=0 
Execute           cleanup_all_models 
INFO: [HLS 200-10] Starting code transformations ...
INFO-FLOW: Running Standard Transforms...
Execute           transform -hls -share-std-xform -demangle-name -inline-byval-memcpy -always-inline -promote-dbg-pointer -interface-preproc -mem2reg -scalarrepl -mem2reg -keep-read-access -instcombine -dce -promote-dbg-pointer -bitop-raise -loop-simplify -indvarspre -indvars -loop-simplify -constprop -instcombine -simplifycfg -indvars -simplifycfg -dce -globaldce -basicaa -simplifycfg -mem2reg -globalopt -global-constprop -deadargelim -instcombine -simplifycfg -scalarrepl -instcombine -reassociate -licm -simplifycfg -loop-simplify -indvars -instcombine -simplifycfg -mem2reg -loop-simplify -indvars -instcombine -gvn -gvn -instcombine -adce -break-crit-edges -simplifycfg -loop-delete -global-array-opt -dce -dse -adce -find-syn-modules -top myproject -deadargelim -mem2reg -instcombine -dce -presyn-prepare -interface-preproc -syn-check -check-rec-only -find-region -simplifycfg -func-extr -function-inline -globaldce -mem2reg -instcombine -dce -gvn -globaldce -adce -adse -constprop -instcombine -bit-constprop -instcombine -dce -simplifycfg -bitop-raise -simplifycfg -dce -loop-delete -reassociate -globalopt -global-privatize -mem2reg -dce -global-constprop -pointer-simplify -constprop -dce -promote-dbg-pointer -norm-name /home/ubuntu/hls4ml_tests/my_hls_prj/myproject_prj/solution1/.autopilot/db/a.g.0.bc -o /home/ubuntu/hls4ml_tests/my_hls_prj/myproject_prj/solution1/.autopilot/db/a.g.1.bc -f -phase std-opt 
Command           transform done; 16.45 sec.
INFO: [HLS 200-111] Finished Standard Transforms: CPU user time: 16.19 seconds. CPU system time: 0.18 seconds. Elapsed time: 16.46 seconds; current allocated memory: 451.629 MB.
INFO: [HLS 200-10] Checking synthesizability ...
INFO-FLOW: Checking Synthesizability 1/2..
Execute           transform -hls -syn-check -check-rec-only -scalarrepl -norm-name -dce -mem2reg -instcombine -directive-preproc -mem2reg -dse -dce -dce -pag -array-normalize -instcombine -dce -array-seg-normalize -instcombine -dce -data-pack -instcombine -dce -inst-simplify -array-flatten -instcombine -dce -array-burst -dce -deadargelim -promote-global-argument -simplifycfg -mem2reg -globaldce -dce -deadargelim -dce -instcombine -function-inline -globaldce -dce -doublePtrSimplify -doublePtrElim -dce -doublePtrSimplify -promote-dbg-pointer -dce -scalarrepl -dse -adse -instcombine -ptrLegalization -simplifycfg -dce -instcombine -pointer-simplify -ptrArgReplace -dce -instcombine -resolve-double-ptr -scalarrepl -norm-name -dce -mem2reg -instcombine -ptrLegalization -simplifycfg -deadargelim -instcombine -dce -inst-simplify -directive-preproc -mem2reg -dse -dce -globaldce /home/ubuntu/hls4ml_tests/my_hls_prj/myproject_prj/solution1/.autopilot/db/a.g.1.bc -o /home/ubuntu/hls4ml_tests/my_hls_prj/myproject_prj/solution1/.autopilot/db/a.g.2.prechk.bc -f 
INFO: [XFORM 203-602] Inlining function 'nnet::exp_fcn_float' into 'nnet::init_exp_table<ap_fixed<36, 16, (ap_q_mode)5, (ap_o_mode)3, 0>, softmax_config5>' (firmware/nnet_utils/nnet_activation.h:154) automatically.
Command           transform done; 9.74 sec.
INFO-FLOW: Checking Synthesizability 2/2..
Execute           transform -syn-check /home/ubuntu/hls4ml_tests/my_hls_prj/myproject_prj/solution1/.autopilot/db/a.g.2.prechk.bc -o /home/ubuntu/hls4ml_tests/my_hls_prj/myproject_prj/solution1/.autopilot/db/a.g.2.bc -f -phase syn-check 
WARNING: [SYNCHK 200-23] firmware/nnet_utils/nnet_activation.h:138: variable-indexed range selection may cause suboptimal QoR.
INFO: [SYNCHK 200-10] 0 error(s), 1 warning(s).
Command           transform done; 0.47 sec.
INFO: [HLS 200-111] Finished Checking Synthesizability: CPU user time: 9.98 seconds. CPU system time: 0.19 seconds. Elapsed time: 10.21 seconds; current allocated memory: 697.895 MB.
INFO-FLOW: Compiler optimizing ...
INFO-FLOW: Share syncheck's 1.bc for syn flow: copy /home/ubuntu/hls4ml_tests/my_hls_prj/myproject_prj/solution1/.autopilot/db/a.g.1.bc to /home/ubuntu/hls4ml_tests/my_hls_prj/myproject_prj/solution1/.autopilot/db/a.o.1.bc
INFO-FLOW: Presyn 1...
Execute           transform -hls -tmp /home/ubuntu/hls4ml_tests/my_hls_prj/myproject_prj/solution1/.autopilot/db -interface-port-rename -directive-preproc -mem2reg -dse -dce -scalarrepl -norm-name -deadargelim -mem2reg -instcombine -dce -simplifycfg -dce -resource-proc -clib-intrinsic-prepare -dce -func-buffer -dce -pag -array-normalize -func-legal -instcombine -gvn -constprop -dce -simplifycfg -mem2reg -globaldce -resolve-double-ptr -dce -deadargelim -dce -instcombine -ptrArgReplace -mem2reg -dce -array-seg-normalize -deadargelim -instcombine -dce -directive-preproc -mem2reg -dse -dce -pointer-simplify -dce -port-alignment -dce -interface-preproc -data-pack -instcombine -dce -basicaa -aggr-aa -aggrmodref-aa -aggr-aa -gvn -gvn -basicaa -aggr-aa -aggrmodref-aa -aggr-aa -dse -adse -adce -loop-simplify -indvars -instcombine -gvn -loop-simplify -mem2reg -dce -find-region -instcombine -inst-simplify -interface-preproc -cfgopt -instcombine -indvars -loop-simplify -loop-bound -constprop -instcombine -simplifycfg -indvars -simplifycfg -dce -globaldce -clean-region -attach-range -gvn -inst-simplify -constprop -simplifycfg -dce -pointer-simplify -dce -globalopt -constprop -dce -array-promote -constprop -dce -ptrArgReplace -mem2reg -simplifycfg -dce -instcombine -dce -array-transform-check -array-reshape -instcombine -simplifycfg -dce -ptrArgReplace -deadargelim -mem2reg -instcombine -simplifycfg -dce -indvars -loop-simplify -loop-bound -constprop -instcombine -simplifycfg -indvars -simplifycfg -dce -globaldce -basicaa -aggr-aa -aggrmodref-aa -aggr-aa -dse -duplicate-dataflow-processes -globaldce -instcombine -array-partition -prepare-dynamic-array-partition -instcombine -simplifycfg -dce -ptrArgReplace -global-constprop -deadargelim -mem2reg -func-legal -dce -global-constprop -deadargelim -mem2reg -simplifycfg -dce -merge-param -deadargelim -globalopt -constprop -dce -array-promote -constprop -dce -ptrArgReplace -mem2reg -simplifycfg -dce -mem-intrinsic-preproc -dce -global-internalize -global-privatize -mem2reg -globaldce -lcssa -loop-simplify -phi-select-elim -promote-global-argument -ptrArgReplace -mem2reg -dce -globalopt -mergereturn -simplify-global-access -mem2reg -dce -pointer-simplify -dce -basicaa -aggr-aa -aggrmodref-aa -aggr-aa -functionattrs -basicaa -aggr-aa -aggrmodref-aa -aggr-aa -gvn -gvn -basicaa -aggr-aa -aggrmodref-aa -aggr-aa -dse -adse -adce -dce -norm-name -basicaa -aggr-aa -aggrmodref-aa -aggr-aa -accesses-merge -function-inline -complex-op-raise -inst-simplify -globaldce -func-legal -dce -loop-bound -arraycheck -bitwidthmin2 -bitwidthmin2 -on-by-dataflow -loop-delete -instcombine -simplifycfg -globaldce -dce -gvn -deadargelim -dce -loop-simplify -clean-region -simplifycfg -propagate-stable-arguments -loop-stream -instcombine -simplifycfg -dce -globaldce -duplicate-dataflow-processes -stream-intrinsic-preproc -dce -check-ap-stream -loop-simplify -eliminate-keepreads -extract-dataflow-in-loop -loop-simplify -dce -gvn -deadargelim -dse -duplicate-dataflow-processes -check-dataflow-syntax -legalize-stream-variable -globaldce -legalize-global -extract-subproc -dce -dead-channel-elimination -canonicalize-gep -globaldce -dce -gvn -hls-dead-arg-elim -deadargelim -directive-preproc -canonicalize-dataflow -dce -globaldce -scalar-preprocessing -scalar-propagation2 -scalar-stream -deadargelim -globaldce -mem2reg -check-dataflow-channels -function-stream -dce -globaldce -prop-fifo-spec -internal-stream-gen -canonicalize-gep -globaldce -dce -gvn -deadargelim -mergereturn -indvars -loop-simplify -instcombine -array-stream -array-seg-normalize -array-partition -clean-array-spec -func-legal -instcombine -simplifycfg -dce -bundle-memfifo-ops -deadargelim -directive-preproc -mem2reg -dse -dce -group-axi-access -licm -simplifycfg -dce -loop-delete -hls-display -norm-name /home/ubuntu/hls4ml_tests/my_hls_prj/myproject_prj/solution1/.autopilot/db/a.o.1.bc -o /home/ubuntu/hls4ml_tests/my_hls_prj/myproject_prj/solution1/.autopilot/db/a.o.1.tmp.bc -f 
INFO: [XFORM 203-602] Inlining function 'nnet::exp_fcn_float' into 'nnet::init_exp_table<ap_fixed<36, 16, (ap_q_mode)5, (ap_o_mode)3, 0>, softmax_config5>' (firmware/nnet_utils/nnet_activation.h:154) automatically.
Command           transform done; 67.22 sec.
INFO-FLOW: Presyn 2...
Execute           transform -hls -keep-callgraph -scalarrepl -mem2reg -port-alignment -attach-range -dce -pipe-mux-gen -indvars -loop-bound -inst-simplify -instcombine -dce -merge-array-access -mem2reg -dce -clean-region -mergereturn -if-conv -instcombine -dce -constprop -basicaa -aggr-aa -aggrmodref-aa -aggr-aa -gvn -gvn -basicaa -aggr-aa -aggrmodref-aa -aggr-aa -dse -adse -adce -scalarrepl -mem2reg -global-constprop -deadargelim -deadargelim -instcombine -dce -simplifycfg -ptrArgReplace -mem2reg -function-inline -globaldce -mem2reg -instcombine -dce -expr-balance -instcombine -dce -bitwidthmin2 -bitwidthmin2 -interface-preproc -directive-preproc -inst-rectify -instcombine -dce -basicaa -aggr-aa -aggrmodref-aa -aggr-aa -functionattrs -constprop -instcombine -bit-constprop -simplify-global-access -globalopt -globaldce -inst-simplify -instcombine -elimdeaddata -dce -loop-delete -simplifycfg -loop-simplify -barrier -norm-name /home/ubuntu/hls4ml_tests/my_hls_prj/myproject_prj/solution1/.autopilot/db/a.o.1.tmp.bc -o /home/ubuntu/hls4ml_tests/my_hls_prj/myproject_prj/solution1/.autopilot/db/a.o.2.bc -f -phase presyn 
INFO: [XFORM 203-401] Performing if-conversion on hyperblock from (firmware/nnet_utils/nnet_activation.h:133:92) to (firmware/nnet_utils/nnet_activation.h:138:5) in function 'nnet::softmax_real_val_from_idx<ap_fixed<36, 16, (ap_q_mode)5, (ap_o_mode)3, 0>, softmax_config5>'... converting 10 basic blocks.
INFO: [XFORM 203-401] Performing if-conversion on hyperblock from (firmware/nnet_utils/nnet_activation.h:42:9) to (firmware/nnet_utils/nnet_activation.h:50:1) in function 'nnet::relu<ap_fixed<37, 17, (ap_q_mode)5, (ap_o_mode)3, 0>, ap_fixed<16, 6, (ap_q_mode)5, (ap_o_mode)3, 0>, relu_config3>'... converting 17 basic blocks.
INFO: [XFORM 203-401] Performing if-conversion on hyperblock from (firmware/nnet_utils/nnet_activation.h:149:52) to (firmware/nnet_utils/nnet_activation.h:157:1) in function 'nnet::init_exp_table<ap_fixed<36, 16, (ap_q_mode)5, (ap_o_mode)3, 0>, softmax_config5>'... converting 27649 basic blocks.
INFO: [XFORM 203-11] Balancing expressions in function 'nnet::dense_latency<ap_fixed<16, 6, (ap_q_mode)5, (ap_o_mode)3, 0>, ap_fixed<37, 17, (ap_q_mode)5, (ap_o_mode)3, 0>, config2>' (firmware/nnet_utils/nnet_dense_latency.h:33:21)...120 expression(s) balanced.
INFO: [XFORM 203-11] Balancing expressions in function 'nnet::dense_latency<ap_fixed<16, 6, (ap_q_mode)5, (ap_o_mode)3, 0>, ap_fixed<36, 16, (ap_q_mode)5, (ap_o_mode)3, 0>, config4>' (firmware/nnet_utils/nnet_dense_latency.h:33:1)...28 expression(s) balanced.
Command           transform done; 529.84 sec.
INFO: [HLS 200-111] Finished Loop, function and other optimizations: CPU user time: 596.82 seconds. CPU system time: 0.21 seconds. Elapsed time: 597.07 seconds; current allocated memory: 963.043 MB.
Execute           transform -hls -auto-function-inline -globaldce -ptrArgReplace -mem2reg -dce -reset-lda -loop-simplify -indvars -aggr-aa -licm -loop-dep -loop-bound -licm -loop-simplify -loop-sink-hoist -flattenloopnest -array-flatten -gvn -instcombine -dce -array-map -dce -func-legal -gvn -adce -instcombine -cfgopt -simplifycfg-lite -loop-simplify -array-burst -promote-global-argument -dce -array-seg-normalize -basicaa -aggrmodref-aa -globalsmodref-aa -aggr-aa -gvn -gvn -basicaa -aggrmodref-aa -globalsmodref-aa -aggr-aa -dse -adse -adce -licm -inst-simplify -dce -globaldce -instcombine -array-stream -eliminate-keepreads -instcombine -dce -deadargelim -doublePtrSimplify -doublePtrElim -dce -doublePtrSimplify -promote-dbg-pointer -dce -scalarrepl -mem2reg -norm-name -mem2reg -instcombine -dse -adse -adce -ptrLegalization -dce -array-flatten -dce -instcombine -check-doubleptr -loop-rot -constprop -inst-simplify -cfgopt -simplifycfg-lite -loop-simplify -indvars -pointer-simplify -dce -loop-bound -loop-simplify -loop-preproc -constprop -global-constprop -gvn -mem2reg -instcombine -dce -loop-bound -loop-merge -dce -deadargelim -dce -canonicalize-dataflow -dce -deadargelim -globaldce -mem2reg -bram-byte-enable -inst-simplify -inst-rectify -instcombine -adce -deadargelim -load-elim -read-loop-dep -loop-simplify -loop-extract-inner -directive-preproc -bitwidthmin2 -bitwidthmin2 -read-loop-dep -interface-preproc -directive-preproc -interface-gen -bram-byte-enable-spec-prop -mul2addshift -deadargelim -inst-simplify -dce -mem2reg -instcombine -gvn -dce -adse -loop-bound -instcombine -cfgopt -simplifycfg-lite -loop-simplify -clean-region -io-protocol -find-region -mem2reg -bitop-raise -complex-op-raise -inst-simplify -inst-rectify -instcombine -adce -deadargelim -float-op-raise -loop-simplify -phi-opt -bitop-raise -cfgopt -simplifycfg-lite -strip-dead-prototypes -interface-lower -bitop-lower -intrinsic-lower -auto-function-inline -basicaa -aggrmodref-aa -globalsmodref-aa -aggr-aa -inst-simplify -simplifycfg-lite -loop-simplify -mergereturn -inst-simplify -inst-rectify -globaldce -dce -load-elim -bitop-lower -float-op-raise -fma-raise -loop-rewind -pointer-simplify -dce -cfgopt -dce -loop-bound -loop-dep -read-loop-dep -dce -dyn-mem-reuse -dce -recurrence-min -dce -share-scalar-alloca -deadargelim -dce -check-stream -norm-name -legalize -inst-clarity -bitwidth -dce -validate-dataflow -dump-loop-dep-to-ir -check-all-ssdm -dump-complexity-metric /home/ubuntu/hls4ml_tests/my_hls_prj/myproject_prj/solution1/.autopilot/db/a.o.2.bc -o /home/ubuntu/hls4ml_tests/my_hls_prj/myproject_prj/solution1/.autopilot/db/a.o.3.bc -f -phase build-ssdm 
INFO: [XFORM 203-603] Evaluating the output(s) of a call to function 'nnet::softmax_real_val_from_idx<ap_fixed<36, 16, (ap_q_mode)5, (ap_o_mode)3, 0>, softmax_config5>' (firmware/nnet_utils/nnet_activation.h:153:19) in function 'nnet::init_exp_table<ap_fixed<36, 16, (ap_q_mode)5, (ap_o_mode)3, 0>, softmax_config5>' and propagating its result(s) since all actual argument(s) to the function are constants.
Execute             auto_get_db
Command           transform done; 1321.92 sec.
INFO-FLOW: Building ssdm...
Execute           transform -hls -cdfg-build /home/ubuntu/hls4ml_tests/my_hls_prj/myproject_prj/solution1/.autopilot/db/a.o.3.bc -o /home/ubuntu/hls4ml_tests/my_hls_prj/myproject_prj/solution1/.autopilot/db/a.o.3.bc -f -phase build-ssdm 
Command           transform done; 4.72 sec.
INFO: [HLS 200-111] Finished Architecture Synthesis: CPU user time: 1326.38 seconds. CPU system time: 0.22 seconds. Elapsed time: 1326.64 seconds; current allocated memory: 1.207 GB.
INFO-FLOW: Finish building internal data model.
Command         opt_and_import_c done; 1950.39 sec.
Command       elaborate done; 2110.94 sec.
Execute       ap_eval exec zip -j /home/ubuntu/hls4ml_tests/my_hls_prj/myproject_prj/solution1/.autopilot/db/dut.hcp $dbDir/a.o.3.bc $dbDir/${topname}.rtl_wrap.cfg.tcl $dbDir/apatb_${topname}.cpp $dbDir/apatb_${topname}_util.cpp $dbDir/apatb_${topname}_ir.ll $dbDir/mapper_${topname}.cpp $dbDir/top-io-fe.xml $dbDir/kernel.internal.xml $workdir/../hls.app 
Command       ap_eval done; error code: 1; 
INFO-FLOW: exec zip -j /home/ubuntu/hls4ml_tests/my_hls_prj/myproject_prj/solution1/.autopilot/db/dut.hcp $dbDir/a.o.3.bc $dbDir/${topname}.rtl_wrap.cfg.tcl $dbDir/apatb_${topname}.cpp $dbDir/apatb_${topname}_util.cpp $dbDir/apatb_${topname}_ir.ll $dbDir/mapper_${topname}.cpp $dbDir/top-io-fe.xml $dbDir/kernel.internal.xml $workdir/../hls.app
INFO-FLOW: couldn't execute "zip": no such file or directory
Execute       autosyn -from_csynth_design=1 
INFO: [HLS 200-10] Starting hardware synthesis ...
INFO-FLOW: Synthesizing C/C++ design ...
INFO: [HLS 200-10] Synthesizing 'myproject' ...
Execute         ap_set_top_model myproject 
WARNING: [SYN 201-103] Legalizing function name 'dense_latency<ap_fixed<16, 6, 5, 3, 0>, ap_fixed<37, 17, 5, 3, 0>, config2>' to 'dense_latency_ap_fixed_16_6_5_3_0_ap_fixed_37_17_5_3_0_config2_s'.
WARNING: [SYN 201-103] Legalizing function name 'relu<ap_fixed<37, 17, 5, 3, 0>, ap_fixed<16, 6, 5, 3, 0>, relu_config3>' to 'relu_ap_fixed_37_17_5_3_0_ap_fixed_16_6_5_3_0_relu_config3_s'.
WARNING: [SYN 201-103] Legalizing function name 'dense_latency<ap_fixed<16, 6, 5, 3, 0>, ap_fixed<36, 16, 5, 3, 0>, config4>' to 'dense_latency_ap_fixed_16_6_5_3_0_ap_fixed_36_16_5_3_0_config4_s'.
WARNING: [SYN 201-103] Legalizing function name 'init_exp_table<ap_fixed<36, 16, 5, 3, 0>, softmax_config5>' to 'init_exp_table_ap_fixed_36_16_5_3_0_softmax_config5_s'.
WARNING: [SYN 201-103] Legalizing function name 'softmax_stable<ap_fixed,ap_fixed<16,6,5,3,0>,softmax_config5>' to 'softmax_stable_ap_fixed_ap_fixed_16_6_5_3_0_softmax_config5_s'.
Execute         get_model_list myproject -filter all-wo-channel -topdown 
Execute         preproc_iomode -model myproject 
Execute         preproc_iomode -model softmax_stable<ap_fixed,ap_fixed<16,6,5,3,0>,softmax_config5> 
Execute         preproc_iomode -model init_exp_table<ap_fixed<36, 16, 5, 3, 0>, softmax_config5> 
Execute         preproc_iomode -model dense_latency<ap_fixed<16, 6, 5, 3, 0>, ap_fixed<36, 16, 5, 3, 0>, config4> 
Execute         preproc_iomode -model relu<ap_fixed<37, 17, 5, 3, 0>, ap_fixed<16, 6, 5, 3, 0>, relu_config3> 
Execute         preproc_iomode -model dense_latency<ap_fixed<16, 6, 5, 3, 0>, ap_fixed<37, 17, 5, 3, 0>, config2> 
Execute         get_model_list myproject -filter all-wo-channel 
INFO-FLOW: Model list for configure: {dense_latency<ap_fixed<16, 6, 5, 3, 0>, ap_fixed<37, 17, 5, 3, 0>, config2>} {relu<ap_fixed<37, 17, 5, 3, 0>, ap_fixed<16, 6, 5, 3, 0>, relu_config3>} {dense_latency<ap_fixed<16, 6, 5, 3, 0>, ap_fixed<36, 16, 5, 3, 0>, config4>} {init_exp_table<ap_fixed<36, 16, 5, 3, 0>, softmax_config5>} softmax_stable<ap_fixed,ap_fixed<16,6,5,3,0>,softmax_config5> myproject
INFO-FLOW: Configuring Module : dense_latency<ap_fixed<16, 6, 5, 3, 0>, ap_fixed<37, 17, 5, 3, 0>, config2> ...
Execute         set_default_model dense_latency<ap_fixed<16, 6, 5, 3, 0>, ap_fixed<37, 17, 5, 3, 0>, config2> 
Execute         apply_spec_resource_limit dense_latency<ap_fixed<16, 6, 5, 3, 0>, ap_fixed<37, 17, 5, 3, 0>, config2> 
INFO-FLOW: Configuring Module : relu<ap_fixed<37, 17, 5, 3, 0>, ap_fixed<16, 6, 5, 3, 0>, relu_config3> ...
Execute         set_default_model relu<ap_fixed<37, 17, 5, 3, 0>, ap_fixed<16, 6, 5, 3, 0>, relu_config3> 
Execute         apply_spec_resource_limit relu<ap_fixed<37, 17, 5, 3, 0>, ap_fixed<16, 6, 5, 3, 0>, relu_config3> 
INFO-FLOW: Configuring Module : dense_latency<ap_fixed<16, 6, 5, 3, 0>, ap_fixed<36, 16, 5, 3, 0>, config4> ...
Execute         set_default_model dense_latency<ap_fixed<16, 6, 5, 3, 0>, ap_fixed<36, 16, 5, 3, 0>, config4> 
Execute         apply_spec_resource_limit dense_latency<ap_fixed<16, 6, 5, 3, 0>, ap_fixed<36, 16, 5, 3, 0>, config4> 
INFO-FLOW: Configuring Module : init_exp_table<ap_fixed<36, 16, 5, 3, 0>, softmax_config5> ...
Execute         set_default_model init_exp_table<ap_fixed<36, 16, 5, 3, 0>, softmax_config5> 
Execute         apply_spec_resource_limit init_exp_table<ap_fixed<36, 16, 5, 3, 0>, softmax_config5> 
INFO-FLOW: Configuring Module : softmax_stable<ap_fixed,ap_fixed<16,6,5,3,0>,softmax_config5> ...
Execute         set_default_model softmax_stable<ap_fixed,ap_fixed<16,6,5,3,0>,softmax_config5> 
Execute         apply_spec_resource_limit softmax_stable<ap_fixed,ap_fixed<16,6,5,3,0>,softmax_config5> 
INFO-FLOW: Configuring Module : myproject ...
Execute         set_default_model myproject 
Execute         apply_spec_resource_limit myproject 
INFO-FLOW: Model list for preprocess: {dense_latency<ap_fixed<16, 6, 5, 3, 0>, ap_fixed<37, 17, 5, 3, 0>, config2>} {relu<ap_fixed<37, 17, 5, 3, 0>, ap_fixed<16, 6, 5, 3, 0>, relu_config3>} {dense_latency<ap_fixed<16, 6, 5, 3, 0>, ap_fixed<36, 16, 5, 3, 0>, config4>} {init_exp_table<ap_fixed<36, 16, 5, 3, 0>, softmax_config5>} softmax_stable<ap_fixed,ap_fixed<16,6,5,3,0>,softmax_config5> myproject
INFO-FLOW: Preprocessing Module: dense_latency<ap_fixed<16, 6, 5, 3, 0>, ap_fixed<37, 17, 5, 3, 0>, config2> ...
Execute         set_default_model dense_latency<ap_fixed<16, 6, 5, 3, 0>, ap_fixed<37, 17, 5, 3, 0>, config2> 
Execute         cdfg_preprocess -model dense_latency<ap_fixed<16, 6, 5, 3, 0>, ap_fixed<37, 17, 5, 3, 0>, config2> 
Execute         rtl_gen_preprocess dense_latency<ap_fixed<16, 6, 5, 3, 0>, ap_fixed<37, 17, 5, 3, 0>, config2> 
INFO-FLOW: Preprocessing Module: relu<ap_fixed<37, 17, 5, 3, 0>, ap_fixed<16, 6, 5, 3, 0>, relu_config3> ...
Execute         set_default_model relu<ap_fixed<37, 17, 5, 3, 0>, ap_fixed<16, 6, 5, 3, 0>, relu_config3> 
Execute         cdfg_preprocess -model relu<ap_fixed<37, 17, 5, 3, 0>, ap_fixed<16, 6, 5, 3, 0>, relu_config3> 
Execute         rtl_gen_preprocess relu<ap_fixed<37, 17, 5, 3, 0>, ap_fixed<16, 6, 5, 3, 0>, relu_config3> 
INFO-FLOW: Preprocessing Module: dense_latency<ap_fixed<16, 6, 5, 3, 0>, ap_fixed<36, 16, 5, 3, 0>, config4> ...
Execute         set_default_model dense_latency<ap_fixed<16, 6, 5, 3, 0>, ap_fixed<36, 16, 5, 3, 0>, config4> 
Execute         cdfg_preprocess -model dense_latency<ap_fixed<16, 6, 5, 3, 0>, ap_fixed<36, 16, 5, 3, 0>, config4> 
Execute         rtl_gen_preprocess dense_latency<ap_fixed<16, 6, 5, 3, 0>, ap_fixed<36, 16, 5, 3, 0>, config4> 
INFO-FLOW: Preprocessing Module: init_exp_table<ap_fixed<36, 16, 5, 3, 0>, softmax_config5> ...
Execute         set_default_model init_exp_table<ap_fixed<36, 16, 5, 3, 0>, softmax_config5> 
Execute         cdfg_preprocess -model init_exp_table<ap_fixed<36, 16, 5, 3, 0>, softmax_config5> 
Command         cdfg_preprocess done; 1.36 sec.
Execute         rtl_gen_preprocess init_exp_table<ap_fixed<36, 16, 5, 3, 0>, softmax_config5> 
INFO-FLOW: Preprocessing Module: softmax_stable<ap_fixed,ap_fixed<16,6,5,3,0>,softmax_config5> ...
Execute         set_default_model softmax_stable<ap_fixed,ap_fixed<16,6,5,3,0>,softmax_config5> 
Execute         cdfg_preprocess -model softmax_stable<ap_fixed,ap_fixed<16,6,5,3,0>,softmax_config5> 
Execute         rtl_gen_preprocess softmax_stable<ap_fixed,ap_fixed<16,6,5,3,0>,softmax_config5> 
INFO-FLOW: Preprocessing Module: myproject ...
Execute         set_default_model myproject 
Execute         cdfg_preprocess -model myproject 
Execute         rtl_gen_preprocess myproject 
INFO-FLOW: Model list for synthesis: {dense_latency<ap_fixed<16, 6, 5, 3, 0>, ap_fixed<37, 17, 5, 3, 0>, config2>} {relu<ap_fixed<37, 17, 5, 3, 0>, ap_fixed<16, 6, 5, 3, 0>, relu_config3>} {dense_latency<ap_fixed<16, 6, 5, 3, 0>, ap_fixed<36, 16, 5, 3, 0>, config4>} {init_exp_table<ap_fixed<36, 16, 5, 3, 0>, softmax_config5>} softmax_stable<ap_fixed,ap_fixed<16,6,5,3,0>,softmax_config5> myproject
INFO: [HLS 200-10] ----------------------------------------------------------------
INFO: [HLS 200-42] -- Implementing module 'dense_latency_ap_fixed_16_6_5_3_0_ap_fixed_37_17_5_3_0_config2_s' 
INFO: [HLS 200-10] ----------------------------------------------------------------
Execute         set_default_model dense_latency<ap_fixed<16, 6, 5, 3, 0>, ap_fixed<37, 17, 5, 3, 0>, config2> 
Execute         schedule -model dense_latency<ap_fixed<16, 6, 5, 3, 0>, ap_fixed<37, 17, 5, 3, 0>, config2> 
INFO: [SCHED 204-11] Starting scheduling ...
INFO: [SCHED 204-61] Pipelining function 'dense_latency<ap_fixed<16, 6, 5, 3, 0>, ap_fixed<37, 17, 5, 3, 0>, config2>'.
INFO: [HLS 200-1470] Pipelining result : Target II = NA, Final II = 1, Depth = 2, function 'dense_latency<ap_fixed<16, 6, 5, 3, 0>, ap_fixed<37, 17, 5, 3, 0>, config2>'
INFO: [SCHED 204-11] Finished scheduling.
Command         schedule done; 0.86 sec.
INFO: [HLS 200-111] Finished Scheduling: CPU user time: 2.28 seconds. CPU system time: 0.09 seconds. Elapsed time: 2.4 seconds; current allocated memory: 1.207 GB.
Execute         syn_report -verbosereport -o /home/ubuntu/hls4ml_tests/my_hls_prj/myproject_prj/solution1/.autopilot/db/dense_latency_ap_fixed_16_6_5_3_0_ap_fixed_37_17_5_3_0_config2_s.verbose.sched.rpt 
Execute           list_part -family xcvu47p-fsvh2892-2-e 
Execute             ap_family_info -name xcvu47p-fsvh2892-2-e -data names 
Execute             ap_part_info -quiet -name xcvu47p-fsvh2892-2-e -data family 
Execute         db_write -o /home/ubuntu/hls4ml_tests/my_hls_prj/myproject_prj/solution1/.autopilot/db/dense_latency_ap_fixed_16_6_5_3_0_ap_fixed_37_17_5_3_0_config2_s.sched.adb -f 
INFO-FLOW: Finish scheduling dense_latency<ap_fixed<16, 6, 5, 3, 0>, ap_fixed<37, 17, 5, 3, 0>, config2>.
Execute         set_default_model dense_latency<ap_fixed<16, 6, 5, 3, 0>, ap_fixed<37, 17, 5, 3, 0>, config2> 
Execute         bind -model dense_latency<ap_fixed<16, 6, 5, 3, 0>, ap_fixed<37, 17, 5, 3, 0>, config2> 
INFO: [BIND 205-100] Starting micro-architecture generation ...
INFO: [BIND 205-101] Performing variable lifetime analysis.
INFO: [BIND 205-101] Exploring resource sharing.
INFO: [BIND 205-101] Binding ...
INFO: [BIND 205-100] Starting global binding ...
INFO: [BIND 205-100] Finished micro-architecture generation.
Command         bind done; 0.15 sec.
INFO: [HLS 200-111] Finished Binding: CPU user time: 0.2 seconds. CPU system time: 0.01 seconds. Elapsed time: 0.22 seconds; current allocated memory: 1.207 GB.
Execute         syn_report -verbosereport -o /home/ubuntu/hls4ml_tests/my_hls_prj/myproject_prj/solution1/.autopilot/db/dense_latency_ap_fixed_16_6_5_3_0_ap_fixed_37_17_5_3_0_config2_s.verbose.bind.rpt 
Execute           list_part -family xcvu47p-fsvh2892-2-e 
Execute             ap_family_info -name xcvu47p-fsvh2892-2-e -data names 
Execute             ap_part_info -quiet -name xcvu47p-fsvh2892-2-e -data family 
Execute         db_write -o /home/ubuntu/hls4ml_tests/my_hls_prj/myproject_prj/solution1/.autopilot/db/dense_latency_ap_fixed_16_6_5_3_0_ap_fixed_37_17_5_3_0_config2_s.bind.adb -f 
INFO-FLOW: Finish binding dense_latency<ap_fixed<16, 6, 5, 3, 0>, ap_fixed<37, 17, 5, 3, 0>, config2>.
INFO: [HLS 200-10] ----------------------------------------------------------------
INFO: [HLS 200-42] -- Implementing module 'relu_ap_fixed_37_17_5_3_0_ap_fixed_16_6_5_3_0_relu_config3_s' 
INFO: [HLS 200-10] ----------------------------------------------------------------
Execute         set_default_model relu<ap_fixed<37, 17, 5, 3, 0>, ap_fixed<16, 6, 5, 3, 0>, relu_config3> 
Execute         schedule -model relu<ap_fixed<37, 17, 5, 3, 0>, ap_fixed<16, 6, 5, 3, 0>, relu_config3> 
INFO: [SCHED 204-11] Starting scheduling ...
INFO: [SCHED 204-61] Pipelining function 'relu<ap_fixed<37, 17, 5, 3, 0>, ap_fixed<16, 6, 5, 3, 0>, relu_config3>'.
INFO: [HLS 200-1470] Pipelining result : Target II = NA, Final II = 1, Depth = 1, function 'relu<ap_fixed<37, 17, 5, 3, 0>, ap_fixed<16, 6, 5, 3, 0>, relu_config3>'
INFO: [SCHED 204-11] Finished scheduling.
INFO: [HLS 200-111] Finished Scheduling: CPU user time: 0.09 seconds. CPU system time: 0.01 seconds. Elapsed time: 0.11 seconds; current allocated memory: 1.207 GB.
Execute         syn_report -verbosereport -o /home/ubuntu/hls4ml_tests/my_hls_prj/myproject_prj/solution1/.autopilot/db/relu_ap_fixed_37_17_5_3_0_ap_fixed_16_6_5_3_0_relu_config3_s.verbose.sched.rpt 
Execute           list_part -family xcvu47p-fsvh2892-2-e 
Execute             ap_family_info -name xcvu47p-fsvh2892-2-e -data names 
Execute             ap_part_info -quiet -name xcvu47p-fsvh2892-2-e -data family 
Execute         db_write -o /home/ubuntu/hls4ml_tests/my_hls_prj/myproject_prj/solution1/.autopilot/db/relu_ap_fixed_37_17_5_3_0_ap_fixed_16_6_5_3_0_relu_config3_s.sched.adb -f 
INFO-FLOW: Finish scheduling relu<ap_fixed<37, 17, 5, 3, 0>, ap_fixed<16, 6, 5, 3, 0>, relu_config3>.
Execute         set_default_model relu<ap_fixed<37, 17, 5, 3, 0>, ap_fixed<16, 6, 5, 3, 0>, relu_config3> 
Execute         bind -model relu<ap_fixed<37, 17, 5, 3, 0>, ap_fixed<16, 6, 5, 3, 0>, relu_config3> 
INFO: [BIND 205-100] Starting micro-architecture generation ...
INFO: [BIND 205-101] Performing variable lifetime analysis.
INFO: [BIND 205-101] Exploring resource sharing.
INFO: [BIND 205-101] Binding ...
INFO: [BIND 205-100] Finished micro-architecture generation.
INFO: [HLS 200-111] Finished Binding: CPU user time: 0.01 seconds. CPU system time: 0.01 seconds. Elapsed time: 0.02 seconds; current allocated memory: 1.207 GB.
Execute         syn_report -verbosereport -o /home/ubuntu/hls4ml_tests/my_hls_prj/myproject_prj/solution1/.autopilot/db/relu_ap_fixed_37_17_5_3_0_ap_fixed_16_6_5_3_0_relu_config3_s.verbose.bind.rpt 
Execute           list_part -family xcvu47p-fsvh2892-2-e 
Execute             ap_family_info -name xcvu47p-fsvh2892-2-e -data names 
Execute             ap_part_info -quiet -name xcvu47p-fsvh2892-2-e -data family 
Execute         db_write -o /home/ubuntu/hls4ml_tests/my_hls_prj/myproject_prj/solution1/.autopilot/db/relu_ap_fixed_37_17_5_3_0_ap_fixed_16_6_5_3_0_relu_config3_s.bind.adb -f 
INFO-FLOW: Finish binding relu<ap_fixed<37, 17, 5, 3, 0>, ap_fixed<16, 6, 5, 3, 0>, relu_config3>.
INFO: [HLS 200-10] ----------------------------------------------------------------
INFO: [HLS 200-42] -- Implementing module 'dense_latency_ap_fixed_16_6_5_3_0_ap_fixed_36_16_5_3_0_config4_s' 
INFO: [HLS 200-10] ----------------------------------------------------------------
Execute         set_default_model dense_latency<ap_fixed<16, 6, 5, 3, 0>, ap_fixed<36, 16, 5, 3, 0>, config4> 
Execute         schedule -model dense_latency<ap_fixed<16, 6, 5, 3, 0>, ap_fixed<36, 16, 5, 3, 0>, config4> 
INFO: [SCHED 204-11] Starting scheduling ...
INFO: [SCHED 204-61] Pipelining function 'dense_latency<ap_fixed<16, 6, 5, 3, 0>, ap_fixed<36, 16, 5, 3, 0>, config4>'.
INFO: [HLS 200-1470] Pipelining result : Target II = NA, Final II = 1, Depth = 2, function 'dense_latency<ap_fixed<16, 6, 5, 3, 0>, ap_fixed<36, 16, 5, 3, 0>, config4>'
INFO: [SCHED 204-11] Finished scheduling.
Command         schedule done; 0.18 sec.
INFO: [HLS 200-111] Finished Scheduling: CPU user time: 0.2 seconds. CPU system time: 0.01 seconds. Elapsed time: 0.2 seconds; current allocated memory: 1.207 GB.
Execute         syn_report -verbosereport -o /home/ubuntu/hls4ml_tests/my_hls_prj/myproject_prj/solution1/.autopilot/db/dense_latency_ap_fixed_16_6_5_3_0_ap_fixed_36_16_5_3_0_config4_s.verbose.sched.rpt 
Execute           list_part -family xcvu47p-fsvh2892-2-e 
Execute             ap_family_info -name xcvu47p-fsvh2892-2-e -data names 
Execute             ap_part_info -quiet -name xcvu47p-fsvh2892-2-e -data family 
Execute         db_write -o /home/ubuntu/hls4ml_tests/my_hls_prj/myproject_prj/solution1/.autopilot/db/dense_latency_ap_fixed_16_6_5_3_0_ap_fixed_36_16_5_3_0_config4_s.sched.adb -f 
INFO-FLOW: Finish scheduling dense_latency<ap_fixed<16, 6, 5, 3, 0>, ap_fixed<36, 16, 5, 3, 0>, config4>.
Execute         set_default_model dense_latency<ap_fixed<16, 6, 5, 3, 0>, ap_fixed<36, 16, 5, 3, 0>, config4> 
Execute         bind -model dense_latency<ap_fixed<16, 6, 5, 3, 0>, ap_fixed<36, 16, 5, 3, 0>, config4> 
INFO: [BIND 205-100] Starting micro-architecture generation ...
INFO: [BIND 205-101] Performing variable lifetime analysis.
INFO: [BIND 205-101] Exploring resource sharing.
INFO: [BIND 205-101] Binding ...
INFO: [BIND 205-100] Starting global binding ...
INFO: [BIND 205-100] Finished micro-architecture generation.
INFO: [HLS 200-111] Finished Binding: CPU user time: 0.03 seconds. CPU system time: 0 seconds. Elapsed time: 0.04 seconds; current allocated memory: 1.207 GB.
Execute         syn_report -verbosereport -o /home/ubuntu/hls4ml_tests/my_hls_prj/myproject_prj/solution1/.autopilot/db/dense_latency_ap_fixed_16_6_5_3_0_ap_fixed_36_16_5_3_0_config4_s.verbose.bind.rpt 
Execute           list_part -family xcvu47p-fsvh2892-2-e 
Execute             ap_family_info -name xcvu47p-fsvh2892-2-e -data names 
Execute             ap_part_info -quiet -name xcvu47p-fsvh2892-2-e -data family 
Execute         db_write -o /home/ubuntu/hls4ml_tests/my_hls_prj/myproject_prj/solution1/.autopilot/db/dense_latency_ap_fixed_16_6_5_3_0_ap_fixed_36_16_5_3_0_config4_s.bind.adb -f 
INFO-FLOW: Finish binding dense_latency<ap_fixed<16, 6, 5, 3, 0>, ap_fixed<36, 16, 5, 3, 0>, config4>.
INFO: [HLS 200-10] ----------------------------------------------------------------
INFO: [HLS 200-42] -- Implementing module 'init_exp_table_ap_fixed_36_16_5_3_0_softmax_config5_s' 
INFO: [HLS 200-10] ----------------------------------------------------------------
Execute         set_default_model init_exp_table<ap_fixed<36, 16, 5, 3, 0>, softmax_config5> 
Execute         schedule -model init_exp_table<ap_fixed<36, 16, 5, 3, 0>, softmax_config5> 
INFO-FLOW: Workspace /home/ubuntu/hls4ml_tests/my_hls_prj/myproject_prj/solution1 opened at Tue Sep 23 18:17:01 UTC 2025
Execute       ap_set_clock -name default -period 5 -unit ns -default=false 
INFO: [SYN 201-201] Setting up clock 'default' with a period of 5ns.
Execute       ap_set_clock -name default -uncertainty 1.35 -unit % 
INFO: [SYN 201-201] Setting up clock 'default' with an uncertainty of 1.35ns.
Execute       set_part xcvu47p-fsvh2892-2-e 
Execute         create_platform xcvu47p-fsvh2892-2-e -board  
DBG:HLSDevice: Trying to load device library: /opt/Xilinx/Vitis_HLS/2024.1/lib/lnx64.o/libxv_hlsvwrap.so
DBG:HLSDevice: first parts/arch.xml in RDI_DATADIR: /opt/Xilinx/Vivado/2024.1/data/parts/arch.xml
DBG:HLSDevice: init success
INFO: [HLS 200-1611] Setting target device to 'xcvu47p-fsvh2892-2-e'
Command         create_platform done; 0.57 sec.
Execute         source /opt/Xilinx/Vitis_HLS/2024.1/common/technology/xilinx/common/xilinx.gen 
Execute           source /opt/Xilinx/Vitis_HLS/2024.1/common/technology/xilinx/interface/plb46.gen 
Execute           source /opt/Xilinx/Vitis_HLS/2024.1/common/technology/xilinx/interface/axi4.gen 
Execute           source /opt/Xilinx/Vitis_HLS/2024.1/common/technology/xilinx/interface/nativeAXI4.gen 
Execute             source /opt/Xilinx/Vitis_HLS/2024.1/common/technology/xilinx/interface/saxilite.gen 
Execute           source /opt/Xilinx/Vitis_HLS/2024.1/common/technology/xilinx/scripts/xilinxcoregen.gen 
Execute           source /opt/Xilinx/Vitis_HLS/2024.1/common/technology/xilinx/interface/XilEDKCoreGen.gen 
Execute           source /opt/Xilinx/Vitis_HLS/2024.1/common/technology/xilinx/ip/util.gen 
Execute           source /opt/Xilinx/Vitis_HLS/2024.1/common/technology/xilinx/ip/xfft.gen 
Execute           source /opt/Xilinx/Vitis_HLS/2024.1/common/technology/xilinx/ip/dds_compiler.gen 
Execute           source /opt/Xilinx/Vitis_HLS/2024.1/common/technology/xilinx/ip/xfir.gen 
Execute           source /opt/Xilinx/Vitis_HLS/2024.1/common/technology/xilinx/DSP48/dsp48.gen 
Command         ap_source done; 0.14 sec.
Execute         ap_part_info -name xcvu47p-fsvh2892-2-e -data info 
Execute         config_compile -quiet -complex-mul-dsp=0 
Command       set_part done; 0.71 sec.
Execute       send_msg_by_id INFO @200-1505@%s%s  vivado 
INFO: [HLS 200-1505] Using flow_target 'vivado'
Execute       send_msg_by_id INFO @200-1464@%s config_compile -name_max_length=80 
INFO: [HLS 200-1464] Running solution command: config_compile -name_max_length=80
Execute       config_compile -name_max_length=80 
INFO: [XFORM 203-1161] The maximum of name length is set to 80.
Execute       send_msg_by_id INFO @200-1464@%s config_compile -complex-mul-dsp=0 
INFO: [HLS 200-1464] Running solution command: config_compile -complex-mul-dsp=0
Execute       config_compile -complex-mul-dsp=0 
INFO: [XFORM 203-1161] The maximum of name length is set to 80.
Execute       send_msg_by_id INFO @200-1464@%s config_schedule -enable_dsp_full_reg=0 
INFO: [HLS 200-1464] Running solution command: config_schedule -enable_dsp_full_reg=0
Execute       config_schedule -enable_dsp_full_reg=0 
Command     open_solution done; 0.73 sec.
Execute     config_array_partition -maximum_size 4096 
INFO: [HLS 200-1510] Running: config_array_partition -maximum_size 4096 
ERROR: [HLS 200-101] config_array_partition: Unknown option '-maximum_size'.
ERROR: [HLS 200-101] config_array_partition: Unknown option '4096'.
Execute       ::HLS_INI_HELP::tclcmd2ininames config_array_partition
Command     config_array_partition done; error code: 1; 0.15 sec.
Execute     config_compile -name_max_length 80 
INFO: [HLS 200-1510] Running: config_compile -name_max_length 80 
INFO: [XFORM 203-1161] The maximum of name length is set to 80.
Execute     set_part xcvu47p-fsvh2892-2-e 
INFO: [HLS 200-1510] Running: set_part xcvu47p-fsvh2892-2-e 
Execute       create_platform xcvu47p-fsvh2892-2-e -board  
Command       create_platform done; 0.14 sec.
Execute       source /opt/Xilinx/Vitis_HLS/2024.1/common/technology/xilinx/common/xilinx.gen 
Execute         source /opt/Xilinx/Vitis_HLS/2024.1/common/technology/xilinx/interface/plb46.gen 
Execute         source /opt/Xilinx/Vitis_HLS/2024.1/common/technology/xilinx/interface/axi4.gen 
Execute         source /opt/Xilinx/Vitis_HLS/2024.1/common/technology/xilinx/interface/nativeAXI4.gen 
Execute           source /opt/Xilinx/Vitis_HLS/2024.1/common/technology/xilinx/interface/saxilite.gen 
Execute         source /opt/Xilinx/Vitis_HLS/2024.1/common/technology/xilinx/scripts/xilinxcoregen.gen 
Execute         source /opt/Xilinx/Vitis_HLS/2024.1/common/technology/xilinx/interface/XilEDKCoreGen.gen 
Execute         source /opt/Xilinx/Vitis_HLS/2024.1/common/technology/xilinx/ip/util.gen 
Execute         source /opt/Xilinx/Vitis_HLS/2024.1/common/technology/xilinx/ip/xfft.gen 
Execute         source /opt/Xilinx/Vitis_HLS/2024.1/common/technology/xilinx/ip/dds_compiler.gen 
Execute         source /opt/Xilinx/Vitis_HLS/2024.1/common/technology/xilinx/ip/xfir.gen 
Execute         source /opt/Xilinx/Vitis_HLS/2024.1/common/technology/xilinx/DSP48/dsp48.gen 
Execute       ap_part_info -name xcvu47p-fsvh2892-2-e -data info 
Execute       config_compile -quiet -complex-mul-dsp=0 
INFO: [XFORM 203-1161] The maximum of name length is set to 80.
Command     set_part done; 0.25 sec.
Execute     config_schedule -enable_dsp_full_reg=false 
INFO: [HLS 200-1510] Running: config_schedule -enable_dsp_full_reg=false 
Execute     create_clock -period 5 -name default 
INFO: [HLS 200-1510] Running: create_clock -period 5 -name default 
Execute     set_clock_uncertainty 27% default 
INFO: [HLS 200-1510] Running: set_clock_uncertainty 27% default 
Execute     csim_design 
INFO: [HLS 200-1510] Running: csim_design 
INFO-FLOW: Running SLX 'csim' proc: ::SLX::run_csim
INFO: [SIM 211-2] *************** CSIM start ***************
INFO: [SIM 211-4] CSIM will launch CLANG as the compiler.
Execute       source csim/.lst_opt.tcl 
Execute       send_msg_by_id INFO @200-2036@%s debug 
INFO: [HLS 200-2036] Building debug C Simulation binaries
Execute       source /opt/Xilinx/Vitis_HLS/2024.1/tps/tcl/tcllib1.11.1/yaml/huddle.tcl 
Execute       source /opt/Xilinx/Vitis_HLS/2024.1/tps/tcl/tcllib1.11.1/yaml/json2huddle.tcl 
Execute         source /opt/Xilinx/Vitis_HLS/2024.1/tps/tcl/tcllib1.11.1/try/try.tcl 
Execute       ap_part_info -name xcvu47p-fsvh2892-2-e -data info 
Execute       source run_sim.tcl 
Command       ap_source done; 0.37 sec.
INFO: [SIM 211-1] CSim done with 0 errors.
INFO: [SIM 211-3] *************** CSIM finish ***************
Command     csim_design done; 0.75 sec.
INFO: [HLS 200-2161] Finished Command csim_design Elapsed time: 00:00:00; Allocated memory: 0.000 MB.
Execute     csynth_design 
INFO: [HLS 200-1510] Running: csynth_design 
INFO-FLOW: Running SLX 'csynth' proc: ::SLX::run_csynth
Execute       elaborate -effort=medium -skip_syncheck=0 -keep_printf=0 -skip_cdt=0 -skip_transform=0 -ng=0 -g=0 -opt_fp=0 -from_csynth_design=1 
INFO: [HLS 200-111] Finished File checks and directory preparation: CPU user time: 0.1 seconds. CPU system time: 0.03 seconds. Elapsed time: 0.13 seconds; current allocated memory: 277.137 MB.
Execute         set_directive_top myproject -name=myproject 
INFO: [HLS 200-10] Analyzing design file 'firmware/myproject.cpp' ... 
INFO-FLOW: Compiling one TU...
INFO-FLOW: Handling firmware/myproject.cpp as C++
Execute         ap_part_info -name xcvu47p-fsvh2892-2-e -data info 
INFO-FLOW: Running: GCC PP 39
INFO-FLOW: Source preprocessing
INFO-FLOW: run_clang exec: /opt/Xilinx/Vitis_HLS/2024.1/lnx64/tools/clang-3.9-csynth/bin/clang firmware/myproject.cpp -foptimization-record-file=/home/ubuntu/hls4ml_tests/my_hls_prj/myproject_prj/solution1/.autopilot/db/myproject.cpp.clang.diag.yml -mllvm -pass-remarks-missed=reflow|pasta|unroll -mllvm -pass-remarks=reflow|pasta|unroll|inline -fno-limit-debug-info -gcc-toolchain /opt/Xilinx/Vitis_HLS/2024.1/tps/lnx64/gcc-8.3.0 -fhls -fno-exceptions -insert-hls-directive=/home/ubuntu/hls4ml_tests/my_hls_prj/myproject_prj/solution1/.autopilot/db/all.directive.json -E -std=c++0x -fno-math-errno -c -emit-llvm -mllvm -disable-llvm-optzns -Werror=implicit-function-declaration -Werror=implicit-hls-streams -Werror=return-type -Wpragmas -Wunused-parameter -Wdump-hls-pragmas -Wno-error=dump-hls-pragmas -hls-clock-period=5 -fno-threadsafe-statics -fno-use-cxa-atexit -target fpga64-xilinx-linux-gnu -fno-threadsafe-statics -fno-use-cxa-atexit -D__VITIS_HLS__ -DAESL_SYN -D__SYNTHESIS__ -D__HLS_SYN__ -I /opt/Xilinx/Vitis_HLS/2024.1/common/technology/autopilot -I /opt/Xilinx/Vitis_HLS/2024.1/common/technology/autopilot/ap_sysc -include etc/autopilot_ssdm_op.h -D__DSP48E2__ -I /usr/include/x86_64-linux-gnu -o /home/ubuntu/hls4ml_tests/my_hls_prj/myproject_prj/solution1/.autopilot/db/myproject.pp.0.cpp -hls-platform-db-name=/opt/Xilinx/Vitis_HLS/2024.1/common/technology/xilinx/common/platform.db -hls-platform-name=virtexuplus_medium -device-resource-info=BRAM_4032.000000_DSP_9024.000000_FF_2607360.000000_LUT_1303680.000000_SLICE_162960.000000_SLR_3.000000_URAM_960.000000 -device-name-info=xcvu47p-fsvh2892-2-e > /home/ubuntu/hls4ml_tests/my_hls_prj/myproject_prj/solution1/.autopilot/db/myproject.cpp.clang.out.log 2> /home/ubuntu/hls4ml_tests/my_hls_prj/myproject_prj/solution1/.autopilot/db/myproject.cpp.clang.err.log
INFO-FLOW: Done: GCC PP 39 time: 1 seconds per iteration
INFO-FLOW: Source syntax check for synthesis
INFO-FLOW: run_clang exec: /opt/Xilinx/Vitis_HLS/2024.1/lnx64/tools/clang-3.9-csynth/bin/clang -foptimization-record-file=/home/ubuntu/hls4ml_tests/my_hls_prj/myproject_prj/solution1/.autopilot/db/clang.diag.yml -mllvm -pass-remarks-missed=reflow|pasta|unroll -mllvm -pass-remarks=reflow|pasta|unroll|inline -fsyntax-only -fhls -target fpga64-xilinx-linux-gnu /home/ubuntu/hls4ml_tests/my_hls_prj/myproject_prj/solution1/.autopilot/db/myproject.pp.0.cpp -hls-platform-db-name=/opt/Xilinx/Vitis_HLS/2024.1/common/technology/xilinx/common/platform.db -hls-platform-name=virtexuplus_medium -device-resource-info=BRAM_4032.000000_DSP_9024.000000_FF_2607360.000000_LUT_1303680.000000_SLICE_162960.000000_SLR_3.000000_URAM_960.000000 -device-name-info=xcvu47p-fsvh2892-2-e > /home/ubuntu/hls4ml_tests/my_hls_prj/myproject_prj/solution1/.autopilot/db/clang.out.log 2> /home/ubuntu/hls4ml_tests/my_hls_prj/myproject_prj/solution1/.autopilot/db/clang.err.log
WARNING: [HLS 207-5538] 'Resource pragma' is deprecated, use 'bind_op/bind_storage pragma' instead (firmware/nnet_utils/nnet_dense_resource.h:33:9)
WARNING: [HLS 207-5538] 'Resource pragma' is deprecated, use 'bind_op/bind_storage pragma' instead (firmware/nnet_utils/nnet_dense_resource.h:107:9)
WARNING: [HLS 207-5538] 'Resource pragma' is deprecated, use 'bind_op/bind_storage pragma' instead (firmware/nnet_utils/nnet_dense_resource.h:189:9)
Execute         clang_tidy xilinx-systemc-detector -desc systemc-detector /home/ubuntu/hls4ml_tests/my_hls_prj/myproject_prj/solution1/.autopilot/db/myproject.pp.0.cpp std=c++0x -target fpga  -directive=/home/ubuntu/hls4ml_tests/my_hls_prj/myproject_prj/solution1/.autopilot/db/.systemc_flag 
INFO-FLOW: exec /opt/Xilinx/Vitis_HLS/2024.1/lnx64/tools/clang-3.9-csynth/bin/clang-tidy -header-filter=.* --checks=-*,xilinx-systemc-detector -import-directive=/home/ubuntu/hls4ml_tests/my_hls_prj/myproject_prj/solution1/.autopilot/db/.systemc_flag -fix-errors /home/ubuntu/hls4ml_tests/my_hls_prj/myproject_prj/solution1/.autopilot/db/myproject.pp.0.cpp -- -std=c++0x -target fpga -fhls -ferror-limit=0
Command         clang_tidy done; 1.65 sec.
INFO-FLOW: Running: clang-tidy CDT preprocess 39
Execute         clang_tidy xilinx-directive2pragma -desc directive2pragma /home/ubuntu/hls4ml_tests/my_hls_prj/myproject_prj/solution1/.autopilot/db/myproject.pp.0.cpp std=c++0x -target fpga  -directive=/home/ubuntu/hls4ml_tests/my_hls_prj/myproject_prj/solution1/.autopilot/db/all.directive.json 
INFO-FLOW: exec /opt/Xilinx/Vitis_HLS/2024.1/lnx64/tools/clang-3.9-csynth/bin/clang-tidy -header-filter=.* --checks=-*,xilinx-directive2pragma -import-directive=/home/ubuntu/hls4ml_tests/my_hls_prj/myproject_prj/solution1/.autopilot/db/all.directive.json -fix-errors /home/ubuntu/hls4ml_tests/my_hls_prj/myproject_prj/solution1/.autopilot/db/myproject.pp.0.cpp -- -std=c++0x -target fpga -fhls -ferror-limit=0
Command         clang_tidy done; 2.03 sec.
INFO-FLOW: Done: clang-tidy CDT preprocess 39 time: 2 seconds per iteration
INFO-FLOW: Calling xilinx-label-all-loops ... 
INFO-FLOW: Calling xilinx-aggregate-on-hls-vector ... 
Execute         clang_tidy -errorcheck -desc loop-label xilinx-label-all-loops,xilinx-aggregate-on-hls-vector,,xilinx-warn-mayneed-no-ctor-attribute /home/ubuntu/hls4ml_tests/my_hls_prj/myproject_prj/solution1/.autopilot/db/myproject.pp.0.cpp std=c++0x -target fpga  
INFO-FLOW: run_clang exec: /opt/Xilinx/Vitis_HLS/2024.1/lnx64/tools/clang-3.9-csynth/bin/clang-tidy -export-fixes=/home/ubuntu/hls4ml_tests/my_hls_prj/myproject_prj/solution1/.autopilot/db/myproject.pp.0.cpp.clang-tidy.loop-label.diag.yml -header-filter=.* --checks=-*,xilinx-label-all-loops,xilinx-aggregate-on-hls-vector,,xilinx-warn-mayneed-no-ctor-attribute -fix-errors /home/ubuntu/hls4ml_tests/my_hls_prj/myproject_prj/solution1/.autopilot/db/myproject.pp.0.cpp -- -std=c++0x -target fpga -fhls -ferror-limit=0 > /home/ubuntu/hls4ml_tests/my_hls_prj/myproject_prj/solution1/.autopilot/db/myproject.pp.0.cpp.clang-tidy.loop-label.out.log 2> /home/ubuntu/hls4ml_tests/my_hls_prj/myproject_prj/solution1/.autopilot/db/myproject.pp.0.cpp.clang-tidy.loop-label.err.log
Execute           source /opt/Xilinx/Vitis_HLS/2024.1/tps/tcl/tcllib1.11.1/yaml/yaml.tcl 
Command         clang_tidy done; 3.55 sec.
INFO-FLOW: run_clang exec: /opt/Xilinx/Vitis_HLS/2024.1/lnx64/tools/clang-3.9-csynth/bin/xilinx-dataflow-lawyer -export-fixes=/home/ubuntu/hls4ml_tests/my_hls_prj/myproject_prj/solution1/.autopilot/db/myproject.pp.0.cpp.xilinx-dataflow-lawyer.diag.yml /home/ubuntu/hls4ml_tests/my_hls_prj/myproject_prj/solution1/.autopilot/db/myproject.pp.0.cpp -- -std=c++0x -target fpga -fhls -ferror-limit=0 -fstrict-dataflow > /home/ubuntu/hls4ml_tests/my_hls_prj/myproject_prj/solution1/.autopilot/db/myproject.pp.0.cpp.xilinx-dataflow-lawyer.out.log 2> /home/ubuntu/hls4ml_tests/my_hls_prj/myproject_prj/solution1/.autopilot/db/myproject.pp.0.cpp.xilinx-dataflow-lawyer.err.log
Execute         ap_part_info -name xcvu47p-fsvh2892-2-e -data info 
INFO-FLOW: compiling source code to llvm bc
INFO-FLOW: run_clang exec: /opt/Xilinx/Vitis_HLS/2024.1/lnx64/tools/clang-3.9-csynth/bin/clang -foptimization-record-file=/home/ubuntu/hls4ml_tests/my_hls_prj/myproject_prj/solution1/.autopilot/db/myproject.pp.0.cpp.clang.diag.yml -mllvm -pass-remarks-missed=reflow|pasta|unroll -mllvm -pass-remarks=reflow|pasta|unroll|inline -fno-limit-debug-info -fhls -flto -fno-exceptions -Wno-error=c++11-narrowing -hls-emit-hint-scope /home/ubuntu/hls4ml_tests/my_hls_prj/myproject_prj/solution1/.autopilot/db/myproject.pp.0.cpp -std=c++0x -fno-math-errno -c -emit-llvm -mllvm -disable-llvm-optzns -Werror=implicit-function-declaration -Werror=implicit-hls-streams -Werror=return-type -Wpragmas -Wunused-parameter -Wdump-hls-pragmas -Wno-error=dump-hls-pragmas -hls-clock-period=5 -fno-threadsafe-statics -fno-use-cxa-atexit -target fpga64-xilinx-linux-gnu -D__VITIS_HLS__ -DAESL_SYN -D__SYNTHESIS__ -D__HLS_SYN__ -I /opt/Xilinx/Vitis_HLS/2024.1/common/technology/autopilot -I /opt/Xilinx/Vitis_HLS/2024.1/common/technology/autopilot/ap_sysc -include etc/autopilot_ssdm_op.h -D__DSP48E2__ -g -o /home/ubuntu/hls4ml_tests/my_hls_prj/myproject_prj/solution1/.autopilot/db/myproject.bc -hls-platform-db-name=/opt/Xilinx/Vitis_HLS/2024.1/common/technology/xilinx/common/platform.db -hls-platform-name=virtexuplus_medium -device-resource-info=BRAM_4032.000000_DSP_9024.000000_FF_2607360.000000_LUT_1303680.000000_SLICE_162960.000000_SLR_3.000000_URAM_960.000000 -device-name-info=xcvu47p-fsvh2892-2-e > /home/ubuntu/hls4ml_tests/my_hls_prj/myproject_prj/solution1/.autopilot/db/myproject.pp.0.cpp.clang.out.log 2> /home/ubuntu/hls4ml_tests/my_hls_prj/myproject_prj/solution1/.autopilot/db/myproject.pp.0.cpp.clang.err.log
WARNING: [HLS 207-5292] unused parameter 'keep' (firmware/nnet_utils/nnet_helpers.h:285:99)
WARNING: [HLS 207-5292] unused parameter 'data' (firmware/nnet_utils/nnet_function_stubs.h:14:36)
WARNING: [HLS 207-5292] unused parameter 'buffer' (firmware/nnet_utils/nnet_function_stubs.h:15:36)
WARNING: [HLS 207-5292] unused parameter 'partition' (firmware/nnet_utils/nnet_function_stubs.h:16:44)
WARNING: [HLS 207-5292] unused parameter 'data' (firmware/nnet_utils/nnet_function_stubs.h:24:24)
WARNING: [HLS 207-5292] unused parameter 'buffer' (firmware/nnet_utils/nnet_function_stubs.h:25:24)
WARNING: [HLS 207-5292] unused parameter 'partition' (firmware/nnet_utils/nnet_function_stubs.h:26:32)
WARNING: [HLS 207-5292] unused parameter 'data' (firmware/nnet_utils/nnet_function_stubs.h:33:30)
WARNING: [HLS 207-5292] unused parameter 'res' (firmware/nnet_utils/nnet_function_stubs.h:33:58)
WARNING: [HLS 207-5292] unused parameter 'weights' (firmware/nnet_utils/nnet_function_stubs.h:34:51)
WARNING: [HLS 207-5292] unused parameter 'biases' (firmware/nnet_utils/nnet_function_stubs.h:35:49)
WARNING: [HLS 207-5292] unused parameter 'data' (firmware/nnet_utils/nnet_function_stubs.h:42:29)
WARNING: [HLS 207-5292] unused parameter 'res' (firmware/nnet_utils/nnet_function_stubs.h:42:80)
WARNING: [HLS 207-5292] unused parameter 'weights' (firmware/nnet_utils/nnet_function_stubs.h:43:50)
WARNING: [HLS 207-5292] unused parameter 'biases' (firmware/nnet_utils/nnet_function_stubs.h:44:48)
WARNING: [HLS 207-5292] unused parameter 'data' (firmware/nnet_utils/nnet_code_gen.h:16:39)
WARNING: [HLS 207-5292] unused parameter 'res' (firmware/nnet_utils/nnet_code_gen.h:17:38)
WARNING: [HLS 207-5292] unused parameter 'weights' (firmware/nnet_utils/nnet_code_gen.h:18:60)
WARNING: [HLS 207-5292] unused parameter 'biases' (firmware/nnet_utils/nnet_code_gen.h:19:58)
INFO: [HLS 200-111] Finished Source Code Analysis and Preprocessing: CPU user time: 11.58 seconds. CPU system time: 1.06 seconds. Elapsed time: 13.74 seconds; current allocated memory: 282.867 MB.
INFO-FLOW: Linking Debug ...
INFO-FLOW: Linking dut bc code.
Execute         run_link_or_opt -out /home/ubuntu/hls4ml_tests/my_hls_prj/myproject_prj/solution1/.autopilot/db/a.g.ld.0.bc -args  "/home/ubuntu/hls4ml_tests/my_hls_prj/myproject_prj/solution1/.autopilot/db/myproject.g.bc"  
INFO-FLOW: run_clang exec: /opt/Xilinx/Vitis_HLS/2024.1/lnx64/tools/clang-3.9-csynth/bin/llvm-link /home/ubuntu/hls4ml_tests/my_hls_prj/myproject_prj/solution1/.autopilot/db/myproject.g.bc -o /home/ubuntu/hls4ml_tests/my_hls_prj/myproject_prj/solution1/.autopilot/db/a.g.ld.0.bc > /home/ubuntu/hls4ml_tests/my_hls_prj/myproject_prj/solution1/.autopilot/db/a.g.ld.0.bc.llvm-link.out.log 2> /home/ubuntu/hls4ml_tests/my_hls_prj/myproject_prj/solution1/.autopilot/db/a.g.ld.0.bc.llvm-link.err.log
INFO-FLOW: 
Execute         run_link_or_opt -opt -out /home/ubuntu/hls4ml_tests/my_hls_prj/myproject_prj/solution1/.autopilot/db/a.g.ld.1.lower.bc -args /home/ubuntu/hls4ml_tests/my_hls_prj/myproject_prj/solution1/.autopilot/db/a.g.ld.0.bc -reflow-lower-math-intrinsics 
INFO-FLOW: run_clang exec: /opt/Xilinx/Vitis_HLS/2024.1/lnx64/tools/clang-3.9-csynth/bin/opt -pass-remarks-missed=reflow|pasta|unroll -pass-remarks=reflow|pasta|unroll|inline -pass-remarks-output=/home/ubuntu/hls4ml_tests/my_hls_prj/myproject_prj/solution1/.autopilot/db/a.g.ld.1.lower.bc.opt.diag.yml /home/ubuntu/hls4ml_tests/my_hls_prj/myproject_prj/solution1/.autopilot/db/a.g.ld.0.bc -reflow-lower-math-intrinsics -o /home/ubuntu/hls4ml_tests/my_hls_prj/myproject_prj/solution1/.autopilot/db/a.g.ld.1.lower.bc > /home/ubuntu/hls4ml_tests/my_hls_prj/myproject_prj/solution1/.autopilot/db/a.g.ld.1.lower.bc.opt.out.log 2> /home/ubuntu/hls4ml_tests/my_hls_prj/myproject_prj/solution1/.autopilot/db/a.g.ld.1.lower.bc.opt.err.log
INFO-FLOW: 
INFO-FLOW: Running: gen_design_size_report post-opt
INFO-FLOW: Done: gen_design_size_report post-opt time: 0 seconds per iteration
Command         run_link_or_opt done; 0.46 sec.
INFO-FLOW: Linking math bc lib
Execute         run_link_or_opt -out /home/ubuntu/hls4ml_tests/my_hls_prj/myproject_prj/solution1/.autopilot/db/a.g.ld.2.m1.bc -args /home/ubuntu/hls4ml_tests/my_hls_prj/myproject_prj/solution1/.autopilot/db/a.g.ld.1.lower.bc -only-needed /opt/Xilinx/Vitis_HLS/2024.1/lnx64/lib/libhlsm_39.bc /opt/Xilinx/Vitis_HLS/2024.1/lnx64/lib/libhlsmc++_39.bc 
INFO-FLOW: run_clang exec: /opt/Xilinx/Vitis_HLS/2024.1/lnx64/tools/clang-3.9-csynth/bin/llvm-link /home/ubuntu/hls4ml_tests/my_hls_prj/myproject_prj/solution1/.autopilot/db/a.g.ld.1.lower.bc -only-needed /opt/Xilinx/Vitis_HLS/2024.1/lnx64/lib/libhlsm_39.bc /opt/Xilinx/Vitis_HLS/2024.1/lnx64/lib/libhlsmc++_39.bc -o /home/ubuntu/hls4ml_tests/my_hls_prj/myproject_prj/solution1/.autopilot/db/a.g.ld.2.m1.bc > /home/ubuntu/hls4ml_tests/my_hls_prj/myproject_prj/solution1/.autopilot/db/a.g.ld.2.m1.bc.llvm-link.out.log 2> /home/ubuntu/hls4ml_tests/my_hls_prj/myproject_prj/solution1/.autopilot/db/a.g.ld.2.m1.bc.llvm-link.err.log
INFO-FLOW: 
Command         run_link_or_opt done; 2.21 sec.
Execute         run_link_or_opt -opt -out /home/ubuntu/hls4ml_tests/my_hls_prj/myproject_prj/solution1/.autopilot/db/a.g.ld.3.fpc.bc -args /home/ubuntu/hls4ml_tests/my_hls_prj/myproject_prj/solution1/.autopilot/db/a.g.ld.2.m1.bc -reflow-globaldce -hls-top-function-name=myproject -reflow-float-conversion 
INFO-FLOW: run_clang exec: /opt/Xilinx/Vitis_HLS/2024.1/lnx64/tools/clang-3.9-csynth/bin/opt -pass-remarks-missed=reflow|pasta|unroll -pass-remarks=reflow|pasta|unroll|inline -pass-remarks-output=/home/ubuntu/hls4ml_tests/my_hls_prj/myproject_prj/solution1/.autopilot/db/a.g.ld.3.fpc.bc.opt.diag.yml /home/ubuntu/hls4ml_tests/my_hls_prj/myproject_prj/solution1/.autopilot/db/a.g.ld.2.m1.bc -reflow-globaldce -hls-top-function-name=myproject -reflow-float-conversion -o /home/ubuntu/hls4ml_tests/my_hls_prj/myproject_prj/solution1/.autopilot/db/a.g.ld.3.fpc.bc > /home/ubuntu/hls4ml_tests/my_hls_prj/myproject_prj/solution1/.autopilot/db/a.g.ld.3.fpc.bc.opt.out.log 2> /home/ubuntu/hls4ml_tests/my_hls_prj/myproject_prj/solution1/.autopilot/db/a.g.ld.3.fpc.bc.opt.err.log
INFO-FLOW: 
INFO-FLOW: Running: gen_design_size_report post-opt
INFO-FLOW: Done: gen_design_size_report post-opt time: 0 seconds per iteration
Command         run_link_or_opt done; 0.88 sec.
Execute         run_link_or_opt -out /home/ubuntu/hls4ml_tests/my_hls_prj/myproject_prj/solution1/.autopilot/db/a.g.ld.4.m2.bc -args /home/ubuntu/hls4ml_tests/my_hls_prj/myproject_prj/solution1/.autopilot/db/a.g.ld.3.fpc.bc -only-needed /opt/Xilinx/Vitis_HLS/2024.1/lnx64/lib/libfloatconversion_39.bc 
INFO-FLOW: run_clang exec: /opt/Xilinx/Vitis_HLS/2024.1/lnx64/tools/clang-3.9-csynth/bin/llvm-link /home/ubuntu/hls4ml_tests/my_hls_prj/myproject_prj/solution1/.autopilot/db/a.g.ld.3.fpc.bc -only-needed /opt/Xilinx/Vitis_HLS/2024.1/lnx64/lib/libfloatconversion_39.bc -o /home/ubuntu/hls4ml_tests/my_hls_prj/myproject_prj/solution1/.autopilot/db/a.g.ld.4.m2.bc > /home/ubuntu/hls4ml_tests/my_hls_prj/myproject_prj/solution1/.autopilot/db/a.g.ld.4.m2.bc.llvm-link.out.log 2> /home/ubuntu/hls4ml_tests/my_hls_prj/myproject_prj/solution1/.autopilot/db/a.g.ld.4.m2.bc.llvm-link.err.log
INFO-FLOW: 
Execute         run_link_or_opt -opt -out /home/ubuntu/hls4ml_tests/my_hls_prj/myproject_prj/solution1/.autopilot/db/a.g.ld.5.gdce.bc -args /home/ubuntu/hls4ml_tests/my_hls_prj/myproject_prj/solution1/.autopilot/db/a.g.ld.4.m2.bc -reflow-globaldce -hls-top-function-name=myproject 
INFO-FLOW: run_clang exec: /opt/Xilinx/Vitis_HLS/2024.1/lnx64/tools/clang-3.9-csynth/bin/opt -pass-remarks-missed=reflow|pasta|unroll -pass-remarks=reflow|pasta|unroll|inline -pass-remarks-output=/home/ubuntu/hls4ml_tests/my_hls_prj/myproject_prj/solution1/.autopilot/db/a.g.ld.5.gdce.bc.opt.diag.yml /home/ubuntu/hls4ml_tests/my_hls_prj/myproject_prj/solution1/.autopilot/db/a.g.ld.4.m2.bc -reflow-globaldce -hls-top-function-name=myproject -o /home/ubuntu/hls4ml_tests/my_hls_prj/myproject_prj/solution1/.autopilot/db/a.g.ld.5.gdce.bc > /home/ubuntu/hls4ml_tests/my_hls_prj/myproject_prj/solution1/.autopilot/db/a.g.ld.5.gdce.bc.opt.out.log 2> /home/ubuntu/hls4ml_tests/my_hls_prj/myproject_prj/solution1/.autopilot/db/a.g.ld.5.gdce.bc.opt.err.log
INFO-FLOW: 
INFO-FLOW: Running: gen_design_size_report post-opt
INFO-FLOW: Done: gen_design_size_report post-opt time: 0 seconds per iteration
Execute         send_msg_by_id INFO @200-777@%s Vivado 
INFO: [HLS 200-777] Using interface defaults for 'Vivado' flow target.
Execute         is_m_axi_addr64 
INFO-FLOW: Doing LTO.
INFO-FLOW: run_clang (background poll_ms 5000) exec: /opt/Xilinx/Vitis_HLS/2024.1/lnx64/tools/clang-3.9-csynth/bin/clang -foptimization-record-file=/home/ubuntu/hls4ml_tests/my_hls_prj/myproject_prj/solution1/.autopilot/db/a.g.ld.0.bc.clang.reflow.diag.yml -mllvm -pass-remarks-missed=reflow|pasta|unroll -mllvm -pass-remarks=reflow|pasta|unroll|inline -fhls -mllvm -hls-top-function-name=myproject -mllvm -hls-db-dir -mllvm /home/ubuntu/hls4ml_tests/my_hls_prj/myproject_prj/solution1/.autopilot/db -emit-llvm -c -target fpga64-xilinx-none -mllvm -xcl-xmlinfo=/home/ubuntu/hls4ml_tests/my_hls_prj/myproject_prj/solution1/.autopilot/db/kernel.internal.xml -mllvm -top-io-mapping-info=/home/ubuntu/hls4ml_tests/my_hls_prj/myproject_prj/solution1/.autopilot/db/top-io-fe.xml -mllvm -hls-bitcode-version=3.1 -mllvm -reflow-enable-slave-interface-default-setting=true -mllvm -gen-kernel-xml=false -mllvm -default-maxi-offset=slave -mllvm -maxi-latency=0 -mllvm -hls-maxi-data-size-in-bits=8 -mllvm -hls-maxi-max-data-size-in-bits=1024 -mllvm -hls-max-widen-size-in-bits=0 -mllvm -xcl-kernel-max-mem-ports=0 -mllvm -maxi-read-trans=16 -mllvm -maxi-write-trans=16 -mllvm -maxi-read-burst-len=16 -mllvm -maxi-write-burst-len=16 -mllvm -reflow-enable-saxi-64bits=0 -mllvm -reflow-basic-block-instr-threshold=200000 -mllvm -reflow-auto-pipeline-threshold=64 -mllvm -reflow-enable-maxi-auto-id-channel=0 -mllvm -enable-fp-thr=0 -mllvm -reflow-bdd-simplify-threshold=1048576 -mllvm -reflow-fanout-threshold=16 -mllvm -reflow-complete-threshold=4 -mllvm -reflow-array-promotion-threshold=64 -mllvm -assume-maxi-align=1 -mllvm -reflow-enable-dataflow-strict-mode-checking=1 -ftime-report -mllvm -time-passes -mllvm -reflow-auto-array-partition-mode=default -mllvm -reflow-enable-auto-small-array-partition=true -mllvm -reflow-enable-auto-array-partition-for-flatten=true -mllvm -reflow-enable-auto-parallel-performance-driven=true -mllvm -reflow-enable-partition-for-automation=true -mllvm -reflow-aggregate-bitwidth-threshold=4096 -mllvm -reflow-reserved-saxilite-registers=0 -mllvm -enable-reflow-auto-loop-pipeline -mllvm -reflow-max-unroll-threshold=409600 -mllvm -auto-unroll-tripcount-threshold=0 -mllvm -reflow-assume-no-address-wrap=true -mllvm -reflow-enable-occurrence-inference=true -mllvm -reflow-emit-hint-scope=true -mllvm -reflow-enable-codegen-with-if=true -mllvm -hls -mllvm -disable-inlined-alloca-merging=true -mllvm -default-clock-period=5 -mllvm -use_read_first_ram_in_loop=1 -mllvm -default-clock-uncertainty=1.35 -x ir /home/ubuntu/hls4ml_tests/my_hls_prj/myproject_prj/solution1/.autopilot/db/a.g.ld.5.gdce.bc -o /home/ubuntu/hls4ml_tests/my_hls_prj/myproject_prj/solution1/.autopilot/db/a.g.lto.bc -hls-platform-db-name=/opt/Xilinx/Vitis_HLS/2024.1/common/technology/xilinx/common/platform.db -hls-platform-name=virtexuplus_medium -device-resource-info=BRAM_4032.000000_DSP_9024.000000_FF_2607360.000000_LUT_1303680.000000_SLICE_162960.000000_SLR_3.000000_URAM_960.000000 -device-name-info=xcvu47p-fsvh2892-2-e 2> /home/ubuntu/hls4ml_tests/my_hls_prj/myproject_prj/solution1/.autopilot/db/a.g.ld.0.bc.clang.reflow.err.log bg_poll_cmd: ::AP::poll_clang_39_closed_source
Execute         send_msg_by_id INFO @200-1995@%s%s%s 6,341 Compile/Link /home/ubuntu/hls4ml_tests/my_hls_prj/myproject_prj/solution1/syn/report/csynth_design_size.rpt 
INFO: [HLS 200-1995] There were 6,341 instructions in the design after the 'Compile/Link' phase of compilation. See the Design Size Report for more details: /home/ubuntu/hls4ml_tests/my_hls_prj/myproject_prj/solution1/syn/report/csynth_design_size.rpt
Execute         send_msg_by_id WARNING @200-1995@%s%s%s 343,445 Unroll/Inline (step 1) /home/ubuntu/hls4ml_tests/my_hls_prj/myproject_prj/solution1/syn/report/csynth_design_size.rpt 
WARNING: [HLS 200-1995] There were 343,445 instructions in the design after the 'Unroll/Inline (step 1)' phase of compilation. See the Design Size Report for more details: /home/ubuntu/hls4ml_tests/my_hls_prj/myproject_prj/solution1/syn/report/csynth_design_size.rpt
Execute         send_msg_by_id WARNING @200-1995@%s%s%s 244,000 Unroll/Inline (step 2) /home/ubuntu/hls4ml_tests/my_hls_prj/myproject_prj/solution1/syn/report/csynth_design_size.rpt 
WARNING: [HLS 200-1995] There were 244,000 instructions in the design after the 'Unroll/Inline (step 2)' phase of compilation. See the Design Size Report for more details: /home/ubuntu/hls4ml_tests/my_hls_prj/myproject_prj/solution1/syn/report/csynth_design_size.rpt
Execute         send_msg_by_id WARNING @200-1995@%s%s%s 237,767 Unroll/Inline (step 3) /home/ubuntu/hls4ml_tests/my_hls_prj/myproject_prj/solution1/syn/report/csynth_design_size.rpt 
WARNING: [HLS 200-1995] There were 237,767 instructions in the design after the 'Unroll/Inline (step 3)' phase of compilation. See the Design Size Report for more details: /home/ubuntu/hls4ml_tests/my_hls_prj/myproject_prj/solution1/syn/report/csynth_design_size.rpt
Execute         send_msg_by_id WARNING @200-1995@%s%s%s 217,157 Unroll/Inline (step 4) /home/ubuntu/hls4ml_tests/my_hls_prj/myproject_prj/solution1/syn/report/csynth_design_size.rpt 
WARNING: [HLS 200-1995] There were 217,157 instructions in the design after the 'Unroll/Inline (step 4)' phase of compilation. See the Design Size Report for more details: /home/ubuntu/hls4ml_tests/my_hls_prj/myproject_prj/solution1/syn/report/csynth_design_size.rpt
Execute         send_msg_by_id WARNING @200-1995@%s%s%s 215,049 Array/Struct /home/ubuntu/hls4ml_tests/my_hls_prj/myproject_prj/solution1/syn/report/csynth_design_size.rpt 
WARNING: [HLS 200-1995] There were 215,049 instructions in the design after the 'Array/Struct' phase of compilation. See the Design Size Report for more details: /home/ubuntu/hls4ml_tests/my_hls_prj/myproject_prj/solution1/syn/report/csynth_design_size.rpt
Execute         send_msg_by_id WARNING @200-1995@%s%s%s 215,049 Array/Struct (step 2) /home/ubuntu/hls4ml_tests/my_hls_prj/myproject_prj/solution1/syn/report/csynth_design_size.rpt 
WARNING: [HLS 200-1995] There were 215,049 instructions in the design after the 'Array/Struct (step 2)' phase of compilation. See the Design Size Report for more details: /home/ubuntu/hls4ml_tests/my_hls_prj/myproject_prj/solution1/syn/report/csynth_design_size.rpt
Execute         send_msg_by_id WARNING @200-1995@%s%s%s 215,049 Array/Struct (step 3) /home/ubuntu/hls4ml_tests/my_hls_prj/myproject_prj/solution1/syn/report/csynth_design_size.rpt 
WARNING: [HLS 200-1995] There were 215,049 instructions in the design after the 'Array/Struct (step 3)' phase of compilation. See the Design Size Report for more details: /home/ubuntu/hls4ml_tests/my_hls_prj/myproject_prj/solution1/syn/report/csynth_design_size.rpt
Execute         send_msg_by_id WARNING @200-1995@%s%s%s 215,081 Array/Struct (step 4) /home/ubuntu/hls4ml_tests/my_hls_prj/myproject_prj/solution1/syn/report/csynth_design_size.rpt 
WARNING: [HLS 200-1995] There were 215,081 instructions in the design after the 'Array/Struct (step 4)' phase of compilation. See the Design Size Report for more details: /home/ubuntu/hls4ml_tests/my_hls_prj/myproject_prj/solution1/syn/report/csynth_design_size.rpt
Execute         send_msg_by_id WARNING @200-1995@%s%s%s 215,033 Array/Struct (step 5) /home/ubuntu/hls4ml_tests/my_hls_prj/myproject_prj/solution1/syn/report/csynth_design_size.rpt 
WARNING: [HLS 200-1995] There were 215,033 instructions in the design after the 'Array/Struct (step 5)' phase of compilation. See the Design Size Report for more details: /home/ubuntu/hls4ml_tests/my_hls_prj/myproject_prj/solution1/syn/report/csynth_design_size.rpt
Execute         send_msg_by_id WARNING @200-1995@%s%s%s 215,033 Performance /home/ubuntu/hls4ml_tests/my_hls_prj/myproject_prj/solution1/syn/report/csynth_design_size.rpt 
WARNING: [HLS 200-1995] There were 215,033 instructions in the design after the 'Performance' phase of compilation. See the Design Size Report for more details: /home/ubuntu/hls4ml_tests/my_hls_prj/myproject_prj/solution1/syn/report/csynth_design_size.rpt
Execute         send_msg_by_id WARNING @200-1995@%s%s%s 215,033 Performance (step 2) /home/ubuntu/hls4ml_tests/my_hls_prj/myproject_prj/solution1/syn/report/csynth_design_size.rpt 
WARNING: [HLS 200-1995] There were 215,033 instructions in the design after the 'Performance (step 2)' phase of compilation. See the Design Size Report for more details: /home/ubuntu/hls4ml_tests/my_hls_prj/myproject_prj/solution1/syn/report/csynth_design_size.rpt
Execute         send_msg_by_id WARNING @200-1995@%s%s%s 215,033 Performance (step 3) /home/ubuntu/hls4ml_tests/my_hls_prj/myproject_prj/solution1/syn/report/csynth_design_size.rpt 
WARNING: [HLS 200-1995] There were 215,033 instructions in the design after the 'Performance (step 3)' phase of compilation. See the Design Size Report for more details: /home/ubuntu/hls4ml_tests/my_hls_prj/myproject_prj/solution1/syn/report/csynth_design_size.rpt
Execute         send_msg_by_id WARNING @200-1995@%s%s%s 215,033 Performance (step 4) /home/ubuntu/hls4ml_tests/my_hls_prj/myproject_prj/solution1/syn/report/csynth_design_size.rpt 
WARNING: [HLS 200-1995] There were 215,033 instructions in the design after the 'Performance (step 4)' phase of compilation. See the Design Size Report for more details: /home/ubuntu/hls4ml_tests/my_hls_prj/myproject_prj/solution1/syn/report/csynth_design_size.rpt
Execute         send_msg_by_id WARNING @200-1995@%s%s%s 215,038 HW Transforms /home/ubuntu/hls4ml_tests/my_hls_prj/myproject_prj/solution1/syn/report/csynth_design_size.rpt 
WARNING: [HLS 200-1995] There were 215,038 instructions in the design after the 'HW Transforms' phase of compilation. See the Design Size Report for more details: /home/ubuntu/hls4ml_tests/my_hls_prj/myproject_prj/solution1/syn/report/csynth_design_size.rpt
Execute         send_msg_by_id WARNING @200-1995@%s%s%s 215,044 HW Transforms (step 2) /home/ubuntu/hls4ml_tests/my_hls_prj/myproject_prj/solution1/syn/report/csynth_design_size.rpt 
WARNING: [HLS 200-1995] There were 215,044 instructions in the design after the 'HW Transforms (step 2)' phase of compilation. See the Design Size Report for more details: /home/ubuntu/hls4ml_tests/my_hls_prj/myproject_prj/solution1/syn/report/csynth_design_size.rpt
INFO: [HLS 214-131] Inlining function 'nnet::product::mult<ap_fixed<16, 6, (ap_q_mode)5, (ap_o_mode)3, 0>, ap_fixed<16, 6, (ap_q_mode)5, (ap_o_mode)3, 0> >::product(ap_fixed<16, 6, (ap_q_mode)5, (ap_o_mode)3, 0>, ap_fixed<16, 6, (ap_q_mode)5, (ap_o_mode)3, 0>)' into 'void nnet::dense_latency<ap_fixed<16, 6, (ap_q_mode)5, (ap_o_mode)3, 0>, ap_fixed<37, 17, (ap_q_mode)5, (ap_o_mode)3, 0>, config2>(ap_fixed<16, 6, (ap_q_mode)5, (ap_o_mode)3, 0>*, ap_fixed<37, 17, (ap_q_mode)5, (ap_o_mode)3, 0>*, config2::weight_t*, config2::bias_t*)' (firmware/nnet_utils/nnet_dense_latency.h:42:27)
INFO: [HLS 214-131] Inlining function 'nnet::DenseLatency<ap_fixed<16, 6, (ap_q_mode)5, (ap_o_mode)3, 0>, ap_fixed<37, 17, (ap_q_mode)5, (ap_o_mode)3, 0>, config2>::dense(ap_fixed<16, 6, (ap_q_mode)5, (ap_o_mode)3, 0>*, ap_fixed<37, 17, (ap_q_mode)5, (ap_o_mode)3, 0>*, ap_fixed<16, 6, (ap_q_mode)5, (ap_o_mode)3, 0>*, ap_fixed<16, 6, (ap_q_mode)5, (ap_o_mode)3, 0>*)' into 'void nnet::dense<ap_fixed<16, 6, (ap_q_mode)5, (ap_o_mode)3, 0>, ap_fixed<37, 17, (ap_q_mode)5, (ap_o_mode)3, 0>, config2>(ap_fixed<16, 6, (ap_q_mode)5, (ap_o_mode)3, 0>*, ap_fixed<37, 17, (ap_q_mode)5, (ap_o_mode)3, 0>*, config2::weight_t*, config2::bias_t*)' (firmware/nnet_utils/nnet_dense.h:45:2)
INFO: [HLS 214-131] Inlining function 'nnet::product::mult<ap_fixed<16, 6, (ap_q_mode)5, (ap_o_mode)3, 0>, ap_fixed<16, 6, (ap_q_mode)5, (ap_o_mode)3, 0> >::product(ap_fixed<16, 6, (ap_q_mode)5, (ap_o_mode)3, 0>, ap_fixed<16, 6, (ap_q_mode)5, (ap_o_mode)3, 0>)' into 'void nnet::dense_latency<ap_fixed<16, 6, (ap_q_mode)5, (ap_o_mode)3, 0>, ap_fixed<36, 16, (ap_q_mode)5, (ap_o_mode)3, 0>, config4>(ap_fixed<16, 6, (ap_q_mode)5, (ap_o_mode)3, 0>*, ap_fixed<36, 16, (ap_q_mode)5, (ap_o_mode)3, 0>*, config4::weight_t*, config4::bias_t*)' (firmware/nnet_utils/nnet_dense_latency.h:42:27)
INFO: [HLS 214-131] Inlining function 'nnet::DenseLatency<ap_fixed<16, 6, (ap_q_mode)5, (ap_o_mode)3, 0>, ap_fixed<36, 16, (ap_q_mode)5, (ap_o_mode)3, 0>, config4>::dense(ap_fixed<16, 6, (ap_q_mode)5, (ap_o_mode)3, 0>*, ap_fixed<36, 16, (ap_q_mode)5, (ap_o_mode)3, 0>*, ap_fixed<16, 6, (ap_q_mode)5, (ap_o_mode)3, 0>*, ap_fixed<16, 6, (ap_q_mode)5, (ap_o_mode)3, 0>*)' into 'void nnet::dense<ap_fixed<16, 6, (ap_q_mode)5, (ap_o_mode)3, 0>, ap_fixed<36, 16, (ap_q_mode)5, (ap_o_mode)3, 0>, config4>(ap_fixed<16, 6, (ap_q_mode)5, (ap_o_mode)3, 0>*, ap_fixed<36, 16, (ap_q_mode)5, (ap_o_mode)3, 0>*, config4::weight_t*, config4::bias_t*)' (firmware/nnet_utils/nnet_dense.h:45:2)
INFO: [HLS 214-131] Inlining function 'void nnet::dense<ap_fixed<16, 6, (ap_q_mode)5, (ap_o_mode)3, 0>, ap_fixed<37, 17, (ap_q_mode)5, (ap_o_mode)3, 0>, config2>(ap_fixed<16, 6, (ap_q_mode)5, (ap_o_mode)3, 0>*, ap_fixed<37, 17, (ap_q_mode)5, (ap_o_mode)3, 0>*, config2::weight_t*, config2::bias_t*)' into 'myproject(ap_fixed<16, 6, (ap_q_mode)5, (ap_o_mode)3, 0>*, ap_fixed<16, 6, (ap_q_mode)5, (ap_o_mode)3, 0>*)' (firmware/myproject.cpp:36:2)
INFO: [HLS 214-131] Inlining function 'void nnet::dense<ap_fixed<16, 6, (ap_q_mode)5, (ap_o_mode)3, 0>, ap_fixed<36, 16, (ap_q_mode)5, (ap_o_mode)3, 0>, config4>(ap_fixed<16, 6, (ap_q_mode)5, (ap_o_mode)3, 0>*, ap_fixed<36, 16, (ap_q_mode)5, (ap_o_mode)3, 0>*, config4::weight_t*, config4::bias_t*)' into 'myproject(ap_fixed<16, 6, (ap_q_mode)5, (ap_o_mode)3, 0>*, ap_fixed<16, 6, (ap_q_mode)5, (ap_o_mode)3, 0>*)' (firmware/myproject.cpp:44:2)
INFO: [HLS 214-131] Inlining function 'void nnet::softmax<ap_fixed<36, 16, (ap_q_mode)5, (ap_o_mode)3, 0>, ap_fixed<16, 6, (ap_q_mode)5, (ap_o_mode)3, 0>, softmax_config5>(ap_fixed<36, 16, (ap_q_mode)5, (ap_o_mode)3, 0>*, ap_fixed<16, 6, (ap_q_mode)5, (ap_o_mode)3, 0>*)' into 'myproject(ap_fixed<16, 6, (ap_q_mode)5, (ap_o_mode)3, 0>*, ap_fixed<16, 6, (ap_q_mode)5, (ap_o_mode)3, 0>*)' (firmware/myproject.cpp:46:5)
INFO: [HLS 214-291] Loop 'VITIS_LOOP_266_3' is marked as complete unroll implied by the pipeline pragma (firmware/nnet_utils/nnet_activation.h:266:23)
INFO: [HLS 214-291] Loop 'VITIS_LOOP_252_2' is marked as complete unroll implied by the pipeline pragma (firmware/nnet_utils/nnet_activation.h:252:23)
INFO: [HLS 214-291] Loop 'VITIS_LOOP_243_1' is marked as complete unroll implied by the pipeline pragma (firmware/nnet_utils/nnet_activation.h:243:23)
INFO: [HLS 214-291] Loop 'VITIS_LOOP_151_1' is marked as complete unroll implied by the pipeline pragma (firmware/nnet_utils/nnet_activation.h:151:23)
INFO: [HLS 214-291] Loop 'Result' is marked as complete unroll implied by the pipeline pragma (firmware/nnet_utils/nnet_dense_latency.h:64:5)
INFO: [HLS 214-291] Loop 'Accum1' is marked as complete unroll implied by the pipeline pragma (firmware/nnet_utils/nnet_dense_latency.h:54:5)
INFO: [HLS 214-291] Loop 'Accum2' is marked as complete unroll implied by the pipeline pragma (firmware/nnet_utils/nnet_dense_latency.h:56:9)
INFO: [HLS 214-291] Loop 'ResetAccum' is marked as complete unroll implied by the pipeline pragma (firmware/nnet_utils/nnet_dense_latency.h:48:5)
INFO: [HLS 214-291] Loop 'Product1' is marked as complete unroll implied by the pipeline pragma (firmware/nnet_utils/nnet_dense_latency.h:37:5)
INFO: [HLS 214-291] Loop 'Product2' is marked as complete unroll implied by the pipeline pragma (firmware/nnet_utils/nnet_dense_latency.h:40:9)
INFO: [HLS 214-291] Loop 'VITIS_LOOP_43_1' is marked as complete unroll implied by the pipeline pragma (firmware/nnet_utils/nnet_activation.h:43:22)
INFO: [HLS 214-186] Unrolling loop 'VITIS_LOOP_266_3' (firmware/nnet_utils/nnet_activation.h:266:23) in function 'nnet::softmax_stable<ap_fixed<36, 16, (ap_q_mode)5, (ap_o_mode)3, 0>, ap_fixed<16, 6, (ap_q_mode)5, (ap_o_mode)3, 0>, softmax_config5>' completely with a factor of 4 (firmware/nnet_utils/nnet_activation.h:216:0)
INFO: [HLS 214-186] Unrolling loop 'VITIS_LOOP_252_2' (firmware/nnet_utils/nnet_activation.h:252:23) in function 'nnet::softmax_stable<ap_fixed<36, 16, (ap_q_mode)5, (ap_o_mode)3, 0>, ap_fixed<16, 6, (ap_q_mode)5, (ap_o_mode)3, 0>, softmax_config5>' completely with a factor of 4 (firmware/nnet_utils/nnet_activation.h:216:0)
INFO: [HLS 214-186] Unrolling loop 'VITIS_LOOP_243_1' (firmware/nnet_utils/nnet_activation.h:243:23) in function 'nnet::softmax_stable<ap_fixed<36, 16, (ap_q_mode)5, (ap_o_mode)3, 0>, ap_fixed<16, 6, (ap_q_mode)5, (ap_o_mode)3, 0>, softmax_config5>' completely with a factor of 4 (firmware/nnet_utils/nnet_activation.h:216:0)
INFO: [HLS 214-186] Unrolling loop 'VITIS_LOOP_151_1' (firmware/nnet_utils/nnet_activation.h:151:23) in function 'nnet::init_exp_table<ap_fixed<36, 16, (ap_q_mode)5, (ap_o_mode)3, 0>, softmax_config5>' completely with a factor of 1024 (firmware/nnet_utils/nnet_activation.h:149:0)
INFO: [HLS 214-186] Unrolling loop 'Result' (firmware/nnet_utils/nnet_dense_latency.h:64:5) in function 'nnet::dense_latency<ap_fixed<16, 6, (ap_q_mode)5, (ap_o_mode)3, 0>, ap_fixed<36, 16, (ap_q_mode)5, (ap_o_mode)3, 0>, config4>' completely with a factor of 4 (firmware/nnet_utils/nnet_dense_latency.h:15:0)
INFO: [HLS 214-186] Unrolling loop 'Accum1' (firmware/nnet_utils/nnet_dense_latency.h:54:5) in function 'nnet::dense_latency<ap_fixed<16, 6, (ap_q_mode)5, (ap_o_mode)3, 0>, ap_fixed<36, 16, (ap_q_mode)5, (ap_o_mode)3, 0>, config4>' completely with a factor of 8 (firmware/nnet_utils/nnet_dense_latency.h:15:0)
INFO: [HLS 214-186] Unrolling loop 'Accum2' (firmware/nnet_utils/nnet_dense_latency.h:56:9) in function 'nnet::dense_latency<ap_fixed<16, 6, (ap_q_mode)5, (ap_o_mode)3, 0>, ap_fixed<36, 16, (ap_q_mode)5, (ap_o_mode)3, 0>, config4>' completely with a factor of 4 (firmware/nnet_utils/nnet_dense_latency.h:15:0)
INFO: [HLS 214-186] Unrolling loop 'ResetAccum' (firmware/nnet_utils/nnet_dense_latency.h:48:5) in function 'nnet::dense_latency<ap_fixed<16, 6, (ap_q_mode)5, (ap_o_mode)3, 0>, ap_fixed<36, 16, (ap_q_mode)5, (ap_o_mode)3, 0>, config4>' completely with a factor of 4 (firmware/nnet_utils/nnet_dense_latency.h:15:0)
INFO: [HLS 214-186] Unrolling loop 'Product1' (firmware/nnet_utils/nnet_dense_latency.h:37:5) in function 'nnet::dense_latency<ap_fixed<16, 6, (ap_q_mode)5, (ap_o_mode)3, 0>, ap_fixed<36, 16, (ap_q_mode)5, (ap_o_mode)3, 0>, config4>' completely with a factor of 8 (firmware/nnet_utils/nnet_dense_latency.h:15:0)
INFO: [HLS 214-186] Unrolling loop 'Product2' (firmware/nnet_utils/nnet_dense_latency.h:40:9) in function 'nnet::dense_latency<ap_fixed<16, 6, (ap_q_mode)5, (ap_o_mode)3, 0>, ap_fixed<36, 16, (ap_q_mode)5, (ap_o_mode)3, 0>, config4>' completely with a factor of 4 (firmware/nnet_utils/nnet_dense_latency.h:15:0)
INFO: [HLS 214-186] Unrolling loop 'VITIS_LOOP_43_1' (firmware/nnet_utils/nnet_activation.h:43:22) in function 'nnet::relu<ap_fixed<37, 17, (ap_q_mode)5, (ap_o_mode)3, 0>, ap_fixed<16, 6, (ap_q_mode)5, (ap_o_mode)3, 0>, relu_config3>' completely with a factor of 8 (firmware/nnet_utils/nnet_activation.h:39:0)
INFO: [HLS 214-186] Unrolling loop 'Result' (firmware/nnet_utils/nnet_dense_latency.h:64:5) in function 'nnet::dense_latency<ap_fixed<16, 6, (ap_q_mode)5, (ap_o_mode)3, 0>, ap_fixed<37, 17, (ap_q_mode)5, (ap_o_mode)3, 0>, config2>' completely with a factor of 8 (firmware/nnet_utils/nnet_dense_latency.h:15:0)
INFO: [HLS 214-186] Unrolling loop 'Accum1' (firmware/nnet_utils/nnet_dense_latency.h:54:5) in function 'nnet::dense_latency<ap_fixed<16, 6, (ap_q_mode)5, (ap_o_mode)3, 0>, ap_fixed<37, 17, (ap_q_mode)5, (ap_o_mode)3, 0>, config2>' completely with a factor of 16 (firmware/nnet_utils/nnet_dense_latency.h:15:0)
INFO: [HLS 214-186] Unrolling loop 'Accum2' (firmware/nnet_utils/nnet_dense_latency.h:56:9) in function 'nnet::dense_latency<ap_fixed<16, 6, (ap_q_mode)5, (ap_o_mode)3, 0>, ap_fixed<37, 17, (ap_q_mode)5, (ap_o_mode)3, 0>, config2>' completely with a factor of 8 (firmware/nnet_utils/nnet_dense_latency.h:15:0)
INFO: [HLS 214-186] Unrolling loop 'ResetAccum' (firmware/nnet_utils/nnet_dense_latency.h:48:5) in function 'nnet::dense_latency<ap_fixed<16, 6, (ap_q_mode)5, (ap_o_mode)3, 0>, ap_fixed<37, 17, (ap_q_mode)5, (ap_o_mode)3, 0>, config2>' completely with a factor of 8 (firmware/nnet_utils/nnet_dense_latency.h:15:0)
INFO: [HLS 214-186] Unrolling loop 'Product1' (firmware/nnet_utils/nnet_dense_latency.h:37:5) in function 'nnet::dense_latency<ap_fixed<16, 6, (ap_q_mode)5, (ap_o_mode)3, 0>, ap_fixed<37, 17, (ap_q_mode)5, (ap_o_mode)3, 0>, config2>' completely with a factor of 16 (firmware/nnet_utils/nnet_dense_latency.h:15:0)
INFO: [HLS 214-186] Unrolling loop 'Product2' (firmware/nnet_utils/nnet_dense_latency.h:40:9) in function 'nnet::dense_latency<ap_fixed<16, 6, (ap_q_mode)5, (ap_o_mode)3, 0>, ap_fixed<37, 17, (ap_q_mode)5, (ap_o_mode)3, 0>, config2>' completely with a factor of 8 (firmware/nnet_utils/nnet_dense_latency.h:15:0)
INFO: [HLS 214-178] Inlining function 'std::enable_if<!(std::is_same<ap_fixed<16, 6, (ap_q_mode)5, (ap_o_mode)3, 0>, ap_uint<1> >::value), ap_fixed<37, 17, (ap_q_mode)5, (ap_o_mode)3, 0> >::type nnet::cast<ap_fixed<16, 6, (ap_q_mode)5, (ap_o_mode)3, 0>, ap_fixed<37, 17, (ap_q_mode)5, (ap_o_mode)3, 0>, config2>(config2::accum_t)' into 'void nnet::dense_latency<ap_fixed<16, 6, (ap_q_mode)5, (ap_o_mode)3, 0>, ap_fixed<37, 17, (ap_q_mode)5, (ap_o_mode)3, 0>, config2>(ap_fixed<16, 6, (ap_q_mode)5, (ap_o_mode)3, 0>*, ap_fixed<37, 17, (ap_q_mode)5, (ap_o_mode)3, 0>*, config2::weight_t*, config2::bias_t*)' (firmware/nnet_utils/nnet_dense_latency.h:15:0)
INFO: [HLS 214-178] Inlining function 'std::enable_if<!(std::is_same<ap_fixed<16, 6, (ap_q_mode)5, (ap_o_mode)3, 0>, ap_uint<1> >::value), ap_fixed<36, 16, (ap_q_mode)5, (ap_o_mode)3, 0> >::type nnet::cast<ap_fixed<16, 6, (ap_q_mode)5, (ap_o_mode)3, 0>, ap_fixed<36, 16, (ap_q_mode)5, (ap_o_mode)3, 0>, config4>(config4::accum_t)' into 'void nnet::dense_latency<ap_fixed<16, 6, (ap_q_mode)5, (ap_o_mode)3, 0>, ap_fixed<36, 16, (ap_q_mode)5, (ap_o_mode)3, 0>, config4>(ap_fixed<16, 6, (ap_q_mode)5, (ap_o_mode)3, 0>*, ap_fixed<36, 16, (ap_q_mode)5, (ap_o_mode)3, 0>*, config4::weight_t*, config4::bias_t*)' (firmware/nnet_utils/nnet_dense_latency.h:15:0)
INFO: [HLS 214-178] Inlining function 'nnet::Op_max<ap_fixed<36, 16, (ap_q_mode)5, (ap_o_mode)3, 0> >::operator()(ap_fixed<36, 16, (ap_q_mode)5, (ap_o_mode)3, 0>, ap_fixed<36, 16, (ap_q_mode)5, (ap_o_mode)3, 0>)' into 'ap_fixed<36, 16, (ap_q_mode)5, (ap_o_mode)3, 0> nnet::reduce<ap_fixed<36, 16, (ap_q_mode)5, (ap_o_mode)3, 0>, 2, nnet::Op_max<ap_fixed<36, 16, (ap_q_mode)5, (ap_o_mode)3, 0> > >(ap_fixed<36, 16, (ap_q_mode)5, (ap_o_mode)3, 0> const*, nnet::Op_max<ap_fixed<36, 16, (ap_q_mode)5, (ap_o_mode)3, 0> >)' (firmware/nnet_utils/nnet_common.h:37:0)
INFO: [HLS 214-178] Inlining function 'ap_fixed<36, 16, (ap_q_mode)5, (ap_o_mode)3, 0> nnet::reduce<ap_fixed<36, 16, (ap_q_mode)5, (ap_o_mode)3, 0>, 2, nnet::Op_max<ap_fixed<36, 16, (ap_q_mode)5, (ap_o_mode)3, 0> > >(ap_fixed<36, 16, (ap_q_mode)5, (ap_o_mode)3, 0> const*, nnet::Op_max<ap_fixed<36, 16, (ap_q_mode)5, (ap_o_mode)3, 0> >)' into 'ap_fixed<36, 16, (ap_q_mode)5, (ap_o_mode)3, 0> nnet::reduce<ap_fixed<36, 16, (ap_q_mode)5, (ap_o_mode)3, 0>, 4, nnet::Op_max<ap_fixed<36, 16, (ap_q_mode)5, (ap_o_mode)3, 0> > >(ap_fixed<36, 16, (ap_q_mode)5, (ap_o_mode)3, 0> const*, nnet::Op_max<ap_fixed<36, 16, (ap_q_mode)5, (ap_o_mode)3, 0> >)' (firmware/nnet_utils/nnet_common.h:37:0)
INFO: [HLS 214-178] Inlining function 'nnet::Op_max<ap_fixed<36, 16, (ap_q_mode)5, (ap_o_mode)3, 0> >::operator()(ap_fixed<36, 16, (ap_q_mode)5, (ap_o_mode)3, 0>, ap_fixed<36, 16, (ap_q_mode)5, (ap_o_mode)3, 0>) (.42)' into 'ap_fixed<36, 16, (ap_q_mode)5, (ap_o_mode)3, 0> nnet::reduce<ap_fixed<36, 16, (ap_q_mode)5, (ap_o_mode)3, 0>, 4, nnet::Op_max<ap_fixed<36, 16, (ap_q_mode)5, (ap_o_mode)3, 0> > >(ap_fixed<36, 16, (ap_q_mode)5, (ap_o_mode)3, 0> const*, nnet::Op_max<ap_fixed<36, 16, (ap_q_mode)5, (ap_o_mode)3, 0> >)' (firmware/nnet_utils/nnet_common.h:37:0)
INFO: [HLS 214-178] Inlining function 'nnet::Op_add<ap_fixed<18, 8, (ap_q_mode)0, (ap_o_mode)0, 0> >::operator()(ap_fixed<18, 8, (ap_q_mode)0, (ap_o_mode)0, 0>, ap_fixed<18, 8, (ap_q_mode)0, (ap_o_mode)0, 0>) (.18.28)' into 'ap_fixed<18, 8, (ap_q_mode)0, (ap_o_mode)0, 0> nnet::reduce<ap_fixed<18, 8, (ap_q_mode)0, (ap_o_mode)0, 0>, 2, nnet::Op_add<ap_fixed<18, 8, (ap_q_mode)0, (ap_o_mode)0, 0> > >(ap_fixed<18, 8, (ap_q_mode)0, (ap_o_mode)0, 0> const*, nnet::Op_add<ap_fixed<18, 8, (ap_q_mode)0, (ap_o_mode)0, 0> >)' (firmware/nnet_utils/nnet_common.h:37:0)
INFO: [HLS 214-178] Inlining function 'ap_fixed<18, 8, (ap_q_mode)0, (ap_o_mode)0, 0> nnet::reduce<ap_fixed<18, 8, (ap_q_mode)0, (ap_o_mode)0, 0>, 2, nnet::Op_add<ap_fixed<18, 8, (ap_q_mode)0, (ap_o_mode)0, 0> > >(ap_fixed<18, 8, (ap_q_mode)0, (ap_o_mode)0, 0> const*, nnet::Op_add<ap_fixed<18, 8, (ap_q_mode)0, (ap_o_mode)0, 0> >)' into 'ap_fixed<18, 8, (ap_q_mode)0, (ap_o_mode)0, 0> nnet::reduce<ap_fixed<18, 8, (ap_q_mode)0, (ap_o_mode)0, 0>, 4, nnet::Op_add<ap_fixed<18, 8, (ap_q_mode)0, (ap_o_mode)0, 0> > >(ap_fixed<18, 8, (ap_q_mode)0, (ap_o_mode)0, 0> const*, nnet::Op_add<ap_fixed<18, 8, (ap_q_mode)0, (ap_o_mode)0, 0> >)' (firmware/nnet_utils/nnet_common.h:37:0)
INFO: [HLS 214-178] Inlining function 'nnet::Op_add<ap_fixed<18, 8, (ap_q_mode)0, (ap_o_mode)0, 0> >::operator()(ap_fixed<18, 8, (ap_q_mode)0, (ap_o_mode)0, 0>, ap_fixed<18, 8, (ap_q_mode)0, (ap_o_mode)0, 0>) (.18.28)' into 'ap_fixed<18, 8, (ap_q_mode)0, (ap_o_mode)0, 0> nnet::reduce<ap_fixed<18, 8, (ap_q_mode)0, (ap_o_mode)0, 0>, 4, nnet::Op_add<ap_fixed<18, 8, (ap_q_mode)0, (ap_o_mode)0, 0> > >(ap_fixed<18, 8, (ap_q_mode)0, (ap_o_mode)0, 0> const*, nnet::Op_add<ap_fixed<18, 8, (ap_q_mode)0, (ap_o_mode)0, 0> >)' (firmware/nnet_utils/nnet_common.h:37:0)
INFO: [HLS 214-178] Inlining function 'ap_fixed<36, 16, (ap_q_mode)5, (ap_o_mode)3, 0> nnet::reduce<ap_fixed<36, 16, (ap_q_mode)5, (ap_o_mode)3, 0>, 4, nnet::Op_max<ap_fixed<36, 16, (ap_q_mode)5, (ap_o_mode)3, 0> > >(ap_fixed<36, 16, (ap_q_mode)5, (ap_o_mode)3, 0> const*, nnet::Op_max<ap_fixed<36, 16, (ap_q_mode)5, (ap_o_mode)3, 0> >)' into 'void nnet::softmax_stable<ap_fixed<36, 16, (ap_q_mode)5, (ap_o_mode)3, 0>, ap_fixed<16, 6, (ap_q_mode)5, (ap_o_mode)3, 0>, softmax_config5>(ap_fixed<36, 16, (ap_q_mode)5, (ap_o_mode)3, 0>*, ap_fixed<16, 6, (ap_q_mode)5, (ap_o_mode)3, 0>*)' (firmware/nnet_utils/nnet_activation.h:216:0)
INFO: [HLS 214-178] Inlining function 'unsigned int nnet::softmax_idx_from_real_val<ap_fixed<36, 16, (ap_q_mode)5, (ap_o_mode)3, 0>, softmax_config5>(ap_fixed<36, 16, (ap_q_mode)5, (ap_o_mode)3, 0>)' into 'void nnet::softmax_stable<ap_fixed<36, 16, (ap_q_mode)5, (ap_o_mode)3, 0>, ap_fixed<16, 6, (ap_q_mode)5, (ap_o_mode)3, 0>, softmax_config5>(ap_fixed<36, 16, (ap_q_mode)5, (ap_o_mode)3, 0>*, ap_fixed<16, 6, (ap_q_mode)5, (ap_o_mode)3, 0>*)' (firmware/nnet_utils/nnet_activation.h:216:0)
INFO: [HLS 214-178] Inlining function 'ap_fixed<18, 8, (ap_q_mode)0, (ap_o_mode)0, 0> nnet::reduce<ap_fixed<18, 8, (ap_q_mode)0, (ap_o_mode)0, 0>, 4, nnet::Op_add<ap_fixed<18, 8, (ap_q_mode)0, (ap_o_mode)0, 0> > >(ap_fixed<18, 8, (ap_q_mode)0, (ap_o_mode)0, 0> const*, nnet::Op_add<ap_fixed<18, 8, (ap_q_mode)0, (ap_o_mode)0, 0> >)' into 'void nnet::softmax_stable<ap_fixed<36, 16, (ap_q_mode)5, (ap_o_mode)3, 0>, ap_fixed<16, 6, (ap_q_mode)5, (ap_o_mode)3, 0>, softmax_config5>(ap_fixed<36, 16, (ap_q_mode)5, (ap_o_mode)3, 0>*, ap_fixed<16, 6, (ap_q_mode)5, (ap_o_mode)3, 0>*)' (firmware/nnet_utils/nnet_activation.h:216:0)
INFO: [HLS 214-178] Inlining function 'unsigned int nnet::softmax_idx_from_real_val<ap_fixed<18, 8, (ap_q_mode)0, (ap_o_mode)0, 0>, softmax_config5>(ap_fixed<18, 8, (ap_q_mode)0, (ap_o_mode)0, 0>)' into 'void nnet::softmax_stable<ap_fixed<36, 16, (ap_q_mode)5, (ap_o_mode)3, 0>, ap_fixed<16, 6, (ap_q_mode)5, (ap_o_mode)3, 0>, softmax_config5>(ap_fixed<36, 16, (ap_q_mode)5, (ap_o_mode)3, 0>*, ap_fixed<16, 6, (ap_q_mode)5, (ap_o_mode)3, 0>*)' (firmware/nnet_utils/nnet_activation.h:216:0)
INFO: [HLS 214-248] Applying array_partition to 'b4': Complete partitioning on dimension 1. (firmware/weights/b4.h:12:0)
INFO: [HLS 214-248] Applying array_partition to 'b2': Complete partitioning on dimension 1. (firmware/weights/b2.h:12:0)
INFO: [HLS 214-248] Applying array_partition to 'layer2_out': Complete partitioning on dimension 1. (firmware/myproject.cpp:34:17)
INFO: [HLS 214-248] Applying array_partition to 'layer3_out': Complete partitioning on dimension 1. (firmware/myproject.cpp:38:14)
INFO: [HLS 214-248] Applying array_partition to 'layer4_out': Complete partitioning on dimension 1. (firmware/myproject.cpp:42:22)
INFO: [HLS 214-248] Applying array_partition to 'layer5_out': Complete partitioning on dimension 1. (firmware/myproject.cpp:10:0)
INFO: [HLS 214-248] Applying array_reshape to 'input_layer': Complete reshaping on dimension 1. (firmware/myproject.cpp:10:0)
INFO-FLOW: DBG:PUTS: copy_raw_kernel_xml ap_link_39: kernel.xml not generated: /home/ubuntu/hls4ml_tests/my_hls_prj/myproject_prj/solution1/.autopilot/db/kernel.internal.xml
INFO: [HLS 200-111] Finished Compiling Optimization and Transform: CPU user time: 166.03 seconds. CPU system time: 1.34 seconds. Elapsed time: 166.74 seconds; current allocated memory: 293.352 MB.
INFO: [HLS 200-111] Finished Checking Pragmas: CPU user time: 0 seconds. CPU system time: 0 seconds. Elapsed time: 0 seconds; current allocated memory: 293.352 MB.
Execute         opt_and_import_c a -opt_level=2 -skip_syncheck=0 -ng=0 -keep_printf=0 
Execute           cleanup_all_models 
INFO: [HLS 200-10] Starting code transformations ...
INFO-FLOW: Running Standard Transforms...
Execute           transform -hls -share-std-xform -demangle-name -inline-byval-memcpy -always-inline -promote-dbg-pointer -interface-preproc -mem2reg -scalarrepl -mem2reg -keep-read-access -instcombine -dce -promote-dbg-pointer -bitop-raise -loop-simplify -indvarspre -indvars -loop-simplify -constprop -instcombine -simplifycfg -indvars -simplifycfg -dce -globaldce -basicaa -simplifycfg -mem2reg -globalopt -global-constprop -deadargelim -instcombine -simplifycfg -scalarrepl -instcombine -reassociate -licm -simplifycfg -loop-simplify -indvars -instcombine -simplifycfg -mem2reg -loop-simplify -indvars -instcombine -gvn -gvn -instcombine -adce -break-crit-edges -simplifycfg -loop-delete -global-array-opt -dce -dse -adce -find-syn-modules -top myproject -deadargelim -mem2reg -instcombine -dce -presyn-prepare -interface-preproc -syn-check -check-rec-only -find-region -simplifycfg -func-extr -function-inline -globaldce -mem2reg -instcombine -dce -gvn -globaldce -adce -adse -constprop -instcombine -bit-constprop -instcombine -dce -simplifycfg -bitop-raise -simplifycfg -dce -loop-delete -reassociate -globalopt -global-privatize -mem2reg -dce -global-constprop -pointer-simplify -constprop -dce -promote-dbg-pointer -norm-name /home/ubuntu/hls4ml_tests/my_hls_prj/myproject_prj/solution1/.autopilot/db/a.g.0.bc -o /home/ubuntu/hls4ml_tests/my_hls_prj/myproject_prj/solution1/.autopilot/db/a.g.1.bc -f -phase std-opt 
Command           transform done; 19.36 sec.
INFO: [HLS 200-111] Finished Standard Transforms: CPU user time: 19.02 seconds. CPU system time: 0.22 seconds. Elapsed time: 19.37 seconds; current allocated memory: 567.727 MB.
INFO: [HLS 200-10] Checking synthesizability ...
INFO-FLOW: Checking Synthesizability 1/2..
Execute           transform -hls -syn-check -check-rec-only -scalarrepl -norm-name -dce -mem2reg -instcombine -directive-preproc -mem2reg -dse -dce -dce -pag -array-normalize -instcombine -dce -array-seg-normalize -instcombine -dce -data-pack -instcombine -dce -inst-simplify -array-flatten -instcombine -dce -array-burst -dce -deadargelim -promote-global-argument -simplifycfg -mem2reg -globaldce -dce -deadargelim -dce -instcombine -function-inline -globaldce -dce -doublePtrSimplify -doublePtrElim -dce -doublePtrSimplify -promote-dbg-pointer -dce -scalarrepl -dse -adse -instcombine -ptrLegalization -simplifycfg -dce -instcombine -pointer-simplify -ptrArgReplace -dce -instcombine -resolve-double-ptr -scalarrepl -norm-name -dce -mem2reg -instcombine -ptrLegalization -simplifycfg -deadargelim -instcombine -dce -inst-simplify -directive-preproc -mem2reg -dse -dce -globaldce /home/ubuntu/hls4ml_tests/my_hls_prj/myproject_prj/solution1/.autopilot/db/a.g.1.bc -o /home/ubuntu/hls4ml_tests/my_hls_prj/myproject_prj/solution1/.autopilot/db/a.g.2.prechk.bc -f 
INFO: [XFORM 203-602] Inlining function 'nnet::exp_fcn_float' into 'nnet::init_exp_table<ap_fixed<36, 16, (ap_q_mode)5, (ap_o_mode)3, 0>, softmax_config5>' (firmware/nnet_utils/nnet_activation.h:154) automatically.
Command           transform done; 10.56 sec.
INFO-FLOW: Checking Synthesizability 2/2..
Execute           transform -syn-check /home/ubuntu/hls4ml_tests/my_hls_prj/myproject_prj/solution1/.autopilot/db/a.g.2.prechk.bc -o /home/ubuntu/hls4ml_tests/my_hls_prj/myproject_prj/solution1/.autopilot/db/a.g.2.bc -f -phase syn-check 
WARNING: [SYNCHK 200-23] firmware/nnet_utils/nnet_activation.h:138: variable-indexed range selection may cause suboptimal QoR.
INFO: [SYNCHK 200-10] 0 error(s), 1 warning(s).
Command           transform done; 0.53 sec.
INFO: [HLS 200-111] Finished Checking Synthesizability: CPU user time: 10.98 seconds. CPU system time: 0.11 seconds. Elapsed time: 11.1 seconds; current allocated memory: 693.965 MB.
INFO-FLOW: Compiler optimizing ...
INFO-FLOW: Share syncheck's 1.bc for syn flow: copy /home/ubuntu/hls4ml_tests/my_hls_prj/myproject_prj/solution1/.autopilot/db/a.g.1.bc to /home/ubuntu/hls4ml_tests/my_hls_prj/myproject_prj/solution1/.autopilot/db/a.o.1.bc
INFO-FLOW: Presyn 1...
Execute           transform -hls -tmp /home/ubuntu/hls4ml_tests/my_hls_prj/myproject_prj/solution1/.autopilot/db -interface-port-rename -directive-preproc -mem2reg -dse -dce -scalarrepl -norm-name -deadargelim -mem2reg -instcombine -dce -simplifycfg -dce -resource-proc -clib-intrinsic-prepare -dce -func-buffer -dce -pag -array-normalize -func-legal -instcombine -gvn -constprop -dce -simplifycfg -mem2reg -globaldce -resolve-double-ptr -dce -deadargelim -dce -instcombine -ptrArgReplace -mem2reg -dce -array-seg-normalize -deadargelim -instcombine -dce -directive-preproc -mem2reg -dse -dce -pointer-simplify -dce -port-alignment -dce -interface-preproc -data-pack -instcombine -dce -basicaa -aggr-aa -aggrmodref-aa -aggr-aa -gvn -gvn -basicaa -aggr-aa -aggrmodref-aa -aggr-aa -dse -adse -adce -loop-simplify -indvars -instcombine -gvn -loop-simplify -mem2reg -dce -find-region -instcombine -inst-simplify -interface-preproc -cfgopt -instcombine -indvars -loop-simplify -loop-bound -constprop -instcombine -simplifycfg -indvars -simplifycfg -dce -globaldce -clean-region -attach-range -gvn -inst-simplify -constprop -simplifycfg -dce -pointer-simplify -dce -globalopt -constprop -dce -array-promote -constprop -dce -ptrArgReplace -mem2reg -simplifycfg -dce -instcombine -dce -array-transform-check -array-reshape -instcombine -simplifycfg -dce -ptrArgReplace -deadargelim -mem2reg -instcombine -simplifycfg -dce -indvars -loop-simplify -loop-bound -constprop -instcombine -simplifycfg -indvars -simplifycfg -dce -globaldce -basicaa -aggr-aa -aggrmodref-aa -aggr-aa -dse -duplicate-dataflow-processes -globaldce -instcombine -array-partition -prepare-dynamic-array-partition -instcombine -simplifycfg -dce -ptrArgReplace -global-constprop -deadargelim -mem2reg -func-legal -dce -global-constprop -deadargelim -mem2reg -simplifycfg -dce -merge-param -deadargelim -globalopt -constprop -dce -array-promote -constprop -dce -ptrArgReplace -mem2reg -simplifycfg -dce -mem-intrinsic-preproc -dce -global-internalize -global-privatize -mem2reg -globaldce -lcssa -loop-simplify -phi-select-elim -promote-global-argument -ptrArgReplace -mem2reg -dce -globalopt -mergereturn -simplify-global-access -mem2reg -dce -pointer-simplify -dce -basicaa -aggr-aa -aggrmodref-aa -aggr-aa -functionattrs -basicaa -aggr-aa -aggrmodref-aa -aggr-aa -gvn -gvn -basicaa -aggr-aa -aggrmodref-aa -aggr-aa -dse -adse -adce -dce -norm-name -basicaa -aggr-aa -aggrmodref-aa -aggr-aa -accesses-merge -function-inline -complex-op-raise -inst-simplify -globaldce -func-legal -dce -loop-bound -arraycheck -bitwidthmin2 -bitwidthmin2 -on-by-dataflow -loop-delete -instcombine -simplifycfg -globaldce -dce -gvn -deadargelim -dce -loop-simplify -clean-region -simplifycfg -propagate-stable-arguments -loop-stream -instcombine -simplifycfg -dce -globaldce -duplicate-dataflow-processes -stream-intrinsic-preproc -dce -check-ap-stream -loop-simplify -eliminate-keepreads -extract-dataflow-in-loop -loop-simplify -dce -gvn -deadargelim -dse -duplicate-dataflow-processes -check-dataflow-syntax -legalize-stream-variable -globaldce -legalize-global -extract-subproc -dce -dead-channel-elimination -canonicalize-gep -globaldce -dce -gvn -hls-dead-arg-elim -deadargelim -directive-preproc -canonicalize-dataflow -dce -globaldce -scalar-preprocessing -scalar-propagation2 -scalar-stream -deadargelim -globaldce -mem2reg -check-dataflow-channels -function-stream -dce -globaldce -prop-fifo-spec -internal-stream-gen -canonicalize-gep -globaldce -dce -gvn -deadargelim -mergereturn -indvars -loop-simplify -instcombine -array-stream -array-seg-normalize -array-partition -clean-array-spec -func-legal -instcombine -simplifycfg -dce -bundle-memfifo-ops -deadargelim -directive-preproc -mem2reg -dse -dce -group-axi-access -licm -simplifycfg -dce -loop-delete -hls-display -norm-name /home/ubuntu/hls4ml_tests/my_hls_prj/myproject_prj/solution1/.autopilot/db/a.o.1.bc -o /home/ubuntu/hls4ml_tests/my_hls_prj/myproject_prj/solution1/.autopilot/db/a.o.1.tmp.bc -f 
INFO: [XFORM 203-602] Inlining function 'nnet::exp_fcn_float' into 'nnet::init_exp_table<ap_fixed<36, 16, (ap_q_mode)5, (ap_o_mode)3, 0>, softmax_config5>' (firmware/nnet_utils/nnet_activation.h:154) automatically.
Command           transform done; 75.66 sec.
INFO-FLOW: Presyn 2...
Execute           transform -hls -keep-callgraph -scalarrepl -mem2reg -port-alignment -attach-range -dce -pipe-mux-gen -indvars -loop-bound -inst-simplify -instcombine -dce -merge-array-access -mem2reg -dce -clean-region -mergereturn -if-conv -instcombine -dce -constprop -basicaa -aggr-aa -aggrmodref-aa -aggr-aa -gvn -gvn -basicaa -aggr-aa -aggrmodref-aa -aggr-aa -dse -adse -adce -scalarrepl -mem2reg -global-constprop -deadargelim -deadargelim -instcombine -dce -simplifycfg -ptrArgReplace -mem2reg -function-inline -globaldce -mem2reg -instcombine -dce -expr-balance -instcombine -dce -bitwidthmin2 -bitwidthmin2 -interface-preproc -directive-preproc -inst-rectify -instcombine -dce -basicaa -aggr-aa -aggrmodref-aa -aggr-aa -functionattrs -constprop -instcombine -bit-constprop -simplify-global-access -globalopt -globaldce -inst-simplify -instcombine -elimdeaddata -dce -loop-delete -simplifycfg -loop-simplify -barrier -norm-name /home/ubuntu/hls4ml_tests/my_hls_prj/myproject_prj/solution1/.autopilot/db/a.o.1.tmp.bc -o /home/ubuntu/hls4ml_tests/my_hls_prj/myproject_prj/solution1/.autopilot/db/a.o.2.bc -f -phase presyn 
INFO: [XFORM 203-401] Performing if-conversion on hyperblock from (firmware/nnet_utils/nnet_activation.h:133:92) to (firmware/nnet_utils/nnet_activation.h:138:5) in function 'nnet::softmax_real_val_from_idx<ap_fixed<36, 16, (ap_q_mode)5, (ap_o_mode)3, 0>, softmax_config5>'... converting 10 basic blocks.
INFO: [XFORM 203-401] Performing if-conversion on hyperblock from (firmware/nnet_utils/nnet_activation.h:42:9) to (firmware/nnet_utils/nnet_activation.h:50:1) in function 'nnet::relu<ap_fixed<37, 17, (ap_q_mode)5, (ap_o_mode)3, 0>, ap_fixed<16, 6, (ap_q_mode)5, (ap_o_mode)3, 0>, relu_config3>'... converting 17 basic blocks.
INFO: [XFORM 203-401] Performing if-conversion on hyperblock from (firmware/nnet_utils/nnet_activation.h:149:52) to (firmware/nnet_utils/nnet_activation.h:157:1) in function 'nnet::init_exp_table<ap_fixed<36, 16, (ap_q_mode)5, (ap_o_mode)3, 0>, softmax_config5>'... converting 27649 basic blocks.
INFO: [XFORM 203-11] Balancing expressions in function 'nnet::dense_latency<ap_fixed<16, 6, (ap_q_mode)5, (ap_o_mode)3, 0>, ap_fixed<37, 17, (ap_q_mode)5, (ap_o_mode)3, 0>, config2>' (firmware/nnet_utils/nnet_dense_latency.h:33:21)...120 expression(s) balanced.
INFO: [XFORM 203-11] Balancing expressions in function 'nnet::dense_latency<ap_fixed<16, 6, (ap_q_mode)5, (ap_o_mode)3, 0>, ap_fixed<36, 16, (ap_q_mode)5, (ap_o_mode)3, 0>, config4>' (firmware/nnet_utils/nnet_dense_latency.h:33:1)...28 expression(s) balanced.
Command           transform done; 783.71 sec.
INFO: [HLS 200-111] Finished Loop, function and other optimizations: CPU user time: 859.04 seconds. CPU system time: 0.31 seconds. Elapsed time: 859.39 seconds; current allocated memory: 1.070 GB.
Execute           transform -hls -auto-function-inline -globaldce -ptrArgReplace -mem2reg -dce -reset-lda -loop-simplify -indvars -aggr-aa -licm -loop-dep -loop-bound -licm -loop-simplify -loop-sink-hoist -flattenloopnest -array-flatten -gvn -instcombine -dce -array-map -dce -func-legal -gvn -adce -instcombine -cfgopt -simplifycfg-lite -loop-simplify -array-burst -promote-global-argument -dce -array-seg-normalize -basicaa -aggrmodref-aa -globalsmodref-aa -aggr-aa -gvn -gvn -basicaa -aggrmodref-aa -globalsmodref-aa -aggr-aa -dse -adse -adce -licm -inst-simplify -dce -globaldce -instcombine -array-stream -eliminate-keepreads -instcombine -dce -deadargelim -doublePtrSimplify -doublePtrElim -dce -doublePtrSimplify -promote-dbg-pointer -dce -scalarrepl -mem2reg -norm-name -mem2reg -instcombine -dse -adse -adce -ptrLegalization -dce -array-flatten -dce -instcombine -check-doubleptr -loop-rot -constprop -inst-simplify -cfgopt -simplifycfg-lite -loop-simplify -indvars -pointer-simplify -dce -loop-bound -loop-simplify -loop-preproc -constprop -global-constprop -gvn -mem2reg -instcombine -dce -loop-bound -loop-merge -dce -deadargelim -dce -canonicalize-dataflow -dce -deadargelim -globaldce -mem2reg -bram-byte-enable -inst-simplify -inst-rectify -instcombine -adce -deadargelim -load-elim -read-loop-dep -loop-simplify -loop-extract-inner -directive-preproc -bitwidthmin2 -bitwidthmin2 -read-loop-dep -interface-preproc -directive-preproc -interface-gen -bram-byte-enable-spec-prop -mul2addshift -deadargelim -inst-simplify -dce -mem2reg -instcombine -gvn -dce -adse -loop-bound -instcombine -cfgopt -simplifycfg-lite -loop-simplify -clean-region -io-protocol -find-region -mem2reg -bitop-raise -complex-op-raise -inst-simplify -inst-rectify -instcombine -adce -deadargelim -float-op-raise -loop-simplify -phi-opt -bitop-raise -cfgopt -simplifycfg-lite -strip-dead-prototypes -interface-lower -bitop-lower -intrinsic-lower -auto-function-inline -basicaa -aggrmodref-aa -globalsmodref-aa -aggr-aa -inst-simplify -simplifycfg-lite -loop-simplify -mergereturn -inst-simplify -inst-rectify -globaldce -dce -load-elim -bitop-lower -float-op-raise -fma-raise -loop-rewind -pointer-simplify -dce -cfgopt -dce -loop-bound -loop-dep -read-loop-dep -dce -dyn-mem-reuse -dce -recurrence-min -dce -share-scalar-alloca -deadargelim -dce -check-stream -norm-name -legalize -inst-clarity -bitwidth -dce -validate-dataflow -dump-loop-dep-to-ir -check-all-ssdm -dump-complexity-metric /home/ubuntu/hls4ml_tests/my_hls_prj/myproject_prj/solution1/.autopilot/db/a.o.2.bc -o /home/ubuntu/hls4ml_tests/my_hls_prj/myproject_prj/solution1/.autopilot/db/a.o.3.bc -f -phase build-ssdm 
INFO: [XFORM 203-603] Evaluating the output(s) of a call to function 'nnet::softmax_real_val_from_idx<ap_fixed<36, 16, (ap_q_mode)5, (ap_o_mode)3, 0>, softmax_config5>' (firmware/nnet_utils/nnet_activation.h:153:19) in function 'nnet::init_exp_table<ap_fixed<36, 16, (ap_q_mode)5, (ap_o_mode)3, 0>, softmax_config5>' and propagating its result(s) since all actual argument(s) to the function are constants.
Execute             auto_get_db
Command           transform done; 1847.17 sec.
INFO-FLOW: Building ssdm...
Execute           transform -hls -cdfg-build /home/ubuntu/hls4ml_tests/my_hls_prj/myproject_prj/solution1/.autopilot/db/a.o.3.bc -o /home/ubuntu/hls4ml_tests/my_hls_prj/myproject_prj/solution1/.autopilot/db/a.o.3.bc -f -phase build-ssdm 
Command           transform done; 5.01 sec.
INFO: [HLS 200-111] Finished Architecture Synthesis: CPU user time: 1851.97 seconds. CPU system time: 0.14 seconds. Elapsed time: 1852.18 seconds; current allocated memory: 1.244 GB.
INFO-FLOW: Finish building internal data model.
Command         opt_and_import_c done; 2742.06 sec.
Command       elaborate done; 2922.55 sec.
Execute       ap_eval exec zip -j /home/ubuntu/hls4ml_tests/my_hls_prj/myproject_prj/solution1/.autopilot/db/dut.hcp $dbDir/a.o.3.bc $dbDir/${topname}.rtl_wrap.cfg.tcl $dbDir/apatb_${topname}.cpp $dbDir/apatb_${topname}_util.cpp $dbDir/apatb_${topname}_ir.ll $dbDir/mapper_${topname}.cpp $dbDir/top-io-fe.xml $dbDir/kernel.internal.xml $workdir/../hls.app 
Command       ap_eval done; error code: 1; 
INFO-FLOW: exec zip -j /home/ubuntu/hls4ml_tests/my_hls_prj/myproject_prj/solution1/.autopilot/db/dut.hcp $dbDir/a.o.3.bc $dbDir/${topname}.rtl_wrap.cfg.tcl $dbDir/apatb_${topname}.cpp $dbDir/apatb_${topname}_util.cpp $dbDir/apatb_${topname}_ir.ll $dbDir/mapper_${topname}.cpp $dbDir/top-io-fe.xml $dbDir/kernel.internal.xml $workdir/../hls.app
INFO-FLOW: couldn't execute "zip": no such file or directory
Execute       autosyn -from_csynth_design=1 
INFO: [HLS 200-10] Starting hardware synthesis ...
INFO-FLOW: Synthesizing C/C++ design ...
INFO: [HLS 200-10] Synthesizing 'myproject' ...
Execute         ap_set_top_model myproject 
WARNING: [SYN 201-103] Legalizing function name 'dense_latency<ap_fixed<16, 6, 5, 3, 0>, ap_fixed<37, 17, 5, 3, 0>, config2>' to 'dense_latency_ap_fixed_16_6_5_3_0_ap_fixed_37_17_5_3_0_config2_s'.
WARNING: [SYN 201-103] Legalizing function name 'relu<ap_fixed<37, 17, 5, 3, 0>, ap_fixed<16, 6, 5, 3, 0>, relu_config3>' to 'relu_ap_fixed_37_17_5_3_0_ap_fixed_16_6_5_3_0_relu_config3_s'.
WARNING: [SYN 201-103] Legalizing function name 'dense_latency<ap_fixed<16, 6, 5, 3, 0>, ap_fixed<36, 16, 5, 3, 0>, config4>' to 'dense_latency_ap_fixed_16_6_5_3_0_ap_fixed_36_16_5_3_0_config4_s'.
WARNING: [SYN 201-103] Legalizing function name 'init_exp_table<ap_fixed<36, 16, 5, 3, 0>, softmax_config5>' to 'init_exp_table_ap_fixed_36_16_5_3_0_softmax_config5_s'.
WARNING: [SYN 201-103] Legalizing function name 'softmax_stable<ap_fixed,ap_fixed<16,6,5,3,0>,softmax_config5>' to 'softmax_stable_ap_fixed_ap_fixed_16_6_5_3_0_softmax_config5_s'.
Execute         get_model_list myproject -filter all-wo-channel -topdown 
Execute         preproc_iomode -model myproject 
Execute         preproc_iomode -model softmax_stable<ap_fixed,ap_fixed<16,6,5,3,0>,softmax_config5> 
Execute         preproc_iomode -model init_exp_table<ap_fixed<36, 16, 5, 3, 0>, softmax_config5> 
Execute         preproc_iomode -model dense_latency<ap_fixed<16, 6, 5, 3, 0>, ap_fixed<36, 16, 5, 3, 0>, config4> 
Execute         preproc_iomode -model relu<ap_fixed<37, 17, 5, 3, 0>, ap_fixed<16, 6, 5, 3, 0>, relu_config3> 
Execute         preproc_iomode -model dense_latency<ap_fixed<16, 6, 5, 3, 0>, ap_fixed<37, 17, 5, 3, 0>, config2> 
Execute         get_model_list myproject -filter all-wo-channel 
INFO-FLOW: Model list for configure: {dense_latency<ap_fixed<16, 6, 5, 3, 0>, ap_fixed<37, 17, 5, 3, 0>, config2>} {relu<ap_fixed<37, 17, 5, 3, 0>, ap_fixed<16, 6, 5, 3, 0>, relu_config3>} {dense_latency<ap_fixed<16, 6, 5, 3, 0>, ap_fixed<36, 16, 5, 3, 0>, config4>} {init_exp_table<ap_fixed<36, 16, 5, 3, 0>, softmax_config5>} softmax_stable<ap_fixed,ap_fixed<16,6,5,3,0>,softmax_config5> myproject
INFO-FLOW: Configuring Module : dense_latency<ap_fixed<16, 6, 5, 3, 0>, ap_fixed<37, 17, 5, 3, 0>, config2> ...
Execute         set_default_model dense_latency<ap_fixed<16, 6, 5, 3, 0>, ap_fixed<37, 17, 5, 3, 0>, config2> 
Execute         apply_spec_resource_limit dense_latency<ap_fixed<16, 6, 5, 3, 0>, ap_fixed<37, 17, 5, 3, 0>, config2> 
INFO-FLOW: Configuring Module : relu<ap_fixed<37, 17, 5, 3, 0>, ap_fixed<16, 6, 5, 3, 0>, relu_config3> ...
Execute         set_default_model relu<ap_fixed<37, 17, 5, 3, 0>, ap_fixed<16, 6, 5, 3, 0>, relu_config3> 
Execute         apply_spec_resource_limit relu<ap_fixed<37, 17, 5, 3, 0>, ap_fixed<16, 6, 5, 3, 0>, relu_config3> 
INFO-FLOW: Configuring Module : dense_latency<ap_fixed<16, 6, 5, 3, 0>, ap_fixed<36, 16, 5, 3, 0>, config4> ...
Execute         set_default_model dense_latency<ap_fixed<16, 6, 5, 3, 0>, ap_fixed<36, 16, 5, 3, 0>, config4> 
Execute         apply_spec_resource_limit dense_latency<ap_fixed<16, 6, 5, 3, 0>, ap_fixed<36, 16, 5, 3, 0>, config4> 
INFO-FLOW: Configuring Module : init_exp_table<ap_fixed<36, 16, 5, 3, 0>, softmax_config5> ...
Execute         set_default_model init_exp_table<ap_fixed<36, 16, 5, 3, 0>, softmax_config5> 
Execute         apply_spec_resource_limit init_exp_table<ap_fixed<36, 16, 5, 3, 0>, softmax_config5> 
INFO-FLOW: Configuring Module : softmax_stable<ap_fixed,ap_fixed<16,6,5,3,0>,softmax_config5> ...
Execute         set_default_model softmax_stable<ap_fixed,ap_fixed<16,6,5,3,0>,softmax_config5> 
Execute         apply_spec_resource_limit softmax_stable<ap_fixed,ap_fixed<16,6,5,3,0>,softmax_config5> 
INFO-FLOW: Configuring Module : myproject ...
Execute         set_default_model myproject 
Execute         apply_spec_resource_limit myproject 
INFO-FLOW: Model list for preprocess: {dense_latency<ap_fixed<16, 6, 5, 3, 0>, ap_fixed<37, 17, 5, 3, 0>, config2>} {relu<ap_fixed<37, 17, 5, 3, 0>, ap_fixed<16, 6, 5, 3, 0>, relu_config3>} {dense_latency<ap_fixed<16, 6, 5, 3, 0>, ap_fixed<36, 16, 5, 3, 0>, config4>} {init_exp_table<ap_fixed<36, 16, 5, 3, 0>, softmax_config5>} softmax_stable<ap_fixed,ap_fixed<16,6,5,3,0>,softmax_config5> myproject
INFO-FLOW: Preprocessing Module: dense_latency<ap_fixed<16, 6, 5, 3, 0>, ap_fixed<37, 17, 5, 3, 0>, config2> ...
Execute         set_default_model dense_latency<ap_fixed<16, 6, 5, 3, 0>, ap_fixed<37, 17, 5, 3, 0>, config2> 
Execute         cdfg_preprocess -model dense_latency<ap_fixed<16, 6, 5, 3, 0>, ap_fixed<37, 17, 5, 3, 0>, config2> 
Execute         rtl_gen_preprocess dense_latency<ap_fixed<16, 6, 5, 3, 0>, ap_fixed<37, 17, 5, 3, 0>, config2> 
INFO-FLOW: Preprocessing Module: relu<ap_fixed<37, 17, 5, 3, 0>, ap_fixed<16, 6, 5, 3, 0>, relu_config3> ...
Execute         set_default_model relu<ap_fixed<37, 17, 5, 3, 0>, ap_fixed<16, 6, 5, 3, 0>, relu_config3> 
Execute         cdfg_preprocess -model relu<ap_fixed<37, 17, 5, 3, 0>, ap_fixed<16, 6, 5, 3, 0>, relu_config3> 
Execute         rtl_gen_preprocess relu<ap_fixed<37, 17, 5, 3, 0>, ap_fixed<16, 6, 5, 3, 0>, relu_config3> 
INFO-FLOW: Preprocessing Module: dense_latency<ap_fixed<16, 6, 5, 3, 0>, ap_fixed<36, 16, 5, 3, 0>, config4> ...
Execute         set_default_model dense_latency<ap_fixed<16, 6, 5, 3, 0>, ap_fixed<36, 16, 5, 3, 0>, config4> 
Execute         cdfg_preprocess -model dense_latency<ap_fixed<16, 6, 5, 3, 0>, ap_fixed<36, 16, 5, 3, 0>, config4> 
Execute         rtl_gen_preprocess dense_latency<ap_fixed<16, 6, 5, 3, 0>, ap_fixed<36, 16, 5, 3, 0>, config4> 
INFO-FLOW: Preprocessing Module: init_exp_table<ap_fixed<36, 16, 5, 3, 0>, softmax_config5> ...
Execute         set_default_model init_exp_table<ap_fixed<36, 16, 5, 3, 0>, softmax_config5> 
Execute         cdfg_preprocess -model init_exp_table<ap_fixed<36, 16, 5, 3, 0>, softmax_config5> 
Command         cdfg_preprocess done; 1.5 sec.
Execute         rtl_gen_preprocess init_exp_table<ap_fixed<36, 16, 5, 3, 0>, softmax_config5> 
INFO-FLOW: Preprocessing Module: softmax_stable<ap_fixed,ap_fixed<16,6,5,3,0>,softmax_config5> ...
Execute         set_default_model softmax_stable<ap_fixed,ap_fixed<16,6,5,3,0>,softmax_config5> 
Execute         cdfg_preprocess -model softmax_stable<ap_fixed,ap_fixed<16,6,5,3,0>,softmax_config5> 
Execute         rtl_gen_preprocess softmax_stable<ap_fixed,ap_fixed<16,6,5,3,0>,softmax_config5> 
INFO-FLOW: Preprocessing Module: myproject ...
Execute         set_default_model myproject 
Execute         cdfg_preprocess -model myproject 
Execute         rtl_gen_preprocess myproject 
INFO-FLOW: Model list for synthesis: {dense_latency<ap_fixed<16, 6, 5, 3, 0>, ap_fixed<37, 17, 5, 3, 0>, config2>} {relu<ap_fixed<37, 17, 5, 3, 0>, ap_fixed<16, 6, 5, 3, 0>, relu_config3>} {dense_latency<ap_fixed<16, 6, 5, 3, 0>, ap_fixed<36, 16, 5, 3, 0>, config4>} {init_exp_table<ap_fixed<36, 16, 5, 3, 0>, softmax_config5>} softmax_stable<ap_fixed,ap_fixed<16,6,5,3,0>,softmax_config5> myproject
INFO: [HLS 200-10] ----------------------------------------------------------------
INFO: [HLS 200-42] -- Implementing module 'dense_latency_ap_fixed_16_6_5_3_0_ap_fixed_37_17_5_3_0_config2_s' 
INFO: [HLS 200-10] ----------------------------------------------------------------
Execute         set_default_model dense_latency<ap_fixed<16, 6, 5, 3, 0>, ap_fixed<37, 17, 5, 3, 0>, config2> 
Execute         schedule -model dense_latency<ap_fixed<16, 6, 5, 3, 0>, ap_fixed<37, 17, 5, 3, 0>, config2> 
INFO: [SCHED 204-11] Starting scheduling ...
INFO: [SCHED 204-61] Pipelining function 'dense_latency<ap_fixed<16, 6, 5, 3, 0>, ap_fixed<37, 17, 5, 3, 0>, config2>'.
INFO: [HLS 200-1470] Pipelining result : Target II = NA, Final II = 1, Depth = 2, function 'dense_latency<ap_fixed<16, 6, 5, 3, 0>, ap_fixed<37, 17, 5, 3, 0>, config2>'
INFO: [SCHED 204-11] Finished scheduling.
Command         schedule done; 0.85 sec.
INFO: [HLS 200-111] Finished Scheduling: CPU user time: 2.43 seconds. CPU system time: 0.12 seconds. Elapsed time: 2.59 seconds; current allocated memory: 1.244 GB.
Execute         syn_report -verbosereport -o /home/ubuntu/hls4ml_tests/my_hls_prj/myproject_prj/solution1/.autopilot/db/dense_latency_ap_fixed_16_6_5_3_0_ap_fixed_37_17_5_3_0_config2_s.verbose.sched.rpt 
Execute           list_part -family xcvu47p-fsvh2892-2-e 
Execute             ap_family_info -name xcvu47p-fsvh2892-2-e -data names 
Execute             ap_part_info -quiet -name xcvu47p-fsvh2892-2-e -data family 
Execute         db_write -o /home/ubuntu/hls4ml_tests/my_hls_prj/myproject_prj/solution1/.autopilot/db/dense_latency_ap_fixed_16_6_5_3_0_ap_fixed_37_17_5_3_0_config2_s.sched.adb -f 
INFO-FLOW: Finish scheduling dense_latency<ap_fixed<16, 6, 5, 3, 0>, ap_fixed<37, 17, 5, 3, 0>, config2>.
Execute         set_default_model dense_latency<ap_fixed<16, 6, 5, 3, 0>, ap_fixed<37, 17, 5, 3, 0>, config2> 
Execute         bind -model dense_latency<ap_fixed<16, 6, 5, 3, 0>, ap_fixed<37, 17, 5, 3, 0>, config2> 
INFO: [BIND 205-100] Starting micro-architecture generation ...
INFO: [BIND 205-101] Performing variable lifetime analysis.
INFO: [BIND 205-101] Exploring resource sharing.
INFO: [BIND 205-101] Binding ...
INFO: [BIND 205-100] Starting global binding ...
INFO: [BIND 205-100] Finished micro-architecture generation.
Command         bind done; 0.15 sec.
INFO: [HLS 200-111] Finished Binding: CPU user time: 0.21 seconds. CPU system time: 0 seconds. Elapsed time: 0.22 seconds; current allocated memory: 1.244 GB.
Execute         syn_report -verbosereport -o /home/ubuntu/hls4ml_tests/my_hls_prj/myproject_prj/solution1/.autopilot/db/dense_latency_ap_fixed_16_6_5_3_0_ap_fixed_37_17_5_3_0_config2_s.verbose.bind.rpt 
Execute           list_part -family xcvu47p-fsvh2892-2-e 
Execute             ap_family_info -name xcvu47p-fsvh2892-2-e -data names 
Execute             ap_part_info -quiet -name xcvu47p-fsvh2892-2-e -data family 
Execute         db_write -o /home/ubuntu/hls4ml_tests/my_hls_prj/myproject_prj/solution1/.autopilot/db/dense_latency_ap_fixed_16_6_5_3_0_ap_fixed_37_17_5_3_0_config2_s.bind.adb -f 
INFO-FLOW: Finish binding dense_latency<ap_fixed<16, 6, 5, 3, 0>, ap_fixed<37, 17, 5, 3, 0>, config2>.
INFO: [HLS 200-10] ----------------------------------------------------------------
INFO: [HLS 200-42] -- Implementing module 'relu_ap_fixed_37_17_5_3_0_ap_fixed_16_6_5_3_0_relu_config3_s' 
INFO: [HLS 200-10] ----------------------------------------------------------------
Execute         set_default_model relu<ap_fixed<37, 17, 5, 3, 0>, ap_fixed<16, 6, 5, 3, 0>, relu_config3> 
Execute         schedule -model relu<ap_fixed<37, 17, 5, 3, 0>, ap_fixed<16, 6, 5, 3, 0>, relu_config3> 
INFO: [SCHED 204-11] Starting scheduling ...
INFO: [SCHED 204-61] Pipelining function 'relu<ap_fixed<37, 17, 5, 3, 0>, ap_fixed<16, 6, 5, 3, 0>, relu_config3>'.
INFO: [HLS 200-1470] Pipelining result : Target II = NA, Final II = 1, Depth = 1, function 'relu<ap_fixed<37, 17, 5, 3, 0>, ap_fixed<16, 6, 5, 3, 0>, relu_config3>'
INFO: [SCHED 204-11] Finished scheduling.
INFO: [HLS 200-111] Finished Scheduling: CPU user time: 0.1 seconds. CPU system time: 0.02 seconds. Elapsed time: 0.11 seconds; current allocated memory: 1.244 GB.
Execute         syn_report -verbosereport -o /home/ubuntu/hls4ml_tests/my_hls_prj/myproject_prj/solution1/.autopilot/db/relu_ap_fixed_37_17_5_3_0_ap_fixed_16_6_5_3_0_relu_config3_s.verbose.sched.rpt 
Execute           list_part -family xcvu47p-fsvh2892-2-e 
Execute             ap_family_info -name xcvu47p-fsvh2892-2-e -data names 
Execute             ap_part_info -quiet -name xcvu47p-fsvh2892-2-e -data family 
Execute         db_write -o /home/ubuntu/hls4ml_tests/my_hls_prj/myproject_prj/solution1/.autopilot/db/relu_ap_fixed_37_17_5_3_0_ap_fixed_16_6_5_3_0_relu_config3_s.sched.adb -f 
INFO-FLOW: Finish scheduling relu<ap_fixed<37, 17, 5, 3, 0>, ap_fixed<16, 6, 5, 3, 0>, relu_config3>.
Execute         set_default_model relu<ap_fixed<37, 17, 5, 3, 0>, ap_fixed<16, 6, 5, 3, 0>, relu_config3> 
Execute         bind -model relu<ap_fixed<37, 17, 5, 3, 0>, ap_fixed<16, 6, 5, 3, 0>, relu_config3> 
INFO: [BIND 205-100] Starting micro-architecture generation ...
INFO: [BIND 205-101] Performing variable lifetime analysis.
INFO: [BIND 205-101] Exploring resource sharing.
INFO: [BIND 205-101] Binding ...
INFO: [BIND 205-100] Finished micro-architecture generation.
INFO: [HLS 200-111] Finished Binding: CPU user time: 0.01 seconds. CPU system time: 0 seconds. Elapsed time: 0.02 seconds; current allocated memory: 1.244 GB.
Execute         syn_report -verbosereport -o /home/ubuntu/hls4ml_tests/my_hls_prj/myproject_prj/solution1/.autopilot/db/relu_ap_fixed_37_17_5_3_0_ap_fixed_16_6_5_3_0_relu_config3_s.verbose.bind.rpt 
Execute           list_part -family xcvu47p-fsvh2892-2-e 
Execute             ap_family_info -name xcvu47p-fsvh2892-2-e -data names 
Execute             ap_part_info -quiet -name xcvu47p-fsvh2892-2-e -data family 
Execute         db_write -o /home/ubuntu/hls4ml_tests/my_hls_prj/myproject_prj/solution1/.autopilot/db/relu_ap_fixed_37_17_5_3_0_ap_fixed_16_6_5_3_0_relu_config3_s.bind.adb -f 
INFO-FLOW: Finish binding relu<ap_fixed<37, 17, 5, 3, 0>, ap_fixed<16, 6, 5, 3, 0>, relu_config3>.
INFO: [HLS 200-10] ----------------------------------------------------------------
INFO: [HLS 200-42] -- Implementing module 'dense_latency_ap_fixed_16_6_5_3_0_ap_fixed_36_16_5_3_0_config4_s' 
INFO: [HLS 200-10] ----------------------------------------------------------------
Execute         set_default_model dense_latency<ap_fixed<16, 6, 5, 3, 0>, ap_fixed<36, 16, 5, 3, 0>, config4> 
Execute         schedule -model dense_latency<ap_fixed<16, 6, 5, 3, 0>, ap_fixed<36, 16, 5, 3, 0>, config4> 
INFO: [SCHED 204-11] Starting scheduling ...
INFO: [SCHED 204-61] Pipelining function 'dense_latency<ap_fixed<16, 6, 5, 3, 0>, ap_fixed<36, 16, 5, 3, 0>, config4>'.
INFO: [HLS 200-1470] Pipelining result : Target II = NA, Final II = 1, Depth = 2, function 'dense_latency<ap_fixed<16, 6, 5, 3, 0>, ap_fixed<36, 16, 5, 3, 0>, config4>'
INFO: [SCHED 204-11] Finished scheduling.
Command         schedule done; 0.18 sec.
INFO: [HLS 200-111] Finished Scheduling: CPU user time: 0.21 seconds. CPU system time: 0 seconds. Elapsed time: 0.21 seconds; current allocated memory: 1.244 GB.
Execute         syn_report -verbosereport -o /home/ubuntu/hls4ml_tests/my_hls_prj/myproject_prj/solution1/.autopilot/db/dense_latency_ap_fixed_16_6_5_3_0_ap_fixed_36_16_5_3_0_config4_s.verbose.sched.rpt 
Execute           list_part -family xcvu47p-fsvh2892-2-e 
Execute             ap_family_info -name xcvu47p-fsvh2892-2-e -data names 
Execute             ap_part_info -quiet -name xcvu47p-fsvh2892-2-e -data family 
Execute         db_write -o /home/ubuntu/hls4ml_tests/my_hls_prj/myproject_prj/solution1/.autopilot/db/dense_latency_ap_fixed_16_6_5_3_0_ap_fixed_36_16_5_3_0_config4_s.sched.adb -f 
INFO-FLOW: Finish scheduling dense_latency<ap_fixed<16, 6, 5, 3, 0>, ap_fixed<36, 16, 5, 3, 0>, config4>.
Execute         set_default_model dense_latency<ap_fixed<16, 6, 5, 3, 0>, ap_fixed<36, 16, 5, 3, 0>, config4> 
Execute         bind -model dense_latency<ap_fixed<16, 6, 5, 3, 0>, ap_fixed<36, 16, 5, 3, 0>, config4> 
INFO: [BIND 205-100] Starting micro-architecture generation ...
INFO: [BIND 205-101] Performing variable lifetime analysis.
INFO: [BIND 205-101] Exploring resource sharing.
INFO: [BIND 205-101] Binding ...
INFO: [BIND 205-100] Starting global binding ...
INFO: [BIND 205-100] Finished micro-architecture generation.
INFO: [HLS 200-111] Finished Binding: CPU user time: 0.04 seconds. CPU system time: 0 seconds. Elapsed time: 0.04 seconds; current allocated memory: 1.244 GB.
Execute         syn_report -verbosereport -o /home/ubuntu/hls4ml_tests/my_hls_prj/myproject_prj/solution1/.autopilot/db/dense_latency_ap_fixed_16_6_5_3_0_ap_fixed_36_16_5_3_0_config4_s.verbose.bind.rpt 
Execute           list_part -family xcvu47p-fsvh2892-2-e 
Execute             ap_family_info -name xcvu47p-fsvh2892-2-e -data names 
Execute             ap_part_info -quiet -name xcvu47p-fsvh2892-2-e -data family 
Execute         db_write -o /home/ubuntu/hls4ml_tests/my_hls_prj/myproject_prj/solution1/.autopilot/db/dense_latency_ap_fixed_16_6_5_3_0_ap_fixed_36_16_5_3_0_config4_s.bind.adb -f 
INFO-FLOW: Finish binding dense_latency<ap_fixed<16, 6, 5, 3, 0>, ap_fixed<36, 16, 5, 3, 0>, config4>.
INFO: [HLS 200-10] ----------------------------------------------------------------
INFO: [HLS 200-42] -- Implementing module 'init_exp_table_ap_fixed_36_16_5_3_0_softmax_config5_s' 
INFO: [HLS 200-10] ----------------------------------------------------------------
Execute         set_default_model init_exp_table<ap_fixed<36, 16, 5, 3, 0>, softmax_config5> 
Execute         schedule -model init_exp_table<ap_fixed<36, 16, 5, 3, 0>, softmax_config5> 
