

================================================================
== Vitis HLS Report for 'dense_latency_ap_fixed_16_6_5_3_0_ap_fixed_36_16_5_3_0_config4_s'
================================================================
* Date:           Tue Sep 23 19:05:49 2025

* Version:        2024.1 (Build 5069499 on May 21 2024)
* Project:        myproject_prj
* Solution:       solution1 (Vivado IP Flow Target)
* Product family: virtexuplusHBM
* Target device:  xcvu47p-fsvh2892-2-e


================================================================
== Performance Estimates
================================================================
+ Timing: 
    * Summary: 
    +--------+---------+----------+------------+
    |  Clock |  Target | Estimated| Uncertainty|
    +--------+---------+----------+------------+
    |ap_clk  |  5.00 ns|  3.400 ns|     1.35 ns|
    +--------+---------+----------+------------+

+ Latency: 
    * Summary: 
    +---------+---------+----------+----------+-----+-----+---------+
    |  Latency (cycles) |  Latency (absolute) |  Interval | Pipeline|
    |   min   |   max   |    min   |    max   | min | max |   Type  |
    +---------+---------+----------+----------+-----+-----+---------+
    |        1|        1|  5.000 ns|  5.000 ns|    1|    1|      yes|
    +---------+---------+----------+----------+-----+-----+---------+

    + Detail: 
        * Instance: 
        N/A

        * Loop: 
        N/A

============================================================
+ Verbose Summary: Synthesis Manager
============================================================
InlineROM: 1
ExposeGlobal: 0
============================================================
+ Verbose Summary: CDFG Model
============================================================
IsTopModel: 0
ResetActiveHigh: 1
IsCombinational: 0
IsDatapathOnly: 0
HasWiredReturn: 1
HasMFsm: 2
HasVarLatency: 0
IsPipeline: 1
IsRtlPipelined: 1
IsInstanceOverlapped: 0
IsDontTouch: 0
HasImplIP: 0
IsGatedGlobalClock: 0

+ Individual pipeline summary: 
  * Pipeline-0: initiation interval (II) = 1, depth = 2


============================================================
+ Verbose Summary: Schedule
============================================================
* Number of FSM states : 2
* Pipeline : 1
  Pipeline-0 : II = 1, D = 2, States = { 1 2 }
* Dataflow Pipeline: 0

* FSM state transitions: 
1 --> 2 
2 --> 

* FSM state operations: 

State 1 <SV = 0> <Delay = 3.40>
ST_1 : Operation 3 [1/1] (0.00ns)   --->   "%data_7_val_read = read i16 @_ssdm_op_Read.ap_auto.i16, i16 %data_7_val" [firmware/nnet_utils/nnet_mult.h:70->firmware/nnet_utils/nnet_dense_latency.h:42]   --->   Operation 3 'read' 'data_7_val_read' <Predicate = true> <Delay = 0.00>
ST_1 : Operation 4 [1/1] (0.00ns)   --->   "%data_6_val_read = read i16 @_ssdm_op_Read.ap_auto.i16, i16 %data_6_val" [firmware/nnet_utils/nnet_mult.h:70->firmware/nnet_utils/nnet_dense_latency.h:42]   --->   Operation 4 'read' 'data_6_val_read' <Predicate = true> <Delay = 0.00>
ST_1 : Operation 5 [1/1] (0.00ns)   --->   "%data_5_val_read = read i16 @_ssdm_op_Read.ap_auto.i16, i16 %data_5_val" [firmware/nnet_utils/nnet_mult.h:70->firmware/nnet_utils/nnet_dense_latency.h:42]   --->   Operation 5 'read' 'data_5_val_read' <Predicate = true> <Delay = 0.00>
ST_1 : Operation 6 [1/1] (0.00ns)   --->   "%data_4_val_read = read i16 @_ssdm_op_Read.ap_auto.i16, i16 %data_4_val" [firmware/nnet_utils/nnet_mult.h:70->firmware/nnet_utils/nnet_dense_latency.h:42]   --->   Operation 6 'read' 'data_4_val_read' <Predicate = true> <Delay = 0.00>
ST_1 : Operation 7 [1/1] (0.00ns)   --->   "%data_3_val_read = read i16 @_ssdm_op_Read.ap_auto.i16, i16 %data_3_val" [firmware/nnet_utils/nnet_mult.h:70->firmware/nnet_utils/nnet_dense_latency.h:42]   --->   Operation 7 'read' 'data_3_val_read' <Predicate = true> <Delay = 0.00>
ST_1 : Operation 8 [1/1] (0.00ns)   --->   "%data_2_val_read = read i16 @_ssdm_op_Read.ap_auto.i16, i16 %data_2_val" [firmware/nnet_utils/nnet_mult.h:70->firmware/nnet_utils/nnet_dense_latency.h:42]   --->   Operation 8 'read' 'data_2_val_read' <Predicate = true> <Delay = 0.00>
ST_1 : Operation 9 [1/1] (0.00ns)   --->   "%data_1_val_read = read i16 @_ssdm_op_Read.ap_auto.i16, i16 %data_1_val" [firmware/nnet_utils/nnet_mult.h:70->firmware/nnet_utils/nnet_dense_latency.h:42]   --->   Operation 9 'read' 'data_1_val_read' <Predicate = true> <Delay = 0.00>
ST_1 : Operation 10 [1/1] (0.00ns)   --->   "%data_0_val_read = read i16 @_ssdm_op_Read.ap_auto.i16, i16 %data_0_val" [firmware/nnet_utils/nnet_mult.h:70->firmware/nnet_utils/nnet_dense_latency.h:42]   --->   Operation 10 'read' 'data_0_val_read' <Predicate = true> <Delay = 0.00>
ST_1 : Operation 11 [1/1] (0.00ns)   --->   "%sext_ln70_58 = sext i16 %data_4_val_read" [firmware/nnet_utils/nnet_mult.h:70->firmware/nnet_utils/nnet_dense_latency.h:42]   --->   Operation 11 'sext' 'sext_ln70_58' <Predicate = true> <Delay = 0.00>
ST_1 : Operation 12 [1/1] (1.94ns)   --->   "%mul_ln73_109 = mul i26 %sext_ln70_58, i26 67108588" [firmware/nnet_utils/nnet_mult.h:73->firmware/nnet_utils/nnet_dense_latency.h:42]   --->   Operation 12 'mul' 'mul_ln73_109' <Predicate = true> <Delay = 1.94> <CoreInst = "Multiplier">   --->   Core 3 'Multiplier' <Latency = 0> <II = 1> <Delay = 1.94> <FuncUnit> <Opcode : 'mul'> <InPorts = 2> <OutPorts = 1>
ST_1 : Operation 13 [1/1] (0.00ns)   --->   "%trunc_ln42_141 = partselect i16 @_ssdm_op_PartSelect.i16.i26.i32.i32, i26 %mul_ln73_109, i32 10, i32 25" [firmware/nnet_utils/nnet_dense_latency.h:42]   --->   Operation 13 'partselect' 'trunc_ln42_141' <Predicate = true> <Delay = 0.00>
ST_1 : Operation 14 [1/1] (1.94ns)   --->   "%mul_ln73_110 = mul i26 %sext_ln70_58, i26 380" [firmware/nnet_utils/nnet_mult.h:73->firmware/nnet_utils/nnet_dense_latency.h:42]   --->   Operation 14 'mul' 'mul_ln73_110' <Predicate = true> <Delay = 1.94> <CoreInst = "Multiplier">   --->   Core 3 'Multiplier' <Latency = 0> <II = 1> <Delay = 1.94> <FuncUnit> <Opcode : 'mul'> <InPorts = 2> <OutPorts = 1>
ST_1 : Operation 15 [1/1] (0.00ns)   --->   "%trunc_ln42_142 = partselect i16 @_ssdm_op_PartSelect.i16.i26.i32.i32, i26 %mul_ln73_110, i32 10, i32 25" [firmware/nnet_utils/nnet_dense_latency.h:42]   --->   Operation 15 'partselect' 'trunc_ln42_142' <Predicate = true> <Delay = 0.00>
ST_1 : Operation 16 [1/1] (1.94ns)   --->   "%mul_ln73_111 = mul i26 %sext_ln70_58, i26 67108578" [firmware/nnet_utils/nnet_mult.h:73->firmware/nnet_utils/nnet_dense_latency.h:42]   --->   Operation 16 'mul' 'mul_ln73_111' <Predicate = true> <Delay = 1.94> <CoreInst = "Multiplier">   --->   Core 3 'Multiplier' <Latency = 0> <II = 1> <Delay = 1.94> <FuncUnit> <Opcode : 'mul'> <InPorts = 2> <OutPorts = 1>
ST_1 : Operation 17 [1/1] (0.00ns)   --->   "%trunc_ln42_143 = partselect i16 @_ssdm_op_PartSelect.i16.i26.i32.i32, i26 %mul_ln73_111, i32 10, i32 25" [firmware/nnet_utils/nnet_dense_latency.h:42]   --->   Operation 17 'partselect' 'trunc_ln42_143' <Predicate = true> <Delay = 0.00>
ST_1 : Operation 18 [1/1] (1.94ns)   --->   "%mul_ln73_112 = mul i26 %sext_ln70_58, i26 67108532" [firmware/nnet_utils/nnet_mult.h:73->firmware/nnet_utils/nnet_dense_latency.h:42]   --->   Operation 18 'mul' 'mul_ln73_112' <Predicate = true> <Delay = 1.94> <CoreInst = "Multiplier">   --->   Core 3 'Multiplier' <Latency = 0> <II = 1> <Delay = 1.94> <FuncUnit> <Opcode : 'mul'> <InPorts = 2> <OutPorts = 1>
ST_1 : Operation 19 [1/1] (0.00ns)   --->   "%trunc_ln42_144 = partselect i16 @_ssdm_op_PartSelect.i16.i26.i32.i32, i26 %mul_ln73_112, i32 10, i32 25" [firmware/nnet_utils/nnet_dense_latency.h:42]   --->   Operation 19 'partselect' 'trunc_ln42_144' <Predicate = true> <Delay = 0.00>
ST_1 : Operation 20 [1/1] (0.00ns)   --->   "%sext_ln70_59 = sext i16 %data_5_val_read" [firmware/nnet_utils/nnet_mult.h:70->firmware/nnet_utils/nnet_dense_latency.h:42]   --->   Operation 20 'sext' 'sext_ln70_59' <Predicate = true> <Delay = 0.00>
ST_1 : Operation 21 [1/1] (0.00ns)   --->   "%sext_ln70_60 = sext i16 %data_5_val_read" [firmware/nnet_utils/nnet_mult.h:70->firmware/nnet_utils/nnet_dense_latency.h:42]   --->   Operation 21 'sext' 'sext_ln70_60' <Predicate = true> <Delay = 0.00>
ST_1 : Operation 22 [1/1] (1.94ns)   --->   "%mul_ln73_113 = mul i26 %sext_ln70_60, i26 67108505" [firmware/nnet_utils/nnet_mult.h:73->firmware/nnet_utils/nnet_dense_latency.h:42]   --->   Operation 22 'mul' 'mul_ln73_113' <Predicate = true> <Delay = 1.94> <CoreInst = "Multiplier">   --->   Core 3 'Multiplier' <Latency = 0> <II = 1> <Delay = 1.94> <FuncUnit> <Opcode : 'mul'> <InPorts = 2> <OutPorts = 1>
ST_1 : Operation 23 [1/1] (0.00ns)   --->   "%trunc_ln42_145 = partselect i16 @_ssdm_op_PartSelect.i16.i26.i32.i32, i26 %mul_ln73_113, i32 10, i32 25" [firmware/nnet_utils/nnet_dense_latency.h:42]   --->   Operation 23 'partselect' 'trunc_ln42_145' <Predicate = true> <Delay = 0.00>
ST_1 : Operation 24 [1/1] (1.94ns)   --->   "%mul_ln73_114 = mul i24 %sext_ln70_59, i24 16777100" [firmware/nnet_utils/nnet_mult.h:73->firmware/nnet_utils/nnet_dense_latency.h:42]   --->   Operation 24 'mul' 'mul_ln73_114' <Predicate = true> <Delay = 1.94> <CoreInst = "Multiplier">   --->   Core 3 'Multiplier' <Latency = 0> <II = 1> <Delay = 1.94> <FuncUnit> <Opcode : 'mul'> <InPorts = 2> <OutPorts = 1>
ST_1 : Operation 25 [1/1] (0.00ns)   --->   "%trunc_ln42_146 = partselect i14 @_ssdm_op_PartSelect.i14.i24.i32.i32, i24 %mul_ln73_114, i32 10, i32 23" [firmware/nnet_utils/nnet_dense_latency.h:42]   --->   Operation 25 'partselect' 'trunc_ln42_146' <Predicate = true> <Delay = 0.00>
ST_1 : Operation 26 [1/1] (0.00ns)   --->   "%sext_ln42_59 = sext i14 %trunc_ln42_146" [firmware/nnet_utils/nnet_dense_latency.h:42]   --->   Operation 26 'sext' 'sext_ln42_59' <Predicate = true> <Delay = 0.00>
ST_1 : Operation 27 [1/1] (0.00ns)   --->   "%tmp = bitconcatenate i22 @_ssdm_op_BitConcatenate.i22.i16.i6, i16 %data_5_val_read, i6 0" [firmware/nnet_utils/nnet_mult.h:73->firmware/nnet_utils/nnet_dense_latency.h:42]   --->   Operation 27 'bitconcatenate' 'tmp' <Predicate = true> <Delay = 0.00>
ST_1 : Operation 28 [1/1] (0.00ns)   --->   "%sext_ln73 = sext i22 %tmp" [firmware/nnet_utils/nnet_mult.h:73->firmware/nnet_utils/nnet_dense_latency.h:42]   --->   Operation 28 'sext' 'sext_ln73' <Predicate = true> <Delay = 0.00>
ST_1 : Operation 29 [1/1] (0.00ns) (grouped into TernaryAdder)   --->   "%sub_ln73 = sub i24 0, i24 %sext_ln73" [firmware/nnet_utils/nnet_mult.h:73->firmware/nnet_utils/nnet_dense_latency.h:42]   --->   Operation 29 'sub' 'sub_ln73' <Predicate = true> <Delay = 0.00> <CoreInst = "TAddSub">   --->   Core 10 'TAddSub' <Latency = 0> <II = 1> <Delay = 0.33> <IPBlock> <Opcode : '' 'add' 'sub'> <InPorts = 3> <OutPorts = 1> <Sync> <CReg>
ST_1 : Operation 30 [1/1] (0.70ns) (root node of TernaryAdder)   --->   "%sub_ln73_26 = sub i24 %sub_ln73, i24 %sext_ln70_59" [firmware/nnet_utils/nnet_mult.h:73->firmware/nnet_utils/nnet_dense_latency.h:42]   --->   Operation 30 'sub' 'sub_ln73_26' <Predicate = true> <Delay = 0.70> <CoreInst = "TAddSub">   --->   Core 10 'TAddSub' <Latency = 0> <II = 1> <Delay = 0.33> <IPBlock> <Opcode : '' 'add' 'sub'> <InPorts = 3> <OutPorts = 1> <Sync> <CReg>
ST_1 : Operation 31 [1/1] (0.00ns)   --->   "%trunc_ln42_147 = partselect i14 @_ssdm_op_PartSelect.i14.i24.i32.i32, i24 %sub_ln73_26, i32 10, i32 23" [firmware/nnet_utils/nnet_dense_latency.h:42]   --->   Operation 31 'partselect' 'trunc_ln42_147' <Predicate = true> <Delay = 0.00>
ST_1 : Operation 32 [1/1] (0.00ns)   --->   "%sext_ln42_60 = sext i14 %trunc_ln42_147" [firmware/nnet_utils/nnet_dense_latency.h:42]   --->   Operation 32 'sext' 'sext_ln42_60' <Predicate = true> <Delay = 0.00>
ST_1 : Operation 33 [1/1] (0.00ns)   --->   "%tmp_9064 = bitconcatenate i24 @_ssdm_op_BitConcatenate.i24.i16.i8, i16 %data_5_val_read, i8 0" [firmware/nnet_utils/nnet_mult.h:73->firmware/nnet_utils/nnet_dense_latency.h:42]   --->   Operation 33 'bitconcatenate' 'tmp_9064' <Predicate = true> <Delay = 0.00>
ST_1 : Operation 34 [1/1] (0.00ns)   --->   "%sext_ln73_59 = sext i24 %tmp_9064" [firmware/nnet_utils/nnet_mult.h:73->firmware/nnet_utils/nnet_dense_latency.h:42]   --->   Operation 34 'sext' 'sext_ln73_59' <Predicate = true> <Delay = 0.00>
ST_1 : Operation 35 [1/1] (0.00ns)   --->   "%sext_ln73_60 = sext i22 %tmp" [firmware/nnet_utils/nnet_mult.h:73->firmware/nnet_utils/nnet_dense_latency.h:42]   --->   Operation 35 'sext' 'sext_ln73_60' <Predicate = true> <Delay = 0.00>
ST_1 : Operation 36 [1/1] (0.83ns)   --->   "%sub_ln73_27 = sub i25 %sext_ln73_60, i25 %sext_ln73_59" [firmware/nnet_utils/nnet_mult.h:73->firmware/nnet_utils/nnet_dense_latency.h:42]   --->   Operation 36 'sub' 'sub_ln73_27' <Predicate = true> <Delay = 0.83> <CoreInst = "Adder">   --->   Core 1 'Adder' <Latency = 0> <II = 1> <Delay = 0.83> <FuncUnit> <Opcode : 'add' 'sub'> <InPorts = 2> <OutPorts = 1>
ST_1 : Operation 37 [1/1] (0.00ns)   --->   "%trunc_ln42_148 = partselect i15 @_ssdm_op_PartSelect.i15.i25.i32.i32, i25 %sub_ln73_27, i32 10, i32 24" [firmware/nnet_utils/nnet_dense_latency.h:42]   --->   Operation 37 'partselect' 'trunc_ln42_148' <Predicate = true> <Delay = 0.00>
ST_1 : Operation 38 [1/1] (0.00ns)   --->   "%sext_ln42_61 = sext i15 %trunc_ln42_148" [firmware/nnet_utils/nnet_dense_latency.h:42]   --->   Operation 38 'sext' 'sext_ln42_61' <Predicate = true> <Delay = 0.00>
ST_1 : Operation 39 [1/1] (0.00ns)   --->   "%sext_ln70_61 = sext i16 %data_6_val_read" [firmware/nnet_utils/nnet_mult.h:70->firmware/nnet_utils/nnet_dense_latency.h:42]   --->   Operation 39 'sext' 'sext_ln70_61' <Predicate = true> <Delay = 0.00>
ST_1 : Operation 40 [1/1] (0.00ns)   --->   "%sext_ln70_62 = sext i16 %data_6_val_read" [firmware/nnet_utils/nnet_mult.h:70->firmware/nnet_utils/nnet_dense_latency.h:42]   --->   Operation 40 'sext' 'sext_ln70_62' <Predicate = true> <Delay = 0.00>
ST_1 : Operation 41 [1/1] (0.00ns)   --->   "%tmp_9065 = bitconcatenate i20 @_ssdm_op_BitConcatenate.i20.i16.i4, i16 %data_6_val_read, i4 0" [firmware/nnet_utils/nnet_mult.h:73->firmware/nnet_utils/nnet_dense_latency.h:42]   --->   Operation 41 'bitconcatenate' 'tmp_9065' <Predicate = true> <Delay = 0.00>
ST_1 : Operation 42 [1/1] (0.00ns)   --->   "%sext_ln73_61 = sext i20 %tmp_9065" [firmware/nnet_utils/nnet_mult.h:73->firmware/nnet_utils/nnet_dense_latency.h:42]   --->   Operation 42 'sext' 'sext_ln73_61' <Predicate = true> <Delay = 0.00>
ST_1 : Operation 43 [1/1] (0.00ns) (grouped into TernaryAdder)   --->   "%sub_ln73_28 = sub i22 0, i22 %sext_ln73_61" [firmware/nnet_utils/nnet_mult.h:73->firmware/nnet_utils/nnet_dense_latency.h:42]   --->   Operation 43 'sub' 'sub_ln73_28' <Predicate = true> <Delay = 0.00> <CoreInst = "TAddSub">   --->   Core 10 'TAddSub' <Latency = 0> <II = 1> <Delay = 0.33> <IPBlock> <Opcode : '' 'add' 'sub'> <InPorts = 3> <OutPorts = 1> <Sync> <CReg>
ST_1 : Operation 44 [1/1] (0.00ns)   --->   "%tmp_9066 = bitconcatenate i18 @_ssdm_op_BitConcatenate.i18.i16.i2, i16 %data_6_val_read, i2 0" [firmware/nnet_utils/nnet_mult.h:73->firmware/nnet_utils/nnet_dense_latency.h:42]   --->   Operation 44 'bitconcatenate' 'tmp_9066' <Predicate = true> <Delay = 0.00>
ST_1 : Operation 45 [1/1] (0.00ns)   --->   "%sext_ln73_62 = sext i18 %tmp_9066" [firmware/nnet_utils/nnet_mult.h:73->firmware/nnet_utils/nnet_dense_latency.h:42]   --->   Operation 45 'sext' 'sext_ln73_62' <Predicate = true> <Delay = 0.00>
ST_1 : Operation 46 [1/1] (0.69ns) (root node of TernaryAdder)   --->   "%sub_ln73_29 = sub i22 %sub_ln73_28, i22 %sext_ln73_62" [firmware/nnet_utils/nnet_mult.h:73->firmware/nnet_utils/nnet_dense_latency.h:42]   --->   Operation 46 'sub' 'sub_ln73_29' <Predicate = true> <Delay = 0.69> <CoreInst = "TAddSub">   --->   Core 10 'TAddSub' <Latency = 0> <II = 1> <Delay = 0.33> <IPBlock> <Opcode : '' 'add' 'sub'> <InPorts = 3> <OutPorts = 1> <Sync> <CReg>
ST_1 : Operation 47 [1/1] (0.00ns)   --->   "%trunc_ln42_149 = partselect i12 @_ssdm_op_PartSelect.i12.i22.i32.i32, i22 %sub_ln73_29, i32 10, i32 21" [firmware/nnet_utils/nnet_dense_latency.h:42]   --->   Operation 47 'partselect' 'trunc_ln42_149' <Predicate = true> <Delay = 0.00>
ST_1 : Operation 48 [1/1] (0.00ns)   --->   "%sext_ln42_62 = sext i12 %trunc_ln42_149" [firmware/nnet_utils/nnet_dense_latency.h:42]   --->   Operation 48 'sext' 'sext_ln42_62' <Predicate = true> <Delay = 0.00>
ST_1 : Operation 49 [1/1] (1.94ns)   --->   "%mul_ln73_115 = mul i26 %sext_ln70_62, i26 67108555" [firmware/nnet_utils/nnet_mult.h:73->firmware/nnet_utils/nnet_dense_latency.h:42]   --->   Operation 49 'mul' 'mul_ln73_115' <Predicate = true> <Delay = 1.94> <CoreInst = "Multiplier">   --->   Core 3 'Multiplier' <Latency = 0> <II = 1> <Delay = 1.94> <FuncUnit> <Opcode : 'mul'> <InPorts = 2> <OutPorts = 1>
ST_1 : Operation 50 [1/1] (0.00ns)   --->   "%trunc_ln42_150 = partselect i16 @_ssdm_op_PartSelect.i16.i26.i32.i32, i26 %mul_ln73_115, i32 10, i32 25" [firmware/nnet_utils/nnet_dense_latency.h:42]   --->   Operation 50 'partselect' 'trunc_ln42_150' <Predicate = true> <Delay = 0.00>
ST_1 : Operation 51 [1/1] (1.94ns)   --->   "%mul_ln73_116 = mul i25 %sext_ln70_61, i25 33554212" [firmware/nnet_utils/nnet_mult.h:73->firmware/nnet_utils/nnet_dense_latency.h:42]   --->   Operation 51 'mul' 'mul_ln73_116' <Predicate = true> <Delay = 1.94> <CoreInst = "Multiplier">   --->   Core 3 'Multiplier' <Latency = 0> <II = 1> <Delay = 1.94> <FuncUnit> <Opcode : 'mul'> <InPorts = 2> <OutPorts = 1>
ST_1 : Operation 52 [1/1] (0.00ns)   --->   "%trunc_ln42_151 = partselect i15 @_ssdm_op_PartSelect.i15.i25.i32.i32, i25 %mul_ln73_116, i32 10, i32 24" [firmware/nnet_utils/nnet_dense_latency.h:42]   --->   Operation 52 'partselect' 'trunc_ln42_151' <Predicate = true> <Delay = 0.00>
ST_1 : Operation 53 [1/1] (0.00ns)   --->   "%sext_ln42_63 = sext i15 %trunc_ln42_151" [firmware/nnet_utils/nnet_dense_latency.h:42]   --->   Operation 53 'sext' 'sext_ln42_63' <Predicate = true> <Delay = 0.00>
ST_1 : Operation 54 [1/1] (0.00ns)   --->   "%tmp_9067 = bitconcatenate i23 @_ssdm_op_BitConcatenate.i23.i16.i7, i16 %data_6_val_read, i7 0" [firmware/nnet_utils/nnet_mult.h:73->firmware/nnet_utils/nnet_dense_latency.h:42]   --->   Operation 54 'bitconcatenate' 'tmp_9067' <Predicate = true> <Delay = 0.00>
ST_1 : Operation 55 [1/1] (0.00ns)   --->   "%sext_ln73_63 = sext i23 %tmp_9067" [firmware/nnet_utils/nnet_mult.h:73->firmware/nnet_utils/nnet_dense_latency.h:42]   --->   Operation 55 'sext' 'sext_ln73_63' <Predicate = true> <Delay = 0.00>
ST_1 : Operation 56 [1/1] (0.00ns)   --->   "%tmp_9068 = bitconcatenate i19 @_ssdm_op_BitConcatenate.i19.i16.i3, i16 %data_6_val_read, i3 0" [firmware/nnet_utils/nnet_mult.h:73->firmware/nnet_utils/nnet_dense_latency.h:42]   --->   Operation 56 'bitconcatenate' 'tmp_9068' <Predicate = true> <Delay = 0.00>
ST_1 : Operation 57 [1/1] (0.00ns)   --->   "%sext_ln73_64 = sext i19 %tmp_9068" [firmware/nnet_utils/nnet_mult.h:73->firmware/nnet_utils/nnet_dense_latency.h:42]   --->   Operation 57 'sext' 'sext_ln73_64' <Predicate = true> <Delay = 0.00>
ST_1 : Operation 58 [1/1] (0.82ns)   --->   "%sub_ln73_30 = sub i24 %sext_ln73_63, i24 %sext_ln73_64" [firmware/nnet_utils/nnet_mult.h:73->firmware/nnet_utils/nnet_dense_latency.h:42]   --->   Operation 58 'sub' 'sub_ln73_30' <Predicate = true> <Delay = 0.82> <CoreInst = "Adder">   --->   Core 1 'Adder' <Latency = 0> <II = 1> <Delay = 0.82> <FuncUnit> <Opcode : 'add' 'sub'> <InPorts = 2> <OutPorts = 1>
ST_1 : Operation 59 [1/1] (0.00ns)   --->   "%trunc_ln42_152 = partselect i14 @_ssdm_op_PartSelect.i14.i24.i32.i32, i24 %sub_ln73_30, i32 10, i32 23" [firmware/nnet_utils/nnet_dense_latency.h:42]   --->   Operation 59 'partselect' 'trunc_ln42_152' <Predicate = true> <Delay = 0.00>
ST_1 : Operation 60 [1/1] (0.00ns)   --->   "%sext_ln42_64 = sext i14 %trunc_ln42_152" [firmware/nnet_utils/nnet_dense_latency.h:42]   --->   Operation 60 'sext' 'sext_ln42_64' <Predicate = true> <Delay = 0.00>
ST_1 : Operation 61 [1/1] (0.00ns)   --->   "%sext_ln70_63 = sext i16 %data_7_val_read" [firmware/nnet_utils/nnet_mult.h:70->firmware/nnet_utils/nnet_dense_latency.h:42]   --->   Operation 61 'sext' 'sext_ln70_63' <Predicate = true> <Delay = 0.00>
ST_1 : Operation 62 [1/1] (1.94ns)   --->   "%mul_ln42_6 = mul i26 %sext_ln70_63, i26 674" [firmware/nnet_utils/nnet_dense_latency.h:42]   --->   Operation 62 'mul' 'mul_ln42_6' <Predicate = true> <Delay = 1.94> <CoreInst = "Multiplier">   --->   Core 3 'Multiplier' <Latency = 0> <II = 1> <Delay = 1.94> <FuncUnit> <Opcode : 'mul'> <InPorts = 2> <OutPorts = 1>
ST_1 : Operation 63 [1/1] (0.00ns)   --->   "%trunc_ln42_153 = partselect i16 @_ssdm_op_PartSelect.i16.i26.i32.i32, i26 %mul_ln42_6, i32 10, i32 25" [firmware/nnet_utils/nnet_dense_latency.h:42]   --->   Operation 63 'partselect' 'trunc_ln42_153' <Predicate = true> <Delay = 0.00>
ST_1 : Operation 64 [1/1] (1.94ns)   --->   "%mul_ln73_117 = mul i26 %sext_ln70_63, i26 67108550" [firmware/nnet_utils/nnet_mult.h:73->firmware/nnet_utils/nnet_dense_latency.h:42]   --->   Operation 64 'mul' 'mul_ln73_117' <Predicate = true> <Delay = 1.94> <CoreInst = "Multiplier">   --->   Core 3 'Multiplier' <Latency = 0> <II = 1> <Delay = 1.94> <FuncUnit> <Opcode : 'mul'> <InPorts = 2> <OutPorts = 1>
ST_1 : Operation 65 [1/1] (0.00ns)   --->   "%trunc_ln42_154 = partselect i16 @_ssdm_op_PartSelect.i16.i26.i32.i32, i26 %mul_ln73_117, i32 10, i32 25" [firmware/nnet_utils/nnet_dense_latency.h:42]   --->   Operation 65 'partselect' 'trunc_ln42_154' <Predicate = true> <Delay = 0.00>
ST_1 : Operation 66 [1/1] (1.94ns)   --->   "%mul_ln42_7 = mul i26 %sext_ln70_63, i26 592" [firmware/nnet_utils/nnet_dense_latency.h:42]   --->   Operation 66 'mul' 'mul_ln42_7' <Predicate = true> <Delay = 1.94> <CoreInst = "Multiplier">   --->   Core 3 'Multiplier' <Latency = 0> <II = 1> <Delay = 1.94> <FuncUnit> <Opcode : 'mul'> <InPorts = 2> <OutPorts = 1>
ST_1 : Operation 67 [1/1] (0.00ns)   --->   "%trunc_ln42_155 = partselect i16 @_ssdm_op_PartSelect.i16.i26.i32.i32, i26 %mul_ln42_7, i32 10, i32 25" [firmware/nnet_utils/nnet_dense_latency.h:42]   --->   Operation 67 'partselect' 'trunc_ln42_155' <Predicate = true> <Delay = 0.00>
ST_1 : Operation 68 [1/1] (1.94ns)   --->   "%mul_ln73_118 = mul i26 %sext_ln70_63, i26 67108505" [firmware/nnet_utils/nnet_mult.h:73->firmware/nnet_utils/nnet_dense_latency.h:42]   --->   Operation 68 'mul' 'mul_ln73_118' <Predicate = true> <Delay = 1.94> <CoreInst = "Multiplier">   --->   Core 3 'Multiplier' <Latency = 0> <II = 1> <Delay = 1.94> <FuncUnit> <Opcode : 'mul'> <InPorts = 2> <OutPorts = 1>
ST_1 : Operation 69 [1/1] (0.00ns)   --->   "%trunc_ln42_156 = partselect i16 @_ssdm_op_PartSelect.i16.i26.i32.i32, i26 %mul_ln73_118, i32 10, i32 25" [firmware/nnet_utils/nnet_dense_latency.h:42]   --->   Operation 69 'partselect' 'trunc_ln42_156' <Predicate = true> <Delay = 0.00>
ST_1 : Operation 70 [1/1] (0.00ns) (grouped into TernaryAdder)   --->   "%add_ln58_122 = add i16 %trunc_ln42_141, i16 %trunc_ln42_145" [firmware/nnet_utils/nnet_dense_latency.h:58]   --->   Operation 70 'add' 'add_ln58_122' <Predicate = true> <Delay = 0.00> <CoreInst = "TAddSub">   --->   Core 10 'TAddSub' <Latency = 0> <II = 1> <Delay = 0.33> <IPBlock> <Opcode : '' 'add' 'sub'> <InPorts = 3> <OutPorts = 1> <Sync> <CReg>
ST_1 : Operation 71 [1/1] (0.78ns)   --->   "%add_ln58_123 = add i16 %sext_ln42_62, i16 %trunc_ln42_153" [firmware/nnet_utils/nnet_dense_latency.h:58]   --->   Operation 71 'add' 'add_ln58_123' <Predicate = true> <Delay = 0.78> <CoreInst = "Adder">   --->   Core 1 'Adder' <Latency = 0> <II = 1> <Delay = 0.78> <FuncUnit> <Opcode : 'add' 'sub'> <InPorts = 2> <OutPorts = 1>
ST_1 : Operation 72 [1/1] (0.67ns) (root node of TernaryAdder)   --->   "%add_ln58_124 = add i16 %add_ln58_123, i16 %add_ln58_122" [firmware/nnet_utils/nnet_dense_latency.h:58]   --->   Operation 72 'add' 'add_ln58_124' <Predicate = true> <Delay = 0.67> <CoreInst = "TAddSub">   --->   Core 10 'TAddSub' <Latency = 0> <II = 1> <Delay = 0.33> <IPBlock> <Opcode : '' 'add' 'sub'> <InPorts = 3> <OutPorts = 1> <Sync> <CReg>
ST_1 : Operation 73 [1/1] (0.00ns) (grouped into TernaryAdder)   --->   "%add_ln58_129 = add i16 %trunc_ln42_142, i16 %sext_ln42_59" [firmware/nnet_utils/nnet_dense_latency.h:58]   --->   Operation 73 'add' 'add_ln58_129' <Predicate = true> <Delay = 0.00> <CoreInst = "TAddSub">   --->   Core 10 'TAddSub' <Latency = 0> <II = 1> <Delay = 0.33> <IPBlock> <Opcode : '' 'add' 'sub'> <InPorts = 3> <OutPorts = 1> <Sync> <CReg>
ST_1 : Operation 74 [1/1] (0.78ns)   --->   "%add_ln58_130 = add i16 %trunc_ln42_150, i16 %trunc_ln42_154" [firmware/nnet_utils/nnet_dense_latency.h:58]   --->   Operation 74 'add' 'add_ln58_130' <Predicate = true> <Delay = 0.78> <CoreInst = "Adder">   --->   Core 1 'Adder' <Latency = 0> <II = 1> <Delay = 0.78> <FuncUnit> <Opcode : 'add' 'sub'> <InPorts = 2> <OutPorts = 1>
ST_1 : Operation 75 [1/1] (0.67ns) (root node of TernaryAdder)   --->   "%add_ln58_131 = add i16 %add_ln58_130, i16 %add_ln58_129" [firmware/nnet_utils/nnet_dense_latency.h:58]   --->   Operation 75 'add' 'add_ln58_131' <Predicate = true> <Delay = 0.67> <CoreInst = "TAddSub">   --->   Core 10 'TAddSub' <Latency = 0> <II = 1> <Delay = 0.33> <IPBlock> <Opcode : '' 'add' 'sub'> <InPorts = 3> <OutPorts = 1> <Sync> <CReg>
ST_1 : Operation 76 [1/1] (0.00ns) (grouped into TernaryAdder)   --->   "%add_ln58_136 = add i16 %trunc_ln42_143, i16 %sext_ln42_60" [firmware/nnet_utils/nnet_dense_latency.h:58]   --->   Operation 76 'add' 'add_ln58_136' <Predicate = true> <Delay = 0.00> <CoreInst = "TAddSub">   --->   Core 10 'TAddSub' <Latency = 0> <II = 1> <Delay = 0.33> <IPBlock> <Opcode : '' 'add' 'sub'> <InPorts = 3> <OutPorts = 1> <Sync> <CReg>
ST_1 : Operation 77 [1/1] (0.78ns)   --->   "%add_ln58_137 = add i16 %sext_ln42_63, i16 %trunc_ln42_155" [firmware/nnet_utils/nnet_dense_latency.h:58]   --->   Operation 77 'add' 'add_ln58_137' <Predicate = true> <Delay = 0.78> <CoreInst = "Adder">   --->   Core 1 'Adder' <Latency = 0> <II = 1> <Delay = 0.78> <FuncUnit> <Opcode : 'add' 'sub'> <InPorts = 2> <OutPorts = 1>
ST_1 : Operation 78 [1/1] (0.67ns) (root node of TernaryAdder)   --->   "%add_ln58_138 = add i16 %add_ln58_137, i16 %add_ln58_136" [firmware/nnet_utils/nnet_dense_latency.h:58]   --->   Operation 78 'add' 'add_ln58_138' <Predicate = true> <Delay = 0.67> <CoreInst = "TAddSub">   --->   Core 10 'TAddSub' <Latency = 0> <II = 1> <Delay = 0.33> <IPBlock> <Opcode : '' 'add' 'sub'> <InPorts = 3> <OutPorts = 1> <Sync> <CReg>
ST_1 : Operation 79 [1/1] (0.00ns) (grouped into TernaryAdder)   --->   "%add_ln58_143 = add i16 %trunc_ln42_144, i16 %sext_ln42_61" [firmware/nnet_utils/nnet_dense_latency.h:58]   --->   Operation 79 'add' 'add_ln58_143' <Predicate = true> <Delay = 0.00> <CoreInst = "TAddSub">   --->   Core 10 'TAddSub' <Latency = 0> <II = 1> <Delay = 0.33> <IPBlock> <Opcode : '' 'add' 'sub'> <InPorts = 3> <OutPorts = 1> <Sync> <CReg>
ST_1 : Operation 80 [1/1] (0.78ns)   --->   "%add_ln58_144 = add i16 %sext_ln42_64, i16 %trunc_ln42_156" [firmware/nnet_utils/nnet_dense_latency.h:58]   --->   Operation 80 'add' 'add_ln58_144' <Predicate = true> <Delay = 0.78> <CoreInst = "Adder">   --->   Core 1 'Adder' <Latency = 0> <II = 1> <Delay = 0.78> <FuncUnit> <Opcode : 'add' 'sub'> <InPorts = 2> <OutPorts = 1>
ST_1 : Operation 81 [1/1] (0.67ns) (root node of TernaryAdder)   --->   "%add_ln58_145 = add i16 %add_ln58_144, i16 %add_ln58_143" [firmware/nnet_utils/nnet_dense_latency.h:58]   --->   Operation 81 'add' 'add_ln58_145' <Predicate = true> <Delay = 0.67> <CoreInst = "TAddSub">   --->   Core 10 'TAddSub' <Latency = 0> <II = 1> <Delay = 0.33> <IPBlock> <Opcode : '' 'add' 'sub'> <InPorts = 3> <OutPorts = 1> <Sync> <CReg>

State 2 <SV = 1> <Delay = 3.40>
ST_2 : Operation 82 [1/1] (0.00ns)   --->   "%specpipeline_ln33 = specpipeline void @_ssdm_op_SpecPipeline, i32 1, i32 0, i32 0, i32 0, void @empty_0" [firmware/nnet_utils/nnet_dense_latency.h:33]   --->   Operation 82 'specpipeline' 'specpipeline_ln33' <Predicate = true> <Delay = 0.00>
ST_2 : Operation 83 [1/1] (0.00ns)   --->   "%specresourcelimit_ln33 = specresourcelimit void @_ssdm_op_SpecResourceLimit, i64 32, void @empty_1, void @empty_0, void @empty_0, void @empty_0" [firmware/nnet_utils/nnet_dense_latency.h:33]   --->   Operation 83 'specresourcelimit' 'specresourcelimit_ln33' <Predicate = true> <Delay = 0.00>
ST_2 : Operation 84 [1/1] (0.00ns)   --->   "%sext_ln70 = sext i16 %data_0_val_read" [firmware/nnet_utils/nnet_mult.h:70->firmware/nnet_utils/nnet_dense_latency.h:42]   --->   Operation 84 'sext' 'sext_ln70' <Predicate = true> <Delay = 0.00>
ST_2 : Operation 85 [1/1] (0.00ns)   --->   "%sext_ln70_51 = sext i16 %data_0_val_read" [firmware/nnet_utils/nnet_mult.h:70->firmware/nnet_utils/nnet_dense_latency.h:42]   --->   Operation 85 'sext' 'sext_ln70_51' <Predicate = true> <Delay = 0.00>
ST_2 : Operation 86 [1/1] (1.94ns)   --->   "%mul_ln73 = mul i26 %sext_ln70_51, i26 67108530" [firmware/nnet_utils/nnet_mult.h:73->firmware/nnet_utils/nnet_dense_latency.h:42]   --->   Operation 86 'mul' 'mul_ln73' <Predicate = true> <Delay = 1.94> <CoreInst = "Multiplier">   --->   Core 3 'Multiplier' <Latency = 0> <II = 1> <Delay = 1.94> <FuncUnit> <Opcode : 'mul'> <InPorts = 2> <OutPorts = 1>
ST_2 : Operation 87 [1/1] (0.00ns)   --->   "%trunc_ln = partselect i16 @_ssdm_op_PartSelect.i16.i26.i32.i32, i26 %mul_ln73, i32 10, i32 25" [firmware/nnet_utils/nnet_dense_latency.h:42]   --->   Operation 87 'partselect' 'trunc_ln' <Predicate = true> <Delay = 0.00>
ST_2 : Operation 88 [1/1] (1.94ns)   --->   "%mul_ln73_100 = mul i24 %sext_ln70, i24 16777138" [firmware/nnet_utils/nnet_mult.h:73->firmware/nnet_utils/nnet_dense_latency.h:42]   --->   Operation 88 'mul' 'mul_ln73_100' <Predicate = true> <Delay = 1.94> <CoreInst = "Multiplier">   --->   Core 3 'Multiplier' <Latency = 0> <II = 1> <Delay = 1.94> <FuncUnit> <Opcode : 'mul'> <InPorts = 2> <OutPorts = 1>
ST_2 : Operation 89 [1/1] (0.00ns)   --->   "%trunc_ln42_s = partselect i14 @_ssdm_op_PartSelect.i14.i24.i32.i32, i24 %mul_ln73_100, i32 10, i32 23" [firmware/nnet_utils/nnet_dense_latency.h:42]   --->   Operation 89 'partselect' 'trunc_ln42_s' <Predicate = true> <Delay = 0.00>
ST_2 : Operation 90 [1/1] (0.00ns)   --->   "%sext_ln42 = sext i14 %trunc_ln42_s" [firmware/nnet_utils/nnet_dense_latency.h:42]   --->   Operation 90 'sext' 'sext_ln42' <Predicate = true> <Delay = 0.00>
ST_2 : Operation 91 [1/1] (1.94ns)   --->   "%mul_ln42 = mul i26 %sext_ln70_51, i26 67108242" [firmware/nnet_utils/nnet_dense_latency.h:42]   --->   Operation 91 'mul' 'mul_ln42' <Predicate = true> <Delay = 1.94> <CoreInst = "Multiplier">   --->   Core 3 'Multiplier' <Latency = 0> <II = 1> <Delay = 1.94> <FuncUnit> <Opcode : 'mul'> <InPorts = 2> <OutPorts = 1>
ST_2 : Operation 92 [1/1] (0.00ns)   --->   "%trunc_ln42_127 = partselect i16 @_ssdm_op_PartSelect.i16.i26.i32.i32, i26 %mul_ln42, i32 10, i32 25" [firmware/nnet_utils/nnet_dense_latency.h:42]   --->   Operation 92 'partselect' 'trunc_ln42_127' <Predicate = true> <Delay = 0.00>
ST_2 : Operation 93 [1/1] (1.94ns)   --->   "%mul_ln42_1 = mul i26 %sext_ln70_51, i26 67108264" [firmware/nnet_utils/nnet_dense_latency.h:42]   --->   Operation 93 'mul' 'mul_ln42_1' <Predicate = true> <Delay = 1.94> <CoreInst = "Multiplier">   --->   Core 3 'Multiplier' <Latency = 0> <II = 1> <Delay = 1.94> <FuncUnit> <Opcode : 'mul'> <InPorts = 2> <OutPorts = 1>
ST_2 : Operation 94 [1/1] (0.00ns)   --->   "%trunc_ln42_128 = partselect i16 @_ssdm_op_PartSelect.i16.i26.i32.i32, i26 %mul_ln42_1, i32 10, i32 25" [firmware/nnet_utils/nnet_dense_latency.h:42]   --->   Operation 94 'partselect' 'trunc_ln42_128' <Predicate = true> <Delay = 0.00>
ST_2 : Operation 95 [1/1] (0.00ns)   --->   "%sext_ln70_52 = sext i16 %data_1_val_read" [firmware/nnet_utils/nnet_mult.h:70->firmware/nnet_utils/nnet_dense_latency.h:42]   --->   Operation 95 'sext' 'sext_ln70_52' <Predicate = true> <Delay = 0.00>
ST_2 : Operation 96 [1/1] (0.00ns)   --->   "%sext_ln70_53 = sext i16 %data_1_val_read" [firmware/nnet_utils/nnet_mult.h:70->firmware/nnet_utils/nnet_dense_latency.h:42]   --->   Operation 96 'sext' 'sext_ln70_53' <Predicate = true> <Delay = 0.00>
ST_2 : Operation 97 [1/1] (1.94ns)   --->   "%mul_ln73_101 = mul i24 %sext_ln70_53, i24 100" [firmware/nnet_utils/nnet_mult.h:73->firmware/nnet_utils/nnet_dense_latency.h:42]   --->   Operation 97 'mul' 'mul_ln73_101' <Predicate = true> <Delay = 1.94> <CoreInst = "Multiplier">   --->   Core 3 'Multiplier' <Latency = 0> <II = 1> <Delay = 1.94> <FuncUnit> <Opcode : 'mul'> <InPorts = 2> <OutPorts = 1>
ST_2 : Operation 98 [1/1] (0.00ns)   --->   "%trunc_ln42_129 = partselect i14 @_ssdm_op_PartSelect.i14.i24.i32.i32, i24 %mul_ln73_101, i32 10, i32 23" [firmware/nnet_utils/nnet_dense_latency.h:42]   --->   Operation 98 'partselect' 'trunc_ln42_129' <Predicate = true> <Delay = 0.00>
ST_2 : Operation 99 [1/1] (0.00ns)   --->   "%sext_ln42_53 = sext i14 %trunc_ln42_129" [firmware/nnet_utils/nnet_dense_latency.h:42]   --->   Operation 99 'sext' 'sext_ln42_53' <Predicate = true> <Delay = 0.00>
ST_2 : Operation 100 [1/1] (1.94ns)   --->   "%mul_ln73_102 = mul i26 %sext_ln70_52, i26 67108403" [firmware/nnet_utils/nnet_mult.h:73->firmware/nnet_utils/nnet_dense_latency.h:42]   --->   Operation 100 'mul' 'mul_ln73_102' <Predicate = true> <Delay = 1.94> <CoreInst = "Multiplier">   --->   Core 3 'Multiplier' <Latency = 0> <II = 1> <Delay = 1.94> <FuncUnit> <Opcode : 'mul'> <InPorts = 2> <OutPorts = 1>
ST_2 : Operation 101 [1/1] (0.00ns)   --->   "%trunc_ln42_130 = partselect i16 @_ssdm_op_PartSelect.i16.i26.i32.i32, i26 %mul_ln73_102, i32 10, i32 25" [firmware/nnet_utils/nnet_dense_latency.h:42]   --->   Operation 101 'partselect' 'trunc_ln42_130' <Predicate = true> <Delay = 0.00>
ST_2 : Operation 102 [1/1] (1.94ns)   --->   "%mul_ln42_2 = mul i26 %sext_ln70_52, i26 67108311" [firmware/nnet_utils/nnet_dense_latency.h:42]   --->   Operation 102 'mul' 'mul_ln42_2' <Predicate = true> <Delay = 1.94> <CoreInst = "Multiplier">   --->   Core 3 'Multiplier' <Latency = 0> <II = 1> <Delay = 1.94> <FuncUnit> <Opcode : 'mul'> <InPorts = 2> <OutPorts = 1>
ST_2 : Operation 103 [1/1] (0.00ns)   --->   "%trunc_ln42_131 = partselect i16 @_ssdm_op_PartSelect.i16.i26.i32.i32, i26 %mul_ln42_2, i32 10, i32 25" [firmware/nnet_utils/nnet_dense_latency.h:42]   --->   Operation 103 'partselect' 'trunc_ln42_131' <Predicate = true> <Delay = 0.00>
ST_2 : Operation 104 [1/1] (1.94ns)   --->   "%mul_ln42_3 = mul i26 %sext_ln70_52, i26 67108203" [firmware/nnet_utils/nnet_dense_latency.h:42]   --->   Operation 104 'mul' 'mul_ln42_3' <Predicate = true> <Delay = 1.94> <CoreInst = "Multiplier">   --->   Core 3 'Multiplier' <Latency = 0> <II = 1> <Delay = 1.94> <FuncUnit> <Opcode : 'mul'> <InPorts = 2> <OutPorts = 1>
ST_2 : Operation 105 [1/1] (0.00ns)   --->   "%trunc_ln42_132 = partselect i16 @_ssdm_op_PartSelect.i16.i26.i32.i32, i26 %mul_ln42_3, i32 10, i32 25" [firmware/nnet_utils/nnet_dense_latency.h:42]   --->   Operation 105 'partselect' 'trunc_ln42_132' <Predicate = true> <Delay = 0.00>
ST_2 : Operation 106 [1/1] (0.00ns)   --->   "%sext_ln70_54 = sext i16 %data_2_val_read" [firmware/nnet_utils/nnet_mult.h:70->firmware/nnet_utils/nnet_dense_latency.h:42]   --->   Operation 106 'sext' 'sext_ln70_54' <Predicate = true> <Delay = 0.00>
ST_2 : Operation 107 [1/1] (0.00ns)   --->   "%sext_ln70_55 = sext i16 %data_2_val_read" [firmware/nnet_utils/nnet_mult.h:70->firmware/nnet_utils/nnet_dense_latency.h:42]   --->   Operation 107 'sext' 'sext_ln70_55' <Predicate = true> <Delay = 0.00>
ST_2 : Operation 108 [1/1] (1.94ns)   --->   "%mul_ln42_4 = mul i26 %sext_ln70_54, i26 67108346" [firmware/nnet_utils/nnet_dense_latency.h:42]   --->   Operation 108 'mul' 'mul_ln42_4' <Predicate = true> <Delay = 1.94> <CoreInst = "Multiplier">   --->   Core 3 'Multiplier' <Latency = 0> <II = 1> <Delay = 1.94> <FuncUnit> <Opcode : 'mul'> <InPorts = 2> <OutPorts = 1>
ST_2 : Operation 109 [1/1] (0.00ns)   --->   "%trunc_ln42_133 = partselect i16 @_ssdm_op_PartSelect.i16.i26.i32.i32, i26 %mul_ln42_4, i32 10, i32 25" [firmware/nnet_utils/nnet_dense_latency.h:42]   --->   Operation 109 'partselect' 'trunc_ln42_133' <Predicate = true> <Delay = 0.00>
ST_2 : Operation 110 [1/1] (1.94ns)   --->   "%mul_ln73_103 = mul i25 %sext_ln70_55, i25 175" [firmware/nnet_utils/nnet_mult.h:73->firmware/nnet_utils/nnet_dense_latency.h:42]   --->   Operation 110 'mul' 'mul_ln73_103' <Predicate = true> <Delay = 1.94> <CoreInst = "Multiplier">   --->   Core 3 'Multiplier' <Latency = 0> <II = 1> <Delay = 1.94> <FuncUnit> <Opcode : 'mul'> <InPorts = 2> <OutPorts = 1>
ST_2 : Operation 111 [1/1] (0.00ns)   --->   "%trunc_ln42_134 = partselect i15 @_ssdm_op_PartSelect.i15.i25.i32.i32, i25 %mul_ln73_103, i32 10, i32 24" [firmware/nnet_utils/nnet_dense_latency.h:42]   --->   Operation 111 'partselect' 'trunc_ln42_134' <Predicate = true> <Delay = 0.00>
ST_2 : Operation 112 [1/1] (0.00ns)   --->   "%sext_ln42_54 = sext i15 %trunc_ln42_134" [firmware/nnet_utils/nnet_dense_latency.h:42]   --->   Operation 112 'sext' 'sext_ln42_54' <Predicate = true> <Delay = 0.00>
ST_2 : Operation 113 [1/1] (1.94ns)   --->   "%mul_ln42_5 = mul i26 %sext_ln70_54, i26 67108309" [firmware/nnet_utils/nnet_dense_latency.h:42]   --->   Operation 113 'mul' 'mul_ln42_5' <Predicate = true> <Delay = 1.94> <CoreInst = "Multiplier">   --->   Core 3 'Multiplier' <Latency = 0> <II = 1> <Delay = 1.94> <FuncUnit> <Opcode : 'mul'> <InPorts = 2> <OutPorts = 1>
ST_2 : Operation 114 [1/1] (0.00ns)   --->   "%trunc_ln42_135 = partselect i16 @_ssdm_op_PartSelect.i16.i26.i32.i32, i26 %mul_ln42_5, i32 10, i32 25" [firmware/nnet_utils/nnet_dense_latency.h:42]   --->   Operation 114 'partselect' 'trunc_ln42_135' <Predicate = true> <Delay = 0.00>
ST_2 : Operation 115 [1/1] (1.94ns)   --->   "%mul_ln73_104 = mul i26 %sext_ln70_54, i26 367" [firmware/nnet_utils/nnet_mult.h:73->firmware/nnet_utils/nnet_dense_latency.h:42]   --->   Operation 115 'mul' 'mul_ln73_104' <Predicate = true> <Delay = 1.94> <CoreInst = "Multiplier">   --->   Core 3 'Multiplier' <Latency = 0> <II = 1> <Delay = 1.94> <FuncUnit> <Opcode : 'mul'> <InPorts = 2> <OutPorts = 1>
ST_2 : Operation 116 [1/1] (0.00ns)   --->   "%trunc_ln42_136 = partselect i16 @_ssdm_op_PartSelect.i16.i26.i32.i32, i26 %mul_ln73_104, i32 10, i32 25" [firmware/nnet_utils/nnet_dense_latency.h:42]   --->   Operation 116 'partselect' 'trunc_ln42_136' <Predicate = true> <Delay = 0.00>
ST_2 : Operation 117 [1/1] (0.00ns)   --->   "%sext_ln70_56 = sext i16 %data_3_val_read" [firmware/nnet_utils/nnet_mult.h:70->firmware/nnet_utils/nnet_dense_latency.h:42]   --->   Operation 117 'sext' 'sext_ln70_56' <Predicate = true> <Delay = 0.00>
ST_2 : Operation 118 [1/1] (0.00ns)   --->   "%sext_ln70_57 = sext i16 %data_3_val_read" [firmware/nnet_utils/nnet_mult.h:70->firmware/nnet_utils/nnet_dense_latency.h:42]   --->   Operation 118 'sext' 'sext_ln70_57' <Predicate = true> <Delay = 0.00>
ST_2 : Operation 119 [1/1] (1.94ns)   --->   "%mul_ln73_105 = mul i24 %sext_ln70_57, i24 16777119" [firmware/nnet_utils/nnet_mult.h:73->firmware/nnet_utils/nnet_dense_latency.h:42]   --->   Operation 119 'mul' 'mul_ln73_105' <Predicate = true> <Delay = 1.94> <CoreInst = "Multiplier">   --->   Core 3 'Multiplier' <Latency = 0> <II = 1> <Delay = 1.94> <FuncUnit> <Opcode : 'mul'> <InPorts = 2> <OutPorts = 1>
ST_2 : Operation 120 [1/1] (0.00ns)   --->   "%trunc_ln42_137 = partselect i14 @_ssdm_op_PartSelect.i14.i24.i32.i32, i24 %mul_ln73_105, i32 10, i32 23" [firmware/nnet_utils/nnet_dense_latency.h:42]   --->   Operation 120 'partselect' 'trunc_ln42_137' <Predicate = true> <Delay = 0.00>
ST_2 : Operation 121 [1/1] (0.00ns)   --->   "%sext_ln42_55 = sext i14 %trunc_ln42_137" [firmware/nnet_utils/nnet_dense_latency.h:42]   --->   Operation 121 'sext' 'sext_ln42_55' <Predicate = true> <Delay = 0.00>
ST_2 : Operation 122 [1/1] (1.94ns)   --->   "%mul_ln73_106 = mul i25 %sext_ln70_56, i25 165" [firmware/nnet_utils/nnet_mult.h:73->firmware/nnet_utils/nnet_dense_latency.h:42]   --->   Operation 122 'mul' 'mul_ln73_106' <Predicate = true> <Delay = 1.94> <CoreInst = "Multiplier">   --->   Core 3 'Multiplier' <Latency = 0> <II = 1> <Delay = 1.94> <FuncUnit> <Opcode : 'mul'> <InPorts = 2> <OutPorts = 1>
ST_2 : Operation 123 [1/1] (0.00ns)   --->   "%trunc_ln42_138 = partselect i15 @_ssdm_op_PartSelect.i15.i25.i32.i32, i25 %mul_ln73_106, i32 10, i32 24" [firmware/nnet_utils/nnet_dense_latency.h:42]   --->   Operation 123 'partselect' 'trunc_ln42_138' <Predicate = true> <Delay = 0.00>
ST_2 : Operation 124 [1/1] (0.00ns)   --->   "%sext_ln42_56 = sext i15 %trunc_ln42_138" [firmware/nnet_utils/nnet_dense_latency.h:42]   --->   Operation 124 'sext' 'sext_ln42_56' <Predicate = true> <Delay = 0.00>
ST_2 : Operation 125 [1/1] (1.94ns)   --->   "%mul_ln73_107 = mul i25 %sext_ln70_56, i25 33554299" [firmware/nnet_utils/nnet_mult.h:73->firmware/nnet_utils/nnet_dense_latency.h:42]   --->   Operation 125 'mul' 'mul_ln73_107' <Predicate = true> <Delay = 1.94> <CoreInst = "Multiplier">   --->   Core 3 'Multiplier' <Latency = 0> <II = 1> <Delay = 1.94> <FuncUnit> <Opcode : 'mul'> <InPorts = 2> <OutPorts = 1>
ST_2 : Operation 126 [1/1] (0.00ns)   --->   "%trunc_ln42_139 = partselect i15 @_ssdm_op_PartSelect.i15.i25.i32.i32, i25 %mul_ln73_107, i32 10, i32 24" [firmware/nnet_utils/nnet_dense_latency.h:42]   --->   Operation 126 'partselect' 'trunc_ln42_139' <Predicate = true> <Delay = 0.00>
ST_2 : Operation 127 [1/1] (0.00ns)   --->   "%sext_ln42_57 = sext i15 %trunc_ln42_139" [firmware/nnet_utils/nnet_dense_latency.h:42]   --->   Operation 127 'sext' 'sext_ln42_57' <Predicate = true> <Delay = 0.00>
ST_2 : Operation 128 [1/1] (1.94ns)   --->   "%mul_ln73_108 = mul i25 %sext_ln70_56, i25 181" [firmware/nnet_utils/nnet_mult.h:73->firmware/nnet_utils/nnet_dense_latency.h:42]   --->   Operation 128 'mul' 'mul_ln73_108' <Predicate = true> <Delay = 1.94> <CoreInst = "Multiplier">   --->   Core 3 'Multiplier' <Latency = 0> <II = 1> <Delay = 1.94> <FuncUnit> <Opcode : 'mul'> <InPorts = 2> <OutPorts = 1>
ST_2 : Operation 129 [1/1] (0.00ns)   --->   "%trunc_ln42_140 = partselect i15 @_ssdm_op_PartSelect.i15.i25.i32.i32, i25 %mul_ln73_108, i32 10, i32 24" [firmware/nnet_utils/nnet_dense_latency.h:42]   --->   Operation 129 'partselect' 'trunc_ln42_140' <Predicate = true> <Delay = 0.00>
ST_2 : Operation 130 [1/1] (0.00ns)   --->   "%sext_ln42_58 = sext i15 %trunc_ln42_140" [firmware/nnet_utils/nnet_dense_latency.h:42]   --->   Operation 130 'sext' 'sext_ln42_58' <Predicate = true> <Delay = 0.00>
ST_2 : Operation 131 [1/1] (0.78ns)   --->   "%add_ln58 = add i16 %sext_ln42_53, i16 %trunc_ln" [firmware/nnet_utils/nnet_dense_latency.h:58]   --->   Operation 131 'add' 'add_ln58' <Predicate = true> <Delay = 0.78> <CoreInst = "Adder">   --->   Core 1 'Adder' <Latency = 0> <II = 1> <Delay = 0.78> <FuncUnit> <Opcode : 'add' 'sub'> <InPorts = 2> <OutPorts = 1>
ST_2 : Operation 132 [1/1] (0.78ns)   --->   "%add_ln58_120 = add i16 %trunc_ln42_133, i16 %sext_ln42_55" [firmware/nnet_utils/nnet_dense_latency.h:58]   --->   Operation 132 'add' 'add_ln58_120' <Predicate = true> <Delay = 0.78> <CoreInst = "Adder">   --->   Core 1 'Adder' <Latency = 0> <II = 1> <Delay = 0.78> <FuncUnit> <Opcode : 'add' 'sub'> <InPorts = 2> <OutPorts = 1>
ST_2 : Operation 133 [1/1] (0.00ns) (grouped into TernaryAdder)   --->   "%add_ln58_121 = add i16 %add_ln58_120, i16 %add_ln58" [firmware/nnet_utils/nnet_dense_latency.h:58]   --->   Operation 133 'add' 'add_ln58_121' <Predicate = true> <Delay = 0.00> <CoreInst = "TAddSub">   --->   Core 10 'TAddSub' <Latency = 0> <II = 1> <Delay = 0.33> <IPBlock> <Opcode : '' 'add' 'sub'> <InPorts = 3> <OutPorts = 1> <Sync> <CReg>
ST_2 : Operation 134 [1/1] (0.67ns) (root node of TernaryAdder)   --->   "%add_ln58_125 = add i16 %add_ln58_124, i16 %add_ln58_121" [firmware/nnet_utils/nnet_dense_latency.h:58]   --->   Operation 134 'add' 'add_ln58_125' <Predicate = true> <Delay = 0.67> <CoreInst = "TAddSub">   --->   Core 10 'TAddSub' <Latency = 0> <II = 1> <Delay = 0.33> <IPBlock> <Opcode : '' 'add' 'sub'> <InPorts = 3> <OutPorts = 1> <Sync> <CReg>
ST_2 : Operation 135 [1/1] (0.78ns)   --->   "%add_ln58_126 = add i16 %trunc_ln42_130, i16 %sext_ln42" [firmware/nnet_utils/nnet_dense_latency.h:58]   --->   Operation 135 'add' 'add_ln58_126' <Predicate = true> <Delay = 0.78> <CoreInst = "Adder">   --->   Core 1 'Adder' <Latency = 0> <II = 1> <Delay = 0.78> <FuncUnit> <Opcode : 'add' 'sub'> <InPorts = 2> <OutPorts = 1>
ST_2 : Operation 136 [1/1] (0.77ns)   --->   "%add_ln58_127 = add i16 %sext_ln42_54, i16 %sext_ln42_56" [firmware/nnet_utils/nnet_dense_latency.h:58]   --->   Operation 136 'add' 'add_ln58_127' <Predicate = true> <Delay = 0.77> <CoreInst = "Adder">   --->   Core 1 'Adder' <Latency = 0> <II = 1> <Delay = 0.77> <FuncUnit> <Opcode : 'add' 'sub'> <InPorts = 2> <OutPorts = 1>
ST_2 : Operation 137 [1/1] (0.00ns) (grouped into TernaryAdder)   --->   "%add_ln58_128 = add i16 %add_ln58_127, i16 %add_ln58_126" [firmware/nnet_utils/nnet_dense_latency.h:58]   --->   Operation 137 'add' 'add_ln58_128' <Predicate = true> <Delay = 0.00> <CoreInst = "TAddSub">   --->   Core 10 'TAddSub' <Latency = 0> <II = 1> <Delay = 0.33> <IPBlock> <Opcode : '' 'add' 'sub'> <InPorts = 3> <OutPorts = 1> <Sync> <CReg>
ST_2 : Operation 138 [1/1] (0.67ns) (root node of TernaryAdder)   --->   "%add_ln58_132 = add i16 %add_ln58_131, i16 %add_ln58_128" [firmware/nnet_utils/nnet_dense_latency.h:58]   --->   Operation 138 'add' 'add_ln58_132' <Predicate = true> <Delay = 0.67> <CoreInst = "TAddSub">   --->   Core 10 'TAddSub' <Latency = 0> <II = 1> <Delay = 0.33> <IPBlock> <Opcode : '' 'add' 'sub'> <InPorts = 3> <OutPorts = 1> <Sync> <CReg>
ST_2 : Operation 139 [1/1] (0.78ns)   --->   "%add_ln58_133 = add i16 %trunc_ln42_131, i16 %trunc_ln42_127" [firmware/nnet_utils/nnet_dense_latency.h:58]   --->   Operation 139 'add' 'add_ln58_133' <Predicate = true> <Delay = 0.78> <CoreInst = "Adder">   --->   Core 1 'Adder' <Latency = 0> <II = 1> <Delay = 0.78> <FuncUnit> <Opcode : 'add' 'sub'> <InPorts = 2> <OutPorts = 1>
ST_2 : Operation 140 [1/1] (0.78ns)   --->   "%add_ln58_134 = add i16 %trunc_ln42_135, i16 %sext_ln42_57" [firmware/nnet_utils/nnet_dense_latency.h:58]   --->   Operation 140 'add' 'add_ln58_134' <Predicate = true> <Delay = 0.78> <CoreInst = "Adder">   --->   Core 1 'Adder' <Latency = 0> <II = 1> <Delay = 0.78> <FuncUnit> <Opcode : 'add' 'sub'> <InPorts = 2> <OutPorts = 1>
ST_2 : Operation 141 [1/1] (0.00ns) (grouped into TernaryAdder)   --->   "%add_ln58_135 = add i16 %add_ln58_134, i16 %add_ln58_133" [firmware/nnet_utils/nnet_dense_latency.h:58]   --->   Operation 141 'add' 'add_ln58_135' <Predicate = true> <Delay = 0.00> <CoreInst = "TAddSub">   --->   Core 10 'TAddSub' <Latency = 0> <II = 1> <Delay = 0.33> <IPBlock> <Opcode : '' 'add' 'sub'> <InPorts = 3> <OutPorts = 1> <Sync> <CReg>
ST_2 : Operation 142 [1/1] (0.67ns) (root node of TernaryAdder)   --->   "%add_ln58_139 = add i16 %add_ln58_138, i16 %add_ln58_135" [firmware/nnet_utils/nnet_dense_latency.h:58]   --->   Operation 142 'add' 'add_ln58_139' <Predicate = true> <Delay = 0.67> <CoreInst = "TAddSub">   --->   Core 10 'TAddSub' <Latency = 0> <II = 1> <Delay = 0.33> <IPBlock> <Opcode : '' 'add' 'sub'> <InPorts = 3> <OutPorts = 1> <Sync> <CReg>
ST_2 : Operation 143 [1/1] (0.78ns)   --->   "%add_ln58_140 = add i16 %trunc_ln42_132, i16 %trunc_ln42_128" [firmware/nnet_utils/nnet_dense_latency.h:58]   --->   Operation 143 'add' 'add_ln58_140' <Predicate = true> <Delay = 0.78> <CoreInst = "Adder">   --->   Core 1 'Adder' <Latency = 0> <II = 1> <Delay = 0.78> <FuncUnit> <Opcode : 'add' 'sub'> <InPorts = 2> <OutPorts = 1>
ST_2 : Operation 144 [1/1] (0.78ns)   --->   "%add_ln58_141 = add i16 %trunc_ln42_136, i16 %sext_ln42_58" [firmware/nnet_utils/nnet_dense_latency.h:58]   --->   Operation 144 'add' 'add_ln58_141' <Predicate = true> <Delay = 0.78> <CoreInst = "Adder">   --->   Core 1 'Adder' <Latency = 0> <II = 1> <Delay = 0.78> <FuncUnit> <Opcode : 'add' 'sub'> <InPorts = 2> <OutPorts = 1>
ST_2 : Operation 145 [1/1] (0.00ns) (grouped into TernaryAdder)   --->   "%add_ln58_142 = add i16 %add_ln58_141, i16 %add_ln58_140" [firmware/nnet_utils/nnet_dense_latency.h:58]   --->   Operation 145 'add' 'add_ln58_142' <Predicate = true> <Delay = 0.00> <CoreInst = "TAddSub">   --->   Core 10 'TAddSub' <Latency = 0> <II = 1> <Delay = 0.33> <IPBlock> <Opcode : '' 'add' 'sub'> <InPorts = 3> <OutPorts = 1> <Sync> <CReg>
ST_2 : Operation 146 [1/1] (0.67ns) (root node of TernaryAdder)   --->   "%add_ln58_146 = add i16 %add_ln58_145, i16 %add_ln58_142" [firmware/nnet_utils/nnet_dense_latency.h:58]   --->   Operation 146 'add' 'add_ln58_146' <Predicate = true> <Delay = 0.67> <CoreInst = "TAddSub">   --->   Core 10 'TAddSub' <Latency = 0> <II = 1> <Delay = 0.33> <IPBlock> <Opcode : '' 'add' 'sub'> <InPorts = 3> <OutPorts = 1> <Sync> <CReg>
ST_2 : Operation 147 [1/1] (0.00ns)   --->   "%shl_ln = bitconcatenate i26 @_ssdm_op_BitConcatenate.i26.i16.i10, i16 %add_ln58_125, i10 0" [firmware/nnet_utils/nnet_mult.h:111->firmware/nnet_utils/nnet_dense_latency.h:66]   --->   Operation 147 'bitconcatenate' 'shl_ln' <Predicate = true> <Delay = 0.00>
ST_2 : Operation 148 [1/1] (0.00ns)   --->   "%sext_ln111 = sext i26 %shl_ln" [firmware/nnet_utils/nnet_mult.h:111->firmware/nnet_utils/nnet_dense_latency.h:66]   --->   Operation 148 'sext' 'sext_ln111' <Predicate = true> <Delay = 0.00>
ST_2 : Operation 149 [1/1] (0.00ns)   --->   "%shl_ln111_8 = bitconcatenate i26 @_ssdm_op_BitConcatenate.i26.i16.i10, i16 %add_ln58_132, i10 0" [firmware/nnet_utils/nnet_mult.h:111->firmware/nnet_utils/nnet_dense_latency.h:66]   --->   Operation 149 'bitconcatenate' 'shl_ln111_8' <Predicate = true> <Delay = 0.00>
ST_2 : Operation 150 [1/1] (0.00ns)   --->   "%sext_ln111_7 = sext i26 %shl_ln111_8" [firmware/nnet_utils/nnet_mult.h:111->firmware/nnet_utils/nnet_dense_latency.h:66]   --->   Operation 150 'sext' 'sext_ln111_7' <Predicate = true> <Delay = 0.00>
ST_2 : Operation 151 [1/1] (0.00ns)   --->   "%shl_ln111_9 = bitconcatenate i26 @_ssdm_op_BitConcatenate.i26.i16.i10, i16 %add_ln58_139, i10 0" [firmware/nnet_utils/nnet_mult.h:111->firmware/nnet_utils/nnet_dense_latency.h:66]   --->   Operation 151 'bitconcatenate' 'shl_ln111_9' <Predicate = true> <Delay = 0.00>
ST_2 : Operation 152 [1/1] (0.00ns)   --->   "%sext_ln111_8 = sext i26 %shl_ln111_9" [firmware/nnet_utils/nnet_mult.h:111->firmware/nnet_utils/nnet_dense_latency.h:66]   --->   Operation 152 'sext' 'sext_ln111_8' <Predicate = true> <Delay = 0.00>
ST_2 : Operation 153 [1/1] (0.00ns)   --->   "%shl_ln111_s = bitconcatenate i26 @_ssdm_op_BitConcatenate.i26.i16.i10, i16 %add_ln58_146, i10 0" [firmware/nnet_utils/nnet_mult.h:111->firmware/nnet_utils/nnet_dense_latency.h:66]   --->   Operation 153 'bitconcatenate' 'shl_ln111_s' <Predicate = true> <Delay = 0.00>
ST_2 : Operation 154 [1/1] (0.00ns)   --->   "%sext_ln68 = sext i26 %shl_ln111_s" [firmware/nnet_utils/nnet_dense_latency.h:68]   --->   Operation 154 'sext' 'sext_ln68' <Predicate = true> <Delay = 0.00>
ST_2 : Operation 155 [1/1] (0.00ns)   --->   "%mrv = insertvalue i144 <undef>, i36 %sext_ln111" [firmware/nnet_utils/nnet_dense_latency.h:68]   --->   Operation 155 'insertvalue' 'mrv' <Predicate = true> <Delay = 0.00>
ST_2 : Operation 156 [1/1] (0.00ns)   --->   "%mrv_1 = insertvalue i144 %mrv, i36 %sext_ln111_7" [firmware/nnet_utils/nnet_dense_latency.h:68]   --->   Operation 156 'insertvalue' 'mrv_1' <Predicate = true> <Delay = 0.00>
ST_2 : Operation 157 [1/1] (0.00ns)   --->   "%mrv_2 = insertvalue i144 %mrv_1, i36 %sext_ln111_8" [firmware/nnet_utils/nnet_dense_latency.h:68]   --->   Operation 157 'insertvalue' 'mrv_2' <Predicate = true> <Delay = 0.00>
ST_2 : Operation 158 [1/1] (0.00ns)   --->   "%mrv_3 = insertvalue i144 %mrv_2, i36 %sext_ln68" [firmware/nnet_utils/nnet_dense_latency.h:68]   --->   Operation 158 'insertvalue' 'mrv_3' <Predicate = true> <Delay = 0.00>
ST_2 : Operation 159 [1/1] (0.00ns)   --->   "%ret_ln68 = ret i144 %mrv_3" [firmware/nnet_utils/nnet_dense_latency.h:68]   --->   Operation 159 'ret' 'ret_ln68' <Predicate = true> <Delay = 0.00>


============================================================
+ Verbose Summary: Binding
============================================================
STG Binding: 
---------------- STG Properties BEGIN ----------------
- Is combinational: 0
- Is one-state seq: 0
- Is datapath-only: 0
- Is pipelined: 1
- Is top level: 0
Port [ Return ] is wired: 1; IO mode=ap_ctrl_hs:ce=0
Port [ data_0_val]:  wired=1; compound=0; hidden=0; nouse=0; global=0; static=0; extern=0; dir=0; type=0; pingpong=0; private_global=0; IO mode=ap_none:ce=0
Port [ data_1_val]:  wired=1; compound=0; hidden=0; nouse=0; global=0; static=0; extern=0; dir=0; type=0; pingpong=0; private_global=0; IO mode=ap_none:ce=0
Port [ data_2_val]:  wired=1; compound=0; hidden=0; nouse=0; global=0; static=0; extern=0; dir=0; type=0; pingpong=0; private_global=0; IO mode=ap_none:ce=0
Port [ data_3_val]:  wired=1; compound=0; hidden=0; nouse=0; global=0; static=0; extern=0; dir=0; type=0; pingpong=0; private_global=0; IO mode=ap_none:ce=0
Port [ data_4_val]:  wired=1; compound=0; hidden=0; nouse=0; global=0; static=0; extern=0; dir=0; type=0; pingpong=0; private_global=0; IO mode=ap_none:ce=0
Port [ data_5_val]:  wired=1; compound=0; hidden=0; nouse=0; global=0; static=0; extern=0; dir=0; type=0; pingpong=0; private_global=0; IO mode=ap_none:ce=0
Port [ data_6_val]:  wired=1; compound=0; hidden=0; nouse=0; global=0; static=0; extern=0; dir=0; type=0; pingpong=0; private_global=0; IO mode=ap_none:ce=0
Port [ data_7_val]:  wired=1; compound=0; hidden=0; nouse=0; global=0; static=0; extern=0; dir=0; type=0; pingpong=0; private_global=0; IO mode=ap_none:ce=0
---------------- STG Properties END ------------------

---------------- Datapath Model BEGIN ----------------

<LifeTime>
<method=bitvector/>
data_7_val_read        (read             ) [ 000]
data_6_val_read        (read             ) [ 000]
data_5_val_read        (read             ) [ 000]
data_4_val_read        (read             ) [ 000]
data_3_val_read        (read             ) [ 011]
data_2_val_read        (read             ) [ 011]
data_1_val_read        (read             ) [ 011]
data_0_val_read        (read             ) [ 011]
sext_ln70_58           (sext             ) [ 000]
mul_ln73_109           (mul              ) [ 000]
trunc_ln42_141         (partselect       ) [ 000]
mul_ln73_110           (mul              ) [ 000]
trunc_ln42_142         (partselect       ) [ 000]
mul_ln73_111           (mul              ) [ 000]
trunc_ln42_143         (partselect       ) [ 000]
mul_ln73_112           (mul              ) [ 000]
trunc_ln42_144         (partselect       ) [ 000]
sext_ln70_59           (sext             ) [ 000]
sext_ln70_60           (sext             ) [ 000]
mul_ln73_113           (mul              ) [ 000]
trunc_ln42_145         (partselect       ) [ 000]
mul_ln73_114           (mul              ) [ 000]
trunc_ln42_146         (partselect       ) [ 000]
sext_ln42_59           (sext             ) [ 000]
tmp                    (bitconcatenate   ) [ 000]
sext_ln73              (sext             ) [ 000]
sub_ln73               (sub              ) [ 000]
sub_ln73_26            (sub              ) [ 000]
trunc_ln42_147         (partselect       ) [ 000]
sext_ln42_60           (sext             ) [ 000]
tmp_9064               (bitconcatenate   ) [ 000]
sext_ln73_59           (sext             ) [ 000]
sext_ln73_60           (sext             ) [ 000]
sub_ln73_27            (sub              ) [ 000]
trunc_ln42_148         (partselect       ) [ 000]
sext_ln42_61           (sext             ) [ 000]
sext_ln70_61           (sext             ) [ 000]
sext_ln70_62           (sext             ) [ 000]
tmp_9065               (bitconcatenate   ) [ 000]
sext_ln73_61           (sext             ) [ 000]
sub_ln73_28            (sub              ) [ 000]
tmp_9066               (bitconcatenate   ) [ 000]
sext_ln73_62           (sext             ) [ 000]
sub_ln73_29            (sub              ) [ 000]
trunc_ln42_149         (partselect       ) [ 000]
sext_ln42_62           (sext             ) [ 000]
mul_ln73_115           (mul              ) [ 000]
trunc_ln42_150         (partselect       ) [ 000]
mul_ln73_116           (mul              ) [ 000]
trunc_ln42_151         (partselect       ) [ 000]
sext_ln42_63           (sext             ) [ 000]
tmp_9067               (bitconcatenate   ) [ 000]
sext_ln73_63           (sext             ) [ 000]
tmp_9068               (bitconcatenate   ) [ 000]
sext_ln73_64           (sext             ) [ 000]
sub_ln73_30            (sub              ) [ 000]
trunc_ln42_152         (partselect       ) [ 000]
sext_ln42_64           (sext             ) [ 000]
sext_ln70_63           (sext             ) [ 000]
mul_ln42_6             (mul              ) [ 000]
trunc_ln42_153         (partselect       ) [ 000]
mul_ln73_117           (mul              ) [ 000]
trunc_ln42_154         (partselect       ) [ 000]
mul_ln42_7             (mul              ) [ 000]
trunc_ln42_155         (partselect       ) [ 000]
mul_ln73_118           (mul              ) [ 000]
trunc_ln42_156         (partselect       ) [ 000]
add_ln58_122           (add              ) [ 000]
add_ln58_123           (add              ) [ 000]
add_ln58_124           (add              ) [ 011]
add_ln58_129           (add              ) [ 000]
add_ln58_130           (add              ) [ 000]
add_ln58_131           (add              ) [ 011]
add_ln58_136           (add              ) [ 000]
add_ln58_137           (add              ) [ 000]
add_ln58_138           (add              ) [ 011]
add_ln58_143           (add              ) [ 000]
add_ln58_144           (add              ) [ 000]
add_ln58_145           (add              ) [ 011]
specpipeline_ln33      (specpipeline     ) [ 000]
specresourcelimit_ln33 (specresourcelimit) [ 000]
sext_ln70              (sext             ) [ 000]
sext_ln70_51           (sext             ) [ 000]
mul_ln73               (mul              ) [ 000]
trunc_ln               (partselect       ) [ 000]
mul_ln73_100           (mul              ) [ 000]
trunc_ln42_s           (partselect       ) [ 000]
sext_ln42              (sext             ) [ 000]
mul_ln42               (mul              ) [ 000]
trunc_ln42_127         (partselect       ) [ 000]
mul_ln42_1             (mul              ) [ 000]
trunc_ln42_128         (partselect       ) [ 000]
sext_ln70_52           (sext             ) [ 000]
sext_ln70_53           (sext             ) [ 000]
mul_ln73_101           (mul              ) [ 000]
trunc_ln42_129         (partselect       ) [ 000]
sext_ln42_53           (sext             ) [ 000]
mul_ln73_102           (mul              ) [ 000]
trunc_ln42_130         (partselect       ) [ 000]
mul_ln42_2             (mul              ) [ 000]
trunc_ln42_131         (partselect       ) [ 000]
mul_ln42_3             (mul              ) [ 000]
trunc_ln42_132         (partselect       ) [ 000]
sext_ln70_54           (sext             ) [ 000]
sext_ln70_55           (sext             ) [ 000]
mul_ln42_4             (mul              ) [ 000]
trunc_ln42_133         (partselect       ) [ 000]
mul_ln73_103           (mul              ) [ 000]
trunc_ln42_134         (partselect       ) [ 000]
sext_ln42_54           (sext             ) [ 000]
mul_ln42_5             (mul              ) [ 000]
trunc_ln42_135         (partselect       ) [ 000]
mul_ln73_104           (mul              ) [ 000]
trunc_ln42_136         (partselect       ) [ 000]
sext_ln70_56           (sext             ) [ 000]
sext_ln70_57           (sext             ) [ 000]
mul_ln73_105           (mul              ) [ 000]
trunc_ln42_137         (partselect       ) [ 000]
sext_ln42_55           (sext             ) [ 000]
mul_ln73_106           (mul              ) [ 000]
trunc_ln42_138         (partselect       ) [ 000]
sext_ln42_56           (sext             ) [ 000]
mul_ln73_107           (mul              ) [ 000]
trunc_ln42_139         (partselect       ) [ 000]
sext_ln42_57           (sext             ) [ 000]
mul_ln73_108           (mul              ) [ 000]
trunc_ln42_140         (partselect       ) [ 000]
sext_ln42_58           (sext             ) [ 000]
add_ln58               (add              ) [ 000]
add_ln58_120           (add              ) [ 000]
add_ln58_121           (add              ) [ 000]
add_ln58_125           (add              ) [ 000]
add_ln58_126           (add              ) [ 000]
add_ln58_127           (add              ) [ 000]
add_ln58_128           (add              ) [ 000]
add_ln58_132           (add              ) [ 000]
add_ln58_133           (add              ) [ 000]
add_ln58_134           (add              ) [ 000]
add_ln58_135           (add              ) [ 000]
add_ln58_139           (add              ) [ 000]
add_ln58_140           (add              ) [ 000]
add_ln58_141           (add              ) [ 000]
add_ln58_142           (add              ) [ 000]
add_ln58_146           (add              ) [ 000]
shl_ln                 (bitconcatenate   ) [ 000]
sext_ln111             (sext             ) [ 000]
shl_ln111_8            (bitconcatenate   ) [ 000]
sext_ln111_7           (sext             ) [ 000]
shl_ln111_9            (bitconcatenate   ) [ 000]
sext_ln111_8           (sext             ) [ 000]
shl_ln111_s            (bitconcatenate   ) [ 000]
sext_ln68              (sext             ) [ 000]
mrv                    (insertvalue      ) [ 000]
mrv_1                  (insertvalue      ) [ 000]
mrv_2                  (insertvalue      ) [ 000]
mrv_3                  (insertvalue      ) [ 000]
ret_ln68               (ret              ) [ 000]
</LifeTime>

<model>

<comp_list>
<comp id="0" class="1000" name="data_0_val">
<pin_list>
<pin id="1" dir="1" index="0" bw="1" slack="0"/>
</pin_list>
<bind>
<StgValue><ssdm name="data_0_val"/></StgValue>
</bind>
</comp>

<comp id="2" class="1000" name="data_1_val">
<pin_list>
<pin id="3" dir="1" index="0" bw="1" slack="0"/>
</pin_list>
<bind>
<StgValue><ssdm name="data_1_val"/></StgValue>
</bind>
</comp>

<comp id="4" class="1000" name="data_2_val">
<pin_list>
<pin id="5" dir="1" index="0" bw="1" slack="0"/>
</pin_list>
<bind>
<StgValue><ssdm name="data_2_val"/></StgValue>
</bind>
</comp>

<comp id="6" class="1000" name="data_3_val">
<pin_list>
<pin id="7" dir="1" index="0" bw="1" slack="0"/>
</pin_list>
<bind>
<StgValue><ssdm name="data_3_val"/></StgValue>
</bind>
</comp>

<comp id="8" class="1000" name="data_4_val">
<pin_list>
<pin id="9" dir="1" index="0" bw="1" slack="0"/>
</pin_list>
<bind>
<StgValue><ssdm name="data_4_val"/></StgValue>
</bind>
</comp>

<comp id="10" class="1000" name="data_5_val">
<pin_list>
<pin id="11" dir="1" index="0" bw="1" slack="0"/>
</pin_list>
<bind>
<StgValue><ssdm name="data_5_val"/></StgValue>
</bind>
</comp>

<comp id="12" class="1000" name="data_6_val">
<pin_list>
<pin id="13" dir="1" index="0" bw="1" slack="0"/>
</pin_list>
<bind>
<StgValue><ssdm name="data_6_val"/></StgValue>
</bind>
</comp>

<comp id="14" class="1000" name="data_7_val">
<pin_list>
<pin id="15" dir="1" index="0" bw="1" slack="0"/>
</pin_list>
<bind>
<StgValue><ssdm name="data_7_val"/></StgValue>
</bind>
</comp>

<comp id="16" class="1001" name="const_16">
<pin_list>
<pin id="17" dir="1" index="0" bw="1" slack="0"/>
</pin_list>
<bind>
<StgValue><ssdm name="_ssdm_op_Read.ap_auto.i16"/></StgValue>
</bind>
</comp>

<comp id="18" class="1001" name="const_18">
<pin_list>
<pin id="19" dir="1" index="0" bw="1" slack="0"/>
</pin_list>
<bind>
<StgValue><ssdm name=""/></StgValue>
</bind>
</comp>

<comp id="20" class="1001" name="const_20">
<pin_list>
<pin id="21" dir="1" index="0" bw="1" slack="0"/>
</pin_list>
<bind>
<StgValue><ssdm name="_ssdm_op_PartSelect.i16.i26.i32.i32"/></StgValue>
</bind>
</comp>

<comp id="22" class="1001" name="const_22">
<pin_list>
<pin id="23" dir="1" index="0" bw="1" slack="0"/>
</pin_list>
<bind>
<StgValue><ssdm name=""/></StgValue>
</bind>
</comp>

<comp id="24" class="1001" name="const_24">
<pin_list>
<pin id="25" dir="1" index="0" bw="1" slack="0"/>
</pin_list>
<bind>
<StgValue><ssdm name=""/></StgValue>
</bind>
</comp>

<comp id="26" class="1001" name="const_26">
<pin_list>
<pin id="27" dir="1" index="0" bw="1" slack="0"/>
</pin_list>
<bind>
<StgValue><ssdm name=""/></StgValue>
</bind>
</comp>

<comp id="28" class="1001" name="const_28">
<pin_list>
<pin id="29" dir="1" index="0" bw="1" slack="0"/>
</pin_list>
<bind>
<StgValue><ssdm name=""/></StgValue>
</bind>
</comp>

<comp id="30" class="1001" name="const_30">
<pin_list>
<pin id="31" dir="1" index="0" bw="1" slack="0"/>
</pin_list>
<bind>
<StgValue><ssdm name=""/></StgValue>
</bind>
</comp>

<comp id="32" class="1001" name="const_32">
<pin_list>
<pin id="33" dir="1" index="0" bw="1" slack="0"/>
</pin_list>
<bind>
<StgValue><ssdm name=""/></StgValue>
</bind>
</comp>

<comp id="34" class="1001" name="const_34">
<pin_list>
<pin id="35" dir="1" index="0" bw="1" slack="0"/>
</pin_list>
<bind>
<StgValue><ssdm name=""/></StgValue>
</bind>
</comp>

<comp id="36" class="1001" name="const_36">
<pin_list>
<pin id="37" dir="1" index="0" bw="1" slack="0"/>
</pin_list>
<bind>
<StgValue><ssdm name="_ssdm_op_PartSelect.i14.i24.i32.i32"/></StgValue>
</bind>
</comp>

<comp id="38" class="1001" name="const_38">
<pin_list>
<pin id="39" dir="1" index="0" bw="1" slack="0"/>
</pin_list>
<bind>
<StgValue><ssdm name=""/></StgValue>
</bind>
</comp>

<comp id="40" class="1001" name="const_40">
<pin_list>
<pin id="41" dir="1" index="0" bw="1" slack="0"/>
</pin_list>
<bind>
<StgValue><ssdm name="_ssdm_op_BitConcatenate.i22.i16.i6"/></StgValue>
</bind>
</comp>

<comp id="42" class="1001" name="const_42">
<pin_list>
<pin id="43" dir="1" index="0" bw="1" slack="0"/>
</pin_list>
<bind>
<StgValue><ssdm name=""/></StgValue>
</bind>
</comp>

<comp id="44" class="1001" name="const_44">
<pin_list>
<pin id="45" dir="1" index="0" bw="1" slack="0"/>
</pin_list>
<bind>
<StgValue><ssdm name=""/></StgValue>
</bind>
</comp>

<comp id="46" class="1001" name="const_46">
<pin_list>
<pin id="47" dir="1" index="0" bw="1" slack="0"/>
</pin_list>
<bind>
<StgValue><ssdm name="_ssdm_op_BitConcatenate.i24.i16.i8"/></StgValue>
</bind>
</comp>

<comp id="48" class="1001" name="const_48">
<pin_list>
<pin id="49" dir="1" index="0" bw="1" slack="0"/>
</pin_list>
<bind>
<StgValue><ssdm name=""/></StgValue>
</bind>
</comp>

<comp id="50" class="1001" name="const_50">
<pin_list>
<pin id="51" dir="1" index="0" bw="1" slack="0"/>
</pin_list>
<bind>
<StgValue><ssdm name="_ssdm_op_PartSelect.i15.i25.i32.i32"/></StgValue>
</bind>
</comp>

<comp id="52" class="1001" name="const_52">
<pin_list>
<pin id="53" dir="1" index="0" bw="1" slack="0"/>
</pin_list>
<bind>
<StgValue><ssdm name=""/></StgValue>
</bind>
</comp>

<comp id="54" class="1001" name="const_54">
<pin_list>
<pin id="55" dir="1" index="0" bw="1" slack="0"/>
</pin_list>
<bind>
<StgValue><ssdm name="_ssdm_op_BitConcatenate.i20.i16.i4"/></StgValue>
</bind>
</comp>

<comp id="56" class="1001" name="const_56">
<pin_list>
<pin id="57" dir="1" index="0" bw="1" slack="0"/>
</pin_list>
<bind>
<StgValue><ssdm name=""/></StgValue>
</bind>
</comp>

<comp id="58" class="1001" name="const_58">
<pin_list>
<pin id="59" dir="1" index="0" bw="1" slack="0"/>
</pin_list>
<bind>
<StgValue><ssdm name=""/></StgValue>
</bind>
</comp>

<comp id="60" class="1001" name="const_60">
<pin_list>
<pin id="61" dir="1" index="0" bw="1" slack="0"/>
</pin_list>
<bind>
<StgValue><ssdm name="_ssdm_op_BitConcatenate.i18.i16.i2"/></StgValue>
</bind>
</comp>

<comp id="62" class="1001" name="const_62">
<pin_list>
<pin id="63" dir="1" index="0" bw="1" slack="0"/>
</pin_list>
<bind>
<StgValue><ssdm name=""/></StgValue>
</bind>
</comp>

<comp id="64" class="1001" name="const_64">
<pin_list>
<pin id="65" dir="1" index="0" bw="1" slack="0"/>
</pin_list>
<bind>
<StgValue><ssdm name="_ssdm_op_PartSelect.i12.i22.i32.i32"/></StgValue>
</bind>
</comp>

<comp id="66" class="1001" name="const_66">
<pin_list>
<pin id="67" dir="1" index="0" bw="1" slack="0"/>
</pin_list>
<bind>
<StgValue><ssdm name=""/></StgValue>
</bind>
</comp>

<comp id="68" class="1001" name="const_68">
<pin_list>
<pin id="69" dir="1" index="0" bw="1" slack="0"/>
</pin_list>
<bind>
<StgValue><ssdm name=""/></StgValue>
</bind>
</comp>

<comp id="70" class="1001" name="const_70">
<pin_list>
<pin id="71" dir="1" index="0" bw="1" slack="0"/>
</pin_list>
<bind>
<StgValue><ssdm name=""/></StgValue>
</bind>
</comp>

<comp id="72" class="1001" name="const_72">
<pin_list>
<pin id="73" dir="1" index="0" bw="1" slack="0"/>
</pin_list>
<bind>
<StgValue><ssdm name="_ssdm_op_BitConcatenate.i23.i16.i7"/></StgValue>
</bind>
</comp>

<comp id="74" class="1001" name="const_74">
<pin_list>
<pin id="75" dir="1" index="0" bw="1" slack="0"/>
</pin_list>
<bind>
<StgValue><ssdm name=""/></StgValue>
</bind>
</comp>

<comp id="76" class="1001" name="const_76">
<pin_list>
<pin id="77" dir="1" index="0" bw="1" slack="0"/>
</pin_list>
<bind>
<StgValue><ssdm name="_ssdm_op_BitConcatenate.i19.i16.i3"/></StgValue>
</bind>
</comp>

<comp id="78" class="1001" name="const_78">
<pin_list>
<pin id="79" dir="1" index="0" bw="1" slack="0"/>
</pin_list>
<bind>
<StgValue><ssdm name=""/></StgValue>
</bind>
</comp>

<comp id="80" class="1001" name="const_80">
<pin_list>
<pin id="81" dir="1" index="0" bw="1" slack="0"/>
</pin_list>
<bind>
<StgValue><ssdm name=""/></StgValue>
</bind>
</comp>

<comp id="82" class="1001" name="const_82">
<pin_list>
<pin id="83" dir="1" index="0" bw="1" slack="0"/>
</pin_list>
<bind>
<StgValue><ssdm name=""/></StgValue>
</bind>
</comp>

<comp id="84" class="1001" name="const_84">
<pin_list>
<pin id="85" dir="1" index="0" bw="1" slack="0"/>
</pin_list>
<bind>
<StgValue><ssdm name=""/></StgValue>
</bind>
</comp>

<comp id="86" class="1001" name="const_86">
<pin_list>
<pin id="87" dir="1" index="0" bw="1" slack="2147483647"/>
</pin_list>
<bind>
<StgValue><ssdm name="_ssdm_op_SpecPipeline"/></StgValue>
</bind>
</comp>

<comp id="88" class="1001" name="const_88">
<pin_list>
<pin id="89" dir="1" index="0" bw="1" slack="2147483647"/>
</pin_list>
<bind>
<StgValue><ssdm name=""/></StgValue>
</bind>
</comp>

<comp id="90" class="1001" name="const_90">
<pin_list>
<pin id="91" dir="1" index="0" bw="1" slack="2147483647"/>
</pin_list>
<bind>
<StgValue><ssdm name=""/></StgValue>
</bind>
</comp>

<comp id="92" class="1001" name="const_92">
<pin_list>
<pin id="93" dir="1" index="0" bw="1" slack="2147483647"/>
</pin_list>
<bind>
<StgValue><ssdm name="empty_0"/></StgValue>
</bind>
</comp>

<comp id="94" class="1001" name="const_94">
<pin_list>
<pin id="95" dir="1" index="0" bw="1" slack="2147483647"/>
</pin_list>
<bind>
<StgValue><ssdm name="_ssdm_op_SpecResourceLimit"/></StgValue>
</bind>
</comp>

<comp id="96" class="1001" name="const_96">
<pin_list>
<pin id="97" dir="1" index="0" bw="1" slack="2147483647"/>
</pin_list>
<bind>
<StgValue><ssdm name=""/></StgValue>
</bind>
</comp>

<comp id="98" class="1001" name="const_98">
<pin_list>
<pin id="99" dir="1" index="0" bw="1" slack="2147483647"/>
</pin_list>
<bind>
<StgValue><ssdm name="empty_1"/></StgValue>
</bind>
</comp>

<comp id="100" class="1001" name="const_100">
<pin_list>
<pin id="101" dir="1" index="0" bw="1" slack="0"/>
</pin_list>
<bind>
<StgValue><ssdm name=""/></StgValue>
</bind>
</comp>

<comp id="102" class="1001" name="const_102">
<pin_list>
<pin id="103" dir="1" index="0" bw="1" slack="0"/>
</pin_list>
<bind>
<StgValue><ssdm name=""/></StgValue>
</bind>
</comp>

<comp id="104" class="1001" name="const_104">
<pin_list>
<pin id="105" dir="1" index="0" bw="1" slack="0"/>
</pin_list>
<bind>
<StgValue><ssdm name=""/></StgValue>
</bind>
</comp>

<comp id="106" class="1001" name="const_106">
<pin_list>
<pin id="107" dir="1" index="0" bw="1" slack="0"/>
</pin_list>
<bind>
<StgValue><ssdm name=""/></StgValue>
</bind>
</comp>

<comp id="108" class="1001" name="const_108">
<pin_list>
<pin id="109" dir="1" index="0" bw="1" slack="0"/>
</pin_list>
<bind>
<StgValue><ssdm name=""/></StgValue>
</bind>
</comp>

<comp id="110" class="1001" name="const_110">
<pin_list>
<pin id="111" dir="1" index="0" bw="1" slack="0"/>
</pin_list>
<bind>
<StgValue><ssdm name=""/></StgValue>
</bind>
</comp>

<comp id="112" class="1001" name="const_112">
<pin_list>
<pin id="113" dir="1" index="0" bw="1" slack="0"/>
</pin_list>
<bind>
<StgValue><ssdm name=""/></StgValue>
</bind>
</comp>

<comp id="114" class="1001" name="const_114">
<pin_list>
<pin id="115" dir="1" index="0" bw="1" slack="0"/>
</pin_list>
<bind>
<StgValue><ssdm name=""/></StgValue>
</bind>
</comp>

<comp id="116" class="1001" name="const_116">
<pin_list>
<pin id="117" dir="1" index="0" bw="1" slack="0"/>
</pin_list>
<bind>
<StgValue><ssdm name=""/></StgValue>
</bind>
</comp>

<comp id="118" class="1001" name="const_118">
<pin_list>
<pin id="119" dir="1" index="0" bw="1" slack="0"/>
</pin_list>
<bind>
<StgValue><ssdm name=""/></StgValue>
</bind>
</comp>

<comp id="120" class="1001" name="const_120">
<pin_list>
<pin id="121" dir="1" index="0" bw="1" slack="0"/>
</pin_list>
<bind>
<StgValue><ssdm name=""/></StgValue>
</bind>
</comp>

<comp id="122" class="1001" name="const_122">
<pin_list>
<pin id="123" dir="1" index="0" bw="1" slack="0"/>
</pin_list>
<bind>
<StgValue><ssdm name=""/></StgValue>
</bind>
</comp>

<comp id="124" class="1001" name="const_124">
<pin_list>
<pin id="125" dir="1" index="0" bw="1" slack="0"/>
</pin_list>
<bind>
<StgValue><ssdm name=""/></StgValue>
</bind>
</comp>

<comp id="126" class="1001" name="const_126">
<pin_list>
<pin id="127" dir="1" index="0" bw="1" slack="0"/>
</pin_list>
<bind>
<StgValue><ssdm name=""/></StgValue>
</bind>
</comp>

<comp id="128" class="1001" name="const_128">
<pin_list>
<pin id="129" dir="1" index="0" bw="1" slack="0"/>
</pin_list>
<bind>
<StgValue><ssdm name=""/></StgValue>
</bind>
</comp>

<comp id="130" class="1001" name="const_130">
<pin_list>
<pin id="131" dir="1" index="0" bw="1" slack="0"/>
</pin_list>
<bind>
<StgValue><ssdm name=""/></StgValue>
</bind>
</comp>

<comp id="132" class="1001" name="const_132">
<pin_list>
<pin id="133" dir="1" index="0" bw="1" slack="0"/>
</pin_list>
<bind>
<StgValue><ssdm name="_ssdm_op_BitConcatenate.i26.i16.i10"/></StgValue>
</bind>
</comp>

<comp id="134" class="1001" name="const_134">
<pin_list>
<pin id="135" dir="1" index="0" bw="1" slack="0"/>
</pin_list>
<bind>
<StgValue><ssdm name=""/></StgValue>
</bind>
</comp>

<comp id="136" class="1001" name="const_136">
<pin_list>
<pin id="137" dir="1" index="0" bw="1" slack="0"/>
</pin_list>
<bind>
<StgValue><ssdm name=""/></StgValue>
</bind>
</comp>

<comp id="138" class="1004" name="data_7_val_read_read_fu_138">
<pin_list>
<pin id="139" dir="0" index="0" bw="16" slack="0"/>
<pin id="140" dir="0" index="1" bw="16" slack="0"/>
<pin id="141" dir="1" index="2" bw="16" slack="0"/>
</pin_list>
<bind>
<opcode="read(1150) " fcode="read"/>
<opset="data_7_val_read/1 "/>
</bind>
</comp>

<comp id="144" class="1004" name="data_6_val_read_read_fu_144">
<pin_list>
<pin id="145" dir="0" index="0" bw="16" slack="0"/>
<pin id="146" dir="0" index="1" bw="16" slack="0"/>
<pin id="147" dir="1" index="2" bw="16" slack="0"/>
</pin_list>
<bind>
<opcode="read(1150) " fcode="read"/>
<opset="data_6_val_read/1 "/>
</bind>
</comp>

<comp id="150" class="1004" name="data_5_val_read_read_fu_150">
<pin_list>
<pin id="151" dir="0" index="0" bw="16" slack="0"/>
<pin id="152" dir="0" index="1" bw="16" slack="0"/>
<pin id="153" dir="1" index="2" bw="16" slack="0"/>
</pin_list>
<bind>
<opcode="read(1150) " fcode="read"/>
<opset="data_5_val_read/1 "/>
</bind>
</comp>

<comp id="156" class="1004" name="data_4_val_read_read_fu_156">
<pin_list>
<pin id="157" dir="0" index="0" bw="16" slack="0"/>
<pin id="158" dir="0" index="1" bw="16" slack="0"/>
<pin id="159" dir="1" index="2" bw="16" slack="0"/>
</pin_list>
<bind>
<opcode="read(1150) " fcode="read"/>
<opset="data_4_val_read/1 "/>
</bind>
</comp>

<comp id="162" class="1004" name="data_3_val_read_read_fu_162">
<pin_list>
<pin id="163" dir="0" index="0" bw="16" slack="0"/>
<pin id="164" dir="0" index="1" bw="16" slack="0"/>
<pin id="165" dir="1" index="2" bw="16" slack="1"/>
</pin_list>
<bind>
<opcode="read(1150) " fcode="read"/>
<opset="data_3_val_read/1 "/>
</bind>
</comp>

<comp id="168" class="1004" name="data_2_val_read_read_fu_168">
<pin_list>
<pin id="169" dir="0" index="0" bw="16" slack="0"/>
<pin id="170" dir="0" index="1" bw="16" slack="0"/>
<pin id="171" dir="1" index="2" bw="16" slack="1"/>
</pin_list>
<bind>
<opcode="read(1150) " fcode="read"/>
<opset="data_2_val_read/1 "/>
</bind>
</comp>

<comp id="174" class="1004" name="data_1_val_read_read_fu_174">
<pin_list>
<pin id="175" dir="0" index="0" bw="16" slack="0"/>
<pin id="176" dir="0" index="1" bw="16" slack="0"/>
<pin id="177" dir="1" index="2" bw="16" slack="1"/>
</pin_list>
<bind>
<opcode="read(1150) " fcode="read"/>
<opset="data_1_val_read/1 "/>
</bind>
</comp>

<comp id="180" class="1004" name="data_0_val_read_read_fu_180">
<pin_list>
<pin id="181" dir="0" index="0" bw="16" slack="0"/>
<pin id="182" dir="0" index="1" bw="16" slack="0"/>
<pin id="183" dir="1" index="2" bw="16" slack="1"/>
</pin_list>
<bind>
<opcode="read(1150) " fcode="read"/>
<opset="data_0_val_read/1 "/>
</bind>
</comp>

<comp id="186" class="1004" name="mul_ln42_2_fu_186">
<pin_list>
<pin id="3142" dir="0" index="0" bw="16" slack="0"/>
<pin id="3143" dir="0" index="1" bw="11" slack="0"/>
<pin id="3144" dir="1" index="2" bw="26" slack="0"/>
</pin_list>
<bind>
<opcode="mul(12) " fcode="mul"/>
<opset="mul_ln42_2/2 "/>
</bind>
</comp>

<comp id="187" class="1004" name="mul_ln73_104_fu_187">
<pin_list>
<pin id="3162" dir="0" index="0" bw="16" slack="0"/>
<pin id="3163" dir="0" index="1" bw="10" slack="0"/>
<pin id="3164" dir="1" index="2" bw="26" slack="0"/>
</pin_list>
<bind>
<opcode="mul(12) " fcode="mul"/>
<opset="mul_ln73_104/2 "/>
</bind>
</comp>

<comp id="188" class="1004" name="mul_ln42_3_fu_188">
<pin_list>
<pin id="3146" dir="0" index="0" bw="16" slack="0"/>
<pin id="3147" dir="0" index="1" bw="11" slack="0"/>
<pin id="3148" dir="1" index="2" bw="26" slack="0"/>
</pin_list>
<bind>
<opcode="mul(12) " fcode="mul"/>
<opset="mul_ln42_3/2 "/>
</bind>
</comp>

<comp id="189" class="1004" name="mul_ln73_114_fu_189">
<pin_list>
<pin id="1774" dir="0" index="0" bw="16" slack="0"/>
<pin id="1775" dir="0" index="1" bw="8" slack="0"/>
<pin id="1776" dir="1" index="2" bw="24" slack="0"/>
</pin_list>
<bind>
<opcode="mul(12) " fcode="mul"/>
<opset="mul_ln73_114/1 "/>
</bind>
</comp>

<comp id="190" class="1004" name="mul_ln42_5_fu_190">
<pin_list>
<pin id="3158" dir="0" index="0" bw="16" slack="0"/>
<pin id="3159" dir="0" index="1" bw="11" slack="0"/>
<pin id="3160" dir="1" index="2" bw="26" slack="0"/>
</pin_list>
<bind>
<opcode="mul(12) " fcode="mul"/>
<opset="mul_ln42_5/2 "/>
</bind>
</comp>

<comp id="191" class="1004" name="mul_ln73_108_fu_191">
<pin_list>
<pin id="3178" dir="0" index="0" bw="16" slack="0"/>
<pin id="3179" dir="0" index="1" bw="9" slack="0"/>
<pin id="3180" dir="1" index="2" bw="25" slack="0"/>
</pin_list>
<bind>
<opcode="mul(12) " fcode="mul"/>
<opset="mul_ln73_108/2 "/>
</bind>
</comp>

<comp id="192" class="1004" name="mul_ln73_113_fu_192">
<pin_list>
<pin id="1770" dir="0" index="0" bw="16" slack="0"/>
<pin id="1771" dir="0" index="1" bw="10" slack="0"/>
<pin id="1772" dir="1" index="2" bw="26" slack="0"/>
</pin_list>
<bind>
<opcode="mul(12) " fcode="mul"/>
<opset="mul_ln73_113/1 "/>
</bind>
</comp>

<comp id="193" class="1004" name="mul_ln42_7_fu_193">
<pin_list>
<pin id="1794" dir="0" index="0" bw="16" slack="0"/>
<pin id="1795" dir="0" index="1" bw="11" slack="0"/>
<pin id="1796" dir="1" index="2" bw="26" slack="0"/>
</pin_list>
<bind>
<opcode="mul(12) " fcode="mul"/>
<opset="mul_ln42_7/1 "/>
</bind>
</comp>

<comp id="194" class="1004" name="mul_ln73_117_fu_194">
<pin_list>
<pin id="1790" dir="0" index="0" bw="16" slack="0"/>
<pin id="1791" dir="0" index="1" bw="10" slack="0"/>
<pin id="1792" dir="1" index="2" bw="26" slack="0"/>
</pin_list>
<bind>
<opcode="mul(12) " fcode="mul"/>
<opset="mul_ln73_117/1 "/>
</bind>
</comp>

<comp id="195" class="1004" name="mul_ln42_4_fu_195">
<pin_list>
<pin id="3150" dir="0" index="0" bw="16" slack="0"/>
<pin id="3151" dir="0" index="1" bw="11" slack="0"/>
<pin id="3152" dir="1" index="2" bw="26" slack="0"/>
</pin_list>
<bind>
<opcode="mul(12) " fcode="mul"/>
<opset="mul_ln42_4/2 "/>
</bind>
</comp>

<comp id="197" class="1004" name="mul_ln73_101_fu_197">
<pin_list>
<pin id="3134" dir="0" index="0" bw="16" slack="0"/>
<pin id="3135" dir="0" index="1" bw="8" slack="0"/>
<pin id="3136" dir="1" index="2" bw="24" slack="0"/>
</pin_list>
<bind>
<opcode="mul(12) " fcode="mul"/>
<opset="mul_ln73_101/2 "/>
</bind>
</comp>

<comp id="199" class="1004" name="mul_ln73_118_fu_199">
<pin_list>
<pin id="1798" dir="0" index="0" bw="16" slack="0"/>
<pin id="1799" dir="0" index="1" bw="10" slack="0"/>
<pin id="1800" dir="1" index="2" bw="26" slack="0"/>
</pin_list>
<bind>
<opcode="mul(12) " fcode="mul"/>
<opset="mul_ln73_118/1 "/>
</bind>
</comp>

<comp id="201" class="1004" name="mul_ln73_102_fu_201">
<pin_list>
<pin id="3138" dir="0" index="0" bw="16" slack="0"/>
<pin id="3139" dir="0" index="1" bw="10" slack="0"/>
<pin id="3140" dir="1" index="2" bw="26" slack="0"/>
</pin_list>
<bind>
<opcode="mul(12) " fcode="mul"/>
<opset="mul_ln73_102/2 "/>
</bind>
</comp>

<comp id="202" class="1004" name="mul_ln73_112_fu_202">
<pin_list>
<pin id="1766" dir="0" index="0" bw="16" slack="0"/>
<pin id="1767" dir="0" index="1" bw="10" slack="0"/>
<pin id="1768" dir="1" index="2" bw="26" slack="0"/>
</pin_list>
<bind>
<opcode="mul(12) " fcode="mul"/>
<opset="mul_ln73_112/1 "/>
</bind>
</comp>

<comp id="204" class="1004" name="mul_ln73_103_fu_204">
<pin_list>
<pin id="3154" dir="0" index="0" bw="16" slack="0"/>
<pin id="3155" dir="0" index="1" bw="9" slack="0"/>
<pin id="3156" dir="1" index="2" bw="25" slack="0"/>
</pin_list>
<bind>
<opcode="mul(12) " fcode="mul"/>
<opset="mul_ln73_103/2 "/>
</bind>
</comp>

<comp id="205" class="1004" name="mul_ln73_110_fu_205">
<pin_list>
<pin id="1758" dir="0" index="0" bw="16" slack="0"/>
<pin id="1759" dir="0" index="1" bw="10" slack="0"/>
<pin id="1760" dir="1" index="2" bw="26" slack="0"/>
</pin_list>
<bind>
<opcode="mul(12) " fcode="mul"/>
<opset="mul_ln73_110/1 "/>
</bind>
</comp>

<comp id="206" class="1004" name="mul_ln42_fu_206">
<pin_list>
<pin id="3126" dir="0" index="0" bw="16" slack="0"/>
<pin id="3127" dir="0" index="1" bw="11" slack="0"/>
<pin id="3128" dir="1" index="2" bw="26" slack="0"/>
</pin_list>
<bind>
<opcode="mul(12) " fcode="mul"/>
<opset="mul_ln42/2 "/>
</bind>
</comp>

<comp id="207" class="1004" name="mul_ln73_100_fu_207">
<pin_list>
<pin id="3122" dir="0" index="0" bw="16" slack="0"/>
<pin id="3123" dir="0" index="1" bw="8" slack="0"/>
<pin id="3124" dir="1" index="2" bw="24" slack="0"/>
</pin_list>
<bind>
<opcode="mul(12) " fcode="mul"/>
<opset="mul_ln73_100/2 "/>
</bind>
</comp>

<comp id="208" class="1004" name="mul_ln73_105_fu_208">
<pin_list>
<pin id="3166" dir="0" index="0" bw="16" slack="0"/>
<pin id="3167" dir="0" index="1" bw="8" slack="0"/>
<pin id="3168" dir="1" index="2" bw="24" slack="0"/>
</pin_list>
<bind>
<opcode="mul(12) " fcode="mul"/>
<opset="mul_ln73_105/2 "/>
</bind>
</comp>

<comp id="209" class="1004" name="mul_ln73_115_fu_209">
<pin_list>
<pin id="1778" dir="0" index="0" bw="16" slack="0"/>
<pin id="1779" dir="0" index="1" bw="10" slack="0"/>
<pin id="1780" dir="1" index="2" bw="26" slack="0"/>
</pin_list>
<bind>
<opcode="mul(12) " fcode="mul"/>
<opset="mul_ln73_115/1 "/>
</bind>
</comp>

<comp id="210" class="1004" name="mul_ln73_fu_210">
<pin_list>
<pin id="3118" dir="0" index="0" bw="16" slack="0"/>
<pin id="3119" dir="0" index="1" bw="10" slack="0"/>
<pin id="3120" dir="1" index="2" bw="26" slack="0"/>
</pin_list>
<bind>
<opcode="mul(12) " fcode="mul"/>
<opset="mul_ln73/2 "/>
</bind>
</comp>

<comp id="211" class="1004" name="mul_ln73_106_fu_211">
<pin_list>
<pin id="3170" dir="0" index="0" bw="16" slack="0"/>
<pin id="3171" dir="0" index="1" bw="9" slack="0"/>
<pin id="3172" dir="1" index="2" bw="25" slack="0"/>
</pin_list>
<bind>
<opcode="mul(12) " fcode="mul"/>
<opset="mul_ln73_106/2 "/>
</bind>
</comp>

<comp id="212" class="1004" name="mul_ln42_6_fu_212">
<pin_list>
<pin id="1786" dir="0" index="0" bw="16" slack="0"/>
<pin id="1787" dir="0" index="1" bw="11" slack="0"/>
<pin id="1788" dir="1" index="2" bw="26" slack="0"/>
</pin_list>
<bind>
<opcode="mul(12) " fcode="mul"/>
<opset="mul_ln42_6/1 "/>
</bind>
</comp>

<comp id="213" class="1004" name="mul_ln42_1_fu_213">
<pin_list>
<pin id="3130" dir="0" index="0" bw="16" slack="0"/>
<pin id="3131" dir="0" index="1" bw="11" slack="0"/>
<pin id="3132" dir="1" index="2" bw="26" slack="0"/>
</pin_list>
<bind>
<opcode="mul(12) " fcode="mul"/>
<opset="mul_ln42_1/2 "/>
</bind>
</comp>

<comp id="214" class="1004" name="mul_ln73_107_fu_214">
<pin_list>
<pin id="3174" dir="0" index="0" bw="16" slack="0"/>
<pin id="3175" dir="0" index="1" bw="9" slack="0"/>
<pin id="3176" dir="1" index="2" bw="25" slack="0"/>
</pin_list>
<bind>
<opcode="mul(12) " fcode="mul"/>
<opset="mul_ln73_107/2 "/>
</bind>
</comp>

<comp id="215" class="1004" name="mul_ln73_116_fu_215">
<pin_list>
<pin id="1782" dir="0" index="0" bw="16" slack="0"/>
<pin id="1783" dir="0" index="1" bw="9" slack="0"/>
<pin id="1784" dir="1" index="2" bw="25" slack="0"/>
</pin_list>
<bind>
<opcode="mul(12) " fcode="mul"/>
<opset="mul_ln73_116/1 "/>
</bind>
</comp>

<comp id="216" class="1004" name="mul_ln73_111_fu_216">
<pin_list>
<pin id="1762" dir="0" index="0" bw="16" slack="0"/>
<pin id="1763" dir="0" index="1" bw="10" slack="0"/>
<pin id="1764" dir="1" index="2" bw="26" slack="0"/>
</pin_list>
<bind>
<opcode="mul(12) " fcode="mul"/>
<opset="mul_ln73_111/1 "/>
</bind>
</comp>

<comp id="217" class="1004" name="mul_ln73_109_fu_217">
<pin_list>
<pin id="1754" dir="0" index="0" bw="16" slack="0"/>
<pin id="1755" dir="0" index="1" bw="10" slack="0"/>
<pin id="1756" dir="1" index="2" bw="26" slack="0"/>
</pin_list>
<bind>
<opcode="mul(12) " fcode="mul"/>
<opset="mul_ln73_109/1 "/>
</bind>
</comp>

<comp id="3231" class="1004" name="sext_ln70_58_fu_3231">
<pin_list>
<pin id="3232" dir="0" index="0" bw="16" slack="0"/>
<pin id="3233" dir="1" index="1" bw="26" slack="0"/>
</pin_list>
<bind>
<opcode="sext(35) " fcode="sext"/>
<opset="sext_ln70_58/1 "/>
</bind>
</comp>

<comp id="3239" class="1004" name="trunc_ln42_141_fu_3239">
<pin_list>
<pin id="3240" dir="0" index="0" bw="16" slack="0"/>
<pin id="3241" dir="0" index="1" bw="26" slack="0"/>
<pin id="3242" dir="0" index="2" bw="5" slack="0"/>
<pin id="3243" dir="0" index="3" bw="6" slack="0"/>
<pin id="3244" dir="1" index="4" bw="16" slack="0"/>
</pin_list>
<bind>
<opcode="partselect(1002) " fcode="partselect"/>
<opset="trunc_ln42_141/1 "/>
</bind>
</comp>

<comp id="3249" class="1004" name="trunc_ln42_142_fu_3249">
<pin_list>
<pin id="3250" dir="0" index="0" bw="16" slack="0"/>
<pin id="3251" dir="0" index="1" bw="26" slack="0"/>
<pin id="3252" dir="0" index="2" bw="5" slack="0"/>
<pin id="3253" dir="0" index="3" bw="6" slack="0"/>
<pin id="3254" dir="1" index="4" bw="16" slack="0"/>
</pin_list>
<bind>
<opcode="partselect(1002) " fcode="partselect"/>
<opset="trunc_ln42_142/1 "/>
</bind>
</comp>

<comp id="3259" class="1004" name="trunc_ln42_143_fu_3259">
<pin_list>
<pin id="3260" dir="0" index="0" bw="16" slack="0"/>
<pin id="3261" dir="0" index="1" bw="26" slack="0"/>
<pin id="3262" dir="0" index="2" bw="5" slack="0"/>
<pin id="3263" dir="0" index="3" bw="6" slack="0"/>
<pin id="3264" dir="1" index="4" bw="16" slack="0"/>
</pin_list>
<bind>
<opcode="partselect(1002) " fcode="partselect"/>
<opset="trunc_ln42_143/1 "/>
</bind>
</comp>

<comp id="3269" class="1004" name="trunc_ln42_144_fu_3269">
<pin_list>
<pin id="3270" dir="0" index="0" bw="16" slack="0"/>
<pin id="3271" dir="0" index="1" bw="26" slack="0"/>
<pin id="3272" dir="0" index="2" bw="5" slack="0"/>
<pin id="3273" dir="0" index="3" bw="6" slack="0"/>
<pin id="3274" dir="1" index="4" bw="16" slack="0"/>
</pin_list>
<bind>
<opcode="partselect(1002) " fcode="partselect"/>
<opset="trunc_ln42_144/1 "/>
</bind>
</comp>

<comp id="3279" class="1004" name="sext_ln70_59_fu_3279">
<pin_list>
<pin id="3280" dir="0" index="0" bw="16" slack="0"/>
<pin id="3281" dir="1" index="1" bw="24" slack="0"/>
</pin_list>
<bind>
<opcode="sext(35) " fcode="sext"/>
<opset="sext_ln70_59/1 "/>
</bind>
</comp>

<comp id="3284" class="1004" name="sext_ln70_60_fu_3284">
<pin_list>
<pin id="3285" dir="0" index="0" bw="16" slack="0"/>
<pin id="3286" dir="1" index="1" bw="26" slack="0"/>
</pin_list>
<bind>
<opcode="sext(35) " fcode="sext"/>
<opset="sext_ln70_60/1 "/>
</bind>
</comp>

<comp id="3289" class="1004" name="trunc_ln42_145_fu_3289">
<pin_list>
<pin id="3290" dir="0" index="0" bw="16" slack="0"/>
<pin id="3291" dir="0" index="1" bw="26" slack="0"/>
<pin id="3292" dir="0" index="2" bw="5" slack="0"/>
<pin id="3293" dir="0" index="3" bw="6" slack="0"/>
<pin id="3294" dir="1" index="4" bw="16" slack="0"/>
</pin_list>
<bind>
<opcode="partselect(1002) " fcode="partselect"/>
<opset="trunc_ln42_145/1 "/>
</bind>
</comp>

<comp id="3299" class="1004" name="trunc_ln42_146_fu_3299">
<pin_list>
<pin id="3300" dir="0" index="0" bw="14" slack="0"/>
<pin id="3301" dir="0" index="1" bw="24" slack="0"/>
<pin id="3302" dir="0" index="2" bw="5" slack="0"/>
<pin id="3303" dir="0" index="3" bw="6" slack="0"/>
<pin id="3304" dir="1" index="4" bw="14" slack="0"/>
</pin_list>
<bind>
<opcode="partselect(1002) " fcode="partselect"/>
<opset="trunc_ln42_146/1 "/>
</bind>
</comp>

<comp id="3309" class="1004" name="sext_ln42_59_fu_3309">
<pin_list>
<pin id="3310" dir="0" index="0" bw="14" slack="0"/>
<pin id="3311" dir="1" index="1" bw="16" slack="0"/>
</pin_list>
<bind>
<opcode="sext(35) " fcode="sext"/>
<opset="sext_ln42_59/1 "/>
</bind>
</comp>

<comp id="3313" class="1004" name="tmp_fu_3313">
<pin_list>
<pin id="3314" dir="0" index="0" bw="22" slack="0"/>
<pin id="3315" dir="0" index="1" bw="16" slack="0"/>
<pin id="3316" dir="0" index="2" bw="1" slack="0"/>
<pin id="3317" dir="1" index="3" bw="22" slack="0"/>
</pin_list>
<bind>
<opcode="bitconcatenate(1004) " fcode="bitconcatenate"/>
<opset="tmp/1 "/>
</bind>
</comp>

<comp id="3321" class="1004" name="sext_ln73_fu_3321">
<pin_list>
<pin id="3322" dir="0" index="0" bw="22" slack="0"/>
<pin id="3323" dir="1" index="1" bw="24" slack="0"/>
</pin_list>
<bind>
<opcode="sext(35) " fcode="sext"/>
<opset="sext_ln73/1 "/>
</bind>
</comp>

<comp id="3325" class="1004" name="sub_ln73_fu_3325">
<pin_list>
<pin id="3326" dir="0" index="0" bw="1" slack="0"/>
<pin id="3327" dir="0" index="1" bw="22" slack="0"/>
<pin id="3328" dir="1" index="2" bw="24" slack="0"/>
</pin_list>
<bind>
<opcode="sub(10) " fcode="sub"/>
<opset="sub_ln73/1 "/>
</bind>
</comp>

<comp id="3331" class="1004" name="sub_ln73_26_fu_3331">
<pin_list>
<pin id="3332" dir="0" index="0" bw="24" slack="0"/>
<pin id="3333" dir="0" index="1" bw="16" slack="0"/>
<pin id="3334" dir="1" index="2" bw="24" slack="0"/>
</pin_list>
<bind>
<opcode="sub(10) " fcode="sub"/>
<opset="sub_ln73_26/1 "/>
</bind>
</comp>

<comp id="3337" class="1004" name="trunc_ln42_147_fu_3337">
<pin_list>
<pin id="3338" dir="0" index="0" bw="14" slack="0"/>
<pin id="3339" dir="0" index="1" bw="24" slack="0"/>
<pin id="3340" dir="0" index="2" bw="5" slack="0"/>
<pin id="3341" dir="0" index="3" bw="6" slack="0"/>
<pin id="3342" dir="1" index="4" bw="14" slack="0"/>
</pin_list>
<bind>
<opcode="partselect(1002) " fcode="partselect"/>
<opset="trunc_ln42_147/1 "/>
</bind>
</comp>

<comp id="3347" class="1004" name="sext_ln42_60_fu_3347">
<pin_list>
<pin id="3348" dir="0" index="0" bw="14" slack="0"/>
<pin id="3349" dir="1" index="1" bw="16" slack="0"/>
</pin_list>
<bind>
<opcode="sext(35) " fcode="sext"/>
<opset="sext_ln42_60/1 "/>
</bind>
</comp>

<comp id="3351" class="1004" name="tmp_9064_fu_3351">
<pin_list>
<pin id="3352" dir="0" index="0" bw="24" slack="0"/>
<pin id="3353" dir="0" index="1" bw="16" slack="0"/>
<pin id="3354" dir="0" index="2" bw="1" slack="0"/>
<pin id="3355" dir="1" index="3" bw="24" slack="0"/>
</pin_list>
<bind>
<opcode="bitconcatenate(1004) " fcode="bitconcatenate"/>
<opset="tmp_9064/1 "/>
</bind>
</comp>

<comp id="3359" class="1004" name="sext_ln73_59_fu_3359">
<pin_list>
<pin id="3360" dir="0" index="0" bw="24" slack="0"/>
<pin id="3361" dir="1" index="1" bw="25" slack="0"/>
</pin_list>
<bind>
<opcode="sext(35) " fcode="sext"/>
<opset="sext_ln73_59/1 "/>
</bind>
</comp>

<comp id="3363" class="1004" name="sext_ln73_60_fu_3363">
<pin_list>
<pin id="3364" dir="0" index="0" bw="22" slack="0"/>
<pin id="3365" dir="1" index="1" bw="25" slack="0"/>
</pin_list>
<bind>
<opcode="sext(35) " fcode="sext"/>
<opset="sext_ln73_60/1 "/>
</bind>
</comp>

<comp id="3367" class="1004" name="sub_ln73_27_fu_3367">
<pin_list>
<pin id="3368" dir="0" index="0" bw="22" slack="0"/>
<pin id="3369" dir="0" index="1" bw="24" slack="0"/>
<pin id="3370" dir="1" index="2" bw="25" slack="0"/>
</pin_list>
<bind>
<opcode="sub(10) " fcode="sub"/>
<opset="sub_ln73_27/1 "/>
</bind>
</comp>

<comp id="3373" class="1004" name="trunc_ln42_148_fu_3373">
<pin_list>
<pin id="3374" dir="0" index="0" bw="15" slack="0"/>
<pin id="3375" dir="0" index="1" bw="25" slack="0"/>
<pin id="3376" dir="0" index="2" bw="5" slack="0"/>
<pin id="3377" dir="0" index="3" bw="6" slack="0"/>
<pin id="3378" dir="1" index="4" bw="15" slack="0"/>
</pin_list>
<bind>
<opcode="partselect(1002) " fcode="partselect"/>
<opset="trunc_ln42_148/1 "/>
</bind>
</comp>

<comp id="3383" class="1004" name="sext_ln42_61_fu_3383">
<pin_list>
<pin id="3384" dir="0" index="0" bw="15" slack="0"/>
<pin id="3385" dir="1" index="1" bw="16" slack="0"/>
</pin_list>
<bind>
<opcode="sext(35) " fcode="sext"/>
<opset="sext_ln42_61/1 "/>
</bind>
</comp>

<comp id="3387" class="1004" name="sext_ln70_61_fu_3387">
<pin_list>
<pin id="3388" dir="0" index="0" bw="16" slack="0"/>
<pin id="3389" dir="1" index="1" bw="25" slack="0"/>
</pin_list>
<bind>
<opcode="sext(35) " fcode="sext"/>
<opset="sext_ln70_61/1 "/>
</bind>
</comp>

<comp id="3392" class="1004" name="sext_ln70_62_fu_3392">
<pin_list>
<pin id="3393" dir="0" index="0" bw="16" slack="0"/>
<pin id="3394" dir="1" index="1" bw="26" slack="0"/>
</pin_list>
<bind>
<opcode="sext(35) " fcode="sext"/>
<opset="sext_ln70_62/1 "/>
</bind>
</comp>

<comp id="3397" class="1004" name="tmp_9065_fu_3397">
<pin_list>
<pin id="3398" dir="0" index="0" bw="20" slack="0"/>
<pin id="3399" dir="0" index="1" bw="16" slack="0"/>
<pin id="3400" dir="0" index="2" bw="1" slack="0"/>
<pin id="3401" dir="1" index="3" bw="20" slack="0"/>
</pin_list>
<bind>
<opcode="bitconcatenate(1004) " fcode="bitconcatenate"/>
<opset="tmp_9065/1 "/>
</bind>
</comp>

<comp id="3405" class="1004" name="sext_ln73_61_fu_3405">
<pin_list>
<pin id="3406" dir="0" index="0" bw="20" slack="0"/>
<pin id="3407" dir="1" index="1" bw="22" slack="0"/>
</pin_list>
<bind>
<opcode="sext(35) " fcode="sext"/>
<opset="sext_ln73_61/1 "/>
</bind>
</comp>

<comp id="3409" class="1004" name="sub_ln73_28_fu_3409">
<pin_list>
<pin id="3410" dir="0" index="0" bw="1" slack="0"/>
<pin id="3411" dir="0" index="1" bw="20" slack="0"/>
<pin id="3412" dir="1" index="2" bw="22" slack="0"/>
</pin_list>
<bind>
<opcode="sub(10) " fcode="sub"/>
<opset="sub_ln73_28/1 "/>
</bind>
</comp>

<comp id="3415" class="1004" name="tmp_9066_fu_3415">
<pin_list>
<pin id="3416" dir="0" index="0" bw="18" slack="0"/>
<pin id="3417" dir="0" index="1" bw="16" slack="0"/>
<pin id="3418" dir="0" index="2" bw="1" slack="0"/>
<pin id="3419" dir="1" index="3" bw="18" slack="0"/>
</pin_list>
<bind>
<opcode="bitconcatenate(1004) " fcode="bitconcatenate"/>
<opset="tmp_9066/1 "/>
</bind>
</comp>

<comp id="3423" class="1004" name="sext_ln73_62_fu_3423">
<pin_list>
<pin id="3424" dir="0" index="0" bw="18" slack="0"/>
<pin id="3425" dir="1" index="1" bw="22" slack="0"/>
</pin_list>
<bind>
<opcode="sext(35) " fcode="sext"/>
<opset="sext_ln73_62/1 "/>
</bind>
</comp>

<comp id="3427" class="1004" name="sub_ln73_29_fu_3427">
<pin_list>
<pin id="3428" dir="0" index="0" bw="22" slack="0"/>
<pin id="3429" dir="0" index="1" bw="18" slack="0"/>
<pin id="3430" dir="1" index="2" bw="22" slack="0"/>
</pin_list>
<bind>
<opcode="sub(10) " fcode="sub"/>
<opset="sub_ln73_29/1 "/>
</bind>
</comp>

<comp id="3433" class="1004" name="trunc_ln42_149_fu_3433">
<pin_list>
<pin id="3434" dir="0" index="0" bw="12" slack="0"/>
<pin id="3435" dir="0" index="1" bw="22" slack="0"/>
<pin id="3436" dir="0" index="2" bw="5" slack="0"/>
<pin id="3437" dir="0" index="3" bw="6" slack="0"/>
<pin id="3438" dir="1" index="4" bw="12" slack="0"/>
</pin_list>
<bind>
<opcode="partselect(1002) " fcode="partselect"/>
<opset="trunc_ln42_149/1 "/>
</bind>
</comp>

<comp id="3443" class="1004" name="sext_ln42_62_fu_3443">
<pin_list>
<pin id="3444" dir="0" index="0" bw="12" slack="0"/>
<pin id="3445" dir="1" index="1" bw="16" slack="0"/>
</pin_list>
<bind>
<opcode="sext(35) " fcode="sext"/>
<opset="sext_ln42_62/1 "/>
</bind>
</comp>

<comp id="3447" class="1004" name="trunc_ln42_150_fu_3447">
<pin_list>
<pin id="3448" dir="0" index="0" bw="16" slack="0"/>
<pin id="3449" dir="0" index="1" bw="26" slack="0"/>
<pin id="3450" dir="0" index="2" bw="5" slack="0"/>
<pin id="3451" dir="0" index="3" bw="6" slack="0"/>
<pin id="3452" dir="1" index="4" bw="16" slack="0"/>
</pin_list>
<bind>
<opcode="partselect(1002) " fcode="partselect"/>
<opset="trunc_ln42_150/1 "/>
</bind>
</comp>

<comp id="3457" class="1004" name="trunc_ln42_151_fu_3457">
<pin_list>
<pin id="3458" dir="0" index="0" bw="15" slack="0"/>
<pin id="3459" dir="0" index="1" bw="25" slack="0"/>
<pin id="3460" dir="0" index="2" bw="5" slack="0"/>
<pin id="3461" dir="0" index="3" bw="6" slack="0"/>
<pin id="3462" dir="1" index="4" bw="15" slack="0"/>
</pin_list>
<bind>
<opcode="partselect(1002) " fcode="partselect"/>
<opset="trunc_ln42_151/1 "/>
</bind>
</comp>

<comp id="3467" class="1004" name="sext_ln42_63_fu_3467">
<pin_list>
<pin id="3468" dir="0" index="0" bw="15" slack="0"/>
<pin id="3469" dir="1" index="1" bw="16" slack="0"/>
</pin_list>
<bind>
<opcode="sext(35) " fcode="sext"/>
<opset="sext_ln42_63/1 "/>
</bind>
</comp>

<comp id="3471" class="1004" name="tmp_9067_fu_3471">
<pin_list>
<pin id="3472" dir="0" index="0" bw="23" slack="0"/>
<pin id="3473" dir="0" index="1" bw="16" slack="0"/>
<pin id="3474" dir="0" index="2" bw="1" slack="0"/>
<pin id="3475" dir="1" index="3" bw="23" slack="0"/>
</pin_list>
<bind>
<opcode="bitconcatenate(1004) " fcode="bitconcatenate"/>
<opset="tmp_9067/1 "/>
</bind>
</comp>

<comp id="3479" class="1004" name="sext_ln73_63_fu_3479">
<pin_list>
<pin id="3480" dir="0" index="0" bw="23" slack="0"/>
<pin id="3481" dir="1" index="1" bw="24" slack="0"/>
</pin_list>
<bind>
<opcode="sext(35) " fcode="sext"/>
<opset="sext_ln73_63/1 "/>
</bind>
</comp>

<comp id="3483" class="1004" name="tmp_9068_fu_3483">
<pin_list>
<pin id="3484" dir="0" index="0" bw="19" slack="0"/>
<pin id="3485" dir="0" index="1" bw="16" slack="0"/>
<pin id="3486" dir="0" index="2" bw="1" slack="0"/>
<pin id="3487" dir="1" index="3" bw="19" slack="0"/>
</pin_list>
<bind>
<opcode="bitconcatenate(1004) " fcode="bitconcatenate"/>
<opset="tmp_9068/1 "/>
</bind>
</comp>

<comp id="3491" class="1004" name="sext_ln73_64_fu_3491">
<pin_list>
<pin id="3492" dir="0" index="0" bw="19" slack="0"/>
<pin id="3493" dir="1" index="1" bw="24" slack="0"/>
</pin_list>
<bind>
<opcode="sext(35) " fcode="sext"/>
<opset="sext_ln73_64/1 "/>
</bind>
</comp>

<comp id="3495" class="1004" name="sub_ln73_30_fu_3495">
<pin_list>
<pin id="3496" dir="0" index="0" bw="23" slack="0"/>
<pin id="3497" dir="0" index="1" bw="19" slack="0"/>
<pin id="3498" dir="1" index="2" bw="24" slack="0"/>
</pin_list>
<bind>
<opcode="sub(10) " fcode="sub"/>
<opset="sub_ln73_30/1 "/>
</bind>
</comp>

<comp id="3501" class="1004" name="trunc_ln42_152_fu_3501">
<pin_list>
<pin id="3502" dir="0" index="0" bw="14" slack="0"/>
<pin id="3503" dir="0" index="1" bw="24" slack="0"/>
<pin id="3504" dir="0" index="2" bw="5" slack="0"/>
<pin id="3505" dir="0" index="3" bw="6" slack="0"/>
<pin id="3506" dir="1" index="4" bw="14" slack="0"/>
</pin_list>
<bind>
<opcode="partselect(1002) " fcode="partselect"/>
<opset="trunc_ln42_152/1 "/>
</bind>
</comp>

<comp id="3511" class="1004" name="sext_ln42_64_fu_3511">
<pin_list>
<pin id="3512" dir="0" index="0" bw="14" slack="0"/>
<pin id="3513" dir="1" index="1" bw="16" slack="0"/>
</pin_list>
<bind>
<opcode="sext(35) " fcode="sext"/>
<opset="sext_ln42_64/1 "/>
</bind>
</comp>

<comp id="3515" class="1004" name="sext_ln70_63_fu_3515">
<pin_list>
<pin id="3516" dir="0" index="0" bw="16" slack="0"/>
<pin id="3517" dir="1" index="1" bw="26" slack="0"/>
</pin_list>
<bind>
<opcode="sext(35) " fcode="sext"/>
<opset="sext_ln70_63/1 "/>
</bind>
</comp>

<comp id="3523" class="1004" name="trunc_ln42_153_fu_3523">
<pin_list>
<pin id="3524" dir="0" index="0" bw="16" slack="0"/>
<pin id="3525" dir="0" index="1" bw="26" slack="0"/>
<pin id="3526" dir="0" index="2" bw="5" slack="0"/>
<pin id="3527" dir="0" index="3" bw="6" slack="0"/>
<pin id="3528" dir="1" index="4" bw="16" slack="0"/>
</pin_list>
<bind>
<opcode="partselect(1002) " fcode="partselect"/>
<opset="trunc_ln42_153/1 "/>
</bind>
</comp>

<comp id="3533" class="1004" name="trunc_ln42_154_fu_3533">
<pin_list>
<pin id="3534" dir="0" index="0" bw="16" slack="0"/>
<pin id="3535" dir="0" index="1" bw="26" slack="0"/>
<pin id="3536" dir="0" index="2" bw="5" slack="0"/>
<pin id="3537" dir="0" index="3" bw="6" slack="0"/>
<pin id="3538" dir="1" index="4" bw="16" slack="0"/>
</pin_list>
<bind>
<opcode="partselect(1002) " fcode="partselect"/>
<opset="trunc_ln42_154/1 "/>
</bind>
</comp>

<comp id="3543" class="1004" name="trunc_ln42_155_fu_3543">
<pin_list>
<pin id="3544" dir="0" index="0" bw="16" slack="0"/>
<pin id="3545" dir="0" index="1" bw="26" slack="0"/>
<pin id="3546" dir="0" index="2" bw="5" slack="0"/>
<pin id="3547" dir="0" index="3" bw="6" slack="0"/>
<pin id="3548" dir="1" index="4" bw="16" slack="0"/>
</pin_list>
<bind>
<opcode="partselect(1002) " fcode="partselect"/>
<opset="trunc_ln42_155/1 "/>
</bind>
</comp>

<comp id="3553" class="1004" name="trunc_ln42_156_fu_3553">
<pin_list>
<pin id="3554" dir="0" index="0" bw="16" slack="0"/>
<pin id="3555" dir="0" index="1" bw="26" slack="0"/>
<pin id="3556" dir="0" index="2" bw="5" slack="0"/>
<pin id="3557" dir="0" index="3" bw="6" slack="0"/>
<pin id="3558" dir="1" index="4" bw="16" slack="0"/>
</pin_list>
<bind>
<opcode="partselect(1002) " fcode="partselect"/>
<opset="trunc_ln42_156/1 "/>
</bind>
</comp>

<comp id="3563" class="1004" name="add_ln58_122_fu_3563">
<pin_list>
<pin id="3564" dir="0" index="0" bw="16" slack="0"/>
<pin id="3565" dir="0" index="1" bw="16" slack="0"/>
<pin id="3566" dir="1" index="2" bw="16" slack="0"/>
</pin_list>
<bind>
<opcode="add(8) " fcode="add"/>
<opset="add_ln58_122/1 "/>
</bind>
</comp>

<comp id="3569" class="1004" name="add_ln58_123_fu_3569">
<pin_list>
<pin id="3570" dir="0" index="0" bw="12" slack="0"/>
<pin id="3571" dir="0" index="1" bw="16" slack="0"/>
<pin id="3572" dir="1" index="2" bw="16" slack="0"/>
</pin_list>
<bind>
<opcode="add(8) " fcode="add"/>
<opset="add_ln58_123/1 "/>
</bind>
</comp>

<comp id="3575" class="1004" name="add_ln58_124_fu_3575">
<pin_list>
<pin id="3576" dir="0" index="0" bw="16" slack="0"/>
<pin id="3577" dir="0" index="1" bw="16" slack="0"/>
<pin id="3578" dir="1" index="2" bw="16" slack="1"/>
</pin_list>
<bind>
<opcode="add(8) " fcode="add"/>
<opset="add_ln58_124/1 "/>
</bind>
</comp>

<comp id="3581" class="1004" name="add_ln58_129_fu_3581">
<pin_list>
<pin id="3582" dir="0" index="0" bw="16" slack="0"/>
<pin id="3583" dir="0" index="1" bw="14" slack="0"/>
<pin id="3584" dir="1" index="2" bw="16" slack="0"/>
</pin_list>
<bind>
<opcode="add(8) " fcode="add"/>
<opset="add_ln58_129/1 "/>
</bind>
</comp>

<comp id="3587" class="1004" name="add_ln58_130_fu_3587">
<pin_list>
<pin id="3588" dir="0" index="0" bw="16" slack="0"/>
<pin id="3589" dir="0" index="1" bw="16" slack="0"/>
<pin id="3590" dir="1" index="2" bw="16" slack="0"/>
</pin_list>
<bind>
<opcode="add(8) " fcode="add"/>
<opset="add_ln58_130/1 "/>
</bind>
</comp>

<comp id="3593" class="1004" name="add_ln58_131_fu_3593">
<pin_list>
<pin id="3594" dir="0" index="0" bw="16" slack="0"/>
<pin id="3595" dir="0" index="1" bw="16" slack="0"/>
<pin id="3596" dir="1" index="2" bw="16" slack="1"/>
</pin_list>
<bind>
<opcode="add(8) " fcode="add"/>
<opset="add_ln58_131/1 "/>
</bind>
</comp>

<comp id="3599" class="1004" name="add_ln58_136_fu_3599">
<pin_list>
<pin id="3600" dir="0" index="0" bw="16" slack="0"/>
<pin id="3601" dir="0" index="1" bw="14" slack="0"/>
<pin id="3602" dir="1" index="2" bw="16" slack="0"/>
</pin_list>
<bind>
<opcode="add(8) " fcode="add"/>
<opset="add_ln58_136/1 "/>
</bind>
</comp>

<comp id="3605" class="1004" name="add_ln58_137_fu_3605">
<pin_list>
<pin id="3606" dir="0" index="0" bw="15" slack="0"/>
<pin id="3607" dir="0" index="1" bw="16" slack="0"/>
<pin id="3608" dir="1" index="2" bw="16" slack="0"/>
</pin_list>
<bind>
<opcode="add(8) " fcode="add"/>
<opset="add_ln58_137/1 "/>
</bind>
</comp>

<comp id="3611" class="1004" name="add_ln58_138_fu_3611">
<pin_list>
<pin id="3612" dir="0" index="0" bw="16" slack="0"/>
<pin id="3613" dir="0" index="1" bw="16" slack="0"/>
<pin id="3614" dir="1" index="2" bw="16" slack="1"/>
</pin_list>
<bind>
<opcode="add(8) " fcode="add"/>
<opset="add_ln58_138/1 "/>
</bind>
</comp>

<comp id="3617" class="1004" name="add_ln58_143_fu_3617">
<pin_list>
<pin id="3618" dir="0" index="0" bw="16" slack="0"/>
<pin id="3619" dir="0" index="1" bw="15" slack="0"/>
<pin id="3620" dir="1" index="2" bw="16" slack="0"/>
</pin_list>
<bind>
<opcode="add(8) " fcode="add"/>
<opset="add_ln58_143/1 "/>
</bind>
</comp>

<comp id="3623" class="1004" name="add_ln58_144_fu_3623">
<pin_list>
<pin id="3624" dir="0" index="0" bw="14" slack="0"/>
<pin id="3625" dir="0" index="1" bw="16" slack="0"/>
<pin id="3626" dir="1" index="2" bw="16" slack="0"/>
</pin_list>
<bind>
<opcode="add(8) " fcode="add"/>
<opset="add_ln58_144/1 "/>
</bind>
</comp>

<comp id="3629" class="1004" name="add_ln58_145_fu_3629">
<pin_list>
<pin id="3630" dir="0" index="0" bw="16" slack="0"/>
<pin id="3631" dir="0" index="1" bw="16" slack="0"/>
<pin id="3632" dir="1" index="2" bw="16" slack="1"/>
</pin_list>
<bind>
<opcode="add(8) " fcode="add"/>
<opset="add_ln58_145/1 "/>
</bind>
</comp>

<comp id="3635" class="1004" name="sext_ln70_fu_3635">
<pin_list>
<pin id="3636" dir="0" index="0" bw="16" slack="1"/>
<pin id="3637" dir="1" index="1" bw="24" slack="0"/>
</pin_list>
<bind>
<opcode="sext(35) " fcode="sext"/>
<opset="sext_ln70/2 "/>
</bind>
</comp>

<comp id="3639" class="1004" name="sext_ln70_51_fu_3639">
<pin_list>
<pin id="3640" dir="0" index="0" bw="16" slack="1"/>
<pin id="3641" dir="1" index="1" bw="26" slack="0"/>
</pin_list>
<bind>
<opcode="sext(35) " fcode="sext"/>
<opset="sext_ln70_51/2 "/>
</bind>
</comp>

<comp id="3645" class="1004" name="trunc_ln_fu_3645">
<pin_list>
<pin id="3646" dir="0" index="0" bw="16" slack="0"/>
<pin id="3647" dir="0" index="1" bw="26" slack="0"/>
<pin id="3648" dir="0" index="2" bw="5" slack="0"/>
<pin id="3649" dir="0" index="3" bw="6" slack="0"/>
<pin id="3650" dir="1" index="4" bw="16" slack="0"/>
</pin_list>
<bind>
<opcode="partselect(1002) " fcode="partselect"/>
<opset="trunc_ln/2 "/>
</bind>
</comp>

<comp id="3655" class="1004" name="trunc_ln42_s_fu_3655">
<pin_list>
<pin id="3656" dir="0" index="0" bw="14" slack="0"/>
<pin id="3657" dir="0" index="1" bw="24" slack="0"/>
<pin id="3658" dir="0" index="2" bw="5" slack="0"/>
<pin id="3659" dir="0" index="3" bw="6" slack="0"/>
<pin id="3660" dir="1" index="4" bw="14" slack="0"/>
</pin_list>
<bind>
<opcode="partselect(1002) " fcode="partselect"/>
<opset="trunc_ln42_s/2 "/>
</bind>
</comp>

<comp id="3665" class="1004" name="sext_ln42_fu_3665">
<pin_list>
<pin id="3666" dir="0" index="0" bw="14" slack="0"/>
<pin id="3667" dir="1" index="1" bw="16" slack="0"/>
</pin_list>
<bind>
<opcode="sext(35) " fcode="sext"/>
<opset="sext_ln42/2 "/>
</bind>
</comp>

<comp id="3669" class="1004" name="trunc_ln42_127_fu_3669">
<pin_list>
<pin id="3670" dir="0" index="0" bw="16" slack="0"/>
<pin id="3671" dir="0" index="1" bw="26" slack="0"/>
<pin id="3672" dir="0" index="2" bw="5" slack="0"/>
<pin id="3673" dir="0" index="3" bw="6" slack="0"/>
<pin id="3674" dir="1" index="4" bw="16" slack="0"/>
</pin_list>
<bind>
<opcode="partselect(1002) " fcode="partselect"/>
<opset="trunc_ln42_127/2 "/>
</bind>
</comp>

<comp id="3679" class="1004" name="trunc_ln42_128_fu_3679">
<pin_list>
<pin id="3680" dir="0" index="0" bw="16" slack="0"/>
<pin id="3681" dir="0" index="1" bw="26" slack="0"/>
<pin id="3682" dir="0" index="2" bw="5" slack="0"/>
<pin id="3683" dir="0" index="3" bw="6" slack="0"/>
<pin id="3684" dir="1" index="4" bw="16" slack="0"/>
</pin_list>
<bind>
<opcode="partselect(1002) " fcode="partselect"/>
<opset="trunc_ln42_128/2 "/>
</bind>
</comp>

<comp id="3689" class="1004" name="sext_ln70_52_fu_3689">
<pin_list>
<pin id="3690" dir="0" index="0" bw="16" slack="1"/>
<pin id="3691" dir="1" index="1" bw="26" slack="0"/>
</pin_list>
<bind>
<opcode="sext(35) " fcode="sext"/>
<opset="sext_ln70_52/2 "/>
</bind>
</comp>

<comp id="3695" class="1004" name="sext_ln70_53_fu_3695">
<pin_list>
<pin id="3696" dir="0" index="0" bw="16" slack="1"/>
<pin id="3697" dir="1" index="1" bw="24" slack="0"/>
</pin_list>
<bind>
<opcode="sext(35) " fcode="sext"/>
<opset="sext_ln70_53/2 "/>
</bind>
</comp>

<comp id="3699" class="1004" name="trunc_ln42_129_fu_3699">
<pin_list>
<pin id="3700" dir="0" index="0" bw="14" slack="0"/>
<pin id="3701" dir="0" index="1" bw="24" slack="0"/>
<pin id="3702" dir="0" index="2" bw="5" slack="0"/>
<pin id="3703" dir="0" index="3" bw="6" slack="0"/>
<pin id="3704" dir="1" index="4" bw="14" slack="0"/>
</pin_list>
<bind>
<opcode="partselect(1002) " fcode="partselect"/>
<opset="trunc_ln42_129/2 "/>
</bind>
</comp>

<comp id="3709" class="1004" name="sext_ln42_53_fu_3709">
<pin_list>
<pin id="3710" dir="0" index="0" bw="14" slack="0"/>
<pin id="3711" dir="1" index="1" bw="16" slack="0"/>
</pin_list>
<bind>
<opcode="sext(35) " fcode="sext"/>
<opset="sext_ln42_53/2 "/>
</bind>
</comp>

<comp id="3713" class="1004" name="trunc_ln42_130_fu_3713">
<pin_list>
<pin id="3714" dir="0" index="0" bw="16" slack="0"/>
<pin id="3715" dir="0" index="1" bw="26" slack="0"/>
<pin id="3716" dir="0" index="2" bw="5" slack="0"/>
<pin id="3717" dir="0" index="3" bw="6" slack="0"/>
<pin id="3718" dir="1" index="4" bw="16" slack="0"/>
</pin_list>
<bind>
<opcode="partselect(1002) " fcode="partselect"/>
<opset="trunc_ln42_130/2 "/>
</bind>
</comp>

<comp id="3723" class="1004" name="trunc_ln42_131_fu_3723">
<pin_list>
<pin id="3724" dir="0" index="0" bw="16" slack="0"/>
<pin id="3725" dir="0" index="1" bw="26" slack="0"/>
<pin id="3726" dir="0" index="2" bw="5" slack="0"/>
<pin id="3727" dir="0" index="3" bw="6" slack="0"/>
<pin id="3728" dir="1" index="4" bw="16" slack="0"/>
</pin_list>
<bind>
<opcode="partselect(1002) " fcode="partselect"/>
<opset="trunc_ln42_131/2 "/>
</bind>
</comp>

<comp id="3733" class="1004" name="trunc_ln42_132_fu_3733">
<pin_list>
<pin id="3734" dir="0" index="0" bw="16" slack="0"/>
<pin id="3735" dir="0" index="1" bw="26" slack="0"/>
<pin id="3736" dir="0" index="2" bw="5" slack="0"/>
<pin id="3737" dir="0" index="3" bw="6" slack="0"/>
<pin id="3738" dir="1" index="4" bw="16" slack="0"/>
</pin_list>
<bind>
<opcode="partselect(1002) " fcode="partselect"/>
<opset="trunc_ln42_132/2 "/>
</bind>
</comp>

<comp id="3743" class="1004" name="sext_ln70_54_fu_3743">
<pin_list>
<pin id="3744" dir="0" index="0" bw="16" slack="1"/>
<pin id="3745" dir="1" index="1" bw="26" slack="0"/>
</pin_list>
<bind>
<opcode="sext(35) " fcode="sext"/>
<opset="sext_ln70_54/2 "/>
</bind>
</comp>

<comp id="3749" class="1004" name="sext_ln70_55_fu_3749">
<pin_list>
<pin id="3750" dir="0" index="0" bw="16" slack="1"/>
<pin id="3751" dir="1" index="1" bw="25" slack="0"/>
</pin_list>
<bind>
<opcode="sext(35) " fcode="sext"/>
<opset="sext_ln70_55/2 "/>
</bind>
</comp>

<comp id="3753" class="1004" name="trunc_ln42_133_fu_3753">
<pin_list>
<pin id="3754" dir="0" index="0" bw="16" slack="0"/>
<pin id="3755" dir="0" index="1" bw="26" slack="0"/>
<pin id="3756" dir="0" index="2" bw="5" slack="0"/>
<pin id="3757" dir="0" index="3" bw="6" slack="0"/>
<pin id="3758" dir="1" index="4" bw="16" slack="0"/>
</pin_list>
<bind>
<opcode="partselect(1002) " fcode="partselect"/>
<opset="trunc_ln42_133/2 "/>
</bind>
</comp>

<comp id="3763" class="1004" name="trunc_ln42_134_fu_3763">
<pin_list>
<pin id="3764" dir="0" index="0" bw="15" slack="0"/>
<pin id="3765" dir="0" index="1" bw="25" slack="0"/>
<pin id="3766" dir="0" index="2" bw="5" slack="0"/>
<pin id="3767" dir="0" index="3" bw="6" slack="0"/>
<pin id="3768" dir="1" index="4" bw="15" slack="0"/>
</pin_list>
<bind>
<opcode="partselect(1002) " fcode="partselect"/>
<opset="trunc_ln42_134/2 "/>
</bind>
</comp>

<comp id="3773" class="1004" name="sext_ln42_54_fu_3773">
<pin_list>
<pin id="3774" dir="0" index="0" bw="15" slack="0"/>
<pin id="3775" dir="1" index="1" bw="16" slack="0"/>
</pin_list>
<bind>
<opcode="sext(35) " fcode="sext"/>
<opset="sext_ln42_54/2 "/>
</bind>
</comp>

<comp id="3777" class="1004" name="trunc_ln42_135_fu_3777">
<pin_list>
<pin id="3778" dir="0" index="0" bw="16" slack="0"/>
<pin id="3779" dir="0" index="1" bw="26" slack="0"/>
<pin id="3780" dir="0" index="2" bw="5" slack="0"/>
<pin id="3781" dir="0" index="3" bw="6" slack="0"/>
<pin id="3782" dir="1" index="4" bw="16" slack="0"/>
</pin_list>
<bind>
<opcode="partselect(1002) " fcode="partselect"/>
<opset="trunc_ln42_135/2 "/>
</bind>
</comp>

<comp id="3787" class="1004" name="trunc_ln42_136_fu_3787">
<pin_list>
<pin id="3788" dir="0" index="0" bw="16" slack="0"/>
<pin id="3789" dir="0" index="1" bw="26" slack="0"/>
<pin id="3790" dir="0" index="2" bw="5" slack="0"/>
<pin id="3791" dir="0" index="3" bw="6" slack="0"/>
<pin id="3792" dir="1" index="4" bw="16" slack="0"/>
</pin_list>
<bind>
<opcode="partselect(1002) " fcode="partselect"/>
<opset="trunc_ln42_136/2 "/>
</bind>
</comp>

<comp id="3797" class="1004" name="sext_ln70_56_fu_3797">
<pin_list>
<pin id="3798" dir="0" index="0" bw="16" slack="1"/>
<pin id="3799" dir="1" index="1" bw="25" slack="0"/>
</pin_list>
<bind>
<opcode="sext(35) " fcode="sext"/>
<opset="sext_ln70_56/2 "/>
</bind>
</comp>

<comp id="3803" class="1004" name="sext_ln70_57_fu_3803">
<pin_list>
<pin id="3804" dir="0" index="0" bw="16" slack="1"/>
<pin id="3805" dir="1" index="1" bw="24" slack="0"/>
</pin_list>
<bind>
<opcode="sext(35) " fcode="sext"/>
<opset="sext_ln70_57/2 "/>
</bind>
</comp>

<comp id="3807" class="1004" name="trunc_ln42_137_fu_3807">
<pin_list>
<pin id="3808" dir="0" index="0" bw="14" slack="0"/>
<pin id="3809" dir="0" index="1" bw="24" slack="0"/>
<pin id="3810" dir="0" index="2" bw="5" slack="0"/>
<pin id="3811" dir="0" index="3" bw="6" slack="0"/>
<pin id="3812" dir="1" index="4" bw="14" slack="0"/>
</pin_list>
<bind>
<opcode="partselect(1002) " fcode="partselect"/>
<opset="trunc_ln42_137/2 "/>
</bind>
</comp>

<comp id="3817" class="1004" name="sext_ln42_55_fu_3817">
<pin_list>
<pin id="3818" dir="0" index="0" bw="14" slack="0"/>
<pin id="3819" dir="1" index="1" bw="16" slack="0"/>
</pin_list>
<bind>
<opcode="sext(35) " fcode="sext"/>
<opset="sext_ln42_55/2 "/>
</bind>
</comp>

<comp id="3821" class="1004" name="trunc_ln42_138_fu_3821">
<pin_list>
<pin id="3822" dir="0" index="0" bw="15" slack="0"/>
<pin id="3823" dir="0" index="1" bw="25" slack="0"/>
<pin id="3824" dir="0" index="2" bw="5" slack="0"/>
<pin id="3825" dir="0" index="3" bw="6" slack="0"/>
<pin id="3826" dir="1" index="4" bw="15" slack="0"/>
</pin_list>
<bind>
<opcode="partselect(1002) " fcode="partselect"/>
<opset="trunc_ln42_138/2 "/>
</bind>
</comp>

<comp id="3831" class="1004" name="sext_ln42_56_fu_3831">
<pin_list>
<pin id="3832" dir="0" index="0" bw="15" slack="0"/>
<pin id="3833" dir="1" index="1" bw="16" slack="0"/>
</pin_list>
<bind>
<opcode="sext(35) " fcode="sext"/>
<opset="sext_ln42_56/2 "/>
</bind>
</comp>

<comp id="3835" class="1004" name="trunc_ln42_139_fu_3835">
<pin_list>
<pin id="3836" dir="0" index="0" bw="15" slack="0"/>
<pin id="3837" dir="0" index="1" bw="25" slack="0"/>
<pin id="3838" dir="0" index="2" bw="5" slack="0"/>
<pin id="3839" dir="0" index="3" bw="6" slack="0"/>
<pin id="3840" dir="1" index="4" bw="15" slack="0"/>
</pin_list>
<bind>
<opcode="partselect(1002) " fcode="partselect"/>
<opset="trunc_ln42_139/2 "/>
</bind>
</comp>

<comp id="3845" class="1004" name="sext_ln42_57_fu_3845">
<pin_list>
<pin id="3846" dir="0" index="0" bw="15" slack="0"/>
<pin id="3847" dir="1" index="1" bw="16" slack="0"/>
</pin_list>
<bind>
<opcode="sext(35) " fcode="sext"/>
<opset="sext_ln42_57/2 "/>
</bind>
</comp>

<comp id="3849" class="1004" name="trunc_ln42_140_fu_3849">
<pin_list>
<pin id="3850" dir="0" index="0" bw="15" slack="0"/>
<pin id="3851" dir="0" index="1" bw="25" slack="0"/>
<pin id="3852" dir="0" index="2" bw="5" slack="0"/>
<pin id="3853" dir="0" index="3" bw="6" slack="0"/>
<pin id="3854" dir="1" index="4" bw="15" slack="0"/>
</pin_list>
<bind>
<opcode="partselect(1002) " fcode="partselect"/>
<opset="trunc_ln42_140/2 "/>
</bind>
</comp>

<comp id="3859" class="1004" name="sext_ln42_58_fu_3859">
<pin_list>
<pin id="3860" dir="0" index="0" bw="15" slack="0"/>
<pin id="3861" dir="1" index="1" bw="16" slack="0"/>
</pin_list>
<bind>
<opcode="sext(35) " fcode="sext"/>
<opset="sext_ln42_58/2 "/>
</bind>
</comp>

<comp id="3863" class="1004" name="add_ln58_fu_3863">
<pin_list>
<pin id="3864" dir="0" index="0" bw="14" slack="0"/>
<pin id="3865" dir="0" index="1" bw="16" slack="0"/>
<pin id="3866" dir="1" index="2" bw="16" slack="0"/>
</pin_list>
<bind>
<opcode="add(8) " fcode="add"/>
<opset="add_ln58/2 "/>
</bind>
</comp>

<comp id="3869" class="1004" name="add_ln58_120_fu_3869">
<pin_list>
<pin id="3870" dir="0" index="0" bw="16" slack="0"/>
<pin id="3871" dir="0" index="1" bw="14" slack="0"/>
<pin id="3872" dir="1" index="2" bw="16" slack="0"/>
</pin_list>
<bind>
<opcode="add(8) " fcode="add"/>
<opset="add_ln58_120/2 "/>
</bind>
</comp>

<comp id="3875" class="1004" name="add_ln58_121_fu_3875">
<pin_list>
<pin id="3876" dir="0" index="0" bw="16" slack="0"/>
<pin id="3877" dir="0" index="1" bw="16" slack="0"/>
<pin id="3878" dir="1" index="2" bw="16" slack="0"/>
</pin_list>
<bind>
<opcode="add(8) " fcode="add"/>
<opset="add_ln58_121/2 "/>
</bind>
</comp>

<comp id="3881" class="1004" name="add_ln58_125_fu_3881">
<pin_list>
<pin id="3882" dir="0" index="0" bw="16" slack="1"/>
<pin id="3883" dir="0" index="1" bw="16" slack="0"/>
<pin id="3884" dir="1" index="2" bw="16" slack="0"/>
</pin_list>
<bind>
<opcode="add(8) " fcode="add"/>
<opset="add_ln58_125/2 "/>
</bind>
</comp>

<comp id="3886" class="1004" name="add_ln58_126_fu_3886">
<pin_list>
<pin id="3887" dir="0" index="0" bw="16" slack="0"/>
<pin id="3888" dir="0" index="1" bw="14" slack="0"/>
<pin id="3889" dir="1" index="2" bw="16" slack="0"/>
</pin_list>
<bind>
<opcode="add(8) " fcode="add"/>
<opset="add_ln58_126/2 "/>
</bind>
</comp>

<comp id="3892" class="1004" name="add_ln58_127_fu_3892">
<pin_list>
<pin id="3893" dir="0" index="0" bw="15" slack="0"/>
<pin id="3894" dir="0" index="1" bw="15" slack="0"/>
<pin id="3895" dir="1" index="2" bw="16" slack="0"/>
</pin_list>
<bind>
<opcode="add(8) " fcode="add"/>
<opset="add_ln58_127/2 "/>
</bind>
</comp>

<comp id="3898" class="1004" name="add_ln58_128_fu_3898">
<pin_list>
<pin id="3899" dir="0" index="0" bw="16" slack="0"/>
<pin id="3900" dir="0" index="1" bw="16" slack="0"/>
<pin id="3901" dir="1" index="2" bw="16" slack="0"/>
</pin_list>
<bind>
<opcode="add(8) " fcode="add"/>
<opset="add_ln58_128/2 "/>
</bind>
</comp>

<comp id="3904" class="1004" name="add_ln58_132_fu_3904">
<pin_list>
<pin id="3905" dir="0" index="0" bw="16" slack="1"/>
<pin id="3906" dir="0" index="1" bw="16" slack="0"/>
<pin id="3907" dir="1" index="2" bw="16" slack="0"/>
</pin_list>
<bind>
<opcode="add(8) " fcode="add"/>
<opset="add_ln58_132/2 "/>
</bind>
</comp>

<comp id="3909" class="1004" name="add_ln58_133_fu_3909">
<pin_list>
<pin id="3910" dir="0" index="0" bw="16" slack="0"/>
<pin id="3911" dir="0" index="1" bw="16" slack="0"/>
<pin id="3912" dir="1" index="2" bw="16" slack="0"/>
</pin_list>
<bind>
<opcode="add(8) " fcode="add"/>
<opset="add_ln58_133/2 "/>
</bind>
</comp>

<comp id="3915" class="1004" name="add_ln58_134_fu_3915">
<pin_list>
<pin id="3916" dir="0" index="0" bw="16" slack="0"/>
<pin id="3917" dir="0" index="1" bw="15" slack="0"/>
<pin id="3918" dir="1" index="2" bw="16" slack="0"/>
</pin_list>
<bind>
<opcode="add(8) " fcode="add"/>
<opset="add_ln58_134/2 "/>
</bind>
</comp>

<comp id="3921" class="1004" name="add_ln58_135_fu_3921">
<pin_list>
<pin id="3922" dir="0" index="0" bw="16" slack="0"/>
<pin id="3923" dir="0" index="1" bw="16" slack="0"/>
<pin id="3924" dir="1" index="2" bw="16" slack="0"/>
</pin_list>
<bind>
<opcode="add(8) " fcode="add"/>
<opset="add_ln58_135/2 "/>
</bind>
</comp>

<comp id="3927" class="1004" name="add_ln58_139_fu_3927">
<pin_list>
<pin id="3928" dir="0" index="0" bw="16" slack="1"/>
<pin id="3929" dir="0" index="1" bw="16" slack="0"/>
<pin id="3930" dir="1" index="2" bw="16" slack="0"/>
</pin_list>
<bind>
<opcode="add(8) " fcode="add"/>
<opset="add_ln58_139/2 "/>
</bind>
</comp>

<comp id="3932" class="1004" name="add_ln58_140_fu_3932">
<pin_list>
<pin id="3933" dir="0" index="0" bw="16" slack="0"/>
<pin id="3934" dir="0" index="1" bw="16" slack="0"/>
<pin id="3935" dir="1" index="2" bw="16" slack="0"/>
</pin_list>
<bind>
<opcode="add(8) " fcode="add"/>
<opset="add_ln58_140/2 "/>
</bind>
</comp>

<comp id="3938" class="1004" name="add_ln58_141_fu_3938">
<pin_list>
<pin id="3939" dir="0" index="0" bw="16" slack="0"/>
<pin id="3940" dir="0" index="1" bw="15" slack="0"/>
<pin id="3941" dir="1" index="2" bw="16" slack="0"/>
</pin_list>
<bind>
<opcode="add(8) " fcode="add"/>
<opset="add_ln58_141/2 "/>
</bind>
</comp>

<comp id="3944" class="1004" name="add_ln58_142_fu_3944">
<pin_list>
<pin id="3945" dir="0" index="0" bw="16" slack="0"/>
<pin id="3946" dir="0" index="1" bw="16" slack="0"/>
<pin id="3947" dir="1" index="2" bw="16" slack="0"/>
</pin_list>
<bind>
<opcode="add(8) " fcode="add"/>
<opset="add_ln58_142/2 "/>
</bind>
</comp>

<comp id="3950" class="1004" name="add_ln58_146_fu_3950">
<pin_list>
<pin id="3951" dir="0" index="0" bw="16" slack="1"/>
<pin id="3952" dir="0" index="1" bw="16" slack="0"/>
<pin id="3953" dir="1" index="2" bw="16" slack="0"/>
</pin_list>
<bind>
<opcode="add(8) " fcode="add"/>
<opset="add_ln58_146/2 "/>
</bind>
</comp>

<comp id="3955" class="1004" name="shl_ln_fu_3955">
<pin_list>
<pin id="3956" dir="0" index="0" bw="26" slack="0"/>
<pin id="3957" dir="0" index="1" bw="16" slack="0"/>
<pin id="3958" dir="0" index="2" bw="1" slack="0"/>
<pin id="3959" dir="1" index="3" bw="26" slack="0"/>
</pin_list>
<bind>
<opcode="bitconcatenate(1004) " fcode="bitconcatenate"/>
<opset="shl_ln/2 "/>
</bind>
</comp>

<comp id="3963" class="1004" name="sext_ln111_fu_3963">
<pin_list>
<pin id="3964" dir="0" index="0" bw="26" slack="0"/>
<pin id="3965" dir="1" index="1" bw="36" slack="0"/>
</pin_list>
<bind>
<opcode="sext(35) " fcode="sext"/>
<opset="sext_ln111/2 "/>
</bind>
</comp>

<comp id="3967" class="1004" name="shl_ln111_8_fu_3967">
<pin_list>
<pin id="3968" dir="0" index="0" bw="26" slack="0"/>
<pin id="3969" dir="0" index="1" bw="16" slack="0"/>
<pin id="3970" dir="0" index="2" bw="1" slack="0"/>
<pin id="3971" dir="1" index="3" bw="26" slack="0"/>
</pin_list>
<bind>
<opcode="bitconcatenate(1004) " fcode="bitconcatenate"/>
<opset="shl_ln111_8/2 "/>
</bind>
</comp>

<comp id="3975" class="1004" name="sext_ln111_7_fu_3975">
<pin_list>
<pin id="3976" dir="0" index="0" bw="26" slack="0"/>
<pin id="3977" dir="1" index="1" bw="36" slack="0"/>
</pin_list>
<bind>
<opcode="sext(35) " fcode="sext"/>
<opset="sext_ln111_7/2 "/>
</bind>
</comp>

<comp id="3979" class="1004" name="shl_ln111_9_fu_3979">
<pin_list>
<pin id="3980" dir="0" index="0" bw="26" slack="0"/>
<pin id="3981" dir="0" index="1" bw="16" slack="0"/>
<pin id="3982" dir="0" index="2" bw="1" slack="0"/>
<pin id="3983" dir="1" index="3" bw="26" slack="0"/>
</pin_list>
<bind>
<opcode="bitconcatenate(1004) " fcode="bitconcatenate"/>
<opset="shl_ln111_9/2 "/>
</bind>
</comp>

<comp id="3987" class="1004" name="sext_ln111_8_fu_3987">
<pin_list>
<pin id="3988" dir="0" index="0" bw="26" slack="0"/>
<pin id="3989" dir="1" index="1" bw="36" slack="0"/>
</pin_list>
<bind>
<opcode="sext(35) " fcode="sext"/>
<opset="sext_ln111_8/2 "/>
</bind>
</comp>

<comp id="3991" class="1004" name="shl_ln111_s_fu_3991">
<pin_list>
<pin id="3992" dir="0" index="0" bw="26" slack="0"/>
<pin id="3993" dir="0" index="1" bw="16" slack="0"/>
<pin id="3994" dir="0" index="2" bw="1" slack="0"/>
<pin id="3995" dir="1" index="3" bw="26" slack="0"/>
</pin_list>
<bind>
<opcode="bitconcatenate(1004) " fcode="bitconcatenate"/>
<opset="shl_ln111_s/2 "/>
</bind>
</comp>

<comp id="3999" class="1004" name="sext_ln68_fu_3999">
<pin_list>
<pin id="4000" dir="0" index="0" bw="26" slack="0"/>
<pin id="4001" dir="1" index="1" bw="36" slack="0"/>
</pin_list>
<bind>
<opcode="sext(35) " fcode="sext"/>
<opset="sext_ln68/2 "/>
</bind>
</comp>

<comp id="4003" class="1004" name="mrv_fu_4003">
<pin_list>
<pin id="4004" dir="0" index="0" bw="144" slack="0"/>
<pin id="4005" dir="0" index="1" bw="26" slack="0"/>
<pin id="4006" dir="1" index="2" bw="144" slack="0"/>
</pin_list>
<bind>
<opcode="insertvalue(57) " fcode="insertvalue"/>
<opset="mrv/2 "/>
</bind>
</comp>

<comp id="4009" class="1004" name="mrv_1_fu_4009">
<pin_list>
<pin id="4010" dir="0" index="0" bw="144" slack="0"/>
<pin id="4011" dir="0" index="1" bw="26" slack="0"/>
<pin id="4012" dir="1" index="2" bw="144" slack="0"/>
</pin_list>
<bind>
<opcode="insertvalue(57) " fcode="insertvalue"/>
<opset="mrv_1/2 "/>
</bind>
</comp>

<comp id="4015" class="1004" name="mrv_2_fu_4015">
<pin_list>
<pin id="4016" dir="0" index="0" bw="144" slack="0"/>
<pin id="4017" dir="0" index="1" bw="26" slack="0"/>
<pin id="4018" dir="1" index="2" bw="144" slack="0"/>
</pin_list>
<bind>
<opcode="insertvalue(57) " fcode="insertvalue"/>
<opset="mrv_2/2 "/>
</bind>
</comp>

<comp id="4021" class="1004" name="mrv_3_fu_4021">
<pin_list>
<pin id="4022" dir="0" index="0" bw="144" slack="0"/>
<pin id="4023" dir="0" index="1" bw="26" slack="0"/>
<pin id="4024" dir="1" index="2" bw="144" slack="2147483647"/>
</pin_list>
<bind>
<opcode="insertvalue(57) " fcode="insertvalue"/>
<opset="mrv_3/2 "/>
</bind>
</comp>

<comp id="4027" class="1005" name="data_3_val_read_reg_4027">
<pin_list>
<pin id="4028" dir="0" index="0" bw="16" slack="1"/>
<pin id="4029" dir="1" index="1" bw="16" slack="1"/>
</pin_list>
<bind>
<opset="data_3_val_read "/>
</bind>
</comp>

<comp id="4033" class="1005" name="data_2_val_read_reg_4033">
<pin_list>
<pin id="4034" dir="0" index="0" bw="16" slack="1"/>
<pin id="4035" dir="1" index="1" bw="16" slack="1"/>
</pin_list>
<bind>
<opset="data_2_val_read "/>
</bind>
</comp>

<comp id="4039" class="1005" name="data_1_val_read_reg_4039">
<pin_list>
<pin id="4040" dir="0" index="0" bw="16" slack="1"/>
<pin id="4041" dir="1" index="1" bw="16" slack="1"/>
</pin_list>
<bind>
<opset="data_1_val_read "/>
</bind>
</comp>

<comp id="4045" class="1005" name="data_0_val_read_reg_4045">
<pin_list>
<pin id="4046" dir="0" index="0" bw="16" slack="1"/>
<pin id="4047" dir="1" index="1" bw="16" slack="1"/>
</pin_list>
<bind>
<opset="data_0_val_read "/>
</bind>
</comp>

<comp id="4051" class="1005" name="add_ln58_124_reg_4051">
<pin_list>
<pin id="4052" dir="0" index="0" bw="16" slack="1"/>
<pin id="4053" dir="1" index="1" bw="16" slack="1"/>
</pin_list>
<bind>
<opset="add_ln58_124 "/>
</bind>
</comp>

<comp id="4056" class="1005" name="add_ln58_131_reg_4056">
<pin_list>
<pin id="4057" dir="0" index="0" bw="16" slack="1"/>
<pin id="4058" dir="1" index="1" bw="16" slack="1"/>
</pin_list>
<bind>
<opset="add_ln58_131 "/>
</bind>
</comp>

<comp id="4061" class="1005" name="add_ln58_138_reg_4061">
<pin_list>
<pin id="4062" dir="0" index="0" bw="16" slack="1"/>
<pin id="4063" dir="1" index="1" bw="16" slack="1"/>
</pin_list>
<bind>
<opset="add_ln58_138 "/>
</bind>
</comp>

<comp id="4066" class="1005" name="add_ln58_145_reg_4066">
<pin_list>
<pin id="4067" dir="0" index="0" bw="16" slack="1"/>
<pin id="4068" dir="1" index="1" bw="16" slack="1"/>
</pin_list>
<bind>
<opset="add_ln58_145 "/>
</bind>
</comp>

</comp_list>

<net_list>
<net id="142"><net_src comp="16" pin="0"/><net_sink comp="138" pin=0"/></net>

<net id="143"><net_src comp="14" pin="0"/><net_sink comp="138" pin=1"/></net>

<net id="148"><net_src comp="16" pin="0"/><net_sink comp="144" pin=0"/></net>

<net id="149"><net_src comp="12" pin="0"/><net_sink comp="144" pin=1"/></net>

<net id="154"><net_src comp="16" pin="0"/><net_sink comp="150" pin=0"/></net>

<net id="155"><net_src comp="10" pin="0"/><net_sink comp="150" pin=1"/></net>

<net id="160"><net_src comp="16" pin="0"/><net_sink comp="156" pin=0"/></net>

<net id="161"><net_src comp="8" pin="0"/><net_sink comp="156" pin=1"/></net>

<net id="166"><net_src comp="16" pin="0"/><net_sink comp="162" pin=0"/></net>

<net id="167"><net_src comp="6" pin="0"/><net_sink comp="162" pin=1"/></net>

<net id="172"><net_src comp="16" pin="0"/><net_sink comp="168" pin=0"/></net>

<net id="173"><net_src comp="4" pin="0"/><net_sink comp="168" pin=1"/></net>

<net id="178"><net_src comp="16" pin="0"/><net_sink comp="174" pin=0"/></net>

<net id="179"><net_src comp="2" pin="0"/><net_sink comp="174" pin=1"/></net>

<net id="184"><net_src comp="16" pin="0"/><net_sink comp="180" pin=0"/></net>

<net id="185"><net_src comp="0" pin="0"/><net_sink comp="180" pin=1"/></net>

<net id="1757"><net_src comp="18" pin="0"/><net_sink comp="217" pin=1"/></net>

<net id="1761"><net_src comp="26" pin="0"/><net_sink comp="205" pin=1"/></net>

<net id="1765"><net_src comp="28" pin="0"/><net_sink comp="216" pin=1"/></net>

<net id="1769"><net_src comp="30" pin="0"/><net_sink comp="202" pin=1"/></net>

<net id="1773"><net_src comp="32" pin="0"/><net_sink comp="192" pin=1"/></net>

<net id="1777"><net_src comp="34" pin="0"/><net_sink comp="189" pin=1"/></net>

<net id="1781"><net_src comp="68" pin="0"/><net_sink comp="209" pin=1"/></net>

<net id="1785"><net_src comp="70" pin="0"/><net_sink comp="215" pin=1"/></net>

<net id="1789"><net_src comp="80" pin="0"/><net_sink comp="212" pin=1"/></net>

<net id="1793"><net_src comp="82" pin="0"/><net_sink comp="194" pin=1"/></net>

<net id="1797"><net_src comp="84" pin="0"/><net_sink comp="193" pin=1"/></net>

<net id="1801"><net_src comp="32" pin="0"/><net_sink comp="199" pin=1"/></net>

<net id="3121"><net_src comp="100" pin="0"/><net_sink comp="210" pin=1"/></net>

<net id="3125"><net_src comp="102" pin="0"/><net_sink comp="207" pin=1"/></net>

<net id="3129"><net_src comp="104" pin="0"/><net_sink comp="206" pin=1"/></net>

<net id="3133"><net_src comp="106" pin="0"/><net_sink comp="213" pin=1"/></net>

<net id="3137"><net_src comp="108" pin="0"/><net_sink comp="197" pin=1"/></net>

<net id="3141"><net_src comp="110" pin="0"/><net_sink comp="201" pin=1"/></net>

<net id="3145"><net_src comp="112" pin="0"/><net_sink comp="186" pin=1"/></net>

<net id="3149"><net_src comp="114" pin="0"/><net_sink comp="188" pin=1"/></net>

<net id="3153"><net_src comp="116" pin="0"/><net_sink comp="195" pin=1"/></net>

<net id="3157"><net_src comp="118" pin="0"/><net_sink comp="204" pin=1"/></net>

<net id="3161"><net_src comp="120" pin="0"/><net_sink comp="190" pin=1"/></net>

<net id="3165"><net_src comp="122" pin="0"/><net_sink comp="187" pin=1"/></net>

<net id="3169"><net_src comp="124" pin="0"/><net_sink comp="208" pin=1"/></net>

<net id="3173"><net_src comp="126" pin="0"/><net_sink comp="211" pin=1"/></net>

<net id="3177"><net_src comp="128" pin="0"/><net_sink comp="214" pin=1"/></net>

<net id="3181"><net_src comp="130" pin="0"/><net_sink comp="191" pin=1"/></net>

<net id="3234"><net_src comp="156" pin="2"/><net_sink comp="3231" pin=0"/></net>

<net id="3235"><net_src comp="3231" pin="1"/><net_sink comp="217" pin=0"/></net>

<net id="3236"><net_src comp="3231" pin="1"/><net_sink comp="205" pin=0"/></net>

<net id="3237"><net_src comp="3231" pin="1"/><net_sink comp="216" pin=0"/></net>

<net id="3238"><net_src comp="3231" pin="1"/><net_sink comp="202" pin=0"/></net>

<net id="3245"><net_src comp="20" pin="0"/><net_sink comp="3239" pin=0"/></net>

<net id="3246"><net_src comp="217" pin="2"/><net_sink comp="3239" pin=1"/></net>

<net id="3247"><net_src comp="22" pin="0"/><net_sink comp="3239" pin=2"/></net>

<net id="3248"><net_src comp="24" pin="0"/><net_sink comp="3239" pin=3"/></net>

<net id="3255"><net_src comp="20" pin="0"/><net_sink comp="3249" pin=0"/></net>

<net id="3256"><net_src comp="205" pin="2"/><net_sink comp="3249" pin=1"/></net>

<net id="3257"><net_src comp="22" pin="0"/><net_sink comp="3249" pin=2"/></net>

<net id="3258"><net_src comp="24" pin="0"/><net_sink comp="3249" pin=3"/></net>

<net id="3265"><net_src comp="20" pin="0"/><net_sink comp="3259" pin=0"/></net>

<net id="3266"><net_src comp="216" pin="2"/><net_sink comp="3259" pin=1"/></net>

<net id="3267"><net_src comp="22" pin="0"/><net_sink comp="3259" pin=2"/></net>

<net id="3268"><net_src comp="24" pin="0"/><net_sink comp="3259" pin=3"/></net>

<net id="3275"><net_src comp="20" pin="0"/><net_sink comp="3269" pin=0"/></net>

<net id="3276"><net_src comp="202" pin="2"/><net_sink comp="3269" pin=1"/></net>

<net id="3277"><net_src comp="22" pin="0"/><net_sink comp="3269" pin=2"/></net>

<net id="3278"><net_src comp="24" pin="0"/><net_sink comp="3269" pin=3"/></net>

<net id="3282"><net_src comp="150" pin="2"/><net_sink comp="3279" pin=0"/></net>

<net id="3283"><net_src comp="3279" pin="1"/><net_sink comp="189" pin=0"/></net>

<net id="3287"><net_src comp="150" pin="2"/><net_sink comp="3284" pin=0"/></net>

<net id="3288"><net_src comp="3284" pin="1"/><net_sink comp="192" pin=0"/></net>

<net id="3295"><net_src comp="20" pin="0"/><net_sink comp="3289" pin=0"/></net>

<net id="3296"><net_src comp="192" pin="2"/><net_sink comp="3289" pin=1"/></net>

<net id="3297"><net_src comp="22" pin="0"/><net_sink comp="3289" pin=2"/></net>

<net id="3298"><net_src comp="24" pin="0"/><net_sink comp="3289" pin=3"/></net>

<net id="3305"><net_src comp="36" pin="0"/><net_sink comp="3299" pin=0"/></net>

<net id="3306"><net_src comp="189" pin="2"/><net_sink comp="3299" pin=1"/></net>

<net id="3307"><net_src comp="22" pin="0"/><net_sink comp="3299" pin=2"/></net>

<net id="3308"><net_src comp="38" pin="0"/><net_sink comp="3299" pin=3"/></net>

<net id="3312"><net_src comp="3299" pin="4"/><net_sink comp="3309" pin=0"/></net>

<net id="3318"><net_src comp="40" pin="0"/><net_sink comp="3313" pin=0"/></net>

<net id="3319"><net_src comp="150" pin="2"/><net_sink comp="3313" pin=1"/></net>

<net id="3320"><net_src comp="42" pin="0"/><net_sink comp="3313" pin=2"/></net>

<net id="3324"><net_src comp="3313" pin="3"/><net_sink comp="3321" pin=0"/></net>

<net id="3329"><net_src comp="44" pin="0"/><net_sink comp="3325" pin=0"/></net>

<net id="3330"><net_src comp="3321" pin="1"/><net_sink comp="3325" pin=1"/></net>

<net id="3335"><net_src comp="3325" pin="2"/><net_sink comp="3331" pin=0"/></net>

<net id="3336"><net_src comp="3279" pin="1"/><net_sink comp="3331" pin=1"/></net>

<net id="3343"><net_src comp="36" pin="0"/><net_sink comp="3337" pin=0"/></net>

<net id="3344"><net_src comp="3331" pin="2"/><net_sink comp="3337" pin=1"/></net>

<net id="3345"><net_src comp="22" pin="0"/><net_sink comp="3337" pin=2"/></net>

<net id="3346"><net_src comp="38" pin="0"/><net_sink comp="3337" pin=3"/></net>

<net id="3350"><net_src comp="3337" pin="4"/><net_sink comp="3347" pin=0"/></net>

<net id="3356"><net_src comp="46" pin="0"/><net_sink comp="3351" pin=0"/></net>

<net id="3357"><net_src comp="150" pin="2"/><net_sink comp="3351" pin=1"/></net>

<net id="3358"><net_src comp="48" pin="0"/><net_sink comp="3351" pin=2"/></net>

<net id="3362"><net_src comp="3351" pin="3"/><net_sink comp="3359" pin=0"/></net>

<net id="3366"><net_src comp="3313" pin="3"/><net_sink comp="3363" pin=0"/></net>

<net id="3371"><net_src comp="3363" pin="1"/><net_sink comp="3367" pin=0"/></net>

<net id="3372"><net_src comp="3359" pin="1"/><net_sink comp="3367" pin=1"/></net>

<net id="3379"><net_src comp="50" pin="0"/><net_sink comp="3373" pin=0"/></net>

<net id="3380"><net_src comp="3367" pin="2"/><net_sink comp="3373" pin=1"/></net>

<net id="3381"><net_src comp="22" pin="0"/><net_sink comp="3373" pin=2"/></net>

<net id="3382"><net_src comp="52" pin="0"/><net_sink comp="3373" pin=3"/></net>

<net id="3386"><net_src comp="3373" pin="4"/><net_sink comp="3383" pin=0"/></net>

<net id="3390"><net_src comp="144" pin="2"/><net_sink comp="3387" pin=0"/></net>

<net id="3391"><net_src comp="3387" pin="1"/><net_sink comp="215" pin=0"/></net>

<net id="3395"><net_src comp="144" pin="2"/><net_sink comp="3392" pin=0"/></net>

<net id="3396"><net_src comp="3392" pin="1"/><net_sink comp="209" pin=0"/></net>

<net id="3402"><net_src comp="54" pin="0"/><net_sink comp="3397" pin=0"/></net>

<net id="3403"><net_src comp="144" pin="2"/><net_sink comp="3397" pin=1"/></net>

<net id="3404"><net_src comp="56" pin="0"/><net_sink comp="3397" pin=2"/></net>

<net id="3408"><net_src comp="3397" pin="3"/><net_sink comp="3405" pin=0"/></net>

<net id="3413"><net_src comp="58" pin="0"/><net_sink comp="3409" pin=0"/></net>

<net id="3414"><net_src comp="3405" pin="1"/><net_sink comp="3409" pin=1"/></net>

<net id="3420"><net_src comp="60" pin="0"/><net_sink comp="3415" pin=0"/></net>

<net id="3421"><net_src comp="144" pin="2"/><net_sink comp="3415" pin=1"/></net>

<net id="3422"><net_src comp="62" pin="0"/><net_sink comp="3415" pin=2"/></net>

<net id="3426"><net_src comp="3415" pin="3"/><net_sink comp="3423" pin=0"/></net>

<net id="3431"><net_src comp="3409" pin="2"/><net_sink comp="3427" pin=0"/></net>

<net id="3432"><net_src comp="3423" pin="1"/><net_sink comp="3427" pin=1"/></net>

<net id="3439"><net_src comp="64" pin="0"/><net_sink comp="3433" pin=0"/></net>

<net id="3440"><net_src comp="3427" pin="2"/><net_sink comp="3433" pin=1"/></net>

<net id="3441"><net_src comp="22" pin="0"/><net_sink comp="3433" pin=2"/></net>

<net id="3442"><net_src comp="66" pin="0"/><net_sink comp="3433" pin=3"/></net>

<net id="3446"><net_src comp="3433" pin="4"/><net_sink comp="3443" pin=0"/></net>

<net id="3453"><net_src comp="20" pin="0"/><net_sink comp="3447" pin=0"/></net>

<net id="3454"><net_src comp="209" pin="2"/><net_sink comp="3447" pin=1"/></net>

<net id="3455"><net_src comp="22" pin="0"/><net_sink comp="3447" pin=2"/></net>

<net id="3456"><net_src comp="24" pin="0"/><net_sink comp="3447" pin=3"/></net>

<net id="3463"><net_src comp="50" pin="0"/><net_sink comp="3457" pin=0"/></net>

<net id="3464"><net_src comp="215" pin="2"/><net_sink comp="3457" pin=1"/></net>

<net id="3465"><net_src comp="22" pin="0"/><net_sink comp="3457" pin=2"/></net>

<net id="3466"><net_src comp="52" pin="0"/><net_sink comp="3457" pin=3"/></net>

<net id="3470"><net_src comp="3457" pin="4"/><net_sink comp="3467" pin=0"/></net>

<net id="3476"><net_src comp="72" pin="0"/><net_sink comp="3471" pin=0"/></net>

<net id="3477"><net_src comp="144" pin="2"/><net_sink comp="3471" pin=1"/></net>

<net id="3478"><net_src comp="74" pin="0"/><net_sink comp="3471" pin=2"/></net>

<net id="3482"><net_src comp="3471" pin="3"/><net_sink comp="3479" pin=0"/></net>

<net id="3488"><net_src comp="76" pin="0"/><net_sink comp="3483" pin=0"/></net>

<net id="3489"><net_src comp="144" pin="2"/><net_sink comp="3483" pin=1"/></net>

<net id="3490"><net_src comp="78" pin="0"/><net_sink comp="3483" pin=2"/></net>

<net id="3494"><net_src comp="3483" pin="3"/><net_sink comp="3491" pin=0"/></net>

<net id="3499"><net_src comp="3479" pin="1"/><net_sink comp="3495" pin=0"/></net>

<net id="3500"><net_src comp="3491" pin="1"/><net_sink comp="3495" pin=1"/></net>

<net id="3507"><net_src comp="36" pin="0"/><net_sink comp="3501" pin=0"/></net>

<net id="3508"><net_src comp="3495" pin="2"/><net_sink comp="3501" pin=1"/></net>

<net id="3509"><net_src comp="22" pin="0"/><net_sink comp="3501" pin=2"/></net>

<net id="3510"><net_src comp="38" pin="0"/><net_sink comp="3501" pin=3"/></net>

<net id="3514"><net_src comp="3501" pin="4"/><net_sink comp="3511" pin=0"/></net>

<net id="3518"><net_src comp="138" pin="2"/><net_sink comp="3515" pin=0"/></net>

<net id="3519"><net_src comp="3515" pin="1"/><net_sink comp="212" pin=0"/></net>

<net id="3520"><net_src comp="3515" pin="1"/><net_sink comp="194" pin=0"/></net>

<net id="3521"><net_src comp="3515" pin="1"/><net_sink comp="193" pin=0"/></net>

<net id="3522"><net_src comp="3515" pin="1"/><net_sink comp="199" pin=0"/></net>

<net id="3529"><net_src comp="20" pin="0"/><net_sink comp="3523" pin=0"/></net>

<net id="3530"><net_src comp="212" pin="2"/><net_sink comp="3523" pin=1"/></net>

<net id="3531"><net_src comp="22" pin="0"/><net_sink comp="3523" pin=2"/></net>

<net id="3532"><net_src comp="24" pin="0"/><net_sink comp="3523" pin=3"/></net>

<net id="3539"><net_src comp="20" pin="0"/><net_sink comp="3533" pin=0"/></net>

<net id="3540"><net_src comp="194" pin="2"/><net_sink comp="3533" pin=1"/></net>

<net id="3541"><net_src comp="22" pin="0"/><net_sink comp="3533" pin=2"/></net>

<net id="3542"><net_src comp="24" pin="0"/><net_sink comp="3533" pin=3"/></net>

<net id="3549"><net_src comp="20" pin="0"/><net_sink comp="3543" pin=0"/></net>

<net id="3550"><net_src comp="193" pin="2"/><net_sink comp="3543" pin=1"/></net>

<net id="3551"><net_src comp="22" pin="0"/><net_sink comp="3543" pin=2"/></net>

<net id="3552"><net_src comp="24" pin="0"/><net_sink comp="3543" pin=3"/></net>

<net id="3559"><net_src comp="20" pin="0"/><net_sink comp="3553" pin=0"/></net>

<net id="3560"><net_src comp="199" pin="2"/><net_sink comp="3553" pin=1"/></net>

<net id="3561"><net_src comp="22" pin="0"/><net_sink comp="3553" pin=2"/></net>

<net id="3562"><net_src comp="24" pin="0"/><net_sink comp="3553" pin=3"/></net>

<net id="3567"><net_src comp="3239" pin="4"/><net_sink comp="3563" pin=0"/></net>

<net id="3568"><net_src comp="3289" pin="4"/><net_sink comp="3563" pin=1"/></net>

<net id="3573"><net_src comp="3443" pin="1"/><net_sink comp="3569" pin=0"/></net>

<net id="3574"><net_src comp="3523" pin="4"/><net_sink comp="3569" pin=1"/></net>

<net id="3579"><net_src comp="3569" pin="2"/><net_sink comp="3575" pin=0"/></net>

<net id="3580"><net_src comp="3563" pin="2"/><net_sink comp="3575" pin=1"/></net>

<net id="3585"><net_src comp="3249" pin="4"/><net_sink comp="3581" pin=0"/></net>

<net id="3586"><net_src comp="3309" pin="1"/><net_sink comp="3581" pin=1"/></net>

<net id="3591"><net_src comp="3447" pin="4"/><net_sink comp="3587" pin=0"/></net>

<net id="3592"><net_src comp="3533" pin="4"/><net_sink comp="3587" pin=1"/></net>

<net id="3597"><net_src comp="3587" pin="2"/><net_sink comp="3593" pin=0"/></net>

<net id="3598"><net_src comp="3581" pin="2"/><net_sink comp="3593" pin=1"/></net>

<net id="3603"><net_src comp="3259" pin="4"/><net_sink comp="3599" pin=0"/></net>

<net id="3604"><net_src comp="3347" pin="1"/><net_sink comp="3599" pin=1"/></net>

<net id="3609"><net_src comp="3467" pin="1"/><net_sink comp="3605" pin=0"/></net>

<net id="3610"><net_src comp="3543" pin="4"/><net_sink comp="3605" pin=1"/></net>

<net id="3615"><net_src comp="3605" pin="2"/><net_sink comp="3611" pin=0"/></net>

<net id="3616"><net_src comp="3599" pin="2"/><net_sink comp="3611" pin=1"/></net>

<net id="3621"><net_src comp="3269" pin="4"/><net_sink comp="3617" pin=0"/></net>

<net id="3622"><net_src comp="3383" pin="1"/><net_sink comp="3617" pin=1"/></net>

<net id="3627"><net_src comp="3511" pin="1"/><net_sink comp="3623" pin=0"/></net>

<net id="3628"><net_src comp="3553" pin="4"/><net_sink comp="3623" pin=1"/></net>

<net id="3633"><net_src comp="3623" pin="2"/><net_sink comp="3629" pin=0"/></net>

<net id="3634"><net_src comp="3617" pin="2"/><net_sink comp="3629" pin=1"/></net>

<net id="3638"><net_src comp="3635" pin="1"/><net_sink comp="207" pin=0"/></net>

<net id="3642"><net_src comp="3639" pin="1"/><net_sink comp="210" pin=0"/></net>

<net id="3643"><net_src comp="3639" pin="1"/><net_sink comp="206" pin=0"/></net>

<net id="3644"><net_src comp="3639" pin="1"/><net_sink comp="213" pin=0"/></net>

<net id="3651"><net_src comp="20" pin="0"/><net_sink comp="3645" pin=0"/></net>

<net id="3652"><net_src comp="210" pin="2"/><net_sink comp="3645" pin=1"/></net>

<net id="3653"><net_src comp="22" pin="0"/><net_sink comp="3645" pin=2"/></net>

<net id="3654"><net_src comp="24" pin="0"/><net_sink comp="3645" pin=3"/></net>

<net id="3661"><net_src comp="36" pin="0"/><net_sink comp="3655" pin=0"/></net>

<net id="3662"><net_src comp="207" pin="2"/><net_sink comp="3655" pin=1"/></net>

<net id="3663"><net_src comp="22" pin="0"/><net_sink comp="3655" pin=2"/></net>

<net id="3664"><net_src comp="38" pin="0"/><net_sink comp="3655" pin=3"/></net>

<net id="3668"><net_src comp="3655" pin="4"/><net_sink comp="3665" pin=0"/></net>

<net id="3675"><net_src comp="20" pin="0"/><net_sink comp="3669" pin=0"/></net>

<net id="3676"><net_src comp="206" pin="2"/><net_sink comp="3669" pin=1"/></net>

<net id="3677"><net_src comp="22" pin="0"/><net_sink comp="3669" pin=2"/></net>

<net id="3678"><net_src comp="24" pin="0"/><net_sink comp="3669" pin=3"/></net>

<net id="3685"><net_src comp="20" pin="0"/><net_sink comp="3679" pin=0"/></net>

<net id="3686"><net_src comp="213" pin="2"/><net_sink comp="3679" pin=1"/></net>

<net id="3687"><net_src comp="22" pin="0"/><net_sink comp="3679" pin=2"/></net>

<net id="3688"><net_src comp="24" pin="0"/><net_sink comp="3679" pin=3"/></net>

<net id="3692"><net_src comp="3689" pin="1"/><net_sink comp="201" pin=0"/></net>

<net id="3693"><net_src comp="3689" pin="1"/><net_sink comp="186" pin=0"/></net>

<net id="3694"><net_src comp="3689" pin="1"/><net_sink comp="188" pin=0"/></net>

<net id="3698"><net_src comp="3695" pin="1"/><net_sink comp="197" pin=0"/></net>

<net id="3705"><net_src comp="36" pin="0"/><net_sink comp="3699" pin=0"/></net>

<net id="3706"><net_src comp="197" pin="2"/><net_sink comp="3699" pin=1"/></net>

<net id="3707"><net_src comp="22" pin="0"/><net_sink comp="3699" pin=2"/></net>

<net id="3708"><net_src comp="38" pin="0"/><net_sink comp="3699" pin=3"/></net>

<net id="3712"><net_src comp="3699" pin="4"/><net_sink comp="3709" pin=0"/></net>

<net id="3719"><net_src comp="20" pin="0"/><net_sink comp="3713" pin=0"/></net>

<net id="3720"><net_src comp="201" pin="2"/><net_sink comp="3713" pin=1"/></net>

<net id="3721"><net_src comp="22" pin="0"/><net_sink comp="3713" pin=2"/></net>

<net id="3722"><net_src comp="24" pin="0"/><net_sink comp="3713" pin=3"/></net>

<net id="3729"><net_src comp="20" pin="0"/><net_sink comp="3723" pin=0"/></net>

<net id="3730"><net_src comp="186" pin="2"/><net_sink comp="3723" pin=1"/></net>

<net id="3731"><net_src comp="22" pin="0"/><net_sink comp="3723" pin=2"/></net>

<net id="3732"><net_src comp="24" pin="0"/><net_sink comp="3723" pin=3"/></net>

<net id="3739"><net_src comp="20" pin="0"/><net_sink comp="3733" pin=0"/></net>

<net id="3740"><net_src comp="188" pin="2"/><net_sink comp="3733" pin=1"/></net>

<net id="3741"><net_src comp="22" pin="0"/><net_sink comp="3733" pin=2"/></net>

<net id="3742"><net_src comp="24" pin="0"/><net_sink comp="3733" pin=3"/></net>

<net id="3746"><net_src comp="3743" pin="1"/><net_sink comp="195" pin=0"/></net>

<net id="3747"><net_src comp="3743" pin="1"/><net_sink comp="190" pin=0"/></net>

<net id="3748"><net_src comp="3743" pin="1"/><net_sink comp="187" pin=0"/></net>

<net id="3752"><net_src comp="3749" pin="1"/><net_sink comp="204" pin=0"/></net>

<net id="3759"><net_src comp="20" pin="0"/><net_sink comp="3753" pin=0"/></net>

<net id="3760"><net_src comp="195" pin="2"/><net_sink comp="3753" pin=1"/></net>

<net id="3761"><net_src comp="22" pin="0"/><net_sink comp="3753" pin=2"/></net>

<net id="3762"><net_src comp="24" pin="0"/><net_sink comp="3753" pin=3"/></net>

<net id="3769"><net_src comp="50" pin="0"/><net_sink comp="3763" pin=0"/></net>

<net id="3770"><net_src comp="204" pin="2"/><net_sink comp="3763" pin=1"/></net>

<net id="3771"><net_src comp="22" pin="0"/><net_sink comp="3763" pin=2"/></net>

<net id="3772"><net_src comp="52" pin="0"/><net_sink comp="3763" pin=3"/></net>

<net id="3776"><net_src comp="3763" pin="4"/><net_sink comp="3773" pin=0"/></net>

<net id="3783"><net_src comp="20" pin="0"/><net_sink comp="3777" pin=0"/></net>

<net id="3784"><net_src comp="190" pin="2"/><net_sink comp="3777" pin=1"/></net>

<net id="3785"><net_src comp="22" pin="0"/><net_sink comp="3777" pin=2"/></net>

<net id="3786"><net_src comp="24" pin="0"/><net_sink comp="3777" pin=3"/></net>

<net id="3793"><net_src comp="20" pin="0"/><net_sink comp="3787" pin=0"/></net>

<net id="3794"><net_src comp="187" pin="2"/><net_sink comp="3787" pin=1"/></net>

<net id="3795"><net_src comp="22" pin="0"/><net_sink comp="3787" pin=2"/></net>

<net id="3796"><net_src comp="24" pin="0"/><net_sink comp="3787" pin=3"/></net>

<net id="3800"><net_src comp="3797" pin="1"/><net_sink comp="211" pin=0"/></net>

<net id="3801"><net_src comp="3797" pin="1"/><net_sink comp="214" pin=0"/></net>

<net id="3802"><net_src comp="3797" pin="1"/><net_sink comp="191" pin=0"/></net>

<net id="3806"><net_src comp="3803" pin="1"/><net_sink comp="208" pin=0"/></net>

<net id="3813"><net_src comp="36" pin="0"/><net_sink comp="3807" pin=0"/></net>

<net id="3814"><net_src comp="208" pin="2"/><net_sink comp="3807" pin=1"/></net>

<net id="3815"><net_src comp="22" pin="0"/><net_sink comp="3807" pin=2"/></net>

<net id="3816"><net_src comp="38" pin="0"/><net_sink comp="3807" pin=3"/></net>

<net id="3820"><net_src comp="3807" pin="4"/><net_sink comp="3817" pin=0"/></net>

<net id="3827"><net_src comp="50" pin="0"/><net_sink comp="3821" pin=0"/></net>

<net id="3828"><net_src comp="211" pin="2"/><net_sink comp="3821" pin=1"/></net>

<net id="3829"><net_src comp="22" pin="0"/><net_sink comp="3821" pin=2"/></net>

<net id="3830"><net_src comp="52" pin="0"/><net_sink comp="3821" pin=3"/></net>

<net id="3834"><net_src comp="3821" pin="4"/><net_sink comp="3831" pin=0"/></net>

<net id="3841"><net_src comp="50" pin="0"/><net_sink comp="3835" pin=0"/></net>

<net id="3842"><net_src comp="214" pin="2"/><net_sink comp="3835" pin=1"/></net>

<net id="3843"><net_src comp="22" pin="0"/><net_sink comp="3835" pin=2"/></net>

<net id="3844"><net_src comp="52" pin="0"/><net_sink comp="3835" pin=3"/></net>

<net id="3848"><net_src comp="3835" pin="4"/><net_sink comp="3845" pin=0"/></net>

<net id="3855"><net_src comp="50" pin="0"/><net_sink comp="3849" pin=0"/></net>

<net id="3856"><net_src comp="191" pin="2"/><net_sink comp="3849" pin=1"/></net>

<net id="3857"><net_src comp="22" pin="0"/><net_sink comp="3849" pin=2"/></net>

<net id="3858"><net_src comp="52" pin="0"/><net_sink comp="3849" pin=3"/></net>

<net id="3862"><net_src comp="3849" pin="4"/><net_sink comp="3859" pin=0"/></net>

<net id="3867"><net_src comp="3709" pin="1"/><net_sink comp="3863" pin=0"/></net>

<net id="3868"><net_src comp="3645" pin="4"/><net_sink comp="3863" pin=1"/></net>

<net id="3873"><net_src comp="3753" pin="4"/><net_sink comp="3869" pin=0"/></net>

<net id="3874"><net_src comp="3817" pin="1"/><net_sink comp="3869" pin=1"/></net>

<net id="3879"><net_src comp="3869" pin="2"/><net_sink comp="3875" pin=0"/></net>

<net id="3880"><net_src comp="3863" pin="2"/><net_sink comp="3875" pin=1"/></net>

<net id="3885"><net_src comp="3875" pin="2"/><net_sink comp="3881" pin=1"/></net>

<net id="3890"><net_src comp="3713" pin="4"/><net_sink comp="3886" pin=0"/></net>

<net id="3891"><net_src comp="3665" pin="1"/><net_sink comp="3886" pin=1"/></net>

<net id="3896"><net_src comp="3773" pin="1"/><net_sink comp="3892" pin=0"/></net>

<net id="3897"><net_src comp="3831" pin="1"/><net_sink comp="3892" pin=1"/></net>

<net id="3902"><net_src comp="3892" pin="2"/><net_sink comp="3898" pin=0"/></net>

<net id="3903"><net_src comp="3886" pin="2"/><net_sink comp="3898" pin=1"/></net>

<net id="3908"><net_src comp="3898" pin="2"/><net_sink comp="3904" pin=1"/></net>

<net id="3913"><net_src comp="3723" pin="4"/><net_sink comp="3909" pin=0"/></net>

<net id="3914"><net_src comp="3669" pin="4"/><net_sink comp="3909" pin=1"/></net>

<net id="3919"><net_src comp="3777" pin="4"/><net_sink comp="3915" pin=0"/></net>

<net id="3920"><net_src comp="3845" pin="1"/><net_sink comp="3915" pin=1"/></net>

<net id="3925"><net_src comp="3915" pin="2"/><net_sink comp="3921" pin=0"/></net>

<net id="3926"><net_src comp="3909" pin="2"/><net_sink comp="3921" pin=1"/></net>

<net id="3931"><net_src comp="3921" pin="2"/><net_sink comp="3927" pin=1"/></net>

<net id="3936"><net_src comp="3733" pin="4"/><net_sink comp="3932" pin=0"/></net>

<net id="3937"><net_src comp="3679" pin="4"/><net_sink comp="3932" pin=1"/></net>

<net id="3942"><net_src comp="3787" pin="4"/><net_sink comp="3938" pin=0"/></net>

<net id="3943"><net_src comp="3859" pin="1"/><net_sink comp="3938" pin=1"/></net>

<net id="3948"><net_src comp="3938" pin="2"/><net_sink comp="3944" pin=0"/></net>

<net id="3949"><net_src comp="3932" pin="2"/><net_sink comp="3944" pin=1"/></net>

<net id="3954"><net_src comp="3944" pin="2"/><net_sink comp="3950" pin=1"/></net>

<net id="3960"><net_src comp="132" pin="0"/><net_sink comp="3955" pin=0"/></net>

<net id="3961"><net_src comp="3881" pin="2"/><net_sink comp="3955" pin=1"/></net>

<net id="3962"><net_src comp="134" pin="0"/><net_sink comp="3955" pin=2"/></net>

<net id="3966"><net_src comp="3955" pin="3"/><net_sink comp="3963" pin=0"/></net>

<net id="3972"><net_src comp="132" pin="0"/><net_sink comp="3967" pin=0"/></net>

<net id="3973"><net_src comp="3904" pin="2"/><net_sink comp="3967" pin=1"/></net>

<net id="3974"><net_src comp="134" pin="0"/><net_sink comp="3967" pin=2"/></net>

<net id="3978"><net_src comp="3967" pin="3"/><net_sink comp="3975" pin=0"/></net>

<net id="3984"><net_src comp="132" pin="0"/><net_sink comp="3979" pin=0"/></net>

<net id="3985"><net_src comp="3927" pin="2"/><net_sink comp="3979" pin=1"/></net>

<net id="3986"><net_src comp="134" pin="0"/><net_sink comp="3979" pin=2"/></net>

<net id="3990"><net_src comp="3979" pin="3"/><net_sink comp="3987" pin=0"/></net>

<net id="3996"><net_src comp="132" pin="0"/><net_sink comp="3991" pin=0"/></net>

<net id="3997"><net_src comp="3950" pin="2"/><net_sink comp="3991" pin=1"/></net>

<net id="3998"><net_src comp="134" pin="0"/><net_sink comp="3991" pin=2"/></net>

<net id="4002"><net_src comp="3991" pin="3"/><net_sink comp="3999" pin=0"/></net>

<net id="4007"><net_src comp="136" pin="0"/><net_sink comp="4003" pin=0"/></net>

<net id="4008"><net_src comp="3963" pin="1"/><net_sink comp="4003" pin=1"/></net>

<net id="4013"><net_src comp="4003" pin="2"/><net_sink comp="4009" pin=0"/></net>

<net id="4014"><net_src comp="3975" pin="1"/><net_sink comp="4009" pin=1"/></net>

<net id="4019"><net_src comp="4009" pin="2"/><net_sink comp="4015" pin=0"/></net>

<net id="4020"><net_src comp="3987" pin="1"/><net_sink comp="4015" pin=1"/></net>

<net id="4025"><net_src comp="4015" pin="2"/><net_sink comp="4021" pin=0"/></net>

<net id="4026"><net_src comp="3999" pin="1"/><net_sink comp="4021" pin=1"/></net>

<net id="4030"><net_src comp="162" pin="2"/><net_sink comp="4027" pin=0"/></net>

<net id="4031"><net_src comp="4027" pin="1"/><net_sink comp="3797" pin=0"/></net>

<net id="4032"><net_src comp="4027" pin="1"/><net_sink comp="3803" pin=0"/></net>

<net id="4036"><net_src comp="168" pin="2"/><net_sink comp="4033" pin=0"/></net>

<net id="4037"><net_src comp="4033" pin="1"/><net_sink comp="3743" pin=0"/></net>

<net id="4038"><net_src comp="4033" pin="1"/><net_sink comp="3749" pin=0"/></net>

<net id="4042"><net_src comp="174" pin="2"/><net_sink comp="4039" pin=0"/></net>

<net id="4043"><net_src comp="4039" pin="1"/><net_sink comp="3689" pin=0"/></net>

<net id="4044"><net_src comp="4039" pin="1"/><net_sink comp="3695" pin=0"/></net>

<net id="4048"><net_src comp="180" pin="2"/><net_sink comp="4045" pin=0"/></net>

<net id="4049"><net_src comp="4045" pin="1"/><net_sink comp="3635" pin=0"/></net>

<net id="4050"><net_src comp="4045" pin="1"/><net_sink comp="3639" pin=0"/></net>

<net id="4054"><net_src comp="3575" pin="2"/><net_sink comp="4051" pin=0"/></net>

<net id="4055"><net_src comp="4051" pin="1"/><net_sink comp="3881" pin=0"/></net>

<net id="4059"><net_src comp="3593" pin="2"/><net_sink comp="4056" pin=0"/></net>

<net id="4060"><net_src comp="4056" pin="1"/><net_sink comp="3904" pin=0"/></net>

<net id="4064"><net_src comp="3611" pin="2"/><net_sink comp="4061" pin=0"/></net>

<net id="4065"><net_src comp="4061" pin="1"/><net_sink comp="3927" pin=0"/></net>

<net id="4069"><net_src comp="3629" pin="2"/><net_sink comp="4066" pin=0"/></net>

<net id="4070"><net_src comp="4066" pin="1"/><net_sink comp="3950" pin=0"/></net>

</net_list>

</model> 
---------------- Datapath Model END ------------------

* FSMD analyzer results:
  - Output states:
 - Input state : 
	Port: dense_latency<ap_fixed<16, 6, 5, 3, 0>, ap_fixed<36, 16, 5, 3, 0>, config4> : data_0_val | {1 }
	Port: dense_latency<ap_fixed<16, 6, 5, 3, 0>, ap_fixed<36, 16, 5, 3, 0>, config4> : data_1_val | {1 }
	Port: dense_latency<ap_fixed<16, 6, 5, 3, 0>, ap_fixed<36, 16, 5, 3, 0>, config4> : data_2_val | {1 }
	Port: dense_latency<ap_fixed<16, 6, 5, 3, 0>, ap_fixed<36, 16, 5, 3, 0>, config4> : data_3_val | {1 }
	Port: dense_latency<ap_fixed<16, 6, 5, 3, 0>, ap_fixed<36, 16, 5, 3, 0>, config4> : data_4_val | {1 }
	Port: dense_latency<ap_fixed<16, 6, 5, 3, 0>, ap_fixed<36, 16, 5, 3, 0>, config4> : data_5_val | {1 }
	Port: dense_latency<ap_fixed<16, 6, 5, 3, 0>, ap_fixed<36, 16, 5, 3, 0>, config4> : data_6_val | {1 }
	Port: dense_latency<ap_fixed<16, 6, 5, 3, 0>, ap_fixed<36, 16, 5, 3, 0>, config4> : data_7_val | {1 }
  - Chain level:
	State 1
		mul_ln73_109 : 1
		trunc_ln42_141 : 2
		mul_ln73_110 : 1
		trunc_ln42_142 : 2
		mul_ln73_111 : 1
		trunc_ln42_143 : 2
		mul_ln73_112 : 1
		trunc_ln42_144 : 2
		mul_ln73_113 : 1
		trunc_ln42_145 : 2
		mul_ln73_114 : 1
		trunc_ln42_146 : 2
		sext_ln42_59 : 3
		sext_ln73 : 1
		sub_ln73 : 2
		sub_ln73_26 : 3
		trunc_ln42_147 : 4
		sext_ln42_60 : 5
		sext_ln73_59 : 1
		sext_ln73_60 : 1
		sub_ln73_27 : 2
		trunc_ln42_148 : 3
		sext_ln42_61 : 4
		sext_ln73_61 : 1
		sub_ln73_28 : 2
		sext_ln73_62 : 1
		sub_ln73_29 : 3
		trunc_ln42_149 : 4
		sext_ln42_62 : 5
		mul_ln73_115 : 1
		trunc_ln42_150 : 2
		mul_ln73_116 : 1
		trunc_ln42_151 : 2
		sext_ln42_63 : 3
		sext_ln73_63 : 1
		sext_ln73_64 : 1
		sub_ln73_30 : 2
		trunc_ln42_152 : 3
		sext_ln42_64 : 4
		mul_ln42_6 : 1
		trunc_ln42_153 : 2
		mul_ln73_117 : 1
		trunc_ln42_154 : 2
		mul_ln42_7 : 1
		trunc_ln42_155 : 2
		mul_ln73_118 : 1
		trunc_ln42_156 : 2
		add_ln58_122 : 3
		add_ln58_123 : 6
		add_ln58_124 : 7
		add_ln58_129 : 4
		add_ln58_130 : 3
		add_ln58_131 : 5
		add_ln58_136 : 6
		add_ln58_137 : 4
		add_ln58_138 : 7
		add_ln58_143 : 5
		add_ln58_144 : 5
		add_ln58_145 : 6
	State 2
		mul_ln73 : 1
		trunc_ln : 2
		mul_ln73_100 : 1
		trunc_ln42_s : 2
		sext_ln42 : 3
		mul_ln42 : 1
		trunc_ln42_127 : 2
		mul_ln42_1 : 1
		trunc_ln42_128 : 2
		mul_ln73_101 : 1
		trunc_ln42_129 : 2
		sext_ln42_53 : 3
		mul_ln73_102 : 1
		trunc_ln42_130 : 2
		mul_ln42_2 : 1
		trunc_ln42_131 : 2
		mul_ln42_3 : 1
		trunc_ln42_132 : 2
		mul_ln42_4 : 1
		trunc_ln42_133 : 2
		mul_ln73_103 : 1
		trunc_ln42_134 : 2
		sext_ln42_54 : 3
		mul_ln42_5 : 1
		trunc_ln42_135 : 2
		mul_ln73_104 : 1
		trunc_ln42_136 : 2
		mul_ln73_105 : 1
		trunc_ln42_137 : 2
		sext_ln42_55 : 3
		mul_ln73_106 : 1
		trunc_ln42_138 : 2
		sext_ln42_56 : 3
		mul_ln73_107 : 1
		trunc_ln42_139 : 2
		sext_ln42_57 : 3
		mul_ln73_108 : 1
		trunc_ln42_140 : 2
		sext_ln42_58 : 3
		add_ln58 : 4
		add_ln58_120 : 4
		add_ln58_121 : 5
		add_ln58_125 : 6
		add_ln58_126 : 4
		add_ln58_127 : 4
		add_ln58_128 : 5
		add_ln58_132 : 6
		add_ln58_133 : 3
		add_ln58_134 : 4
		add_ln58_135 : 5
		add_ln58_139 : 6
		add_ln58_140 : 3
		add_ln58_141 : 4
		add_ln58_142 : 5
		add_ln58_146 : 6
		shl_ln : 7
		sext_ln111 : 8
		shl_ln111_8 : 7
		sext_ln111_7 : 8
		shl_ln111_9 : 7
		sext_ln111_8 : 8
		shl_ln111_s : 7
		sext_ln68 : 8
		mrv : 9
		mrv_1 : 10
		mrv_2 : 11
		mrv_3 : 12
		ret_ln68 : 13


============================================================
+ Verbose Summary: Datapath Resource usage 
============================================================

* Functional unit list:
|----------|-----------------------------|---------|---------|---------|
| Operation|       Functional Unit       |   DSP   |    FF   |   LUT   |
|----------|-----------------------------|---------|---------|---------|
|          |     add_ln58_122_fu_3563    |    0    |    0    |    16   |
|          |     add_ln58_123_fu_3569    |    0    |    0    |    23   |
|          |     add_ln58_124_fu_3575    |    0    |    0    |    16   |
|          |     add_ln58_129_fu_3581    |    0    |    0    |    16   |
|          |     add_ln58_130_fu_3587    |    0    |    0    |    23   |
|          |     add_ln58_131_fu_3593    |    0    |    0    |    16   |
|          |     add_ln58_136_fu_3599    |    0    |    0    |    16   |
|          |     add_ln58_137_fu_3605    |    0    |    0    |    23   |
|          |     add_ln58_138_fu_3611    |    0    |    0    |    16   |
|          |     add_ln58_143_fu_3617    |    0    |    0    |    16   |
|          |     add_ln58_144_fu_3623    |    0    |    0    |    23   |
|          |     add_ln58_145_fu_3629    |    0    |    0    |    16   |
|          |       add_ln58_fu_3863      |    0    |    0    |    23   |
|    add   |     add_ln58_120_fu_3869    |    0    |    0    |    23   |
|          |     add_ln58_121_fu_3875    |    0    |    0    |    16   |
|          |     add_ln58_125_fu_3881    |    0    |    0    |    16   |
|          |     add_ln58_126_fu_3886    |    0    |    0    |    23   |
|          |     add_ln58_127_fu_3892    |    0    |    0    |    22   |
|          |     add_ln58_128_fu_3898    |    0    |    0    |    16   |
|          |     add_ln58_132_fu_3904    |    0    |    0    |    16   |
|          |     add_ln58_133_fu_3909    |    0    |    0    |    23   |
|          |     add_ln58_134_fu_3915    |    0    |    0    |    23   |
|          |     add_ln58_135_fu_3921    |    0    |    0    |    16   |
|          |     add_ln58_139_fu_3927    |    0    |    0    |    16   |
|          |     add_ln58_140_fu_3932    |    0    |    0    |    23   |
|          |     add_ln58_141_fu_3938    |    0    |    0    |    23   |
|          |     add_ln58_142_fu_3944    |    0    |    0    |    16   |
|          |     add_ln58_146_fu_3950    |    0    |    0    |    16   |
|----------|-----------------------------|---------|---------|---------|
|          |      mul_ln42_2_fu_186      |    1    |    0    |    5    |
|          |     mul_ln73_104_fu_187     |    1    |    0    |    5    |
|          |      mul_ln42_3_fu_188      |    1    |    0    |    5    |
|          |     mul_ln73_114_fu_189     |    1    |    0    |    5    |
|          |      mul_ln42_5_fu_190      |    1    |    0    |    5    |
|          |     mul_ln73_108_fu_191     |    1    |    0    |    5    |
|          |     mul_ln73_113_fu_192     |    1    |    0    |    5    |
|          |      mul_ln42_7_fu_193      |    1    |    0    |    5    |
|          |     mul_ln73_117_fu_194     |    1    |    0    |    5    |
|          |      mul_ln42_4_fu_195      |    1    |    0    |    5    |
|          |     mul_ln73_101_fu_197     |    1    |    0    |    5    |
|          |     mul_ln73_118_fu_199     |    1    |    0    |    5    |
|          |     mul_ln73_102_fu_201     |    1    |    0    |    5    |
|    mul   |     mul_ln73_112_fu_202     |    1    |    0    |    5    |
|          |     mul_ln73_103_fu_204     |    1    |    0    |    5    |
|          |     mul_ln73_110_fu_205     |    1    |    0    |    5    |
|          |       mul_ln42_fu_206       |    1    |    0    |    5    |
|          |     mul_ln73_100_fu_207     |    1    |    0    |    5    |
|          |     mul_ln73_105_fu_208     |    1    |    0    |    5    |
|          |     mul_ln73_115_fu_209     |    1    |    0    |    5    |
|          |       mul_ln73_fu_210       |    1    |    0    |    5    |
|          |     mul_ln73_106_fu_211     |    1    |    0    |    5    |
|          |      mul_ln42_6_fu_212      |    1    |    0    |    5    |
|          |      mul_ln42_1_fu_213      |    1    |    0    |    5    |
|          |     mul_ln73_107_fu_214     |    1    |    0    |    5    |
|          |     mul_ln73_116_fu_215     |    1    |    0    |    5    |
|          |     mul_ln73_111_fu_216     |    1    |    0    |    5    |
|          |     mul_ln73_109_fu_217     |    1    |    0    |    5    |
|----------|-----------------------------|---------|---------|---------|
|          |       sub_ln73_fu_3325      |    0    |    0    |    22   |
|          |     sub_ln73_26_fu_3331     |    0    |    0    |    24   |
|    sub   |     sub_ln73_27_fu_3367     |    0    |    0    |    31   |
|          |     sub_ln73_28_fu_3409     |    0    |    0    |    20   |
|          |     sub_ln73_29_fu_3427     |    0    |    0    |    22   |
|          |     sub_ln73_30_fu_3495     |    0    |    0    |    30   |
|----------|-----------------------------|---------|---------|---------|
|          | data_7_val_read_read_fu_138 |    0    |    0    |    0    |
|          | data_6_val_read_read_fu_144 |    0    |    0    |    0    |
|          | data_5_val_read_read_fu_150 |    0    |    0    |    0    |
|   read   | data_4_val_read_read_fu_156 |    0    |    0    |    0    |
|          | data_3_val_read_read_fu_162 |    0    |    0    |    0    |
|          | data_2_val_read_read_fu_168 |    0    |    0    |    0    |
|          | data_1_val_read_read_fu_174 |    0    |    0    |    0    |
|          | data_0_val_read_read_fu_180 |    0    |    0    |    0    |
|----------|-----------------------------|---------|---------|---------|
|          |     sext_ln70_58_fu_3231    |    0    |    0    |    0    |
|          |     sext_ln70_59_fu_3279    |    0    |    0    |    0    |
|          |     sext_ln70_60_fu_3284    |    0    |    0    |    0    |
|          |     sext_ln42_59_fu_3309    |    0    |    0    |    0    |
|          |      sext_ln73_fu_3321      |    0    |    0    |    0    |
|          |     sext_ln42_60_fu_3347    |    0    |    0    |    0    |
|          |     sext_ln73_59_fu_3359    |    0    |    0    |    0    |
|          |     sext_ln73_60_fu_3363    |    0    |    0    |    0    |
|          |     sext_ln42_61_fu_3383    |    0    |    0    |    0    |
|          |     sext_ln70_61_fu_3387    |    0    |    0    |    0    |
|          |     sext_ln70_62_fu_3392    |    0    |    0    |    0    |
|          |     sext_ln73_61_fu_3405    |    0    |    0    |    0    |
|          |     sext_ln73_62_fu_3423    |    0    |    0    |    0    |
|          |     sext_ln42_62_fu_3443    |    0    |    0    |    0    |
|          |     sext_ln42_63_fu_3467    |    0    |    0    |    0    |
|          |     sext_ln73_63_fu_3479    |    0    |    0    |    0    |
|          |     sext_ln73_64_fu_3491    |    0    |    0    |    0    |
|          |     sext_ln42_64_fu_3511    |    0    |    0    |    0    |
|   sext   |     sext_ln70_63_fu_3515    |    0    |    0    |    0    |
|          |      sext_ln70_fu_3635      |    0    |    0    |    0    |
|          |     sext_ln70_51_fu_3639    |    0    |    0    |    0    |
|          |      sext_ln42_fu_3665      |    0    |    0    |    0    |
|          |     sext_ln70_52_fu_3689    |    0    |    0    |    0    |
|          |     sext_ln70_53_fu_3695    |    0    |    0    |    0    |
|          |     sext_ln42_53_fu_3709    |    0    |    0    |    0    |
|          |     sext_ln70_54_fu_3743    |    0    |    0    |    0    |
|          |     sext_ln70_55_fu_3749    |    0    |    0    |    0    |
|          |     sext_ln42_54_fu_3773    |    0    |    0    |    0    |
|          |     sext_ln70_56_fu_3797    |    0    |    0    |    0    |
|          |     sext_ln70_57_fu_3803    |    0    |    0    |    0    |
|          |     sext_ln42_55_fu_3817    |    0    |    0    |    0    |
|          |     sext_ln42_56_fu_3831    |    0    |    0    |    0    |
|          |     sext_ln42_57_fu_3845    |    0    |    0    |    0    |
|          |     sext_ln42_58_fu_3859    |    0    |    0    |    0    |
|          |      sext_ln111_fu_3963     |    0    |    0    |    0    |
|          |     sext_ln111_7_fu_3975    |    0    |    0    |    0    |
|          |     sext_ln111_8_fu_3987    |    0    |    0    |    0    |
|          |      sext_ln68_fu_3999      |    0    |    0    |    0    |
|----------|-----------------------------|---------|---------|---------|
|          |    trunc_ln42_141_fu_3239   |    0    |    0    |    0    |
|          |    trunc_ln42_142_fu_3249   |    0    |    0    |    0    |
|          |    trunc_ln42_143_fu_3259   |    0    |    0    |    0    |
|          |    trunc_ln42_144_fu_3269   |    0    |    0    |    0    |
|          |    trunc_ln42_145_fu_3289   |    0    |    0    |    0    |
|          |    trunc_ln42_146_fu_3299   |    0    |    0    |    0    |
|          |    trunc_ln42_147_fu_3337   |    0    |    0    |    0    |
|          |    trunc_ln42_148_fu_3373   |    0    |    0    |    0    |
|          |    trunc_ln42_149_fu_3433   |    0    |    0    |    0    |
|          |    trunc_ln42_150_fu_3447   |    0    |    0    |    0    |
|          |    trunc_ln42_151_fu_3457   |    0    |    0    |    0    |
|          |    trunc_ln42_152_fu_3501   |    0    |    0    |    0    |
|          |    trunc_ln42_153_fu_3523   |    0    |    0    |    0    |
|          |    trunc_ln42_154_fu_3533   |    0    |    0    |    0    |
|          |    trunc_ln42_155_fu_3543   |    0    |    0    |    0    |
|partselect|    trunc_ln42_156_fu_3553   |    0    |    0    |    0    |
|          |       trunc_ln_fu_3645      |    0    |    0    |    0    |
|          |     trunc_ln42_s_fu_3655    |    0    |    0    |    0    |
|          |    trunc_ln42_127_fu_3669   |    0    |    0    |    0    |
|          |    trunc_ln42_128_fu_3679   |    0    |    0    |    0    |
|          |    trunc_ln42_129_fu_3699   |    0    |    0    |    0    |
|          |    trunc_ln42_130_fu_3713   |    0    |    0    |    0    |
|          |    trunc_ln42_131_fu_3723   |    0    |    0    |    0    |
|          |    trunc_ln42_132_fu_3733   |    0    |    0    |    0    |
|          |    trunc_ln42_133_fu_3753   |    0    |    0    |    0    |
|          |    trunc_ln42_134_fu_3763   |    0    |    0    |    0    |
|          |    trunc_ln42_135_fu_3777   |    0    |    0    |    0    |
|          |    trunc_ln42_136_fu_3787   |    0    |    0    |    0    |
|          |    trunc_ln42_137_fu_3807   |    0    |    0    |    0    |
|          |    trunc_ln42_138_fu_3821   |    0    |    0    |    0    |
|          |    trunc_ln42_139_fu_3835   |    0    |    0    |    0    |
|          |    trunc_ln42_140_fu_3849   |    0    |    0    |    0    |
|----------|-----------------------------|---------|---------|---------|
|          |         tmp_fu_3313         |    0    |    0    |    0    |
|          |       tmp_9064_fu_3351      |    0    |    0    |    0    |
|          |       tmp_9065_fu_3397      |    0    |    0    |    0    |
|          |       tmp_9066_fu_3415      |    0    |    0    |    0    |
|bitconcatenate|       tmp_9067_fu_3471      |    0    |    0    |    0    |
|          |       tmp_9068_fu_3483      |    0    |    0    |    0    |
|          |        shl_ln_fu_3955       |    0    |    0    |    0    |
|          |     shl_ln111_8_fu_3967     |    0    |    0    |    0    |
|          |     shl_ln111_9_fu_3979     |    0    |    0    |    0    |
|          |     shl_ln111_s_fu_3991     |    0    |    0    |    0    |
|----------|-----------------------------|---------|---------|---------|
|          |         mrv_fu_4003         |    0    |    0    |    0    |
|insertvalue|        mrv_1_fu_4009        |    0    |    0    |    0    |
|          |        mrv_2_fu_4015        |    0    |    0    |    0    |
|          |        mrv_3_fu_4021        |    0    |    0    |    0    |
|----------|-----------------------------|---------|---------|---------|
|   Total  |                             |    28   |    0    |   820   |
|----------|-----------------------------|---------|---------|---------|

Memories:
N/A

* Register list:
+------------------------+--------+
|                        |   FF   |
+------------------------+--------+
|  add_ln58_124_reg_4051 |   16   |
|  add_ln58_131_reg_4056 |   16   |
|  add_ln58_138_reg_4061 |   16   |
|  add_ln58_145_reg_4066 |   16   |
|data_0_val_read_reg_4045|   16   |
|data_1_val_read_reg_4039|   16   |
|data_2_val_read_reg_4033|   16   |
|data_3_val_read_reg_4027|   16   |
+------------------------+--------+
|          Total         |   128  |
+------------------------+--------+

* Multiplexer (MUX) list: 
|--------|------|------|------|--------|
|  Comp  |  Pin | Size |  BW  | S x BW |
|--------|------|------|------|--------|
|  Total |      |      |      |    0   |
|--------|------|------|------|--------|



* Summary:
+-----------+--------+--------+--------+
|           |   DSP  |   FF   |   LUT  |
+-----------+--------+--------+--------+
|  Function |   28   |    0   |   820  |
|   Memory  |    -   |    -   |    -   |
|Multiplexer|    -   |    -   |    -   |
|  Register |    -   |   128  |    -   |
+-----------+--------+--------+--------+
|   Total   |   28   |   128  |   820  |
+-----------+--------+--------+--------+
