

================================================================
== Vitis HLS Report for 'dense_latency_ap_fixed_16_6_5_3_0_ap_fixed_37_17_5_3_0_config2_s'
================================================================
* Date:           Tue Sep 23 19:05:48 2025

* Version:        2024.1 (Build 5069499 on May 21 2024)
* Project:        myproject_prj
* Solution:       solution1 (Vivado IP Flow Target)
* Product family: virtexuplusHBM
* Target device:  xcvu47p-fsvh2892-2-e


================================================================
== Performance Estimates
================================================================
+ Timing: 
    * Summary: 
    +--------+---------+----------+------------+
    |  Clock |  Target | Estimated| Uncertainty|
    +--------+---------+----------+------------+
    |ap_clk  |  5.00 ns|  3.400 ns|     1.35 ns|
    +--------+---------+----------+------------+

+ Latency: 
    * Summary: 
    +---------+---------+----------+----------+-----+-----+---------+
    |  Latency (cycles) |  Latency (absolute) |  Interval | Pipeline|
    |   min   |   max   |    min   |    max   | min | max |   Type  |
    +---------+---------+----------+----------+-----+-----+---------+
    |        1|        1|  5.000 ns|  5.000 ns|    1|    1|      yes|
    +---------+---------+----------+----------+-----+-----+---------+

    + Detail: 
        * Instance: 
        N/A

        * Loop: 
        N/A

============================================================
+ Verbose Summary: Synthesis Manager
============================================================
InlineROM: 1
ExposeGlobal: 0
============================================================
+ Verbose Summary: CDFG Model
============================================================
IsTopModel: 0
ResetActiveHigh: 1
IsCombinational: 0
IsDatapathOnly: 0
HasWiredReturn: 1
HasMFsm: 2
HasVarLatency: 0
IsPipeline: 1
IsRtlPipelined: 1
IsInstanceOverlapped: 0
IsDontTouch: 0
HasImplIP: 0
IsGatedGlobalClock: 0

+ Individual pipeline summary: 
  * Pipeline-0: initiation interval (II) = 1, depth = 2


============================================================
+ Verbose Summary: Schedule
============================================================
* Number of FSM states : 2
* Pipeline : 1
  Pipeline-0 : II = 1, D = 2, States = { 1 2 }
* Dataflow Pipeline: 0

* FSM state transitions: 
1 --> 2 
2 --> 

* FSM state operations: 

State 1 <SV = 0> <Delay = 3.40>
ST_1 : Operation 3 [1/1] (0.00ns)   --->   "%data_val_read = read i256 @_ssdm_op_Read.ap_auto.i256, i256 %data_val"   --->   Operation 3 'read' 'data_val_read' <Predicate = true> <Delay = 0.00>
ST_1 : Operation 4 [1/1] (0.00ns)   --->   "%a = trunc i256 %data_val_read"   --->   Operation 4 'trunc' 'a' <Predicate = true> <Delay = 0.00>
ST_1 : Operation 5 [1/1] (0.00ns)   --->   "%sext_ln70 = sext i16 %a" [firmware/nnet_utils/nnet_mult.h:70->firmware/nnet_utils/nnet_dense_latency.h:42]   --->   Operation 5 'sext' 'sext_ln70' <Predicate = true> <Delay = 0.00>
ST_1 : Operation 6 [1/1] (0.00ns)   --->   "%sext_ln70_1 = sext i16 %a" [firmware/nnet_utils/nnet_mult.h:70->firmware/nnet_utils/nnet_dense_latency.h:42]   --->   Operation 6 'sext' 'sext_ln70_1' <Predicate = true> <Delay = 0.00>
ST_1 : Operation 7 [1/1] (0.00ns)   --->   "%sext_ln70_2 = sext i16 %a" [firmware/nnet_utils/nnet_mult.h:70->firmware/nnet_utils/nnet_dense_latency.h:42]   --->   Operation 7 'sext' 'sext_ln70_2' <Predicate = true> <Delay = 0.00>
ST_1 : Operation 8 [1/1] (1.94ns)   --->   "%mul_ln73 = mul i25 %sext_ln70_2, i25 33554299" [firmware/nnet_utils/nnet_mult.h:73->firmware/nnet_utils/nnet_dense_latency.h:42]   --->   Operation 8 'mul' 'mul_ln73' <Predicate = true> <Delay = 1.94> <CoreInst = "Multiplier">   --->   Core 3 'Multiplier' <Latency = 0> <II = 1> <Delay = 1.94> <FuncUnit> <Opcode : 'mul'> <InPorts = 2> <OutPorts = 1>
ST_1 : Operation 9 [1/1] (0.00ns)   --->   "%trunc_ln = partselect i15 @_ssdm_op_PartSelect.i15.i25.i32.i32, i25 %mul_ln73, i32 10, i32 24" [firmware/nnet_utils/nnet_dense_latency.h:42]   --->   Operation 9 'partselect' 'trunc_ln' <Predicate = true> <Delay = 0.00>
ST_1 : Operation 10 [1/1] (0.00ns)   --->   "%sext_ln42 = sext i15 %trunc_ln" [firmware/nnet_utils/nnet_dense_latency.h:42]   --->   Operation 10 'sext' 'sext_ln42' <Predicate = true> <Delay = 0.00>
ST_1 : Operation 11 [1/1] (1.94ns)   --->   "%mul_ln73_1 = mul i24 %sext_ln70_1, i24 75" [firmware/nnet_utils/nnet_mult.h:73->firmware/nnet_utils/nnet_dense_latency.h:42]   --->   Operation 11 'mul' 'mul_ln73_1' <Predicate = true> <Delay = 1.94> <CoreInst = "Multiplier">   --->   Core 3 'Multiplier' <Latency = 0> <II = 1> <Delay = 1.94> <FuncUnit> <Opcode : 'mul'> <InPorts = 2> <OutPorts = 1>
ST_1 : Operation 12 [1/1] (0.00ns)   --->   "%trunc_ln42_9 = partselect i14 @_ssdm_op_PartSelect.i14.i24.i32.i32, i24 %mul_ln73_1, i32 10, i32 23" [firmware/nnet_utils/nnet_dense_latency.h:42]   --->   Operation 12 'partselect' 'trunc_ln42_9' <Predicate = true> <Delay = 0.00>
ST_1 : Operation 13 [1/1] (0.00ns)   --->   "%sext_ln73 = sext i14 %trunc_ln42_9" [firmware/nnet_utils/nnet_mult.h:73->firmware/nnet_utils/nnet_dense_latency.h:42]   --->   Operation 13 'sext' 'sext_ln73' <Predicate = true> <Delay = 0.00>
ST_1 : Operation 14 [1/1] (1.94ns)   --->   "%mul_ln73_2 = mul i26 %sext_ln70, i26 311" [firmware/nnet_utils/nnet_mult.h:73->firmware/nnet_utils/nnet_dense_latency.h:42]   --->   Operation 14 'mul' 'mul_ln73_2' <Predicate = true> <Delay = 1.94> <CoreInst = "Multiplier">   --->   Core 3 'Multiplier' <Latency = 0> <II = 1> <Delay = 1.94> <FuncUnit> <Opcode : 'mul'> <InPorts = 2> <OutPorts = 1>
ST_1 : Operation 15 [1/1] (0.00ns)   --->   "%trunc_ln42_2 = partselect i16 @_ssdm_op_PartSelect.i16.i26.i32.i32, i26 %mul_ln73_2, i32 10, i32 25" [firmware/nnet_utils/nnet_dense_latency.h:42]   --->   Operation 15 'partselect' 'trunc_ln42_2' <Predicate = true> <Delay = 0.00>
ST_1 : Operation 16 [1/1] (1.94ns)   --->   "%mul_ln73_3 = mul i26 %sext_ln70, i26 291" [firmware/nnet_utils/nnet_mult.h:73->firmware/nnet_utils/nnet_dense_latency.h:42]   --->   Operation 16 'mul' 'mul_ln73_3' <Predicate = true> <Delay = 1.94> <CoreInst = "Multiplier">   --->   Core 3 'Multiplier' <Latency = 0> <II = 1> <Delay = 1.94> <FuncUnit> <Opcode : 'mul'> <InPorts = 2> <OutPorts = 1>
ST_1 : Operation 17 [1/1] (0.00ns)   --->   "%trunc_ln42_3 = partselect i16 @_ssdm_op_PartSelect.i16.i26.i32.i32, i26 %mul_ln73_3, i32 10, i32 25" [firmware/nnet_utils/nnet_dense_latency.h:42]   --->   Operation 17 'partselect' 'trunc_ln42_3' <Predicate = true> <Delay = 0.00>
ST_1 : Operation 18 [1/1] (1.94ns)   --->   "%mul_ln73_4 = mul i26 %sext_ln70, i26 495" [firmware/nnet_utils/nnet_mult.h:73->firmware/nnet_utils/nnet_dense_latency.h:42]   --->   Operation 18 'mul' 'mul_ln73_4' <Predicate = true> <Delay = 1.94> <CoreInst = "Multiplier">   --->   Core 3 'Multiplier' <Latency = 0> <II = 1> <Delay = 1.94> <FuncUnit> <Opcode : 'mul'> <InPorts = 2> <OutPorts = 1>
ST_1 : Operation 19 [1/1] (0.00ns)   --->   "%trunc_ln42_4 = partselect i16 @_ssdm_op_PartSelect.i16.i26.i32.i32, i26 %mul_ln73_4, i32 10, i32 25" [firmware/nnet_utils/nnet_dense_latency.h:42]   --->   Operation 19 'partselect' 'trunc_ln42_4' <Predicate = true> <Delay = 0.00>
ST_1 : Operation 20 [1/1] (1.94ns)   --->   "%mul_ln73_5 = mul i25 %sext_ln70_2, i25 163" [firmware/nnet_utils/nnet_mult.h:73->firmware/nnet_utils/nnet_dense_latency.h:42]   --->   Operation 20 'mul' 'mul_ln73_5' <Predicate = true> <Delay = 1.94> <CoreInst = "Multiplier">   --->   Core 3 'Multiplier' <Latency = 0> <II = 1> <Delay = 1.94> <FuncUnit> <Opcode : 'mul'> <InPorts = 2> <OutPorts = 1>
ST_1 : Operation 21 [1/1] (0.00ns)   --->   "%trunc_ln42_s = partselect i15 @_ssdm_op_PartSelect.i15.i25.i32.i32, i25 %mul_ln73_5, i32 10, i32 24" [firmware/nnet_utils/nnet_dense_latency.h:42]   --->   Operation 21 'partselect' 'trunc_ln42_s' <Predicate = true> <Delay = 0.00>
ST_1 : Operation 22 [1/1] (0.00ns)   --->   "%sext_ln42_1 = sext i15 %trunc_ln42_s" [firmware/nnet_utils/nnet_dense_latency.h:42]   --->   Operation 22 'sext' 'sext_ln42_1' <Predicate = true> <Delay = 0.00>
ST_1 : Operation 23 [1/1] (0.00ns)   --->   "%tmp = bitconcatenate i20 @_ssdm_op_BitConcatenate.i20.i16.i4, i16 %a, i4 0" [firmware/nnet_utils/nnet_mult.h:73->firmware/nnet_utils/nnet_dense_latency.h:42]   --->   Operation 23 'bitconcatenate' 'tmp' <Predicate = true> <Delay = 0.00>
ST_1 : Operation 24 [1/1] (0.00ns)   --->   "%sext_ln73_1 = sext i20 %tmp" [firmware/nnet_utils/nnet_mult.h:73->firmware/nnet_utils/nnet_dense_latency.h:42]   --->   Operation 24 'sext' 'sext_ln73_1' <Predicate = true> <Delay = 0.00>
ST_1 : Operation 25 [1/1] (0.00ns)   --->   "%tmp_9024 = bitconcatenate i17 @_ssdm_op_BitConcatenate.i17.i16.i1, i16 %a, i1 0" [firmware/nnet_utils/nnet_mult.h:73->firmware/nnet_utils/nnet_dense_latency.h:42]   --->   Operation 25 'bitconcatenate' 'tmp_9024' <Predicate = true> <Delay = 0.00>
ST_1 : Operation 26 [1/1] (0.00ns)   --->   "%sext_ln73_2 = sext i17 %tmp_9024" [firmware/nnet_utils/nnet_mult.h:73->firmware/nnet_utils/nnet_dense_latency.h:42]   --->   Operation 26 'sext' 'sext_ln73_2' <Predicate = true> <Delay = 0.00>
ST_1 : Operation 27 [1/1] (0.80ns)   --->   "%add_ln73 = add i22 %sext_ln73_1, i22 %sext_ln73_2" [firmware/nnet_utils/nnet_mult.h:73->firmware/nnet_utils/nnet_dense_latency.h:42]   --->   Operation 27 'add' 'add_ln73' <Predicate = true> <Delay = 0.80> <CoreInst = "Adder">   --->   Core 1 'Adder' <Latency = 0> <II = 1> <Delay = 0.80> <FuncUnit> <Opcode : 'add' 'sub'> <InPorts = 2> <OutPorts = 1>
ST_1 : Operation 28 [1/1] (0.00ns)   --->   "%trunc_ln42_1 = partselect i12 @_ssdm_op_PartSelect.i12.i22.i32.i32, i22 %add_ln73, i32 10, i32 21" [firmware/nnet_utils/nnet_dense_latency.h:42]   --->   Operation 28 'partselect' 'trunc_ln42_1' <Predicate = true> <Delay = 0.00>
ST_1 : Operation 29 [1/1] (0.00ns)   --->   "%sext_ln42_2 = sext i12 %trunc_ln42_1" [firmware/nnet_utils/nnet_dense_latency.h:42]   --->   Operation 29 'sext' 'sext_ln42_2' <Predicate = true> <Delay = 0.00>
ST_1 : Operation 30 [1/1] (1.94ns)   --->   "%mul_ln73_6 = mul i25 %sext_ln70_2, i25 162" [firmware/nnet_utils/nnet_mult.h:73->firmware/nnet_utils/nnet_dense_latency.h:42]   --->   Operation 30 'mul' 'mul_ln73_6' <Predicate = true> <Delay = 1.94> <CoreInst = "Multiplier">   --->   Core 3 'Multiplier' <Latency = 0> <II = 1> <Delay = 1.94> <FuncUnit> <Opcode : 'mul'> <InPorts = 2> <OutPorts = 1>
ST_1 : Operation 31 [1/1] (0.00ns)   --->   "%trunc_ln42_5 = partselect i15 @_ssdm_op_PartSelect.i15.i25.i32.i32, i25 %mul_ln73_6, i32 10, i32 24" [firmware/nnet_utils/nnet_dense_latency.h:42]   --->   Operation 31 'partselect' 'trunc_ln42_5' <Predicate = true> <Delay = 0.00>
ST_1 : Operation 32 [1/1] (0.00ns)   --->   "%sext_ln42_3 = sext i15 %trunc_ln42_5" [firmware/nnet_utils/nnet_dense_latency.h:42]   --->   Operation 32 'sext' 'sext_ln42_3' <Predicate = true> <Delay = 0.00>
ST_1 : Operation 33 [1/1] (0.00ns)   --->   "%a_1 = partselect i16 @_ssdm_op_PartSelect.i16.i256.i32.i32, i256 %data_val_read, i32 16, i32 31"   --->   Operation 33 'partselect' 'a_1' <Predicate = true> <Delay = 0.00>
ST_1 : Operation 34 [1/1] (0.00ns)   --->   "%sext_ln70_3 = sext i16 %a_1" [firmware/nnet_utils/nnet_mult.h:70->firmware/nnet_utils/nnet_dense_latency.h:42]   --->   Operation 34 'sext' 'sext_ln70_3' <Predicate = true> <Delay = 0.00>
ST_1 : Operation 35 [1/1] (0.00ns)   --->   "%sext_ln70_4 = sext i16 %a_1" [firmware/nnet_utils/nnet_mult.h:70->firmware/nnet_utils/nnet_dense_latency.h:42]   --->   Operation 35 'sext' 'sext_ln70_4' <Predicate = true> <Delay = 0.00>
ST_1 : Operation 36 [1/1] (0.00ns)   --->   "%sext_ln70_5 = sext i16 %a_1" [firmware/nnet_utils/nnet_mult.h:70->firmware/nnet_utils/nnet_dense_latency.h:42]   --->   Operation 36 'sext' 'sext_ln70_5' <Predicate = true> <Delay = 0.00>
ST_1 : Operation 37 [1/1] (1.94ns)   --->   "%mul_ln73_7 = mul i26 %sext_ln70_5, i26 67108444" [firmware/nnet_utils/nnet_mult.h:73->firmware/nnet_utils/nnet_dense_latency.h:42]   --->   Operation 37 'mul' 'mul_ln73_7' <Predicate = true> <Delay = 1.94> <CoreInst = "Multiplier">   --->   Core 3 'Multiplier' <Latency = 0> <II = 1> <Delay = 1.94> <FuncUnit> <Opcode : 'mul'> <InPorts = 2> <OutPorts = 1>
ST_1 : Operation 38 [1/1] (0.00ns)   --->   "%trunc_ln42_8 = partselect i16 @_ssdm_op_PartSelect.i16.i26.i32.i32, i26 %mul_ln73_7, i32 10, i32 25" [firmware/nnet_utils/nnet_dense_latency.h:42]   --->   Operation 38 'partselect' 'trunc_ln42_8' <Predicate = true> <Delay = 0.00>
ST_1 : Operation 39 [1/1] (1.94ns)   --->   "%mul_ln73_8 = mul i23 %sext_ln70_4, i23 57" [firmware/nnet_utils/nnet_mult.h:73->firmware/nnet_utils/nnet_dense_latency.h:42]   --->   Operation 39 'mul' 'mul_ln73_8' <Predicate = true> <Delay = 1.94> <CoreInst = "Multiplier">   --->   Core 3 'Multiplier' <Latency = 0> <II = 1> <Delay = 1.94> <FuncUnit> <Opcode : 'mul'> <InPorts = 2> <OutPorts = 1>
ST_1 : Operation 40 [1/1] (0.00ns)   --->   "%trunc_ln42_6 = partselect i13 @_ssdm_op_PartSelect.i13.i23.i32.i32, i23 %mul_ln73_8, i32 10, i32 22" [firmware/nnet_utils/nnet_dense_latency.h:42]   --->   Operation 40 'partselect' 'trunc_ln42_6' <Predicate = true> <Delay = 0.00>
ST_1 : Operation 41 [1/1] (0.00ns)   --->   "%sext_ln73_3 = sext i13 %trunc_ln42_6" [firmware/nnet_utils/nnet_mult.h:73->firmware/nnet_utils/nnet_dense_latency.h:42]   --->   Operation 41 'sext' 'sext_ln73_3' <Predicate = true> <Delay = 0.00>
ST_1 : Operation 42 [1/1] (1.94ns)   --->   "%mul_ln73_9 = mul i26 %sext_ln70_5, i26 67108475" [firmware/nnet_utils/nnet_mult.h:73->firmware/nnet_utils/nnet_dense_latency.h:42]   --->   Operation 42 'mul' 'mul_ln73_9' <Predicate = true> <Delay = 1.94> <CoreInst = "Multiplier">   --->   Core 3 'Multiplier' <Latency = 0> <II = 1> <Delay = 1.94> <FuncUnit> <Opcode : 'mul'> <InPorts = 2> <OutPorts = 1>
ST_1 : Operation 43 [1/1] (0.00ns)   --->   "%trunc_ln42_7 = partselect i16 @_ssdm_op_PartSelect.i16.i26.i32.i32, i26 %mul_ln73_9, i32 10, i32 25" [firmware/nnet_utils/nnet_dense_latency.h:42]   --->   Operation 43 'partselect' 'trunc_ln42_7' <Predicate = true> <Delay = 0.00>
ST_1 : Operation 44 [1/1] (1.94ns)   --->   "%mul_ln73_10 = mul i25 %sext_ln70_3, i25 174" [firmware/nnet_utils/nnet_mult.h:73->firmware/nnet_utils/nnet_dense_latency.h:42]   --->   Operation 44 'mul' 'mul_ln73_10' <Predicate = true> <Delay = 1.94> <CoreInst = "Multiplier">   --->   Core 3 'Multiplier' <Latency = 0> <II = 1> <Delay = 1.94> <FuncUnit> <Opcode : 'mul'> <InPorts = 2> <OutPorts = 1>
ST_1 : Operation 45 [1/1] (0.00ns)   --->   "%trunc_ln42_10 = partselect i15 @_ssdm_op_PartSelect.i15.i25.i32.i32, i25 %mul_ln73_10, i32 10, i32 24" [firmware/nnet_utils/nnet_dense_latency.h:42]   --->   Operation 45 'partselect' 'trunc_ln42_10' <Predicate = true> <Delay = 0.00>
ST_1 : Operation 46 [1/1] (0.00ns)   --->   "%sext_ln42_4 = sext i15 %trunc_ln42_10" [firmware/nnet_utils/nnet_dense_latency.h:42]   --->   Operation 46 'sext' 'sext_ln42_4' <Predicate = true> <Delay = 0.00>
ST_1 : Operation 47 [1/1] (1.94ns)   --->   "%mul_ln73_11 = mul i26 %sext_ln70_5, i26 414" [firmware/nnet_utils/nnet_mult.h:73->firmware/nnet_utils/nnet_dense_latency.h:42]   --->   Operation 47 'mul' 'mul_ln73_11' <Predicate = true> <Delay = 1.94> <CoreInst = "Multiplier">   --->   Core 3 'Multiplier' <Latency = 0> <II = 1> <Delay = 1.94> <FuncUnit> <Opcode : 'mul'> <InPorts = 2> <OutPorts = 1>
ST_1 : Operation 48 [1/1] (0.00ns)   --->   "%trunc_ln42_11 = partselect i16 @_ssdm_op_PartSelect.i16.i26.i32.i32, i26 %mul_ln73_11, i32 10, i32 25" [firmware/nnet_utils/nnet_dense_latency.h:42]   --->   Operation 48 'partselect' 'trunc_ln42_11' <Predicate = true> <Delay = 0.00>
ST_1 : Operation 49 [1/1] (1.94ns)   --->   "%mul_ln73_12 = mul i26 %sext_ln70_5, i26 67108425" [firmware/nnet_utils/nnet_mult.h:73->firmware/nnet_utils/nnet_dense_latency.h:42]   --->   Operation 49 'mul' 'mul_ln73_12' <Predicate = true> <Delay = 1.94> <CoreInst = "Multiplier">   --->   Core 3 'Multiplier' <Latency = 0> <II = 1> <Delay = 1.94> <FuncUnit> <Opcode : 'mul'> <InPorts = 2> <OutPorts = 1>
ST_1 : Operation 50 [1/1] (0.00ns)   --->   "%trunc_ln42_12 = partselect i16 @_ssdm_op_PartSelect.i16.i26.i32.i32, i26 %mul_ln73_12, i32 10, i32 25" [firmware/nnet_utils/nnet_dense_latency.h:42]   --->   Operation 50 'partselect' 'trunc_ln42_12' <Predicate = true> <Delay = 0.00>
ST_1 : Operation 51 [1/1] (1.94ns)   --->   "%mul_ln73_13 = mul i26 %sext_ln70_5, i26 67108401" [firmware/nnet_utils/nnet_mult.h:73->firmware/nnet_utils/nnet_dense_latency.h:42]   --->   Operation 51 'mul' 'mul_ln73_13' <Predicate = true> <Delay = 1.94> <CoreInst = "Multiplier">   --->   Core 3 'Multiplier' <Latency = 0> <II = 1> <Delay = 1.94> <FuncUnit> <Opcode : 'mul'> <InPorts = 2> <OutPorts = 1>
ST_1 : Operation 52 [1/1] (0.00ns)   --->   "%trunc_ln42_13 = partselect i16 @_ssdm_op_PartSelect.i16.i26.i32.i32, i26 %mul_ln73_13, i32 10, i32 25" [firmware/nnet_utils/nnet_dense_latency.h:42]   --->   Operation 52 'partselect' 'trunc_ln42_13' <Predicate = true> <Delay = 0.00>
ST_1 : Operation 53 [1/1] (1.94ns)   --->   "%mul_ln73_14 = mul i25 %sext_ln70_3, i25 178" [firmware/nnet_utils/nnet_mult.h:73->firmware/nnet_utils/nnet_dense_latency.h:42]   --->   Operation 53 'mul' 'mul_ln73_14' <Predicate = true> <Delay = 1.94> <CoreInst = "Multiplier">   --->   Core 3 'Multiplier' <Latency = 0> <II = 1> <Delay = 1.94> <FuncUnit> <Opcode : 'mul'> <InPorts = 2> <OutPorts = 1>
ST_1 : Operation 54 [1/1] (0.00ns)   --->   "%trunc_ln42_14 = partselect i15 @_ssdm_op_PartSelect.i15.i25.i32.i32, i25 %mul_ln73_14, i32 10, i32 24" [firmware/nnet_utils/nnet_dense_latency.h:42]   --->   Operation 54 'partselect' 'trunc_ln42_14' <Predicate = true> <Delay = 0.00>
ST_1 : Operation 55 [1/1] (0.00ns)   --->   "%sext_ln42_5 = sext i15 %trunc_ln42_14" [firmware/nnet_utils/nnet_dense_latency.h:42]   --->   Operation 55 'sext' 'sext_ln42_5' <Predicate = true> <Delay = 0.00>
ST_1 : Operation 56 [1/1] (0.00ns)   --->   "%a_2 = partselect i16 @_ssdm_op_PartSelect.i16.i256.i32.i32, i256 %data_val_read, i32 32, i32 47"   --->   Operation 56 'partselect' 'a_2' <Predicate = true> <Delay = 0.00>
ST_1 : Operation 57 [1/1] (0.00ns)   --->   "%sext_ln70_6 = sext i16 %a_2" [firmware/nnet_utils/nnet_mult.h:70->firmware/nnet_utils/nnet_dense_latency.h:42]   --->   Operation 57 'sext' 'sext_ln70_6' <Predicate = true> <Delay = 0.00>
ST_1 : Operation 58 [1/1] (0.00ns)   --->   "%sext_ln70_7 = sext i16 %a_2" [firmware/nnet_utils/nnet_mult.h:70->firmware/nnet_utils/nnet_dense_latency.h:42]   --->   Operation 58 'sext' 'sext_ln70_7' <Predicate = true> <Delay = 0.00>
ST_1 : Operation 59 [1/1] (0.00ns)   --->   "%sext_ln70_8 = sext i16 %a_2" [firmware/nnet_utils/nnet_mult.h:70->firmware/nnet_utils/nnet_dense_latency.h:42]   --->   Operation 59 'sext' 'sext_ln70_8' <Predicate = true> <Delay = 0.00>
ST_1 : Operation 60 [1/1] (1.94ns)   --->   "%mul_ln73_15 = mul i25 %sext_ln70_8, i25 218" [firmware/nnet_utils/nnet_mult.h:73->firmware/nnet_utils/nnet_dense_latency.h:42]   --->   Operation 60 'mul' 'mul_ln73_15' <Predicate = true> <Delay = 1.94> <CoreInst = "Multiplier">   --->   Core 3 'Multiplier' <Latency = 0> <II = 1> <Delay = 1.94> <FuncUnit> <Opcode : 'mul'> <InPorts = 2> <OutPorts = 1>
ST_1 : Operation 61 [1/1] (0.00ns)   --->   "%trunc_ln42_15 = partselect i15 @_ssdm_op_PartSelect.i15.i25.i32.i32, i25 %mul_ln73_15, i32 10, i32 24" [firmware/nnet_utils/nnet_dense_latency.h:42]   --->   Operation 61 'partselect' 'trunc_ln42_15' <Predicate = true> <Delay = 0.00>
ST_1 : Operation 62 [1/1] (0.00ns)   --->   "%sext_ln42_6 = sext i15 %trunc_ln42_15" [firmware/nnet_utils/nnet_dense_latency.h:42]   --->   Operation 62 'sext' 'sext_ln42_6' <Predicate = true> <Delay = 0.00>
ST_1 : Operation 63 [1/1] (1.94ns)   --->   "%mul_ln73_16 = mul i25 %sext_ln70_8, i25 33554189" [firmware/nnet_utils/nnet_mult.h:73->firmware/nnet_utils/nnet_dense_latency.h:42]   --->   Operation 63 'mul' 'mul_ln73_16' <Predicate = true> <Delay = 1.94> <CoreInst = "Multiplier">   --->   Core 3 'Multiplier' <Latency = 0> <II = 1> <Delay = 1.94> <FuncUnit> <Opcode : 'mul'> <InPorts = 2> <OutPorts = 1>
ST_1 : Operation 64 [1/1] (0.00ns)   --->   "%trunc_ln42_16 = partselect i15 @_ssdm_op_PartSelect.i15.i25.i32.i32, i25 %mul_ln73_16, i32 10, i32 24" [firmware/nnet_utils/nnet_dense_latency.h:42]   --->   Operation 64 'partselect' 'trunc_ln42_16' <Predicate = true> <Delay = 0.00>
ST_1 : Operation 65 [1/1] (0.00ns)   --->   "%sext_ln42_7 = sext i15 %trunc_ln42_16" [firmware/nnet_utils/nnet_dense_latency.h:42]   --->   Operation 65 'sext' 'sext_ln42_7' <Predicate = true> <Delay = 0.00>
ST_1 : Operation 66 [1/1] (1.94ns)   --->   "%mul_ln73_17 = mul i26 %sext_ln70_7, i26 456" [firmware/nnet_utils/nnet_mult.h:73->firmware/nnet_utils/nnet_dense_latency.h:42]   --->   Operation 66 'mul' 'mul_ln73_17' <Predicate = true> <Delay = 1.94> <CoreInst = "Multiplier">   --->   Core 3 'Multiplier' <Latency = 0> <II = 1> <Delay = 1.94> <FuncUnit> <Opcode : 'mul'> <InPorts = 2> <OutPorts = 1>
ST_1 : Operation 67 [1/1] (0.00ns)   --->   "%trunc_ln42_17 = partselect i16 @_ssdm_op_PartSelect.i16.i26.i32.i32, i26 %mul_ln73_17, i32 10, i32 25" [firmware/nnet_utils/nnet_dense_latency.h:42]   --->   Operation 67 'partselect' 'trunc_ln42_17' <Predicate = true> <Delay = 0.00>
ST_1 : Operation 68 [1/1] (1.94ns)   --->   "%mul_ln73_18 = mul i26 %sext_ln70_7, i26 375" [firmware/nnet_utils/nnet_mult.h:73->firmware/nnet_utils/nnet_dense_latency.h:42]   --->   Operation 68 'mul' 'mul_ln73_18' <Predicate = true> <Delay = 1.94> <CoreInst = "Multiplier">   --->   Core 3 'Multiplier' <Latency = 0> <II = 1> <Delay = 1.94> <FuncUnit> <Opcode : 'mul'> <InPorts = 2> <OutPorts = 1>
ST_1 : Operation 69 [1/1] (0.00ns)   --->   "%trunc_ln42_18 = partselect i16 @_ssdm_op_PartSelect.i16.i26.i32.i32, i26 %mul_ln73_18, i32 10, i32 25" [firmware/nnet_utils/nnet_dense_latency.h:42]   --->   Operation 69 'partselect' 'trunc_ln42_18' <Predicate = true> <Delay = 0.00>
ST_1 : Operation 70 [1/1] (1.94ns)   --->   "%mul_ln73_19 = mul i25 %sext_ln70_8, i25 147" [firmware/nnet_utils/nnet_mult.h:73->firmware/nnet_utils/nnet_dense_latency.h:42]   --->   Operation 70 'mul' 'mul_ln73_19' <Predicate = true> <Delay = 1.94> <CoreInst = "Multiplier">   --->   Core 3 'Multiplier' <Latency = 0> <II = 1> <Delay = 1.94> <FuncUnit> <Opcode : 'mul'> <InPorts = 2> <OutPorts = 1>
ST_1 : Operation 71 [1/1] (0.00ns)   --->   "%trunc_ln42_19 = partselect i15 @_ssdm_op_PartSelect.i15.i25.i32.i32, i25 %mul_ln73_19, i32 10, i32 24" [firmware/nnet_utils/nnet_dense_latency.h:42]   --->   Operation 71 'partselect' 'trunc_ln42_19' <Predicate = true> <Delay = 0.00>
ST_1 : Operation 72 [1/1] (0.00ns)   --->   "%sext_ln42_8 = sext i15 %trunc_ln42_19" [firmware/nnet_utils/nnet_dense_latency.h:42]   --->   Operation 72 'sext' 'sext_ln42_8' <Predicate = true> <Delay = 0.00>
ST_1 : Operation 73 [1/1] (1.94ns)   --->   "%mul_ln73_20 = mul i26 %sext_ln70_7, i26 321" [firmware/nnet_utils/nnet_mult.h:73->firmware/nnet_utils/nnet_dense_latency.h:42]   --->   Operation 73 'mul' 'mul_ln73_20' <Predicate = true> <Delay = 1.94> <CoreInst = "Multiplier">   --->   Core 3 'Multiplier' <Latency = 0> <II = 1> <Delay = 1.94> <FuncUnit> <Opcode : 'mul'> <InPorts = 2> <OutPorts = 1>
ST_1 : Operation 74 [1/1] (0.00ns)   --->   "%trunc_ln42_20 = partselect i16 @_ssdm_op_PartSelect.i16.i26.i32.i32, i26 %mul_ln73_20, i32 10, i32 25" [firmware/nnet_utils/nnet_dense_latency.h:42]   --->   Operation 74 'partselect' 'trunc_ln42_20' <Predicate = true> <Delay = 0.00>
ST_1 : Operation 75 [1/1] (1.94ns)   --->   "%mul_ln73_21 = mul i24 %sext_ln70_6, i24 16777113" [firmware/nnet_utils/nnet_mult.h:73->firmware/nnet_utils/nnet_dense_latency.h:42]   --->   Operation 75 'mul' 'mul_ln73_21' <Predicate = true> <Delay = 1.94> <CoreInst = "Multiplier">   --->   Core 3 'Multiplier' <Latency = 0> <II = 1> <Delay = 1.94> <FuncUnit> <Opcode : 'mul'> <InPorts = 2> <OutPorts = 1>
ST_1 : Operation 76 [1/1] (0.00ns)   --->   "%trunc_ln42_21 = partselect i14 @_ssdm_op_PartSelect.i14.i24.i32.i32, i24 %mul_ln73_21, i32 10, i32 23" [firmware/nnet_utils/nnet_dense_latency.h:42]   --->   Operation 76 'partselect' 'trunc_ln42_21' <Predicate = true> <Delay = 0.00>
ST_1 : Operation 77 [1/1] (0.00ns)   --->   "%sext_ln42_9 = sext i14 %trunc_ln42_21" [firmware/nnet_utils/nnet_dense_latency.h:42]   --->   Operation 77 'sext' 'sext_ln42_9' <Predicate = true> <Delay = 0.00>
ST_1 : Operation 78 [1/1] (0.00ns)   --->   "%tmp_9025 = bitconcatenate i21 @_ssdm_op_BitConcatenate.i21.i16.i5, i16 %a_2, i5 0" [firmware/nnet_utils/nnet_mult.h:73->firmware/nnet_utils/nnet_dense_latency.h:42]   --->   Operation 78 'bitconcatenate' 'tmp_9025' <Predicate = true> <Delay = 0.00>
ST_1 : Operation 79 [1/1] (0.00ns)   --->   "%sext_ln73_4 = sext i21 %tmp_9025" [firmware/nnet_utils/nnet_mult.h:73->firmware/nnet_utils/nnet_dense_latency.h:42]   --->   Operation 79 'sext' 'sext_ln73_4' <Predicate = true> <Delay = 0.00>
ST_1 : Operation 80 [1/1] (0.00ns)   --->   "%tmp_9026 = bitconcatenate i19 @_ssdm_op_BitConcatenate.i19.i16.i3, i16 %a_2, i3 0" [firmware/nnet_utils/nnet_mult.h:73->firmware/nnet_utils/nnet_dense_latency.h:42]   --->   Operation 80 'bitconcatenate' 'tmp_9026' <Predicate = true> <Delay = 0.00>
ST_1 : Operation 81 [1/1] (0.00ns)   --->   "%sext_ln73_5 = sext i19 %tmp_9026" [firmware/nnet_utils/nnet_mult.h:73->firmware/nnet_utils/nnet_dense_latency.h:42]   --->   Operation 81 'sext' 'sext_ln73_5' <Predicate = true> <Delay = 0.00>
ST_1 : Operation 82 [1/1] (0.81ns)   --->   "%sub_ln73 = sub i22 %sext_ln73_5, i22 %sext_ln73_4" [firmware/nnet_utils/nnet_mult.h:73->firmware/nnet_utils/nnet_dense_latency.h:42]   --->   Operation 82 'sub' 'sub_ln73' <Predicate = true> <Delay = 0.81> <CoreInst = "Adder">   --->   Core 1 'Adder' <Latency = 0> <II = 1> <Delay = 0.81> <FuncUnit> <Opcode : 'add' 'sub'> <InPorts = 2> <OutPorts = 1>
ST_1 : Operation 83 [1/1] (0.00ns)   --->   "%trunc_ln42_22 = partselect i12 @_ssdm_op_PartSelect.i12.i22.i32.i32, i22 %sub_ln73, i32 10, i32 21" [firmware/nnet_utils/nnet_dense_latency.h:42]   --->   Operation 83 'partselect' 'trunc_ln42_22' <Predicate = true> <Delay = 0.00>
ST_1 : Operation 84 [1/1] (0.00ns)   --->   "%sext_ln42_10 = sext i12 %trunc_ln42_22" [firmware/nnet_utils/nnet_dense_latency.h:42]   --->   Operation 84 'sext' 'sext_ln42_10' <Predicate = true> <Delay = 0.00>
ST_1 : Operation 85 [1/1] (0.00ns)   --->   "%a_3 = partselect i16 @_ssdm_op_PartSelect.i16.i256.i32.i32, i256 %data_val_read, i32 48, i32 63"   --->   Operation 85 'partselect' 'a_3' <Predicate = true> <Delay = 0.00>
ST_1 : Operation 86 [1/1] (0.00ns)   --->   "%sext_ln70_9 = sext i16 %a_3" [firmware/nnet_utils/nnet_mult.h:70->firmware/nnet_utils/nnet_dense_latency.h:42]   --->   Operation 86 'sext' 'sext_ln70_9' <Predicate = true> <Delay = 0.00>
ST_1 : Operation 87 [1/1] (0.00ns)   --->   "%sext_ln70_10 = sext i16 %a_3" [firmware/nnet_utils/nnet_mult.h:70->firmware/nnet_utils/nnet_dense_latency.h:42]   --->   Operation 87 'sext' 'sext_ln70_10' <Predicate = true> <Delay = 0.00>
ST_1 : Operation 88 [1/1] (0.00ns)   --->   "%sext_ln70_11 = sext i16 %a_3" [firmware/nnet_utils/nnet_mult.h:70->firmware/nnet_utils/nnet_dense_latency.h:42]   --->   Operation 88 'sext' 'sext_ln70_11' <Predicate = true> <Delay = 0.00>
ST_1 : Operation 89 [1/1] (1.94ns)   --->   "%mul_ln73_22 = mul i26 %sext_ln70_11, i26 402" [firmware/nnet_utils/nnet_mult.h:73->firmware/nnet_utils/nnet_dense_latency.h:42]   --->   Operation 89 'mul' 'mul_ln73_22' <Predicate = true> <Delay = 1.94> <CoreInst = "Multiplier">   --->   Core 3 'Multiplier' <Latency = 0> <II = 1> <Delay = 1.94> <FuncUnit> <Opcode : 'mul'> <InPorts = 2> <OutPorts = 1>
ST_1 : Operation 90 [1/1] (0.00ns)   --->   "%trunc_ln42_23 = partselect i16 @_ssdm_op_PartSelect.i16.i26.i32.i32, i26 %mul_ln73_22, i32 10, i32 25" [firmware/nnet_utils/nnet_dense_latency.h:42]   --->   Operation 90 'partselect' 'trunc_ln42_23' <Predicate = true> <Delay = 0.00>
ST_1 : Operation 91 [1/1] (1.94ns)   --->   "%mul_ln73_23 = mul i24 %sext_ln70_10, i24 16777095" [firmware/nnet_utils/nnet_mult.h:73->firmware/nnet_utils/nnet_dense_latency.h:42]   --->   Operation 91 'mul' 'mul_ln73_23' <Predicate = true> <Delay = 1.94> <CoreInst = "Multiplier">   --->   Core 3 'Multiplier' <Latency = 0> <II = 1> <Delay = 1.94> <FuncUnit> <Opcode : 'mul'> <InPorts = 2> <OutPorts = 1>
ST_1 : Operation 92 [1/1] (0.00ns)   --->   "%trunc_ln42_24 = partselect i14 @_ssdm_op_PartSelect.i14.i24.i32.i32, i24 %mul_ln73_23, i32 10, i32 23" [firmware/nnet_utils/nnet_dense_latency.h:42]   --->   Operation 92 'partselect' 'trunc_ln42_24' <Predicate = true> <Delay = 0.00>
ST_1 : Operation 93 [1/1] (0.00ns)   --->   "%sext_ln42_11 = sext i14 %trunc_ln42_24" [firmware/nnet_utils/nnet_dense_latency.h:42]   --->   Operation 93 'sext' 'sext_ln42_11' <Predicate = true> <Delay = 0.00>
ST_1 : Operation 94 [1/1] (1.94ns)   --->   "%mul_ln73_24 = mul i25 %sext_ln70_9, i25 33554260" [firmware/nnet_utils/nnet_mult.h:73->firmware/nnet_utils/nnet_dense_latency.h:42]   --->   Operation 94 'mul' 'mul_ln73_24' <Predicate = true> <Delay = 1.94> <CoreInst = "Multiplier">   --->   Core 3 'Multiplier' <Latency = 0> <II = 1> <Delay = 1.94> <FuncUnit> <Opcode : 'mul'> <InPorts = 2> <OutPorts = 1>
ST_1 : Operation 95 [1/1] (0.00ns)   --->   "%trunc_ln42_25 = partselect i15 @_ssdm_op_PartSelect.i15.i25.i32.i32, i25 %mul_ln73_24, i32 10, i32 24" [firmware/nnet_utils/nnet_dense_latency.h:42]   --->   Operation 95 'partselect' 'trunc_ln42_25' <Predicate = true> <Delay = 0.00>
ST_1 : Operation 96 [1/1] (0.00ns)   --->   "%sext_ln42_12 = sext i15 %trunc_ln42_25" [firmware/nnet_utils/nnet_dense_latency.h:42]   --->   Operation 96 'sext' 'sext_ln42_12' <Predicate = true> <Delay = 0.00>
ST_1 : Operation 97 [1/1] (1.94ns)   --->   "%mul_ln73_25 = mul i26 %sext_ln70_11, i26 266" [firmware/nnet_utils/nnet_mult.h:73->firmware/nnet_utils/nnet_dense_latency.h:42]   --->   Operation 97 'mul' 'mul_ln73_25' <Predicate = true> <Delay = 1.94> <CoreInst = "Multiplier">   --->   Core 3 'Multiplier' <Latency = 0> <II = 1> <Delay = 1.94> <FuncUnit> <Opcode : 'mul'> <InPorts = 2> <OutPorts = 1>
ST_1 : Operation 98 [1/1] (0.00ns)   --->   "%trunc_ln42_26 = partselect i16 @_ssdm_op_PartSelect.i16.i26.i32.i32, i26 %mul_ln73_25, i32 10, i32 25" [firmware/nnet_utils/nnet_dense_latency.h:42]   --->   Operation 98 'partselect' 'trunc_ln42_26' <Predicate = true> <Delay = 0.00>
ST_1 : Operation 99 [1/1] (1.94ns)   --->   "%mul_ln73_26 = mul i26 %sext_ln70_11, i26 447" [firmware/nnet_utils/nnet_mult.h:73->firmware/nnet_utils/nnet_dense_latency.h:42]   --->   Operation 99 'mul' 'mul_ln73_26' <Predicate = true> <Delay = 1.94> <CoreInst = "Multiplier">   --->   Core 3 'Multiplier' <Latency = 0> <II = 1> <Delay = 1.94> <FuncUnit> <Opcode : 'mul'> <InPorts = 2> <OutPorts = 1>
ST_1 : Operation 100 [1/1] (0.00ns)   --->   "%trunc_ln42_27 = partselect i16 @_ssdm_op_PartSelect.i16.i26.i32.i32, i26 %mul_ln73_26, i32 10, i32 25" [firmware/nnet_utils/nnet_dense_latency.h:42]   --->   Operation 100 'partselect' 'trunc_ln42_27' <Predicate = true> <Delay = 0.00>
ST_1 : Operation 101 [1/1] (1.94ns)   --->   "%mul_ln73_27 = mul i24 %sext_ln70_10, i24 79" [firmware/nnet_utils/nnet_mult.h:73->firmware/nnet_utils/nnet_dense_latency.h:42]   --->   Operation 101 'mul' 'mul_ln73_27' <Predicate = true> <Delay = 1.94> <CoreInst = "Multiplier">   --->   Core 3 'Multiplier' <Latency = 0> <II = 1> <Delay = 1.94> <FuncUnit> <Opcode : 'mul'> <InPorts = 2> <OutPorts = 1>
ST_1 : Operation 102 [1/1] (0.00ns)   --->   "%trunc_ln42_28 = partselect i14 @_ssdm_op_PartSelect.i14.i24.i32.i32, i24 %mul_ln73_27, i32 10, i32 23" [firmware/nnet_utils/nnet_dense_latency.h:42]   --->   Operation 102 'partselect' 'trunc_ln42_28' <Predicate = true> <Delay = 0.00>
ST_1 : Operation 103 [1/1] (0.00ns)   --->   "%sext_ln42_13 = sext i14 %trunc_ln42_28" [firmware/nnet_utils/nnet_dense_latency.h:42]   --->   Operation 103 'sext' 'sext_ln42_13' <Predicate = true> <Delay = 0.00>
ST_1 : Operation 104 [1/1] (1.94ns)   --->   "%mul_ln73_28 = mul i25 %sext_ln70_9, i25 227" [firmware/nnet_utils/nnet_mult.h:73->firmware/nnet_utils/nnet_dense_latency.h:42]   --->   Operation 104 'mul' 'mul_ln73_28' <Predicate = true> <Delay = 1.94> <CoreInst = "Multiplier">   --->   Core 3 'Multiplier' <Latency = 0> <II = 1> <Delay = 1.94> <FuncUnit> <Opcode : 'mul'> <InPorts = 2> <OutPorts = 1>
ST_1 : Operation 105 [1/1] (0.00ns)   --->   "%trunc_ln42_29 = partselect i15 @_ssdm_op_PartSelect.i15.i25.i32.i32, i25 %mul_ln73_28, i32 10, i32 24" [firmware/nnet_utils/nnet_dense_latency.h:42]   --->   Operation 105 'partselect' 'trunc_ln42_29' <Predicate = true> <Delay = 0.00>
ST_1 : Operation 106 [1/1] (0.00ns)   --->   "%sext_ln42_14 = sext i15 %trunc_ln42_29" [firmware/nnet_utils/nnet_dense_latency.h:42]   --->   Operation 106 'sext' 'sext_ln42_14' <Predicate = true> <Delay = 0.00>
ST_1 : Operation 107 [1/1] (0.00ns)   --->   "%tmp_9027 = bitconcatenate i25 @_ssdm_op_BitConcatenate.i25.i16.i9, i16 %a_3, i9 0" [firmware/nnet_utils/nnet_mult.h:73->firmware/nnet_utils/nnet_dense_latency.h:42]   --->   Operation 107 'bitconcatenate' 'tmp_9027' <Predicate = true> <Delay = 0.00>
ST_1 : Operation 108 [1/1] (0.00ns)   --->   "%sext_ln73_6 = sext i25 %tmp_9027" [firmware/nnet_utils/nnet_mult.h:73->firmware/nnet_utils/nnet_dense_latency.h:42]   --->   Operation 108 'sext' 'sext_ln73_6' <Predicate = true> <Delay = 0.00>
ST_1 : Operation 109 [1/1] (0.00ns)   --->   "%tmp_9028 = bitconcatenate i21 @_ssdm_op_BitConcatenate.i21.i16.i5, i16 %a_3, i5 0" [firmware/nnet_utils/nnet_mult.h:73->firmware/nnet_utils/nnet_dense_latency.h:42]   --->   Operation 109 'bitconcatenate' 'tmp_9028' <Predicate = true> <Delay = 0.00>
ST_1 : Operation 110 [1/1] (0.00ns)   --->   "%sext_ln73_7 = sext i21 %tmp_9028" [firmware/nnet_utils/nnet_mult.h:73->firmware/nnet_utils/nnet_dense_latency.h:42]   --->   Operation 110 'sext' 'sext_ln73_7' <Predicate = true> <Delay = 0.00>
ST_1 : Operation 111 [1/1] (0.83ns)   --->   "%sub_ln73_1 = sub i26 %sext_ln73_6, i26 %sext_ln73_7" [firmware/nnet_utils/nnet_mult.h:73->firmware/nnet_utils/nnet_dense_latency.h:42]   --->   Operation 111 'sub' 'sub_ln73_1' <Predicate = true> <Delay = 0.83> <CoreInst = "Adder">   --->   Core 1 'Adder' <Latency = 0> <II = 1> <Delay = 0.83> <FuncUnit> <Opcode : 'add' 'sub'> <InPorts = 2> <OutPorts = 1>
ST_1 : Operation 112 [1/1] (0.00ns)   --->   "%trunc_ln42_30 = partselect i16 @_ssdm_op_PartSelect.i16.i26.i32.i32, i26 %sub_ln73_1, i32 10, i32 25" [firmware/nnet_utils/nnet_dense_latency.h:42]   --->   Operation 112 'partselect' 'trunc_ln42_30' <Predicate = true> <Delay = 0.00>
ST_1 : Operation 113 [1/1] (0.00ns)   --->   "%a_4 = partselect i16 @_ssdm_op_PartSelect.i16.i256.i32.i32, i256 %data_val_read, i32 64, i32 79"   --->   Operation 113 'partselect' 'a_4' <Predicate = true> <Delay = 0.00>
ST_1 : Operation 114 [1/1] (0.00ns)   --->   "%sext_ln70_12 = sext i16 %a_4" [firmware/nnet_utils/nnet_mult.h:70->firmware/nnet_utils/nnet_dense_latency.h:42]   --->   Operation 114 'sext' 'sext_ln70_12' <Predicate = true> <Delay = 0.00>
ST_1 : Operation 115 [1/1] (0.00ns)   --->   "%sext_ln70_13 = sext i16 %a_4" [firmware/nnet_utils/nnet_mult.h:70->firmware/nnet_utils/nnet_dense_latency.h:42]   --->   Operation 115 'sext' 'sext_ln70_13' <Predicate = true> <Delay = 0.00>
ST_1 : Operation 116 [1/1] (0.00ns)   --->   "%sext_ln70_14 = sext i16 %a_4" [firmware/nnet_utils/nnet_mult.h:70->firmware/nnet_utils/nnet_dense_latency.h:42]   --->   Operation 116 'sext' 'sext_ln70_14' <Predicate = true> <Delay = 0.00>
ST_1 : Operation 117 [1/1] (0.00ns)   --->   "%sext_ln70_15 = sext i16 %a_4" [firmware/nnet_utils/nnet_mult.h:70->firmware/nnet_utils/nnet_dense_latency.h:42]   --->   Operation 117 'sext' 'sext_ln70_15' <Predicate = true> <Delay = 0.00>
ST_1 : Operation 118 [1/1] (1.94ns)   --->   "%mul_ln73_29 = mul i24 %sext_ln70_15, i24 99" [firmware/nnet_utils/nnet_mult.h:73->firmware/nnet_utils/nnet_dense_latency.h:42]   --->   Operation 118 'mul' 'mul_ln73_29' <Predicate = true> <Delay = 1.94> <CoreInst = "Multiplier">   --->   Core 3 'Multiplier' <Latency = 0> <II = 1> <Delay = 1.94> <FuncUnit> <Opcode : 'mul'> <InPorts = 2> <OutPorts = 1>
ST_1 : Operation 119 [1/1] (0.00ns)   --->   "%trunc_ln42_31 = partselect i14 @_ssdm_op_PartSelect.i14.i24.i32.i32, i24 %mul_ln73_29, i32 10, i32 23" [firmware/nnet_utils/nnet_dense_latency.h:42]   --->   Operation 119 'partselect' 'trunc_ln42_31' <Predicate = true> <Delay = 0.00>
ST_1 : Operation 120 [1/1] (0.00ns)   --->   "%sext_ln73_8 = sext i14 %trunc_ln42_31" [firmware/nnet_utils/nnet_mult.h:73->firmware/nnet_utils/nnet_dense_latency.h:42]   --->   Operation 120 'sext' 'sext_ln73_8' <Predicate = true> <Delay = 0.00>
ST_1 : Operation 121 [1/1] (1.94ns)   --->   "%mul_ln73_30 = mul i26 %sext_ln70_14, i26 477" [firmware/nnet_utils/nnet_mult.h:73->firmware/nnet_utils/nnet_dense_latency.h:42]   --->   Operation 121 'mul' 'mul_ln73_30' <Predicate = true> <Delay = 1.94> <CoreInst = "Multiplier">   --->   Core 3 'Multiplier' <Latency = 0> <II = 1> <Delay = 1.94> <FuncUnit> <Opcode : 'mul'> <InPorts = 2> <OutPorts = 1>
ST_1 : Operation 122 [1/1] (0.00ns)   --->   "%trunc_ln42_32 = partselect i16 @_ssdm_op_PartSelect.i16.i26.i32.i32, i26 %mul_ln73_30, i32 10, i32 25" [firmware/nnet_utils/nnet_dense_latency.h:42]   --->   Operation 122 'partselect' 'trunc_ln42_32' <Predicate = true> <Delay = 0.00>
ST_1 : Operation 123 [1/1] (1.94ns)   --->   "%mul_ln73_31 = mul i25 %sext_ln70_13, i25 33554200" [firmware/nnet_utils/nnet_mult.h:73->firmware/nnet_utils/nnet_dense_latency.h:42]   --->   Operation 123 'mul' 'mul_ln73_31' <Predicate = true> <Delay = 1.94> <CoreInst = "Multiplier">   --->   Core 3 'Multiplier' <Latency = 0> <II = 1> <Delay = 1.94> <FuncUnit> <Opcode : 'mul'> <InPorts = 2> <OutPorts = 1>
ST_1 : Operation 124 [1/1] (0.00ns)   --->   "%trunc_ln42_33 = partselect i15 @_ssdm_op_PartSelect.i15.i25.i32.i32, i25 %mul_ln73_31, i32 10, i32 24" [firmware/nnet_utils/nnet_dense_latency.h:42]   --->   Operation 124 'partselect' 'trunc_ln42_33' <Predicate = true> <Delay = 0.00>
ST_1 : Operation 125 [1/1] (0.00ns)   --->   "%sext_ln42_15 = sext i15 %trunc_ln42_33" [firmware/nnet_utils/nnet_dense_latency.h:42]   --->   Operation 125 'sext' 'sext_ln42_15' <Predicate = true> <Delay = 0.00>
ST_1 : Operation 126 [1/1] (1.94ns)   --->   "%mul_ln73_32 = mul i25 %sext_ln70_13, i25 244" [firmware/nnet_utils/nnet_mult.h:73->firmware/nnet_utils/nnet_dense_latency.h:42]   --->   Operation 126 'mul' 'mul_ln73_32' <Predicate = true> <Delay = 1.94> <CoreInst = "Multiplier">   --->   Core 3 'Multiplier' <Latency = 0> <II = 1> <Delay = 1.94> <FuncUnit> <Opcode : 'mul'> <InPorts = 2> <OutPorts = 1>
ST_1 : Operation 127 [1/1] (0.00ns)   --->   "%trunc_ln42_34 = partselect i15 @_ssdm_op_PartSelect.i15.i25.i32.i32, i25 %mul_ln73_32, i32 10, i32 24" [firmware/nnet_utils/nnet_dense_latency.h:42]   --->   Operation 127 'partselect' 'trunc_ln42_34' <Predicate = true> <Delay = 0.00>
ST_1 : Operation 128 [1/1] (0.00ns)   --->   "%sext_ln42_16 = sext i15 %trunc_ln42_34" [firmware/nnet_utils/nnet_dense_latency.h:42]   --->   Operation 128 'sext' 'sext_ln42_16' <Predicate = true> <Delay = 0.00>
ST_1 : Operation 129 [1/1] (0.00ns)   --->   "%tmp_9029 = bitconcatenate i25 @_ssdm_op_BitConcatenate.i25.i16.i9, i16 %a_4, i9 0" [firmware/nnet_utils/nnet_mult.h:73->firmware/nnet_utils/nnet_dense_latency.h:42]   --->   Operation 129 'bitconcatenate' 'tmp_9029' <Predicate = true> <Delay = 0.00>
ST_1 : Operation 130 [1/1] (0.00ns)   --->   "%sext_ln73_9 = sext i25 %tmp_9029" [firmware/nnet_utils/nnet_mult.h:73->firmware/nnet_utils/nnet_dense_latency.h:42]   --->   Operation 130 'sext' 'sext_ln73_9' <Predicate = true> <Delay = 0.00>
ST_1 : Operation 131 [1/1] (0.00ns)   --->   "%tmp_9030 = bitconcatenate i17 @_ssdm_op_BitConcatenate.i17.i16.i1, i16 %a_4, i1 0" [firmware/nnet_utils/nnet_mult.h:73->firmware/nnet_utils/nnet_dense_latency.h:42]   --->   Operation 131 'bitconcatenate' 'tmp_9030' <Predicate = true> <Delay = 0.00>
ST_1 : Operation 132 [1/1] (0.00ns)   --->   "%sext_ln73_10 = sext i17 %tmp_9030" [firmware/nnet_utils/nnet_mult.h:73->firmware/nnet_utils/nnet_dense_latency.h:42]   --->   Operation 132 'sext' 'sext_ln73_10' <Predicate = true> <Delay = 0.00>
ST_1 : Operation 133 [1/1] (0.83ns)   --->   "%sub_ln73_2 = sub i26 %sext_ln73_10, i26 %sext_ln73_9" [firmware/nnet_utils/nnet_mult.h:73->firmware/nnet_utils/nnet_dense_latency.h:42]   --->   Operation 133 'sub' 'sub_ln73_2' <Predicate = true> <Delay = 0.83> <CoreInst = "Adder">   --->   Core 1 'Adder' <Latency = 0> <II = 1> <Delay = 0.83> <FuncUnit> <Opcode : 'add' 'sub'> <InPorts = 2> <OutPorts = 1>
ST_1 : Operation 134 [1/1] (0.00ns)   --->   "%trunc_ln42_35 = partselect i16 @_ssdm_op_PartSelect.i16.i26.i32.i32, i26 %sub_ln73_2, i32 10, i32 25" [firmware/nnet_utils/nnet_dense_latency.h:42]   --->   Operation 134 'partselect' 'trunc_ln42_35' <Predicate = true> <Delay = 0.00>
ST_1 : Operation 135 [1/1] (1.94ns)   --->   "%mul_ln73_33 = mul i26 %sext_ln70_14, i26 67108373" [firmware/nnet_utils/nnet_mult.h:73->firmware/nnet_utils/nnet_dense_latency.h:42]   --->   Operation 135 'mul' 'mul_ln73_33' <Predicate = true> <Delay = 1.94> <CoreInst = "Multiplier">   --->   Core 3 'Multiplier' <Latency = 0> <II = 1> <Delay = 1.94> <FuncUnit> <Opcode : 'mul'> <InPorts = 2> <OutPorts = 1>
ST_1 : Operation 136 [1/1] (0.00ns)   --->   "%trunc_ln42_36 = partselect i16 @_ssdm_op_PartSelect.i16.i26.i32.i32, i26 %mul_ln73_33, i32 10, i32 25" [firmware/nnet_utils/nnet_dense_latency.h:42]   --->   Operation 136 'partselect' 'trunc_ln42_36' <Predicate = true> <Delay = 0.00>
ST_1 : Operation 137 [1/1] (1.94ns)   --->   "%mul_ln73_34 = mul i26 %sext_ln70_14, i26 263" [firmware/nnet_utils/nnet_mult.h:73->firmware/nnet_utils/nnet_dense_latency.h:42]   --->   Operation 137 'mul' 'mul_ln73_34' <Predicate = true> <Delay = 1.94> <CoreInst = "Multiplier">   --->   Core 3 'Multiplier' <Latency = 0> <II = 1> <Delay = 1.94> <FuncUnit> <Opcode : 'mul'> <InPorts = 2> <OutPorts = 1>
ST_1 : Operation 138 [1/1] (0.00ns)   --->   "%trunc_ln42_37 = partselect i16 @_ssdm_op_PartSelect.i16.i26.i32.i32, i26 %mul_ln73_34, i32 10, i32 25" [firmware/nnet_utils/nnet_dense_latency.h:42]   --->   Operation 138 'partselect' 'trunc_ln42_37' <Predicate = true> <Delay = 0.00>
ST_1 : Operation 139 [1/1] (0.00ns)   --->   "%tmp_9031 = bitconcatenate i20 @_ssdm_op_BitConcatenate.i20.i16.i4, i16 %a_4, i4 0" [firmware/nnet_utils/nnet_mult.h:73->firmware/nnet_utils/nnet_dense_latency.h:42]   --->   Operation 139 'bitconcatenate' 'tmp_9031' <Predicate = true> <Delay = 0.00>
ST_1 : Operation 140 [1/1] (0.00ns)   --->   "%sext_ln73_11 = sext i20 %tmp_9031" [firmware/nnet_utils/nnet_mult.h:73->firmware/nnet_utils/nnet_dense_latency.h:42]   --->   Operation 140 'sext' 'sext_ln73_11' <Predicate = true> <Delay = 0.00>
ST_1 : Operation 141 [1/1] (0.80ns)   --->   "%sub_ln73_3 = sub i21 %sext_ln73_11, i21 %sext_ln70_12" [firmware/nnet_utils/nnet_mult.h:73->firmware/nnet_utils/nnet_dense_latency.h:42]   --->   Operation 141 'sub' 'sub_ln73_3' <Predicate = true> <Delay = 0.80> <CoreInst = "Adder">   --->   Core 1 'Adder' <Latency = 0> <II = 1> <Delay = 0.80> <FuncUnit> <Opcode : 'add' 'sub'> <InPorts = 2> <OutPorts = 1>
ST_1 : Operation 142 [1/1] (0.00ns)   --->   "%trunc_ln42_38 = partselect i11 @_ssdm_op_PartSelect.i11.i21.i32.i32, i21 %sub_ln73_3, i32 10, i32 20" [firmware/nnet_utils/nnet_dense_latency.h:42]   --->   Operation 142 'partselect' 'trunc_ln42_38' <Predicate = true> <Delay = 0.00>
ST_1 : Operation 143 [1/1] (0.00ns)   --->   "%trunc_ln42_38_cast = sext i11 %trunc_ln42_38" [firmware/nnet_utils/nnet_dense_latency.h:42]   --->   Operation 143 'sext' 'trunc_ln42_38_cast' <Predicate = true> <Delay = 0.00>
ST_1 : Operation 144 [1/1] (0.00ns)   --->   "%a_5 = partselect i16 @_ssdm_op_PartSelect.i16.i256.i32.i32, i256 %data_val_read, i32 80, i32 95"   --->   Operation 144 'partselect' 'a_5' <Predicate = true> <Delay = 0.00>
ST_1 : Operation 145 [1/1] (0.00ns)   --->   "%sext_ln70_16 = sext i16 %a_5" [firmware/nnet_utils/nnet_mult.h:70->firmware/nnet_utils/nnet_dense_latency.h:42]   --->   Operation 145 'sext' 'sext_ln70_16' <Predicate = true> <Delay = 0.00>
ST_1 : Operation 146 [1/1] (0.00ns)   --->   "%sext_ln70_17 = sext i16 %a_5" [firmware/nnet_utils/nnet_mult.h:70->firmware/nnet_utils/nnet_dense_latency.h:42]   --->   Operation 146 'sext' 'sext_ln70_17' <Predicate = true> <Delay = 0.00>
ST_1 : Operation 147 [1/1] (0.00ns)   --->   "%sext_ln70_18 = sext i16 %a_5" [firmware/nnet_utils/nnet_mult.h:70->firmware/nnet_utils/nnet_dense_latency.h:42]   --->   Operation 147 'sext' 'sext_ln70_18' <Predicate = true> <Delay = 0.00>
ST_1 : Operation 148 [1/1] (0.00ns)   --->   "%sext_ln70_19 = sext i16 %a_5" [firmware/nnet_utils/nnet_mult.h:70->firmware/nnet_utils/nnet_dense_latency.h:42]   --->   Operation 148 'sext' 'sext_ln70_19' <Predicate = true> <Delay = 0.00>
ST_1 : Operation 149 [1/1] (1.94ns)   --->   "%mul_ln73_35 = mul i23 %sext_ln70_19, i23 50" [firmware/nnet_utils/nnet_mult.h:73->firmware/nnet_utils/nnet_dense_latency.h:42]   --->   Operation 149 'mul' 'mul_ln73_35' <Predicate = true> <Delay = 1.94> <CoreInst = "Multiplier">   --->   Core 3 'Multiplier' <Latency = 0> <II = 1> <Delay = 1.94> <FuncUnit> <Opcode : 'mul'> <InPorts = 2> <OutPorts = 1>
ST_1 : Operation 150 [1/1] (0.00ns)   --->   "%trunc_ln42_39 = partselect i13 @_ssdm_op_PartSelect.i13.i23.i32.i32, i23 %mul_ln73_35, i32 10, i32 22" [firmware/nnet_utils/nnet_dense_latency.h:42]   --->   Operation 150 'partselect' 'trunc_ln42_39' <Predicate = true> <Delay = 0.00>
ST_1 : Operation 151 [1/1] (0.00ns)   --->   "%sext_ln73_12 = sext i13 %trunc_ln42_39" [firmware/nnet_utils/nnet_mult.h:73->firmware/nnet_utils/nnet_dense_latency.h:42]   --->   Operation 151 'sext' 'sext_ln73_12' <Predicate = true> <Delay = 0.00>
ST_1 : Operation 152 [1/1] (1.94ns)   --->   "%mul_ln73_36 = mul i22 %sext_ln70_18, i22 4194285" [firmware/nnet_utils/nnet_mult.h:73->firmware/nnet_utils/nnet_dense_latency.h:42]   --->   Operation 152 'mul' 'mul_ln73_36' <Predicate = true> <Delay = 1.94> <CoreInst = "Multiplier">   --->   Core 3 'Multiplier' <Latency = 0> <II = 1> <Delay = 1.94> <FuncUnit> <Opcode : 'mul'> <InPorts = 2> <OutPorts = 1>
ST_1 : Operation 153 [1/1] (0.00ns)   --->   "%trunc_ln42_40 = partselect i12 @_ssdm_op_PartSelect.i12.i22.i32.i32, i22 %mul_ln73_36, i32 10, i32 21" [firmware/nnet_utils/nnet_dense_latency.h:42]   --->   Operation 153 'partselect' 'trunc_ln42_40' <Predicate = true> <Delay = 0.00>
ST_1 : Operation 154 [1/1] (0.00ns)   --->   "%sext_ln42_17 = sext i12 %trunc_ln42_40" [firmware/nnet_utils/nnet_dense_latency.h:42]   --->   Operation 154 'sext' 'sext_ln42_17' <Predicate = true> <Delay = 0.00>
ST_1 : Operation 155 [1/1] (1.94ns)   --->   "%mul_ln73_37 = mul i25 %sext_ln70_17, i25 151" [firmware/nnet_utils/nnet_mult.h:73->firmware/nnet_utils/nnet_dense_latency.h:42]   --->   Operation 155 'mul' 'mul_ln73_37' <Predicate = true> <Delay = 1.94> <CoreInst = "Multiplier">   --->   Core 3 'Multiplier' <Latency = 0> <II = 1> <Delay = 1.94> <FuncUnit> <Opcode : 'mul'> <InPorts = 2> <OutPorts = 1>
ST_1 : Operation 156 [1/1] (0.00ns)   --->   "%trunc_ln42_41 = partselect i15 @_ssdm_op_PartSelect.i15.i25.i32.i32, i25 %mul_ln73_37, i32 10, i32 24" [firmware/nnet_utils/nnet_dense_latency.h:42]   --->   Operation 156 'partselect' 'trunc_ln42_41' <Predicate = true> <Delay = 0.00>
ST_1 : Operation 157 [1/1] (0.00ns)   --->   "%sext_ln42_18 = sext i15 %trunc_ln42_41" [firmware/nnet_utils/nnet_dense_latency.h:42]   --->   Operation 157 'sext' 'sext_ln42_18' <Predicate = true> <Delay = 0.00>
ST_1 : Operation 158 [1/1] (1.94ns)   --->   "%mul_ln73_38 = mul i26 %sext_ln70_16, i26 67108367" [firmware/nnet_utils/nnet_mult.h:73->firmware/nnet_utils/nnet_dense_latency.h:42]   --->   Operation 158 'mul' 'mul_ln73_38' <Predicate = true> <Delay = 1.94> <CoreInst = "Multiplier">   --->   Core 3 'Multiplier' <Latency = 0> <II = 1> <Delay = 1.94> <FuncUnit> <Opcode : 'mul'> <InPorts = 2> <OutPorts = 1>
ST_1 : Operation 159 [1/1] (0.00ns)   --->   "%trunc_ln42_42 = partselect i16 @_ssdm_op_PartSelect.i16.i26.i32.i32, i26 %mul_ln73_38, i32 10, i32 25" [firmware/nnet_utils/nnet_dense_latency.h:42]   --->   Operation 159 'partselect' 'trunc_ln42_42' <Predicate = true> <Delay = 0.00>
ST_1 : Operation 160 [1/1] (0.00ns)   --->   "%tmp_9032 = bitconcatenate i23 @_ssdm_op_BitConcatenate.i23.i16.i7, i16 %a_5, i7 0" [firmware/nnet_utils/nnet_mult.h:73->firmware/nnet_utils/nnet_dense_latency.h:42]   --->   Operation 160 'bitconcatenate' 'tmp_9032' <Predicate = true> <Delay = 0.00>
ST_1 : Operation 161 [1/1] (0.00ns)   --->   "%sext_ln73_13 = sext i23 %tmp_9032" [firmware/nnet_utils/nnet_mult.h:73->firmware/nnet_utils/nnet_dense_latency.h:42]   --->   Operation 161 'sext' 'sext_ln73_13' <Predicate = true> <Delay = 0.00>
ST_1 : Operation 162 [1/1] (0.00ns)   --->   "%tmp_9033 = bitconcatenate i19 @_ssdm_op_BitConcatenate.i19.i16.i3, i16 %a_5, i3 0" [firmware/nnet_utils/nnet_mult.h:73->firmware/nnet_utils/nnet_dense_latency.h:42]   --->   Operation 162 'bitconcatenate' 'tmp_9033' <Predicate = true> <Delay = 0.00>
ST_1 : Operation 163 [1/1] (0.00ns)   --->   "%sext_ln73_14 = sext i19 %tmp_9033" [firmware/nnet_utils/nnet_mult.h:73->firmware/nnet_utils/nnet_dense_latency.h:42]   --->   Operation 163 'sext' 'sext_ln73_14' <Predicate = true> <Delay = 0.00>
ST_1 : Operation 164 [1/1] (0.82ns)   --->   "%sub_ln73_4 = sub i24 %sext_ln73_14, i24 %sext_ln73_13" [firmware/nnet_utils/nnet_mult.h:73->firmware/nnet_utils/nnet_dense_latency.h:42]   --->   Operation 164 'sub' 'sub_ln73_4' <Predicate = true> <Delay = 0.82> <CoreInst = "Adder">   --->   Core 1 'Adder' <Latency = 0> <II = 1> <Delay = 0.82> <FuncUnit> <Opcode : 'add' 'sub'> <InPorts = 2> <OutPorts = 1>
ST_1 : Operation 165 [1/1] (0.00ns)   --->   "%trunc_ln42_43 = partselect i14 @_ssdm_op_PartSelect.i14.i24.i32.i32, i24 %sub_ln73_4, i32 10, i32 23" [firmware/nnet_utils/nnet_dense_latency.h:42]   --->   Operation 165 'partselect' 'trunc_ln42_43' <Predicate = true> <Delay = 0.00>
ST_1 : Operation 166 [1/1] (0.00ns)   --->   "%sext_ln42_19 = sext i14 %trunc_ln42_43" [firmware/nnet_utils/nnet_dense_latency.h:42]   --->   Operation 166 'sext' 'sext_ln42_19' <Predicate = true> <Delay = 0.00>
ST_1 : Operation 167 [1/1] (1.94ns)   --->   "%mul_ln73_39 = mul i26 %sext_ln70_16, i26 470" [firmware/nnet_utils/nnet_mult.h:73->firmware/nnet_utils/nnet_dense_latency.h:42]   --->   Operation 167 'mul' 'mul_ln73_39' <Predicate = true> <Delay = 1.94> <CoreInst = "Multiplier">   --->   Core 3 'Multiplier' <Latency = 0> <II = 1> <Delay = 1.94> <FuncUnit> <Opcode : 'mul'> <InPorts = 2> <OutPorts = 1>
ST_1 : Operation 168 [1/1] (0.00ns)   --->   "%trunc_ln42_44 = partselect i16 @_ssdm_op_PartSelect.i16.i26.i32.i32, i26 %mul_ln73_39, i32 10, i32 25" [firmware/nnet_utils/nnet_dense_latency.h:42]   --->   Operation 168 'partselect' 'trunc_ln42_44' <Predicate = true> <Delay = 0.00>
ST_1 : Operation 169 [1/1] (1.94ns)   --->   "%mul_ln73_40 = mul i25 %sext_ln70_17, i25 237" [firmware/nnet_utils/nnet_mult.h:73->firmware/nnet_utils/nnet_dense_latency.h:42]   --->   Operation 169 'mul' 'mul_ln73_40' <Predicate = true> <Delay = 1.94> <CoreInst = "Multiplier">   --->   Core 3 'Multiplier' <Latency = 0> <II = 1> <Delay = 1.94> <FuncUnit> <Opcode : 'mul'> <InPorts = 2> <OutPorts = 1>
ST_1 : Operation 170 [1/1] (0.00ns)   --->   "%trunc_ln42_45 = partselect i15 @_ssdm_op_PartSelect.i15.i25.i32.i32, i25 %mul_ln73_40, i32 10, i32 24" [firmware/nnet_utils/nnet_dense_latency.h:42]   --->   Operation 170 'partselect' 'trunc_ln42_45' <Predicate = true> <Delay = 0.00>
ST_1 : Operation 171 [1/1] (0.00ns)   --->   "%sext_ln42_20 = sext i15 %trunc_ln42_45" [firmware/nnet_utils/nnet_dense_latency.h:42]   --->   Operation 171 'sext' 'sext_ln42_20' <Predicate = true> <Delay = 0.00>
ST_1 : Operation 172 [1/1] (1.94ns)   --->   "%mul_ln73_41 = mul i22 %sext_ln70_18, i22 29" [firmware/nnet_utils/nnet_mult.h:73->firmware/nnet_utils/nnet_dense_latency.h:42]   --->   Operation 172 'mul' 'mul_ln73_41' <Predicate = true> <Delay = 1.94> <CoreInst = "Multiplier">   --->   Core 3 'Multiplier' <Latency = 0> <II = 1> <Delay = 1.94> <FuncUnit> <Opcode : 'mul'> <InPorts = 2> <OutPorts = 1>
ST_1 : Operation 173 [1/1] (0.00ns)   --->   "%trunc_ln42_46 = partselect i12 @_ssdm_op_PartSelect.i12.i22.i32.i32, i22 %mul_ln73_41, i32 10, i32 21" [firmware/nnet_utils/nnet_dense_latency.h:42]   --->   Operation 173 'partselect' 'trunc_ln42_46' <Predicate = true> <Delay = 0.00>
ST_1 : Operation 174 [1/1] (0.00ns)   --->   "%trunc_ln42_46_cast = sext i12 %trunc_ln42_46" [firmware/nnet_utils/nnet_dense_latency.h:42]   --->   Operation 174 'sext' 'trunc_ln42_46_cast' <Predicate = true> <Delay = 0.00>
ST_1 : Operation 175 [1/1] (0.00ns)   --->   "%a_6 = partselect i16 @_ssdm_op_PartSelect.i16.i256.i32.i32, i256 %data_val_read, i32 96, i32 111"   --->   Operation 175 'partselect' 'a_6' <Predicate = true> <Delay = 0.00>
ST_1 : Operation 176 [1/1] (0.00ns)   --->   "%sext_ln70_20 = sext i16 %a_6" [firmware/nnet_utils/nnet_mult.h:70->firmware/nnet_utils/nnet_dense_latency.h:42]   --->   Operation 176 'sext' 'sext_ln70_20' <Predicate = true> <Delay = 0.00>
ST_1 : Operation 177 [1/1] (0.00ns)   --->   "%sext_ln70_21 = sext i16 %a_6" [firmware/nnet_utils/nnet_mult.h:70->firmware/nnet_utils/nnet_dense_latency.h:42]   --->   Operation 177 'sext' 'sext_ln70_21' <Predicate = true> <Delay = 0.00>
ST_1 : Operation 178 [1/1] (0.00ns)   --->   "%sext_ln70_22 = sext i16 %a_6" [firmware/nnet_utils/nnet_mult.h:70->firmware/nnet_utils/nnet_dense_latency.h:42]   --->   Operation 178 'sext' 'sext_ln70_22' <Predicate = true> <Delay = 0.00>
ST_1 : Operation 179 [1/1] (1.94ns)   --->   "%mul_ln73_42 = mul i26 %sext_ln70_22, i26 353" [firmware/nnet_utils/nnet_mult.h:73->firmware/nnet_utils/nnet_dense_latency.h:42]   --->   Operation 179 'mul' 'mul_ln73_42' <Predicate = true> <Delay = 1.94> <CoreInst = "Multiplier">   --->   Core 3 'Multiplier' <Latency = 0> <II = 1> <Delay = 1.94> <FuncUnit> <Opcode : 'mul'> <InPorts = 2> <OutPorts = 1>
ST_1 : Operation 180 [1/1] (0.00ns)   --->   "%trunc_ln42_47 = partselect i16 @_ssdm_op_PartSelect.i16.i26.i32.i32, i26 %mul_ln73_42, i32 10, i32 25" [firmware/nnet_utils/nnet_dense_latency.h:42]   --->   Operation 180 'partselect' 'trunc_ln42_47' <Predicate = true> <Delay = 0.00>
ST_1 : Operation 181 [1/1] (0.00ns)   --->   "%tmp_9034 = bitconcatenate i23 @_ssdm_op_BitConcatenate.i23.i16.i7, i16 %a_6, i7 0" [firmware/nnet_utils/nnet_mult.h:73->firmware/nnet_utils/nnet_dense_latency.h:42]   --->   Operation 181 'bitconcatenate' 'tmp_9034' <Predicate = true> <Delay = 0.00>
ST_1 : Operation 182 [1/1] (0.00ns)   --->   "%sext_ln73_15 = sext i23 %tmp_9034" [firmware/nnet_utils/nnet_mult.h:73->firmware/nnet_utils/nnet_dense_latency.h:42]   --->   Operation 182 'sext' 'sext_ln73_15' <Predicate = true> <Delay = 0.00>
ST_1 : Operation 183 [1/1] (0.00ns)   --->   "%tmp_9035 = bitconcatenate i20 @_ssdm_op_BitConcatenate.i20.i16.i4, i16 %a_6, i4 0" [firmware/nnet_utils/nnet_mult.h:73->firmware/nnet_utils/nnet_dense_latency.h:42]   --->   Operation 183 'bitconcatenate' 'tmp_9035' <Predicate = true> <Delay = 0.00>
ST_1 : Operation 184 [1/1] (0.00ns)   --->   "%sext_ln73_16 = sext i20 %tmp_9035" [firmware/nnet_utils/nnet_mult.h:73->firmware/nnet_utils/nnet_dense_latency.h:42]   --->   Operation 184 'sext' 'sext_ln73_16' <Predicate = true> <Delay = 0.00>
ST_1 : Operation 185 [1/1] (0.82ns)   --->   "%sub_ln73_5 = sub i24 %sext_ln73_16, i24 %sext_ln73_15" [firmware/nnet_utils/nnet_mult.h:73->firmware/nnet_utils/nnet_dense_latency.h:42]   --->   Operation 185 'sub' 'sub_ln73_5' <Predicate = true> <Delay = 0.82> <CoreInst = "Adder">   --->   Core 1 'Adder' <Latency = 0> <II = 1> <Delay = 0.82> <FuncUnit> <Opcode : 'add' 'sub'> <InPorts = 2> <OutPorts = 1>
ST_1 : Operation 186 [1/1] (0.00ns)   --->   "%trunc_ln42_48 = partselect i14 @_ssdm_op_PartSelect.i14.i24.i32.i32, i24 %sub_ln73_5, i32 10, i32 23" [firmware/nnet_utils/nnet_dense_latency.h:42]   --->   Operation 186 'partselect' 'trunc_ln42_48' <Predicate = true> <Delay = 0.00>
ST_1 : Operation 187 [1/1] (0.00ns)   --->   "%sext_ln73_17 = sext i14 %trunc_ln42_48" [firmware/nnet_utils/nnet_mult.h:73->firmware/nnet_utils/nnet_dense_latency.h:42]   --->   Operation 187 'sext' 'sext_ln73_17' <Predicate = true> <Delay = 0.00>
ST_1 : Operation 188 [1/1] (1.94ns)   --->   "%mul_ln73_43 = mul i25 %sext_ln70_21, i25 33554218" [firmware/nnet_utils/nnet_mult.h:73->firmware/nnet_utils/nnet_dense_latency.h:42]   --->   Operation 188 'mul' 'mul_ln73_43' <Predicate = true> <Delay = 1.94> <CoreInst = "Multiplier">   --->   Core 3 'Multiplier' <Latency = 0> <II = 1> <Delay = 1.94> <FuncUnit> <Opcode : 'mul'> <InPorts = 2> <OutPorts = 1>
ST_1 : Operation 189 [1/1] (0.00ns)   --->   "%trunc_ln42_49 = partselect i15 @_ssdm_op_PartSelect.i15.i25.i32.i32, i25 %mul_ln73_43, i32 10, i32 24" [firmware/nnet_utils/nnet_dense_latency.h:42]   --->   Operation 189 'partselect' 'trunc_ln42_49' <Predicate = true> <Delay = 0.00>
ST_1 : Operation 190 [1/1] (0.00ns)   --->   "%sext_ln42_21 = sext i15 %trunc_ln42_49" [firmware/nnet_utils/nnet_dense_latency.h:42]   --->   Operation 190 'sext' 'sext_ln42_21' <Predicate = true> <Delay = 0.00>
ST_1 : Operation 191 [1/1] (1.94ns)   --->   "%mul_ln73_44 = mul i22 %sext_ln70_20, i22 4194282" [firmware/nnet_utils/nnet_mult.h:73->firmware/nnet_utils/nnet_dense_latency.h:42]   --->   Operation 191 'mul' 'mul_ln73_44' <Predicate = true> <Delay = 1.94> <CoreInst = "Multiplier">   --->   Core 3 'Multiplier' <Latency = 0> <II = 1> <Delay = 1.94> <FuncUnit> <Opcode : 'mul'> <InPorts = 2> <OutPorts = 1>
ST_1 : Operation 192 [1/1] (0.00ns)   --->   "%trunc_ln42_50 = partselect i12 @_ssdm_op_PartSelect.i12.i22.i32.i32, i22 %mul_ln73_44, i32 10, i32 21" [firmware/nnet_utils/nnet_dense_latency.h:42]   --->   Operation 192 'partselect' 'trunc_ln42_50' <Predicate = true> <Delay = 0.00>
ST_1 : Operation 193 [1/1] (0.00ns)   --->   "%sext_ln73_18 = sext i12 %trunc_ln42_50" [firmware/nnet_utils/nnet_mult.h:73->firmware/nnet_utils/nnet_dense_latency.h:42]   --->   Operation 193 'sext' 'sext_ln73_18' <Predicate = true> <Delay = 0.00>
ST_1 : Operation 194 [1/1] (1.94ns)   --->   "%mul_ln73_45 = mul i25 %sext_ln70_21, i25 241" [firmware/nnet_utils/nnet_mult.h:73->firmware/nnet_utils/nnet_dense_latency.h:42]   --->   Operation 194 'mul' 'mul_ln73_45' <Predicate = true> <Delay = 1.94> <CoreInst = "Multiplier">   --->   Core 3 'Multiplier' <Latency = 0> <II = 1> <Delay = 1.94> <FuncUnit> <Opcode : 'mul'> <InPorts = 2> <OutPorts = 1>
ST_1 : Operation 195 [1/1] (0.00ns)   --->   "%trunc_ln42_51 = partselect i15 @_ssdm_op_PartSelect.i15.i25.i32.i32, i25 %mul_ln73_45, i32 10, i32 24" [firmware/nnet_utils/nnet_dense_latency.h:42]   --->   Operation 195 'partselect' 'trunc_ln42_51' <Predicate = true> <Delay = 0.00>
ST_1 : Operation 196 [1/1] (0.00ns)   --->   "%sext_ln42_22 = sext i15 %trunc_ln42_51" [firmware/nnet_utils/nnet_dense_latency.h:42]   --->   Operation 196 'sext' 'sext_ln42_22' <Predicate = true> <Delay = 0.00>
ST_1 : Operation 197 [1/1] (1.94ns)   --->   "%mul_ln73_46 = mul i26 %sext_ln70_22, i26 459" [firmware/nnet_utils/nnet_mult.h:73->firmware/nnet_utils/nnet_dense_latency.h:42]   --->   Operation 197 'mul' 'mul_ln73_46' <Predicate = true> <Delay = 1.94> <CoreInst = "Multiplier">   --->   Core 3 'Multiplier' <Latency = 0> <II = 1> <Delay = 1.94> <FuncUnit> <Opcode : 'mul'> <InPorts = 2> <OutPorts = 1>
ST_1 : Operation 198 [1/1] (0.00ns)   --->   "%trunc_ln42_52 = partselect i16 @_ssdm_op_PartSelect.i16.i26.i32.i32, i26 %mul_ln73_46, i32 10, i32 25" [firmware/nnet_utils/nnet_dense_latency.h:42]   --->   Operation 198 'partselect' 'trunc_ln42_52' <Predicate = true> <Delay = 0.00>
ST_1 : Operation 199 [1/1] (1.94ns)   --->   "%mul_ln73_47 = mul i26 %sext_ln70_22, i26 67108359" [firmware/nnet_utils/nnet_mult.h:73->firmware/nnet_utils/nnet_dense_latency.h:42]   --->   Operation 199 'mul' 'mul_ln73_47' <Predicate = true> <Delay = 1.94> <CoreInst = "Multiplier">   --->   Core 3 'Multiplier' <Latency = 0> <II = 1> <Delay = 1.94> <FuncUnit> <Opcode : 'mul'> <InPorts = 2> <OutPorts = 1>
ST_1 : Operation 200 [1/1] (0.00ns)   --->   "%trunc_ln42_53 = partselect i16 @_ssdm_op_PartSelect.i16.i26.i32.i32, i26 %mul_ln73_47, i32 10, i32 25" [firmware/nnet_utils/nnet_dense_latency.h:42]   --->   Operation 200 'partselect' 'trunc_ln42_53' <Predicate = true> <Delay = 0.00>
ST_1 : Operation 201 [1/1] (1.94ns)   --->   "%mul_ln73_48 = mul i26 %sext_ln70_22, i26 67108500" [firmware/nnet_utils/nnet_mult.h:73->firmware/nnet_utils/nnet_dense_latency.h:42]   --->   Operation 201 'mul' 'mul_ln73_48' <Predicate = true> <Delay = 1.94> <CoreInst = "Multiplier">   --->   Core 3 'Multiplier' <Latency = 0> <II = 1> <Delay = 1.94> <FuncUnit> <Opcode : 'mul'> <InPorts = 2> <OutPorts = 1>
ST_1 : Operation 202 [1/1] (0.00ns)   --->   "%trunc_ln42_54 = partselect i16 @_ssdm_op_PartSelect.i16.i26.i32.i32, i26 %mul_ln73_48, i32 10, i32 25" [firmware/nnet_utils/nnet_dense_latency.h:42]   --->   Operation 202 'partselect' 'trunc_ln42_54' <Predicate = true> <Delay = 0.00>
ST_1 : Operation 203 [1/1] (0.00ns)   --->   "%a_7 = partselect i16 @_ssdm_op_PartSelect.i16.i256.i32.i32, i256 %data_val_read, i32 112, i32 127"   --->   Operation 203 'partselect' 'a_7' <Predicate = true> <Delay = 0.00>
ST_1 : Operation 204 [1/1] (0.00ns)   --->   "%sext_ln70_23 = sext i16 %a_7" [firmware/nnet_utils/nnet_mult.h:70->firmware/nnet_utils/nnet_dense_latency.h:42]   --->   Operation 204 'sext' 'sext_ln70_23' <Predicate = true> <Delay = 0.00>
ST_1 : Operation 205 [1/1] (0.00ns)   --->   "%sext_ln70_24 = sext i16 %a_7" [firmware/nnet_utils/nnet_mult.h:70->firmware/nnet_utils/nnet_dense_latency.h:42]   --->   Operation 205 'sext' 'sext_ln70_24' <Predicate = true> <Delay = 0.00>
ST_1 : Operation 206 [1/1] (0.00ns)   --->   "%sext_ln70_25 = sext i16 %a_7" [firmware/nnet_utils/nnet_mult.h:70->firmware/nnet_utils/nnet_dense_latency.h:42]   --->   Operation 206 'sext' 'sext_ln70_25' <Predicate = true> <Delay = 0.00>
ST_1 : Operation 207 [1/1] (0.00ns)   --->   "%sext_ln70_26 = sext i16 %a_7" [firmware/nnet_utils/nnet_mult.h:70->firmware/nnet_utils/nnet_dense_latency.h:42]   --->   Operation 207 'sext' 'sext_ln70_26' <Predicate = true> <Delay = 0.00>
ST_1 : Operation 208 [1/1] (1.94ns)   --->   "%mul_ln73_49 = mul i25 %sext_ln70_26, i25 170" [firmware/nnet_utils/nnet_mult.h:73->firmware/nnet_utils/nnet_dense_latency.h:42]   --->   Operation 208 'mul' 'mul_ln73_49' <Predicate = true> <Delay = 1.94> <CoreInst = "Multiplier">   --->   Core 3 'Multiplier' <Latency = 0> <II = 1> <Delay = 1.94> <FuncUnit> <Opcode : 'mul'> <InPorts = 2> <OutPorts = 1>
ST_1 : Operation 209 [1/1] (0.00ns)   --->   "%trunc_ln42_55 = partselect i15 @_ssdm_op_PartSelect.i15.i25.i32.i32, i25 %mul_ln73_49, i32 10, i32 24" [firmware/nnet_utils/nnet_dense_latency.h:42]   --->   Operation 209 'partselect' 'trunc_ln42_55' <Predicate = true> <Delay = 0.00>
ST_1 : Operation 210 [1/1] (0.00ns)   --->   "%sext_ln42_23 = sext i15 %trunc_ln42_55" [firmware/nnet_utils/nnet_dense_latency.h:42]   --->   Operation 210 'sext' 'sext_ln42_23' <Predicate = true> <Delay = 0.00>
ST_1 : Operation 211 [1/1] (1.94ns)   --->   "%mul_ln73_50 = mul i23 %sext_ln70_25, i23 35" [firmware/nnet_utils/nnet_mult.h:73->firmware/nnet_utils/nnet_dense_latency.h:42]   --->   Operation 211 'mul' 'mul_ln73_50' <Predicate = true> <Delay = 1.94> <CoreInst = "Multiplier">   --->   Core 3 'Multiplier' <Latency = 0> <II = 1> <Delay = 1.94> <FuncUnit> <Opcode : 'mul'> <InPorts = 2> <OutPorts = 1>
ST_1 : Operation 212 [1/1] (0.00ns)   --->   "%trunc_ln42_56 = partselect i13 @_ssdm_op_PartSelect.i13.i23.i32.i32, i23 %mul_ln73_50, i32 10, i32 22" [firmware/nnet_utils/nnet_dense_latency.h:42]   --->   Operation 212 'partselect' 'trunc_ln42_56' <Predicate = true> <Delay = 0.00>
ST_1 : Operation 213 [1/1] (0.00ns)   --->   "%sext_ln73_19 = sext i13 %trunc_ln42_56" [firmware/nnet_utils/nnet_mult.h:73->firmware/nnet_utils/nnet_dense_latency.h:42]   --->   Operation 213 'sext' 'sext_ln73_19' <Predicate = true> <Delay = 0.00>
ST_1 : Operation 214 [1/1] (1.94ns)   --->   "%mul_ln73_51 = mul i26 %sext_ln70_24, i26 67108456" [firmware/nnet_utils/nnet_mult.h:73->firmware/nnet_utils/nnet_dense_latency.h:42]   --->   Operation 214 'mul' 'mul_ln73_51' <Predicate = true> <Delay = 1.94> <CoreInst = "Multiplier">   --->   Core 3 'Multiplier' <Latency = 0> <II = 1> <Delay = 1.94> <FuncUnit> <Opcode : 'mul'> <InPorts = 2> <OutPorts = 1>
ST_1 : Operation 215 [1/1] (0.00ns)   --->   "%trunc_ln42_57 = partselect i16 @_ssdm_op_PartSelect.i16.i26.i32.i32, i26 %mul_ln73_51, i32 10, i32 25" [firmware/nnet_utils/nnet_dense_latency.h:42]   --->   Operation 215 'partselect' 'trunc_ln42_57' <Predicate = true> <Delay = 0.00>
ST_1 : Operation 216 [1/1] (1.94ns)   --->   "%mul_ln73_52 = mul i24 %sext_ln70_23, i24 16777135" [firmware/nnet_utils/nnet_mult.h:73->firmware/nnet_utils/nnet_dense_latency.h:42]   --->   Operation 216 'mul' 'mul_ln73_52' <Predicate = true> <Delay = 1.94> <CoreInst = "Multiplier">   --->   Core 3 'Multiplier' <Latency = 0> <II = 1> <Delay = 1.94> <FuncUnit> <Opcode : 'mul'> <InPorts = 2> <OutPorts = 1>
ST_1 : Operation 217 [1/1] (0.00ns)   --->   "%trunc_ln42_58 = partselect i14 @_ssdm_op_PartSelect.i14.i24.i32.i32, i24 %mul_ln73_52, i32 10, i32 23" [firmware/nnet_utils/nnet_dense_latency.h:42]   --->   Operation 217 'partselect' 'trunc_ln42_58' <Predicate = true> <Delay = 0.00>
ST_1 : Operation 218 [1/1] (0.00ns)   --->   "%sext_ln73_20 = sext i14 %trunc_ln42_58" [firmware/nnet_utils/nnet_mult.h:73->firmware/nnet_utils/nnet_dense_latency.h:42]   --->   Operation 218 'sext' 'sext_ln73_20' <Predicate = true> <Delay = 0.00>
ST_1 : Operation 219 [1/1] (1.94ns)   --->   "%mul_ln73_53 = mul i25 %sext_ln70_26, i25 195" [firmware/nnet_utils/nnet_mult.h:73->firmware/nnet_utils/nnet_dense_latency.h:42]   --->   Operation 219 'mul' 'mul_ln73_53' <Predicate = true> <Delay = 1.94> <CoreInst = "Multiplier">   --->   Core 3 'Multiplier' <Latency = 0> <II = 1> <Delay = 1.94> <FuncUnit> <Opcode : 'mul'> <InPorts = 2> <OutPorts = 1>
ST_1 : Operation 220 [1/1] (0.00ns)   --->   "%trunc_ln42_59 = partselect i15 @_ssdm_op_PartSelect.i15.i25.i32.i32, i25 %mul_ln73_53, i32 10, i32 24" [firmware/nnet_utils/nnet_dense_latency.h:42]   --->   Operation 220 'partselect' 'trunc_ln42_59' <Predicate = true> <Delay = 0.00>
ST_1 : Operation 221 [1/1] (0.00ns)   --->   "%sext_ln42_24 = sext i15 %trunc_ln42_59" [firmware/nnet_utils/nnet_dense_latency.h:42]   --->   Operation 221 'sext' 'sext_ln42_24' <Predicate = true> <Delay = 0.00>
ST_1 : Operation 222 [1/1] (1.94ns)   --->   "%mul_ln73_54 = mul i26 %sext_ln70_24, i26 323" [firmware/nnet_utils/nnet_mult.h:73->firmware/nnet_utils/nnet_dense_latency.h:42]   --->   Operation 222 'mul' 'mul_ln73_54' <Predicate = true> <Delay = 1.94> <CoreInst = "Multiplier">   --->   Core 3 'Multiplier' <Latency = 0> <II = 1> <Delay = 1.94> <FuncUnit> <Opcode : 'mul'> <InPorts = 2> <OutPorts = 1>
ST_1 : Operation 223 [1/1] (0.00ns)   --->   "%trunc_ln42_60 = partselect i16 @_ssdm_op_PartSelect.i16.i26.i32.i32, i26 %mul_ln73_54, i32 10, i32 25" [firmware/nnet_utils/nnet_dense_latency.h:42]   --->   Operation 223 'partselect' 'trunc_ln42_60' <Predicate = true> <Delay = 0.00>
ST_1 : Operation 224 [1/1] (1.94ns)   --->   "%mul_ln73_55 = mul i26 %sext_ln70_24, i26 67108483" [firmware/nnet_utils/nnet_mult.h:73->firmware/nnet_utils/nnet_dense_latency.h:42]   --->   Operation 224 'mul' 'mul_ln73_55' <Predicate = true> <Delay = 1.94> <CoreInst = "Multiplier">   --->   Core 3 'Multiplier' <Latency = 0> <II = 1> <Delay = 1.94> <FuncUnit> <Opcode : 'mul'> <InPorts = 2> <OutPorts = 1>
ST_1 : Operation 225 [1/1] (0.00ns)   --->   "%trunc_ln42_61 = partselect i16 @_ssdm_op_PartSelect.i16.i26.i32.i32, i26 %mul_ln73_55, i32 10, i32 25" [firmware/nnet_utils/nnet_dense_latency.h:42]   --->   Operation 225 'partselect' 'trunc_ln42_61' <Predicate = true> <Delay = 0.00>
ST_1 : Operation 226 [1/1] (1.94ns)   --->   "%mul_ln73_56 = mul i26 %sext_ln70_24, i26 324" [firmware/nnet_utils/nnet_mult.h:73->firmware/nnet_utils/nnet_dense_latency.h:42]   --->   Operation 226 'mul' 'mul_ln73_56' <Predicate = true> <Delay = 1.94> <CoreInst = "Multiplier">   --->   Core 3 'Multiplier' <Latency = 0> <II = 1> <Delay = 1.94> <FuncUnit> <Opcode : 'mul'> <InPorts = 2> <OutPorts = 1>
ST_1 : Operation 227 [1/1] (0.00ns)   --->   "%trunc_ln42_62 = partselect i16 @_ssdm_op_PartSelect.i16.i26.i32.i32, i26 %mul_ln73_56, i32 10, i32 25" [firmware/nnet_utils/nnet_dense_latency.h:42]   --->   Operation 227 'partselect' 'trunc_ln42_62' <Predicate = true> <Delay = 0.00>
ST_1 : Operation 228 [1/1] (0.00ns)   --->   "%a_8 = partselect i16 @_ssdm_op_PartSelect.i16.i256.i32.i32, i256 %data_val_read, i32 128, i32 143"   --->   Operation 228 'partselect' 'a_8' <Predicate = true> <Delay = 0.00>
ST_1 : Operation 229 [1/1] (0.00ns)   --->   "%sext_ln70_27 = sext i16 %a_8" [firmware/nnet_utils/nnet_mult.h:70->firmware/nnet_utils/nnet_dense_latency.h:42]   --->   Operation 229 'sext' 'sext_ln70_27' <Predicate = true> <Delay = 0.00>
ST_1 : Operation 230 [1/1] (0.00ns)   --->   "%sext_ln70_28 = sext i16 %a_8" [firmware/nnet_utils/nnet_mult.h:70->firmware/nnet_utils/nnet_dense_latency.h:42]   --->   Operation 230 'sext' 'sext_ln70_28' <Predicate = true> <Delay = 0.00>
ST_1 : Operation 231 [1/1] (0.00ns)   --->   "%sext_ln70_29 = sext i16 %a_8" [firmware/nnet_utils/nnet_mult.h:70->firmware/nnet_utils/nnet_dense_latency.h:42]   --->   Operation 231 'sext' 'sext_ln70_29' <Predicate = true> <Delay = 0.00>
ST_1 : Operation 232 [1/1] (1.94ns)   --->   "%mul_ln73_57 = mul i26 %sext_ln70_29, i26 323" [firmware/nnet_utils/nnet_mult.h:73->firmware/nnet_utils/nnet_dense_latency.h:42]   --->   Operation 232 'mul' 'mul_ln73_57' <Predicate = true> <Delay = 1.94> <CoreInst = "Multiplier">   --->   Core 3 'Multiplier' <Latency = 0> <II = 1> <Delay = 1.94> <FuncUnit> <Opcode : 'mul'> <InPorts = 2> <OutPorts = 1>
ST_1 : Operation 233 [1/1] (0.00ns)   --->   "%trunc_ln42_63 = partselect i16 @_ssdm_op_PartSelect.i16.i26.i32.i32, i26 %mul_ln73_57, i32 10, i32 25" [firmware/nnet_utils/nnet_dense_latency.h:42]   --->   Operation 233 'partselect' 'trunc_ln42_63' <Predicate = true> <Delay = 0.00>
ST_1 : Operation 234 [1/1] (1.94ns)   --->   "%mul_ln73_58 = mul i26 %sext_ln70_29, i26 302" [firmware/nnet_utils/nnet_mult.h:73->firmware/nnet_utils/nnet_dense_latency.h:42]   --->   Operation 234 'mul' 'mul_ln73_58' <Predicate = true> <Delay = 1.94> <CoreInst = "Multiplier">   --->   Core 3 'Multiplier' <Latency = 0> <II = 1> <Delay = 1.94> <FuncUnit> <Opcode : 'mul'> <InPorts = 2> <OutPorts = 1>
ST_1 : Operation 235 [1/1] (0.00ns)   --->   "%trunc_ln42_64 = partselect i16 @_ssdm_op_PartSelect.i16.i26.i32.i32, i26 %mul_ln73_58, i32 10, i32 25" [firmware/nnet_utils/nnet_dense_latency.h:42]   --->   Operation 235 'partselect' 'trunc_ln42_64' <Predicate = true> <Delay = 0.00>
ST_1 : Operation 236 [1/1] (0.00ns)   --->   "%tmp_9036 = bitconcatenate i22 @_ssdm_op_BitConcatenate.i22.i16.i6, i16 %a_8, i6 0" [firmware/nnet_utils/nnet_mult.h:73->firmware/nnet_utils/nnet_dense_latency.h:42]   --->   Operation 236 'bitconcatenate' 'tmp_9036' <Predicate = true> <Delay = 0.00>
ST_1 : Operation 237 [1/1] (0.00ns)   --->   "%sext_ln73_21 = sext i22 %tmp_9036" [firmware/nnet_utils/nnet_mult.h:73->firmware/nnet_utils/nnet_dense_latency.h:42]   --->   Operation 237 'sext' 'sext_ln73_21' <Predicate = true> <Delay = 0.00>
ST_1 : Operation 238 [1/1] (0.00ns) (grouped into TernaryAdder)   --->   "%sub_ln73_6 = sub i24 0, i24 %sext_ln73_21" [firmware/nnet_utils/nnet_mult.h:73->firmware/nnet_utils/nnet_dense_latency.h:42]   --->   Operation 238 'sub' 'sub_ln73_6' <Predicate = true> <Delay = 0.00> <CoreInst = "TAddSub">   --->   Core 10 'TAddSub' <Latency = 0> <II = 1> <Delay = 0.33> <IPBlock> <Opcode : '' 'add' 'sub'> <InPorts = 3> <OutPorts = 1> <Sync> <CReg>
ST_1 : Operation 239 [1/1] (0.00ns)   --->   "%tmp_9037 = bitconcatenate i18 @_ssdm_op_BitConcatenate.i18.i16.i2, i16 %a_8, i2 0" [firmware/nnet_utils/nnet_mult.h:73->firmware/nnet_utils/nnet_dense_latency.h:42]   --->   Operation 239 'bitconcatenate' 'tmp_9037' <Predicate = true> <Delay = 0.00>
ST_1 : Operation 240 [1/1] (0.00ns)   --->   "%sext_ln73_22 = sext i18 %tmp_9037" [firmware/nnet_utils/nnet_mult.h:73->firmware/nnet_utils/nnet_dense_latency.h:42]   --->   Operation 240 'sext' 'sext_ln73_22' <Predicate = true> <Delay = 0.00>
ST_1 : Operation 241 [1/1] (0.70ns) (root node of TernaryAdder)   --->   "%sub_ln73_7 = sub i24 %sub_ln73_6, i24 %sext_ln73_22" [firmware/nnet_utils/nnet_mult.h:73->firmware/nnet_utils/nnet_dense_latency.h:42]   --->   Operation 241 'sub' 'sub_ln73_7' <Predicate = true> <Delay = 0.70> <CoreInst = "TAddSub">   --->   Core 10 'TAddSub' <Latency = 0> <II = 1> <Delay = 0.33> <IPBlock> <Opcode : '' 'add' 'sub'> <InPorts = 3> <OutPorts = 1> <Sync> <CReg>
ST_1 : Operation 242 [1/1] (0.00ns)   --->   "%trunc_ln42_65 = partselect i14 @_ssdm_op_PartSelect.i14.i24.i32.i32, i24 %sub_ln73_7, i32 10, i32 23" [firmware/nnet_utils/nnet_dense_latency.h:42]   --->   Operation 242 'partselect' 'trunc_ln42_65' <Predicate = true> <Delay = 0.00>
ST_1 : Operation 243 [1/1] (0.00ns)   --->   "%sext_ln42_25 = sext i14 %trunc_ln42_65" [firmware/nnet_utils/nnet_dense_latency.h:42]   --->   Operation 243 'sext' 'sext_ln42_25' <Predicate = true> <Delay = 0.00>
ST_1 : Operation 244 [1/1] (1.94ns)   --->   "%mul_ln73_59 = mul i26 %sext_ln70_29, i26 469" [firmware/nnet_utils/nnet_mult.h:73->firmware/nnet_utils/nnet_dense_latency.h:42]   --->   Operation 244 'mul' 'mul_ln73_59' <Predicate = true> <Delay = 1.94> <CoreInst = "Multiplier">   --->   Core 3 'Multiplier' <Latency = 0> <II = 1> <Delay = 1.94> <FuncUnit> <Opcode : 'mul'> <InPorts = 2> <OutPorts = 1>
ST_1 : Operation 245 [1/1] (0.00ns)   --->   "%trunc_ln42_66 = partselect i16 @_ssdm_op_PartSelect.i16.i26.i32.i32, i26 %mul_ln73_59, i32 10, i32 25" [firmware/nnet_utils/nnet_dense_latency.h:42]   --->   Operation 245 'partselect' 'trunc_ln42_66' <Predicate = true> <Delay = 0.00>
ST_1 : Operation 246 [1/1] (1.94ns)   --->   "%mul_ln73_60 = mul i26 %sext_ln70_29, i26 454" [firmware/nnet_utils/nnet_mult.h:73->firmware/nnet_utils/nnet_dense_latency.h:42]   --->   Operation 246 'mul' 'mul_ln73_60' <Predicate = true> <Delay = 1.94> <CoreInst = "Multiplier">   --->   Core 3 'Multiplier' <Latency = 0> <II = 1> <Delay = 1.94> <FuncUnit> <Opcode : 'mul'> <InPorts = 2> <OutPorts = 1>
ST_1 : Operation 247 [1/1] (0.00ns)   --->   "%trunc_ln42_67 = partselect i16 @_ssdm_op_PartSelect.i16.i26.i32.i32, i26 %mul_ln73_60, i32 10, i32 25" [firmware/nnet_utils/nnet_dense_latency.h:42]   --->   Operation 247 'partselect' 'trunc_ln42_67' <Predicate = true> <Delay = 0.00>
ST_1 : Operation 248 [1/1] (1.94ns)   --->   "%mul_ln73_61 = mul i25 %sext_ln70_28, i25 33554295" [firmware/nnet_utils/nnet_mult.h:73->firmware/nnet_utils/nnet_dense_latency.h:42]   --->   Operation 248 'mul' 'mul_ln73_61' <Predicate = true> <Delay = 1.94> <CoreInst = "Multiplier">   --->   Core 3 'Multiplier' <Latency = 0> <II = 1> <Delay = 1.94> <FuncUnit> <Opcode : 'mul'> <InPorts = 2> <OutPorts = 1>
ST_1 : Operation 249 [1/1] (0.00ns)   --->   "%trunc_ln42_68 = partselect i15 @_ssdm_op_PartSelect.i15.i25.i32.i32, i25 %mul_ln73_61, i32 10, i32 24" [firmware/nnet_utils/nnet_dense_latency.h:42]   --->   Operation 249 'partselect' 'trunc_ln42_68' <Predicate = true> <Delay = 0.00>
ST_1 : Operation 250 [1/1] (0.00ns)   --->   "%sext_ln42_26 = sext i15 %trunc_ln42_68" [firmware/nnet_utils/nnet_dense_latency.h:42]   --->   Operation 250 'sext' 'sext_ln42_26' <Predicate = true> <Delay = 0.00>
ST_1 : Operation 251 [1/1] (1.94ns)   --->   "%mul_ln73_62 = mul i26 %sext_ln70_29, i26 67108415" [firmware/nnet_utils/nnet_mult.h:73->firmware/nnet_utils/nnet_dense_latency.h:42]   --->   Operation 251 'mul' 'mul_ln73_62' <Predicate = true> <Delay = 1.94> <CoreInst = "Multiplier">   --->   Core 3 'Multiplier' <Latency = 0> <II = 1> <Delay = 1.94> <FuncUnit> <Opcode : 'mul'> <InPorts = 2> <OutPorts = 1>
ST_1 : Operation 252 [1/1] (0.00ns)   --->   "%trunc_ln42_69 = partselect i16 @_ssdm_op_PartSelect.i16.i26.i32.i32, i26 %mul_ln73_62, i32 10, i32 25" [firmware/nnet_utils/nnet_dense_latency.h:42]   --->   Operation 252 'partselect' 'trunc_ln42_69' <Predicate = true> <Delay = 0.00>
ST_1 : Operation 253 [1/1] (1.94ns)   --->   "%mul_ln73_63 = mul i23 %sext_ln70_27, i23 8388573" [firmware/nnet_utils/nnet_mult.h:73->firmware/nnet_utils/nnet_dense_latency.h:42]   --->   Operation 253 'mul' 'mul_ln73_63' <Predicate = true> <Delay = 1.94> <CoreInst = "Multiplier">   --->   Core 3 'Multiplier' <Latency = 0> <II = 1> <Delay = 1.94> <FuncUnit> <Opcode : 'mul'> <InPorts = 2> <OutPorts = 1>
ST_1 : Operation 254 [1/1] (0.00ns)   --->   "%trunc_ln42_70 = partselect i13 @_ssdm_op_PartSelect.i13.i23.i32.i32, i23 %mul_ln73_63, i32 10, i32 22" [firmware/nnet_utils/nnet_dense_latency.h:42]   --->   Operation 254 'partselect' 'trunc_ln42_70' <Predicate = true> <Delay = 0.00>
ST_1 : Operation 255 [1/1] (0.00ns)   --->   "%sext_ln42_27 = sext i13 %trunc_ln42_70" [firmware/nnet_utils/nnet_dense_latency.h:42]   --->   Operation 255 'sext' 'sext_ln42_27' <Predicate = true> <Delay = 0.00>
ST_1 : Operation 256 [1/1] (0.00ns)   --->   "%a_9 = partselect i16 @_ssdm_op_PartSelect.i16.i256.i32.i32, i256 %data_val_read, i32 144, i32 159"   --->   Operation 256 'partselect' 'a_9' <Predicate = true> <Delay = 0.00>
ST_1 : Operation 257 [1/1] (0.00ns)   --->   "%sext_ln70_30 = sext i16 %a_9" [firmware/nnet_utils/nnet_mult.h:70->firmware/nnet_utils/nnet_dense_latency.h:42]   --->   Operation 257 'sext' 'sext_ln70_30' <Predicate = true> <Delay = 0.00>
ST_1 : Operation 258 [1/1] (0.00ns)   --->   "%sext_ln70_31 = sext i16 %a_9" [firmware/nnet_utils/nnet_mult.h:70->firmware/nnet_utils/nnet_dense_latency.h:42]   --->   Operation 258 'sext' 'sext_ln70_31' <Predicate = true> <Delay = 0.00>
ST_1 : Operation 259 [1/1] (1.94ns)   --->   "%mul_ln73_64 = mul i26 %sext_ln70_31, i26 67108467" [firmware/nnet_utils/nnet_mult.h:73->firmware/nnet_utils/nnet_dense_latency.h:42]   --->   Operation 259 'mul' 'mul_ln73_64' <Predicate = true> <Delay = 1.94> <CoreInst = "Multiplier">   --->   Core 3 'Multiplier' <Latency = 0> <II = 1> <Delay = 1.94> <FuncUnit> <Opcode : 'mul'> <InPorts = 2> <OutPorts = 1>
ST_1 : Operation 260 [1/1] (0.00ns)   --->   "%trunc_ln42_71 = partselect i16 @_ssdm_op_PartSelect.i16.i26.i32.i32, i26 %mul_ln73_64, i32 10, i32 25" [firmware/nnet_utils/nnet_dense_latency.h:42]   --->   Operation 260 'partselect' 'trunc_ln42_71' <Predicate = true> <Delay = 0.00>
ST_1 : Operation 261 [1/1] (1.94ns)   --->   "%mul_ln73_65 = mul i26 %sext_ln70_31, i26 67108553" [firmware/nnet_utils/nnet_mult.h:73->firmware/nnet_utils/nnet_dense_latency.h:42]   --->   Operation 261 'mul' 'mul_ln73_65' <Predicate = true> <Delay = 1.94> <CoreInst = "Multiplier">   --->   Core 3 'Multiplier' <Latency = 0> <II = 1> <Delay = 1.94> <FuncUnit> <Opcode : 'mul'> <InPorts = 2> <OutPorts = 1>
ST_1 : Operation 262 [1/1] (0.00ns)   --->   "%trunc_ln42_72 = partselect i16 @_ssdm_op_PartSelect.i16.i26.i32.i32, i26 %mul_ln73_65, i32 10, i32 25" [firmware/nnet_utils/nnet_dense_latency.h:42]   --->   Operation 262 'partselect' 'trunc_ln42_72' <Predicate = true> <Delay = 0.00>
ST_1 : Operation 263 [1/1] (1.94ns)   --->   "%mul_ln73_66 = mul i26 %sext_ln70_31, i26 67108408" [firmware/nnet_utils/nnet_mult.h:73->firmware/nnet_utils/nnet_dense_latency.h:42]   --->   Operation 263 'mul' 'mul_ln73_66' <Predicate = true> <Delay = 1.94> <CoreInst = "Multiplier">   --->   Core 3 'Multiplier' <Latency = 0> <II = 1> <Delay = 1.94> <FuncUnit> <Opcode : 'mul'> <InPorts = 2> <OutPorts = 1>
ST_1 : Operation 264 [1/1] (0.00ns)   --->   "%trunc_ln42_73 = partselect i16 @_ssdm_op_PartSelect.i16.i26.i32.i32, i26 %mul_ln73_66, i32 10, i32 25" [firmware/nnet_utils/nnet_dense_latency.h:42]   --->   Operation 264 'partselect' 'trunc_ln42_73' <Predicate = true> <Delay = 0.00>
ST_1 : Operation 265 [1/1] (0.00ns)   --->   "%tmp_9038 = bitconcatenate i20 @_ssdm_op_BitConcatenate.i20.i16.i4, i16 %a_9, i4 0" [firmware/nnet_utils/nnet_mult.h:73->firmware/nnet_utils/nnet_dense_latency.h:42]   --->   Operation 265 'bitconcatenate' 'tmp_9038' <Predicate = true> <Delay = 0.00>
ST_1 : Operation 266 [1/1] (0.00ns)   --->   "%sext_ln73_23 = sext i20 %tmp_9038" [firmware/nnet_utils/nnet_mult.h:73->firmware/nnet_utils/nnet_dense_latency.h:42]   --->   Operation 266 'sext' 'sext_ln73_23' <Predicate = true> <Delay = 0.00>
ST_1 : Operation 267 [1/1] (0.80ns)   --->   "%add_ln73_1 = add i22 %sext_ln73_23, i22 %sext_ln70_30" [firmware/nnet_utils/nnet_mult.h:73->firmware/nnet_utils/nnet_dense_latency.h:42]   --->   Operation 267 'add' 'add_ln73_1' <Predicate = true> <Delay = 0.80> <CoreInst = "Adder">   --->   Core 1 'Adder' <Latency = 0> <II = 1> <Delay = 0.80> <FuncUnit> <Opcode : 'add' 'sub'> <InPorts = 2> <OutPorts = 1>
ST_1 : Operation 268 [1/1] (0.00ns)   --->   "%trunc_ln42_74 = partselect i12 @_ssdm_op_PartSelect.i12.i22.i32.i32, i22 %add_ln73_1, i32 10, i32 21" [firmware/nnet_utils/nnet_dense_latency.h:42]   --->   Operation 268 'partselect' 'trunc_ln42_74' <Predicate = true> <Delay = 0.00>
ST_1 : Operation 269 [1/1] (0.00ns)   --->   "%sext_ln42_28 = sext i12 %trunc_ln42_74" [firmware/nnet_utils/nnet_dense_latency.h:42]   --->   Operation 269 'sext' 'sext_ln42_28' <Predicate = true> <Delay = 0.00>
ST_1 : Operation 270 [1/1] (0.00ns)   --->   "%tmp_9039 = bitconcatenate i19 @_ssdm_op_BitConcatenate.i19.i16.i3, i16 %a_9, i3 0" [firmware/nnet_utils/nnet_mult.h:73->firmware/nnet_utils/nnet_dense_latency.h:42]   --->   Operation 270 'bitconcatenate' 'tmp_9039' <Predicate = true> <Delay = 0.00>
ST_1 : Operation 271 [1/1] (0.00ns)   --->   "%sext_ln73_24 = sext i19 %tmp_9039" [firmware/nnet_utils/nnet_mult.h:73->firmware/nnet_utils/nnet_dense_latency.h:42]   --->   Operation 271 'sext' 'sext_ln73_24' <Predicate = true> <Delay = 0.00>
ST_1 : Operation 272 [1/1] (0.00ns)   --->   "%tmp_9040 = bitconcatenate i17 @_ssdm_op_BitConcatenate.i17.i16.i1, i16 %a_9, i1 0" [firmware/nnet_utils/nnet_mult.h:73->firmware/nnet_utils/nnet_dense_latency.h:42]   --->   Operation 272 'bitconcatenate' 'tmp_9040' <Predicate = true> <Delay = 0.00>
ST_1 : Operation 273 [1/1] (0.00ns)   --->   "%sext_ln73_25 = sext i17 %tmp_9040" [firmware/nnet_utils/nnet_mult.h:73->firmware/nnet_utils/nnet_dense_latency.h:42]   --->   Operation 273 'sext' 'sext_ln73_25' <Predicate = true> <Delay = 0.00>
ST_1 : Operation 274 [1/1] (0.80ns)   --->   "%sub_ln73_8 = sub i20 %sext_ln73_25, i20 %sext_ln73_24" [firmware/nnet_utils/nnet_mult.h:73->firmware/nnet_utils/nnet_dense_latency.h:42]   --->   Operation 274 'sub' 'sub_ln73_8' <Predicate = true> <Delay = 0.80> <CoreInst = "Adder">   --->   Core 1 'Adder' <Latency = 0> <II = 1> <Delay = 0.80> <FuncUnit> <Opcode : 'add' 'sub'> <InPorts = 2> <OutPorts = 1>
ST_1 : Operation 275 [1/1] (0.00ns)   --->   "%trunc_ln42_75 = partselect i10 @_ssdm_op_PartSelect.i10.i20.i32.i32, i20 %sub_ln73_8, i32 10, i32 19" [firmware/nnet_utils/nnet_dense_latency.h:42]   --->   Operation 275 'partselect' 'trunc_ln42_75' <Predicate = true> <Delay = 0.00>
ST_1 : Operation 276 [1/1] (0.00ns)   --->   "%sext_ln42_29 = sext i10 %trunc_ln42_75" [firmware/nnet_utils/nnet_dense_latency.h:42]   --->   Operation 276 'sext' 'sext_ln42_29' <Predicate = true> <Delay = 0.00>
ST_1 : Operation 277 [1/1] (1.94ns)   --->   "%mul_ln73_67 = mul i26 %sext_ln70_31, i26 67108492" [firmware/nnet_utils/nnet_mult.h:73->firmware/nnet_utils/nnet_dense_latency.h:42]   --->   Operation 277 'mul' 'mul_ln73_67' <Predicate = true> <Delay = 1.94> <CoreInst = "Multiplier">   --->   Core 3 'Multiplier' <Latency = 0> <II = 1> <Delay = 1.94> <FuncUnit> <Opcode : 'mul'> <InPorts = 2> <OutPorts = 1>
ST_1 : Operation 278 [1/1] (0.00ns)   --->   "%trunc_ln42_76 = partselect i16 @_ssdm_op_PartSelect.i16.i26.i32.i32, i26 %mul_ln73_67, i32 10, i32 25" [firmware/nnet_utils/nnet_dense_latency.h:42]   --->   Operation 278 'partselect' 'trunc_ln42_76' <Predicate = true> <Delay = 0.00>
ST_1 : Operation 279 [1/1] (1.94ns)   --->   "%mul_ln73_68 = mul i26 %sext_ln70_31, i26 67108432" [firmware/nnet_utils/nnet_mult.h:73->firmware/nnet_utils/nnet_dense_latency.h:42]   --->   Operation 279 'mul' 'mul_ln73_68' <Predicate = true> <Delay = 1.94> <CoreInst = "Multiplier">   --->   Core 3 'Multiplier' <Latency = 0> <II = 1> <Delay = 1.94> <FuncUnit> <Opcode : 'mul'> <InPorts = 2> <OutPorts = 1>
ST_1 : Operation 280 [1/1] (0.00ns)   --->   "%trunc_ln42_77 = partselect i16 @_ssdm_op_PartSelect.i16.i26.i32.i32, i26 %mul_ln73_68, i32 10, i32 25" [firmware/nnet_utils/nnet_dense_latency.h:42]   --->   Operation 280 'partselect' 'trunc_ln42_77' <Predicate = true> <Delay = 0.00>
ST_1 : Operation 281 [1/1] (0.00ns)   --->   "%tmp_9041 = bitconcatenate i24 @_ssdm_op_BitConcatenate.i24.i16.i8, i16 %a_9, i8 0" [firmware/nnet_utils/nnet_mult.h:73->firmware/nnet_utils/nnet_dense_latency.h:42]   --->   Operation 281 'bitconcatenate' 'tmp_9041' <Predicate = true> <Delay = 0.00>
ST_1 : Operation 282 [1/1] (0.00ns)   --->   "%sext_ln73_26 = sext i24 %tmp_9041" [firmware/nnet_utils/nnet_mult.h:73->firmware/nnet_utils/nnet_dense_latency.h:42]   --->   Operation 282 'sext' 'sext_ln73_26' <Predicate = true> <Delay = 0.00>
ST_1 : Operation 283 [1/1] (0.00ns)   --->   "%sext_ln73_27 = sext i17 %tmp_9040" [firmware/nnet_utils/nnet_mult.h:73->firmware/nnet_utils/nnet_dense_latency.h:42]   --->   Operation 283 'sext' 'sext_ln73_27' <Predicate = true> <Delay = 0.00>
ST_1 : Operation 284 [1/1] (0.83ns)   --->   "%add_ln73_2 = add i26 %sext_ln73_26, i26 %sext_ln73_27" [firmware/nnet_utils/nnet_mult.h:73->firmware/nnet_utils/nnet_dense_latency.h:42]   --->   Operation 284 'add' 'add_ln73_2' <Predicate = true> <Delay = 0.83> <CoreInst = "Adder">   --->   Core 1 'Adder' <Latency = 0> <II = 1> <Delay = 0.83> <FuncUnit> <Opcode : 'add' 'sub'> <InPorts = 2> <OutPorts = 1>
ST_1 : Operation 285 [1/1] (0.00ns)   --->   "%trunc_ln42_78 = partselect i16 @_ssdm_op_PartSelect.i16.i26.i32.i32, i26 %add_ln73_2, i32 10, i32 25" [firmware/nnet_utils/nnet_dense_latency.h:42]   --->   Operation 285 'partselect' 'trunc_ln42_78' <Predicate = true> <Delay = 0.00>
ST_1 : Operation 286 [1/1] (0.00ns)   --->   "%a_10 = partselect i16 @_ssdm_op_PartSelect.i16.i256.i32.i32, i256 %data_val_read, i32 160, i32 175"   --->   Operation 286 'partselect' 'a_10' <Predicate = true> <Delay = 0.00>
ST_1 : Operation 287 [1/1] (0.00ns)   --->   "%sext_ln70_32 = sext i16 %a_10" [firmware/nnet_utils/nnet_mult.h:70->firmware/nnet_utils/nnet_dense_latency.h:42]   --->   Operation 287 'sext' 'sext_ln70_32' <Predicate = true> <Delay = 0.00>
ST_1 : Operation 288 [1/1] (0.00ns)   --->   "%sext_ln70_33 = sext i16 %a_10" [firmware/nnet_utils/nnet_mult.h:70->firmware/nnet_utils/nnet_dense_latency.h:42]   --->   Operation 288 'sext' 'sext_ln70_33' <Predicate = true> <Delay = 0.00>
ST_1 : Operation 289 [1/1] (0.00ns)   --->   "%sext_ln70_34 = sext i16 %a_10" [firmware/nnet_utils/nnet_mult.h:70->firmware/nnet_utils/nnet_dense_latency.h:42]   --->   Operation 289 'sext' 'sext_ln70_34' <Predicate = true> <Delay = 0.00>
ST_1 : Operation 290 [1/1] (0.00ns)   --->   "%sext_ln70_35 = sext i16 %a_10" [firmware/nnet_utils/nnet_mult.h:70->firmware/nnet_utils/nnet_dense_latency.h:42]   --->   Operation 290 'sext' 'sext_ln70_35' <Predicate = true> <Delay = 0.00>
ST_1 : Operation 291 [1/1] (0.00ns)   --->   "%sext_ln70_36 = sext i16 %a_10" [firmware/nnet_utils/nnet_mult.h:70->firmware/nnet_utils/nnet_dense_latency.h:42]   --->   Operation 291 'sext' 'sext_ln70_36' <Predicate = true> <Delay = 0.00>
ST_1 : Operation 292 [1/1] (0.00ns)   --->   "%sext_ln70_37 = sext i16 %a_10" [firmware/nnet_utils/nnet_mult.h:70->firmware/nnet_utils/nnet_dense_latency.h:42]   --->   Operation 292 'sext' 'sext_ln70_37' <Predicate = true> <Delay = 0.00>
ST_1 : Operation 293 [1/1] (1.94ns)   --->   "%mul_ln73_69 = mul i25 %sext_ln70_37, i25 223" [firmware/nnet_utils/nnet_mult.h:73->firmware/nnet_utils/nnet_dense_latency.h:42]   --->   Operation 293 'mul' 'mul_ln73_69' <Predicate = true> <Delay = 1.94> <CoreInst = "Multiplier">   --->   Core 3 'Multiplier' <Latency = 0> <II = 1> <Delay = 1.94> <FuncUnit> <Opcode : 'mul'> <InPorts = 2> <OutPorts = 1>
ST_1 : Operation 294 [1/1] (0.00ns)   --->   "%trunc_ln42_79 = partselect i15 @_ssdm_op_PartSelect.i15.i25.i32.i32, i25 %mul_ln73_69, i32 10, i32 24" [firmware/nnet_utils/nnet_dense_latency.h:42]   --->   Operation 294 'partselect' 'trunc_ln42_79' <Predicate = true> <Delay = 0.00>
ST_1 : Operation 295 [1/1] (0.00ns)   --->   "%sext_ln42_30 = sext i15 %trunc_ln42_79" [firmware/nnet_utils/nnet_dense_latency.h:42]   --->   Operation 295 'sext' 'sext_ln42_30' <Predicate = true> <Delay = 0.00>
ST_1 : Operation 296 [1/1] (0.00ns)   --->   "%tmp_9042 = bitconcatenate i25 @_ssdm_op_BitConcatenate.i25.i16.i9, i16 %a_10, i9 0" [firmware/nnet_utils/nnet_mult.h:73->firmware/nnet_utils/nnet_dense_latency.h:42]   --->   Operation 296 'bitconcatenate' 'tmp_9042' <Predicate = true> <Delay = 0.00>
ST_1 : Operation 297 [1/1] (0.00ns)   --->   "%sext_ln73_28 = sext i25 %tmp_9042" [firmware/nnet_utils/nnet_mult.h:73->firmware/nnet_utils/nnet_dense_latency.h:42]   --->   Operation 297 'sext' 'sext_ln73_28' <Predicate = true> <Delay = 0.00>
ST_1 : Operation 298 [1/1] (0.83ns)   --->   "%sub_ln73_9 = sub i26 %sext_ln70_36, i26 %sext_ln73_28" [firmware/nnet_utils/nnet_mult.h:73->firmware/nnet_utils/nnet_dense_latency.h:42]   --->   Operation 298 'sub' 'sub_ln73_9' <Predicate = true> <Delay = 0.83> <CoreInst = "Adder">   --->   Core 1 'Adder' <Latency = 0> <II = 1> <Delay = 0.83> <FuncUnit> <Opcode : 'add' 'sub'> <InPorts = 2> <OutPorts = 1>
ST_1 : Operation 299 [1/1] (0.00ns)   --->   "%trunc_ln42_80 = partselect i16 @_ssdm_op_PartSelect.i16.i26.i32.i32, i26 %sub_ln73_9, i32 10, i32 25" [firmware/nnet_utils/nnet_dense_latency.h:42]   --->   Operation 299 'partselect' 'trunc_ln42_80' <Predicate = true> <Delay = 0.00>
ST_1 : Operation 300 [1/1] (1.94ns)   --->   "%mul_ln73_70 = mul i26 %sext_ln70_36, i26 67108580" [firmware/nnet_utils/nnet_mult.h:73->firmware/nnet_utils/nnet_dense_latency.h:42]   --->   Operation 300 'mul' 'mul_ln73_70' <Predicate = true> <Delay = 1.94> <CoreInst = "Multiplier">   --->   Core 3 'Multiplier' <Latency = 0> <II = 1> <Delay = 1.94> <FuncUnit> <Opcode : 'mul'> <InPorts = 2> <OutPorts = 1>
ST_1 : Operation 301 [1/1] (0.00ns)   --->   "%trunc_ln42_81 = partselect i16 @_ssdm_op_PartSelect.i16.i26.i32.i32, i26 %mul_ln73_70, i32 10, i32 25" [firmware/nnet_utils/nnet_dense_latency.h:42]   --->   Operation 301 'partselect' 'trunc_ln42_81' <Predicate = true> <Delay = 0.00>
ST_1 : Operation 302 [1/1] (0.00ns)   --->   "%tmp_9043 = bitconcatenate i18 @_ssdm_op_BitConcatenate.i18.i16.i2, i16 %a_10, i2 0" [firmware/nnet_utils/nnet_mult.h:73->firmware/nnet_utils/nnet_dense_latency.h:42]   --->   Operation 302 'bitconcatenate' 'tmp_9043' <Predicate = true> <Delay = 0.00>
ST_1 : Operation 303 [1/1] (0.00ns)   --->   "%sext_ln73_29 = sext i18 %tmp_9043" [firmware/nnet_utils/nnet_mult.h:73->firmware/nnet_utils/nnet_dense_latency.h:42]   --->   Operation 303 'sext' 'sext_ln73_29' <Predicate = true> <Delay = 0.00>
ST_1 : Operation 304 [1/1] (0.79ns)   --->   "%sub_ln73_10 = sub i19 %sext_ln73_29, i19 %sext_ln70_35" [firmware/nnet_utils/nnet_mult.h:73->firmware/nnet_utils/nnet_dense_latency.h:42]   --->   Operation 304 'sub' 'sub_ln73_10' <Predicate = true> <Delay = 0.79> <CoreInst = "Adder">   --->   Core 1 'Adder' <Latency = 0> <II = 1> <Delay = 0.79> <FuncUnit> <Opcode : 'add' 'sub'> <InPorts = 2> <OutPorts = 1>
ST_1 : Operation 305 [1/1] (0.00ns)   --->   "%trunc_ln42_82 = partselect i9 @_ssdm_op_PartSelect.i9.i19.i32.i32, i19 %sub_ln73_10, i32 10, i32 18" [firmware/nnet_utils/nnet_dense_latency.h:42]   --->   Operation 305 'partselect' 'trunc_ln42_82' <Predicate = true> <Delay = 0.00>
ST_1 : Operation 306 [1/1] (0.00ns)   --->   "%sext_ln42_31 = sext i9 %trunc_ln42_82" [firmware/nnet_utils/nnet_dense_latency.h:42]   --->   Operation 306 'sext' 'sext_ln42_31' <Predicate = true> <Delay = 0.00>
ST_1 : Operation 307 [1/1] (1.94ns)   --->   "%mul_ln73_71 = mul i23 %sext_ln70_34, i23 38" [firmware/nnet_utils/nnet_mult.h:73->firmware/nnet_utils/nnet_dense_latency.h:42]   --->   Operation 307 'mul' 'mul_ln73_71' <Predicate = true> <Delay = 1.94> <CoreInst = "Multiplier">   --->   Core 3 'Multiplier' <Latency = 0> <II = 1> <Delay = 1.94> <FuncUnit> <Opcode : 'mul'> <InPorts = 2> <OutPorts = 1>
ST_1 : Operation 308 [1/1] (0.00ns)   --->   "%trunc_ln42_83 = partselect i13 @_ssdm_op_PartSelect.i13.i23.i32.i32, i23 %mul_ln73_71, i32 10, i32 22" [firmware/nnet_utils/nnet_dense_latency.h:42]   --->   Operation 308 'partselect' 'trunc_ln42_83' <Predicate = true> <Delay = 0.00>
ST_1 : Operation 309 [1/1] (0.00ns)   --->   "%sext_ln42_32 = sext i13 %trunc_ln42_83" [firmware/nnet_utils/nnet_dense_latency.h:42]   --->   Operation 309 'sext' 'sext_ln42_32' <Predicate = true> <Delay = 0.00>
ST_1 : Operation 310 [1/1] (1.94ns)   --->   "%mul_ln73_72 = mul i24 %sext_ln70_33, i24 16777121" [firmware/nnet_utils/nnet_mult.h:73->firmware/nnet_utils/nnet_dense_latency.h:42]   --->   Operation 310 'mul' 'mul_ln73_72' <Predicate = true> <Delay = 1.94> <CoreInst = "Multiplier">   --->   Core 3 'Multiplier' <Latency = 0> <II = 1> <Delay = 1.94> <FuncUnit> <Opcode : 'mul'> <InPorts = 2> <OutPorts = 1>
ST_1 : Operation 311 [1/1] (0.00ns)   --->   "%trunc_ln42_84 = partselect i14 @_ssdm_op_PartSelect.i14.i24.i32.i32, i24 %mul_ln73_72, i32 10, i32 23" [firmware/nnet_utils/nnet_dense_latency.h:42]   --->   Operation 311 'partselect' 'trunc_ln42_84' <Predicate = true> <Delay = 0.00>
ST_1 : Operation 312 [1/1] (0.00ns)   --->   "%sext_ln42_33 = sext i14 %trunc_ln42_84" [firmware/nnet_utils/nnet_dense_latency.h:42]   --->   Operation 312 'sext' 'sext_ln42_33' <Predicate = true> <Delay = 0.00>
ST_1 : Operation 313 [1/1] (0.00ns)   --->   "%tmp_9044 = bitconcatenate i19 @_ssdm_op_BitConcatenate.i19.i16.i3, i16 %a_10, i3 0" [firmware/nnet_utils/nnet_mult.h:73->firmware/nnet_utils/nnet_dense_latency.h:42]   --->   Operation 313 'bitconcatenate' 'tmp_9044' <Predicate = true> <Delay = 0.00>
ST_1 : Operation 314 [1/1] (0.00ns)   --->   "%sext_ln73_30 = sext i19 %tmp_9044" [firmware/nnet_utils/nnet_mult.h:73->firmware/nnet_utils/nnet_dense_latency.h:42]   --->   Operation 314 'sext' 'sext_ln73_30' <Predicate = true> <Delay = 0.00>
ST_1 : Operation 315 [1/1] (0.83ns)   --->   "%sub_ln73_11 = sub i26 %sext_ln73_28, i26 %sext_ln73_30" [firmware/nnet_utils/nnet_mult.h:73->firmware/nnet_utils/nnet_dense_latency.h:42]   --->   Operation 315 'sub' 'sub_ln73_11' <Predicate = true> <Delay = 0.83> <CoreInst = "Adder">   --->   Core 1 'Adder' <Latency = 0> <II = 1> <Delay = 0.83> <FuncUnit> <Opcode : 'add' 'sub'> <InPorts = 2> <OutPorts = 1>
ST_1 : Operation 316 [1/1] (0.00ns)   --->   "%trunc_ln42_85 = partselect i16 @_ssdm_op_PartSelect.i16.i26.i32.i32, i26 %sub_ln73_11, i32 10, i32 25" [firmware/nnet_utils/nnet_dense_latency.h:42]   --->   Operation 316 'partselect' 'trunc_ln42_85' <Predicate = true> <Delay = 0.00>
ST_1 : Operation 317 [1/1] (1.94ns)   --->   "%mul_ln73_73 = mul i22 %sext_ln70_32, i22 19" [firmware/nnet_utils/nnet_mult.h:73->firmware/nnet_utils/nnet_dense_latency.h:42]   --->   Operation 317 'mul' 'mul_ln73_73' <Predicate = true> <Delay = 1.94> <CoreInst = "Multiplier">   --->   Core 3 'Multiplier' <Latency = 0> <II = 1> <Delay = 1.94> <FuncUnit> <Opcode : 'mul'> <InPorts = 2> <OutPorts = 1>
ST_1 : Operation 318 [1/1] (0.00ns)   --->   "%trunc_ln42_86 = partselect i12 @_ssdm_op_PartSelect.i12.i22.i32.i32, i22 %mul_ln73_73, i32 10, i32 21" [firmware/nnet_utils/nnet_dense_latency.h:42]   --->   Operation 318 'partselect' 'trunc_ln42_86' <Predicate = true> <Delay = 0.00>
ST_1 : Operation 319 [1/1] (0.00ns)   --->   "%sext_ln42_34 = sext i12 %trunc_ln42_86" [firmware/nnet_utils/nnet_dense_latency.h:42]   --->   Operation 319 'sext' 'sext_ln42_34' <Predicate = true> <Delay = 0.00>
ST_1 : Operation 320 [1/1] (0.00ns)   --->   "%a_11 = partselect i16 @_ssdm_op_PartSelect.i16.i256.i32.i32, i256 %data_val_read, i32 176, i32 191"   --->   Operation 320 'partselect' 'a_11' <Predicate = true> <Delay = 0.00>
ST_1 : Operation 321 [1/1] (0.00ns)   --->   "%sext_ln70_38 = sext i16 %a_11" [firmware/nnet_utils/nnet_mult.h:70->firmware/nnet_utils/nnet_dense_latency.h:42]   --->   Operation 321 'sext' 'sext_ln70_38' <Predicate = true> <Delay = 0.00>
ST_1 : Operation 322 [1/1] (0.00ns)   --->   "%sext_ln70_39 = sext i16 %a_11" [firmware/nnet_utils/nnet_mult.h:70->firmware/nnet_utils/nnet_dense_latency.h:42]   --->   Operation 322 'sext' 'sext_ln70_39' <Predicate = true> <Delay = 0.00>
ST_1 : Operation 323 [1/1] (0.00ns)   --->   "%tmp_9045 = bitconcatenate i24 @_ssdm_op_BitConcatenate.i24.i16.i8, i16 %a_11, i8 0" [firmware/nnet_utils/nnet_mult.h:73->firmware/nnet_utils/nnet_dense_latency.h:42]   --->   Operation 323 'bitconcatenate' 'tmp_9045' <Predicate = true> <Delay = 0.00>
ST_1 : Operation 324 [1/1] (0.00ns)   --->   "%sext_ln73_31 = sext i24 %tmp_9045" [firmware/nnet_utils/nnet_mult.h:73->firmware/nnet_utils/nnet_dense_latency.h:42]   --->   Operation 324 'sext' 'sext_ln73_31' <Predicate = true> <Delay = 0.00>
ST_1 : Operation 325 [1/1] (0.83ns)   --->   "%sub_ln73_12 = sub i25 %sext_ln70_39, i25 %sext_ln73_31" [firmware/nnet_utils/nnet_mult.h:73->firmware/nnet_utils/nnet_dense_latency.h:42]   --->   Operation 325 'sub' 'sub_ln73_12' <Predicate = true> <Delay = 0.83> <CoreInst = "Adder">   --->   Core 1 'Adder' <Latency = 0> <II = 1> <Delay = 0.83> <FuncUnit> <Opcode : 'add' 'sub'> <InPorts = 2> <OutPorts = 1>
ST_1 : Operation 326 [1/1] (0.00ns)   --->   "%trunc_ln42_87 = partselect i15 @_ssdm_op_PartSelect.i15.i25.i32.i32, i25 %sub_ln73_12, i32 10, i32 24" [firmware/nnet_utils/nnet_dense_latency.h:42]   --->   Operation 326 'partselect' 'trunc_ln42_87' <Predicate = true> <Delay = 0.00>
ST_1 : Operation 327 [1/1] (0.00ns)   --->   "%sext_ln42_35 = sext i15 %trunc_ln42_87" [firmware/nnet_utils/nnet_dense_latency.h:42]   --->   Operation 327 'sext' 'sext_ln42_35' <Predicate = true> <Delay = 0.00>
ST_1 : Operation 328 [1/1] (0.00ns)   --->   "%trunc_ln42_88 = partselect i7 @_ssdm_op_PartSelect.i7.i256.i32.i32, i256 %data_val_read, i32 185, i32 191" [firmware/nnet_utils/nnet_dense_latency.h:42]   --->   Operation 328 'partselect' 'trunc_ln42_88' <Predicate = true> <Delay = 0.00>
ST_1 : Operation 329 [1/1] (0.00ns)   --->   "%sext_ln73_32 = sext i7 %trunc_ln42_88" [firmware/nnet_utils/nnet_mult.h:73->firmware/nnet_utils/nnet_dense_latency.h:42]   --->   Operation 329 'sext' 'sext_ln73_32' <Predicate = true> <Delay = 0.00>
ST_1 : Operation 330 [1/1] (0.00ns)   --->   "%tmp_9046 = bitconcatenate i23 @_ssdm_op_BitConcatenate.i23.i16.i7, i16 %a_11, i7 0" [firmware/nnet_utils/nnet_mult.h:73->firmware/nnet_utils/nnet_dense_latency.h:42]   --->   Operation 330 'bitconcatenate' 'tmp_9046' <Predicate = true> <Delay = 0.00>
ST_1 : Operation 331 [1/1] (0.00ns)   --->   "%sext_ln73_33 = sext i23 %tmp_9046" [firmware/nnet_utils/nnet_mult.h:73->firmware/nnet_utils/nnet_dense_latency.h:42]   --->   Operation 331 'sext' 'sext_ln73_33' <Predicate = true> <Delay = 0.00>
ST_1 : Operation 332 [1/1] (0.82ns)   --->   "%sub_ln73_13 = sub i25 0, i25 %sext_ln73_33" [firmware/nnet_utils/nnet_mult.h:73->firmware/nnet_utils/nnet_dense_latency.h:42]   --->   Operation 332 'sub' 'sub_ln73_13' <Predicate = true> <Delay = 0.82> <CoreInst = "Adder">   --->   Core 1 'Adder' <Latency = 0> <II = 1> <Delay = 0.82> <FuncUnit> <Opcode : 'add' 'sub'> <InPorts = 2> <OutPorts = 1>
ST_1 : Operation 333 [1/1] (0.00ns)   --->   "%tmp_9047 = bitconcatenate i20 @_ssdm_op_BitConcatenate.i20.i16.i4, i16 %a_11, i4 0" [firmware/nnet_utils/nnet_mult.h:73->firmware/nnet_utils/nnet_dense_latency.h:42]   --->   Operation 333 'bitconcatenate' 'tmp_9047' <Predicate = true> <Delay = 0.00>
ST_1 : Operation 334 [1/1] (0.00ns)   --->   "%sext_ln73_34 = sext i20 %tmp_9047" [firmware/nnet_utils/nnet_mult.h:73->firmware/nnet_utils/nnet_dense_latency.h:42]   --->   Operation 334 'sext' 'sext_ln73_34' <Predicate = true> <Delay = 0.00>
ST_1 : Operation 335 [1/1] (0.83ns)   --->   "%sub_ln73_14 = sub i25 %sub_ln73_13, i25 %sext_ln73_34" [firmware/nnet_utils/nnet_mult.h:73->firmware/nnet_utils/nnet_dense_latency.h:42]   --->   Operation 335 'sub' 'sub_ln73_14' <Predicate = true> <Delay = 0.83> <CoreInst = "Adder">   --->   Core 1 'Adder' <Latency = 0> <II = 1> <Delay = 0.83> <FuncUnit> <Opcode : 'add' 'sub'> <InPorts = 2> <OutPorts = 1>
ST_1 : Operation 336 [1/1] (0.00ns)   --->   "%trunc_ln42_89 = partselect i15 @_ssdm_op_PartSelect.i15.i25.i32.i32, i25 %sub_ln73_14, i32 10, i32 24" [firmware/nnet_utils/nnet_dense_latency.h:42]   --->   Operation 336 'partselect' 'trunc_ln42_89' <Predicate = true> <Delay = 0.00>
ST_1 : Operation 337 [1/1] (0.00ns)   --->   "%sext_ln42_36 = sext i15 %trunc_ln42_89" [firmware/nnet_utils/nnet_dense_latency.h:42]   --->   Operation 337 'sext' 'sext_ln42_36' <Predicate = true> <Delay = 0.00>
ST_1 : Operation 338 [1/1] (0.00ns)   --->   "%tmp_9048 = bitconcatenate i21 @_ssdm_op_BitConcatenate.i21.i16.i5, i16 %a_11, i5 0" [firmware/nnet_utils/nnet_mult.h:73->firmware/nnet_utils/nnet_dense_latency.h:42]   --->   Operation 338 'bitconcatenate' 'tmp_9048' <Predicate = true> <Delay = 0.00>
ST_1 : Operation 339 [1/1] (0.00ns)   --->   "%sext_ln73_35 = sext i21 %tmp_9048" [firmware/nnet_utils/nnet_mult.h:73->firmware/nnet_utils/nnet_dense_latency.h:42]   --->   Operation 339 'sext' 'sext_ln73_35' <Predicate = true> <Delay = 0.00>
ST_1 : Operation 340 [1/1] (0.83ns)   --->   "%sub_ln73_15 = sub i25 %sub_ln73_13, i25 %sext_ln73_35" [firmware/nnet_utils/nnet_mult.h:73->firmware/nnet_utils/nnet_dense_latency.h:42]   --->   Operation 340 'sub' 'sub_ln73_15' <Predicate = true> <Delay = 0.83> <CoreInst = "Adder">   --->   Core 1 'Adder' <Latency = 0> <II = 1> <Delay = 0.83> <FuncUnit> <Opcode : 'add' 'sub'> <InPorts = 2> <OutPorts = 1>
ST_1 : Operation 341 [1/1] (0.00ns)   --->   "%trunc_ln42_90 = partselect i15 @_ssdm_op_PartSelect.i15.i25.i32.i32, i25 %sub_ln73_15, i32 10, i32 24" [firmware/nnet_utils/nnet_dense_latency.h:42]   --->   Operation 341 'partselect' 'trunc_ln42_90' <Predicate = true> <Delay = 0.00>
ST_1 : Operation 342 [1/1] (0.00ns)   --->   "%sext_ln42_37 = sext i15 %trunc_ln42_90" [firmware/nnet_utils/nnet_dense_latency.h:42]   --->   Operation 342 'sext' 'sext_ln42_37' <Predicate = true> <Delay = 0.00>
ST_1 : Operation 343 [1/1] (1.94ns)   --->   "%mul_ln73_74 = mul i26 %sext_ln70_38, i26 67108383" [firmware/nnet_utils/nnet_mult.h:73->firmware/nnet_utils/nnet_dense_latency.h:42]   --->   Operation 343 'mul' 'mul_ln73_74' <Predicate = true> <Delay = 1.94> <CoreInst = "Multiplier">   --->   Core 3 'Multiplier' <Latency = 0> <II = 1> <Delay = 1.94> <FuncUnit> <Opcode : 'mul'> <InPorts = 2> <OutPorts = 1>
ST_1 : Operation 344 [1/1] (0.00ns)   --->   "%trunc_ln42_91 = partselect i16 @_ssdm_op_PartSelect.i16.i26.i32.i32, i26 %mul_ln73_74, i32 10, i32 25" [firmware/nnet_utils/nnet_dense_latency.h:42]   --->   Operation 344 'partselect' 'trunc_ln42_91' <Predicate = true> <Delay = 0.00>
ST_1 : Operation 345 [1/1] (1.94ns)   --->   "%mul_ln73_75 = mul i26 %sext_ln70_38, i26 67108529" [firmware/nnet_utils/nnet_mult.h:73->firmware/nnet_utils/nnet_dense_latency.h:42]   --->   Operation 345 'mul' 'mul_ln73_75' <Predicate = true> <Delay = 1.94> <CoreInst = "Multiplier">   --->   Core 3 'Multiplier' <Latency = 0> <II = 1> <Delay = 1.94> <FuncUnit> <Opcode : 'mul'> <InPorts = 2> <OutPorts = 1>
ST_1 : Operation 346 [1/1] (0.00ns)   --->   "%trunc_ln42_92 = partselect i16 @_ssdm_op_PartSelect.i16.i26.i32.i32, i26 %mul_ln73_75, i32 10, i32 25" [firmware/nnet_utils/nnet_dense_latency.h:42]   --->   Operation 346 'partselect' 'trunc_ln42_92' <Predicate = true> <Delay = 0.00>
ST_1 : Operation 347 [1/1] (1.94ns)   --->   "%mul_ln73_76 = mul i25 %sext_ln70_39, i25 33554244" [firmware/nnet_utils/nnet_mult.h:73->firmware/nnet_utils/nnet_dense_latency.h:42]   --->   Operation 347 'mul' 'mul_ln73_76' <Predicate = true> <Delay = 1.94> <CoreInst = "Multiplier">   --->   Core 3 'Multiplier' <Latency = 0> <II = 1> <Delay = 1.94> <FuncUnit> <Opcode : 'mul'> <InPorts = 2> <OutPorts = 1>
ST_1 : Operation 348 [1/1] (0.00ns)   --->   "%trunc_ln42_93 = partselect i15 @_ssdm_op_PartSelect.i15.i25.i32.i32, i25 %mul_ln73_76, i32 10, i32 24" [firmware/nnet_utils/nnet_dense_latency.h:42]   --->   Operation 348 'partselect' 'trunc_ln42_93' <Predicate = true> <Delay = 0.00>
ST_1 : Operation 349 [1/1] (0.00ns)   --->   "%sext_ln42_38 = sext i15 %trunc_ln42_93" [firmware/nnet_utils/nnet_dense_latency.h:42]   --->   Operation 349 'sext' 'sext_ln42_38' <Predicate = true> <Delay = 0.00>
ST_1 : Operation 350 [1/1] (1.94ns)   --->   "%mul_ln73_77 = mul i26 %sext_ln70_38, i26 67108400" [firmware/nnet_utils/nnet_mult.h:73->firmware/nnet_utils/nnet_dense_latency.h:42]   --->   Operation 350 'mul' 'mul_ln73_77' <Predicate = true> <Delay = 1.94> <CoreInst = "Multiplier">   --->   Core 3 'Multiplier' <Latency = 0> <II = 1> <Delay = 1.94> <FuncUnit> <Opcode : 'mul'> <InPorts = 2> <OutPorts = 1>
ST_1 : Operation 351 [1/1] (0.00ns)   --->   "%trunc_ln42_94 = partselect i16 @_ssdm_op_PartSelect.i16.i26.i32.i32, i26 %mul_ln73_77, i32 10, i32 25" [firmware/nnet_utils/nnet_dense_latency.h:42]   --->   Operation 351 'partselect' 'trunc_ln42_94' <Predicate = true> <Delay = 0.00>
ST_1 : Operation 352 [1/1] (0.00ns)   --->   "%a_12 = partselect i16 @_ssdm_op_PartSelect.i16.i256.i32.i32, i256 %data_val_read, i32 192, i32 207"   --->   Operation 352 'partselect' 'a_12' <Predicate = true> <Delay = 0.00>
ST_1 : Operation 353 [1/1] (0.00ns)   --->   "%sext_ln70_40 = sext i16 %a_12" [firmware/nnet_utils/nnet_mult.h:70->firmware/nnet_utils/nnet_dense_latency.h:42]   --->   Operation 353 'sext' 'sext_ln70_40' <Predicate = true> <Delay = 0.00>
ST_1 : Operation 354 [1/1] (0.00ns)   --->   "%sext_ln70_41 = sext i16 %a_12" [firmware/nnet_utils/nnet_mult.h:70->firmware/nnet_utils/nnet_dense_latency.h:42]   --->   Operation 354 'sext' 'sext_ln70_41' <Predicate = true> <Delay = 0.00>
ST_1 : Operation 355 [1/1] (0.00ns)   --->   "%sext_ln70_42 = sext i16 %a_12" [firmware/nnet_utils/nnet_mult.h:70->firmware/nnet_utils/nnet_dense_latency.h:42]   --->   Operation 355 'sext' 'sext_ln70_42' <Predicate = true> <Delay = 0.00>
ST_1 : Operation 356 [1/1] (1.94ns)   --->   "%mul_ln73_78 = mul i26 %sext_ln70_42, i26 67108485" [firmware/nnet_utils/nnet_mult.h:73->firmware/nnet_utils/nnet_dense_latency.h:42]   --->   Operation 356 'mul' 'mul_ln73_78' <Predicate = true> <Delay = 1.94> <CoreInst = "Multiplier">   --->   Core 3 'Multiplier' <Latency = 0> <II = 1> <Delay = 1.94> <FuncUnit> <Opcode : 'mul'> <InPorts = 2> <OutPorts = 1>
ST_1 : Operation 357 [1/1] (0.00ns)   --->   "%trunc_ln42_95 = partselect i16 @_ssdm_op_PartSelect.i16.i26.i32.i32, i26 %mul_ln73_78, i32 10, i32 25" [firmware/nnet_utils/nnet_dense_latency.h:42]   --->   Operation 357 'partselect' 'trunc_ln42_95' <Predicate = true> <Delay = 0.00>
ST_1 : Operation 358 [1/1] (1.94ns)   --->   "%mul_ln73_79 = mul i23 %sext_ln70_41, i23 8388549" [firmware/nnet_utils/nnet_mult.h:73->firmware/nnet_utils/nnet_dense_latency.h:42]   --->   Operation 358 'mul' 'mul_ln73_79' <Predicate = true> <Delay = 1.94> <CoreInst = "Multiplier">   --->   Core 3 'Multiplier' <Latency = 0> <II = 1> <Delay = 1.94> <FuncUnit> <Opcode : 'mul'> <InPorts = 2> <OutPorts = 1>
ST_1 : Operation 359 [1/1] (0.00ns)   --->   "%trunc_ln42_96 = partselect i13 @_ssdm_op_PartSelect.i13.i23.i32.i32, i23 %mul_ln73_79, i32 10, i32 22" [firmware/nnet_utils/nnet_dense_latency.h:42]   --->   Operation 359 'partselect' 'trunc_ln42_96' <Predicate = true> <Delay = 0.00>
ST_1 : Operation 360 [1/1] (0.00ns)   --->   "%sext_ln42_39 = sext i13 %trunc_ln42_96" [firmware/nnet_utils/nnet_dense_latency.h:42]   --->   Operation 360 'sext' 'sext_ln42_39' <Predicate = true> <Delay = 0.00>
ST_1 : Operation 361 [1/1] (0.00ns)   --->   "%tmp_9049 = bitconcatenate i23 @_ssdm_op_BitConcatenate.i23.i16.i7, i16 %a_12, i7 0" [firmware/nnet_utils/nnet_mult.h:73->firmware/nnet_utils/nnet_dense_latency.h:42]   --->   Operation 361 'bitconcatenate' 'tmp_9049' <Predicate = true> <Delay = 0.00>
ST_1 : Operation 362 [1/1] (0.00ns)   --->   "%sext_ln73_36 = sext i23 %tmp_9049" [firmware/nnet_utils/nnet_mult.h:73->firmware/nnet_utils/nnet_dense_latency.h:42]   --->   Operation 362 'sext' 'sext_ln73_36' <Predicate = true> <Delay = 0.00>
ST_1 : Operation 363 [1/1] (0.82ns)   --->   "%sub_ln73_16 = sub i24 0, i24 %sext_ln73_36" [firmware/nnet_utils/nnet_mult.h:73->firmware/nnet_utils/nnet_dense_latency.h:42]   --->   Operation 363 'sub' 'sub_ln73_16' <Predicate = true> <Delay = 0.82> <CoreInst = "Adder">   --->   Core 1 'Adder' <Latency = 0> <II = 1> <Delay = 0.82> <FuncUnit> <Opcode : 'add' 'sub'> <InPorts = 2> <OutPorts = 1>
ST_1 : Operation 364 [1/1] (0.00ns)   --->   "%trunc_ln42_97 = partselect i14 @_ssdm_op_PartSelect.i14.i24.i32.i32, i24 %sub_ln73_16, i32 10, i32 23" [firmware/nnet_utils/nnet_dense_latency.h:42]   --->   Operation 364 'partselect' 'trunc_ln42_97' <Predicate = true> <Delay = 0.00>
ST_1 : Operation 365 [1/1] (0.00ns)   --->   "%sext_ln42_40 = sext i14 %trunc_ln42_97" [firmware/nnet_utils/nnet_dense_latency.h:42]   --->   Operation 365 'sext' 'sext_ln42_40' <Predicate = true> <Delay = 0.00>
ST_1 : Operation 366 [1/1] (1.94ns)   --->   "%mul_ln73_80 = mul i24 %sext_ln70_40, i24 16777112" [firmware/nnet_utils/nnet_mult.h:73->firmware/nnet_utils/nnet_dense_latency.h:42]   --->   Operation 366 'mul' 'mul_ln73_80' <Predicate = true> <Delay = 1.94> <CoreInst = "Multiplier">   --->   Core 3 'Multiplier' <Latency = 0> <II = 1> <Delay = 1.94> <FuncUnit> <Opcode : 'mul'> <InPorts = 2> <OutPorts = 1>
ST_1 : Operation 367 [1/1] (0.00ns)   --->   "%trunc_ln42_98 = partselect i14 @_ssdm_op_PartSelect.i14.i24.i32.i32, i24 %mul_ln73_80, i32 10, i32 23" [firmware/nnet_utils/nnet_dense_latency.h:42]   --->   Operation 367 'partselect' 'trunc_ln42_98' <Predicate = true> <Delay = 0.00>
ST_1 : Operation 368 [1/1] (0.00ns)   --->   "%sext_ln42_41 = sext i14 %trunc_ln42_98" [firmware/nnet_utils/nnet_dense_latency.h:42]   --->   Operation 368 'sext' 'sext_ln42_41' <Predicate = true> <Delay = 0.00>
ST_1 : Operation 369 [1/1] (1.94ns)   --->   "%mul_ln73_81 = mul i26 %sext_ln70_42, i26 364" [firmware/nnet_utils/nnet_mult.h:73->firmware/nnet_utils/nnet_dense_latency.h:42]   --->   Operation 369 'mul' 'mul_ln73_81' <Predicate = true> <Delay = 1.94> <CoreInst = "Multiplier">   --->   Core 3 'Multiplier' <Latency = 0> <II = 1> <Delay = 1.94> <FuncUnit> <Opcode : 'mul'> <InPorts = 2> <OutPorts = 1>
ST_1 : Operation 370 [1/1] (0.00ns)   --->   "%trunc_ln42_99 = partselect i16 @_ssdm_op_PartSelect.i16.i26.i32.i32, i26 %mul_ln73_81, i32 10, i32 25" [firmware/nnet_utils/nnet_dense_latency.h:42]   --->   Operation 370 'partselect' 'trunc_ln42_99' <Predicate = true> <Delay = 0.00>
ST_1 : Operation 371 [1/1] (0.00ns)   --->   "%tmp_9050 = bitconcatenate i25 @_ssdm_op_BitConcatenate.i25.i16.i9, i16 %a_12, i9 0" [firmware/nnet_utils/nnet_mult.h:73->firmware/nnet_utils/nnet_dense_latency.h:42]   --->   Operation 371 'bitconcatenate' 'tmp_9050' <Predicate = true> <Delay = 0.00>
ST_1 : Operation 372 [1/1] (0.00ns)   --->   "%sext_ln73_37 = sext i25 %tmp_9050" [firmware/nnet_utils/nnet_mult.h:73->firmware/nnet_utils/nnet_dense_latency.h:42]   --->   Operation 372 'sext' 'sext_ln73_37' <Predicate = true> <Delay = 0.00>
ST_1 : Operation 373 [1/1] (0.00ns)   --->   "%tmp_9051 = bitconcatenate i22 @_ssdm_op_BitConcatenate.i22.i16.i6, i16 %a_12, i6 0" [firmware/nnet_utils/nnet_mult.h:73->firmware/nnet_utils/nnet_dense_latency.h:42]   --->   Operation 373 'bitconcatenate' 'tmp_9051' <Predicate = true> <Delay = 0.00>
ST_1 : Operation 374 [1/1] (0.00ns)   --->   "%sext_ln73_38 = sext i22 %tmp_9051" [firmware/nnet_utils/nnet_mult.h:73->firmware/nnet_utils/nnet_dense_latency.h:42]   --->   Operation 374 'sext' 'sext_ln73_38' <Predicate = true> <Delay = 0.00>
ST_1 : Operation 375 [1/1] (0.83ns)   --->   "%sub_ln73_17 = sub i26 %sext_ln73_37, i26 %sext_ln73_38" [firmware/nnet_utils/nnet_mult.h:73->firmware/nnet_utils/nnet_dense_latency.h:42]   --->   Operation 375 'sub' 'sub_ln73_17' <Predicate = true> <Delay = 0.83> <CoreInst = "Adder">   --->   Core 1 'Adder' <Latency = 0> <II = 1> <Delay = 0.83> <FuncUnit> <Opcode : 'add' 'sub'> <InPorts = 2> <OutPorts = 1>
ST_1 : Operation 376 [1/1] (0.00ns)   --->   "%trunc_ln42_100 = partselect i16 @_ssdm_op_PartSelect.i16.i26.i32.i32, i26 %sub_ln73_17, i32 10, i32 25" [firmware/nnet_utils/nnet_dense_latency.h:42]   --->   Operation 376 'partselect' 'trunc_ln42_100' <Predicate = true> <Delay = 0.00>
ST_1 : Operation 377 [1/1] (1.94ns)   --->   "%mul_ln73_82 = mul i24 %sext_ln70_40, i24 88" [firmware/nnet_utils/nnet_mult.h:73->firmware/nnet_utils/nnet_dense_latency.h:42]   --->   Operation 377 'mul' 'mul_ln73_82' <Predicate = true> <Delay = 1.94> <CoreInst = "Multiplier">   --->   Core 3 'Multiplier' <Latency = 0> <II = 1> <Delay = 1.94> <FuncUnit> <Opcode : 'mul'> <InPorts = 2> <OutPorts = 1>
ST_1 : Operation 378 [1/1] (0.00ns)   --->   "%trunc_ln42_101 = partselect i14 @_ssdm_op_PartSelect.i14.i24.i32.i32, i24 %mul_ln73_82, i32 10, i32 23" [firmware/nnet_utils/nnet_dense_latency.h:42]   --->   Operation 378 'partselect' 'trunc_ln42_101' <Predicate = true> <Delay = 0.00>
ST_1 : Operation 379 [1/1] (0.00ns)   --->   "%sext_ln42_42 = sext i14 %trunc_ln42_101" [firmware/nnet_utils/nnet_dense_latency.h:42]   --->   Operation 379 'sext' 'sext_ln42_42' <Predicate = true> <Delay = 0.00>
ST_1 : Operation 380 [1/1] (1.94ns)   --->   "%mul_ln73_83 = mul i26 %sext_ln70_42, i26 284" [firmware/nnet_utils/nnet_mult.h:73->firmware/nnet_utils/nnet_dense_latency.h:42]   --->   Operation 380 'mul' 'mul_ln73_83' <Predicate = true> <Delay = 1.94> <CoreInst = "Multiplier">   --->   Core 3 'Multiplier' <Latency = 0> <II = 1> <Delay = 1.94> <FuncUnit> <Opcode : 'mul'> <InPorts = 2> <OutPorts = 1>
ST_1 : Operation 381 [1/1] (0.00ns)   --->   "%trunc_ln42_102 = partselect i16 @_ssdm_op_PartSelect.i16.i26.i32.i32, i26 %mul_ln73_83, i32 10, i32 25" [firmware/nnet_utils/nnet_dense_latency.h:42]   --->   Operation 381 'partselect' 'trunc_ln42_102' <Predicate = true> <Delay = 0.00>
ST_1 : Operation 382 [1/1] (0.00ns)   --->   "%a_13 = partselect i16 @_ssdm_op_PartSelect.i16.i256.i32.i32, i256 %data_val_read, i32 208, i32 223"   --->   Operation 382 'partselect' 'a_13' <Predicate = true> <Delay = 0.00>
ST_1 : Operation 383 [1/1] (0.00ns)   --->   "%sext_ln70_43 = sext i16 %a_13" [firmware/nnet_utils/nnet_mult.h:70->firmware/nnet_utils/nnet_dense_latency.h:42]   --->   Operation 383 'sext' 'sext_ln70_43' <Predicate = true> <Delay = 0.00>
ST_1 : Operation 384 [1/1] (0.00ns)   --->   "%sext_ln70_44 = sext i16 %a_13" [firmware/nnet_utils/nnet_mult.h:70->firmware/nnet_utils/nnet_dense_latency.h:42]   --->   Operation 384 'sext' 'sext_ln70_44' <Predicate = true> <Delay = 0.00>
ST_1 : Operation 385 [1/1] (1.94ns)   --->   "%mul_ln73_84 = mul i25 %sext_ln70_44, i25 238" [firmware/nnet_utils/nnet_mult.h:73->firmware/nnet_utils/nnet_dense_latency.h:42]   --->   Operation 385 'mul' 'mul_ln73_84' <Predicate = true> <Delay = 1.94> <CoreInst = "Multiplier">   --->   Core 3 'Multiplier' <Latency = 0> <II = 1> <Delay = 1.94> <FuncUnit> <Opcode : 'mul'> <InPorts = 2> <OutPorts = 1>
ST_1 : Operation 386 [1/1] (0.00ns)   --->   "%trunc_ln42_103 = partselect i15 @_ssdm_op_PartSelect.i15.i25.i32.i32, i25 %mul_ln73_84, i32 10, i32 24" [firmware/nnet_utils/nnet_dense_latency.h:42]   --->   Operation 386 'partselect' 'trunc_ln42_103' <Predicate = true> <Delay = 0.00>
ST_1 : Operation 387 [1/1] (0.00ns)   --->   "%sext_ln42_43 = sext i15 %trunc_ln42_103" [firmware/nnet_utils/nnet_dense_latency.h:42]   --->   Operation 387 'sext' 'sext_ln42_43' <Predicate = true> <Delay = 0.00>
ST_1 : Operation 388 [1/1] (0.00ns)   --->   "%tmp_9052 = bitconcatenate i23 @_ssdm_op_BitConcatenate.i23.i16.i7, i16 %a_13, i7 0" [firmware/nnet_utils/nnet_mult.h:73->firmware/nnet_utils/nnet_dense_latency.h:42]   --->   Operation 388 'bitconcatenate' 'tmp_9052' <Predicate = true> <Delay = 0.00>
ST_1 : Operation 389 [1/1] (0.00ns)   --->   "%sext_ln73_39 = sext i23 %tmp_9052" [firmware/nnet_utils/nnet_mult.h:73->firmware/nnet_utils/nnet_dense_latency.h:42]   --->   Operation 389 'sext' 'sext_ln73_39' <Predicate = true> <Delay = 0.00>
ST_1 : Operation 390 [1/1] (0.00ns)   --->   "%tmp_9053 = bitconcatenate i18 @_ssdm_op_BitConcatenate.i18.i16.i2, i16 %a_13, i2 0" [firmware/nnet_utils/nnet_mult.h:73->firmware/nnet_utils/nnet_dense_latency.h:42]   --->   Operation 390 'bitconcatenate' 'tmp_9053' <Predicate = true> <Delay = 0.00>
ST_1 : Operation 391 [1/1] (0.00ns)   --->   "%sext_ln73_40 = sext i18 %tmp_9053" [firmware/nnet_utils/nnet_mult.h:73->firmware/nnet_utils/nnet_dense_latency.h:42]   --->   Operation 391 'sext' 'sext_ln73_40' <Predicate = true> <Delay = 0.00>
ST_1 : Operation 392 [1/1] (0.82ns)   --->   "%add_ln73_3 = add i25 %sext_ln73_39, i25 %sext_ln73_40" [firmware/nnet_utils/nnet_mult.h:73->firmware/nnet_utils/nnet_dense_latency.h:42]   --->   Operation 392 'add' 'add_ln73_3' <Predicate = true> <Delay = 0.82> <CoreInst = "Adder">   --->   Core 1 'Adder' <Latency = 0> <II = 1> <Delay = 0.82> <FuncUnit> <Opcode : 'add' 'sub'> <InPorts = 2> <OutPorts = 1>
ST_1 : Operation 393 [1/1] (0.00ns)   --->   "%trunc_ln42_104 = partselect i15 @_ssdm_op_PartSelect.i15.i25.i32.i32, i25 %add_ln73_3, i32 10, i32 24" [firmware/nnet_utils/nnet_dense_latency.h:42]   --->   Operation 393 'partselect' 'trunc_ln42_104' <Predicate = true> <Delay = 0.00>
ST_1 : Operation 394 [1/1] (0.00ns)   --->   "%sext_ln42_44 = sext i15 %trunc_ln42_104" [firmware/nnet_utils/nnet_dense_latency.h:42]   --->   Operation 394 'sext' 'sext_ln42_44' <Predicate = true> <Delay = 0.00>
ST_1 : Operation 395 [1/1] (1.94ns)   --->   "%mul_ln73_85 = mul i26 %sext_ln70_43, i26 67108392" [firmware/nnet_utils/nnet_mult.h:73->firmware/nnet_utils/nnet_dense_latency.h:42]   --->   Operation 395 'mul' 'mul_ln73_85' <Predicate = true> <Delay = 1.94> <CoreInst = "Multiplier">   --->   Core 3 'Multiplier' <Latency = 0> <II = 1> <Delay = 1.94> <FuncUnit> <Opcode : 'mul'> <InPorts = 2> <OutPorts = 1>
ST_1 : Operation 396 [1/1] (0.00ns)   --->   "%trunc_ln42_105 = partselect i16 @_ssdm_op_PartSelect.i16.i26.i32.i32, i26 %mul_ln73_85, i32 10, i32 25" [firmware/nnet_utils/nnet_dense_latency.h:42]   --->   Operation 396 'partselect' 'trunc_ln42_105' <Predicate = true> <Delay = 0.00>
ST_1 : Operation 397 [1/1] (1.94ns)   --->   "%mul_ln73_86 = mul i26 %sext_ln70_43, i26 495" [firmware/nnet_utils/nnet_mult.h:73->firmware/nnet_utils/nnet_dense_latency.h:42]   --->   Operation 397 'mul' 'mul_ln73_86' <Predicate = true> <Delay = 1.94> <CoreInst = "Multiplier">   --->   Core 3 'Multiplier' <Latency = 0> <II = 1> <Delay = 1.94> <FuncUnit> <Opcode : 'mul'> <InPorts = 2> <OutPorts = 1>
ST_1 : Operation 398 [1/1] (0.00ns)   --->   "%trunc_ln42_106 = partselect i16 @_ssdm_op_PartSelect.i16.i26.i32.i32, i26 %mul_ln73_86, i32 10, i32 25" [firmware/nnet_utils/nnet_dense_latency.h:42]   --->   Operation 398 'partselect' 'trunc_ln42_106' <Predicate = true> <Delay = 0.00>
ST_1 : Operation 399 [1/1] (1.94ns)   --->   "%mul_ln73_87 = mul i26 %sext_ln70_43, i26 379" [firmware/nnet_utils/nnet_mult.h:73->firmware/nnet_utils/nnet_dense_latency.h:42]   --->   Operation 399 'mul' 'mul_ln73_87' <Predicate = true> <Delay = 1.94> <CoreInst = "Multiplier">   --->   Core 3 'Multiplier' <Latency = 0> <II = 1> <Delay = 1.94> <FuncUnit> <Opcode : 'mul'> <InPorts = 2> <OutPorts = 1>
ST_1 : Operation 400 [1/1] (0.00ns)   --->   "%trunc_ln42_107 = partselect i16 @_ssdm_op_PartSelect.i16.i26.i32.i32, i26 %mul_ln73_87, i32 10, i32 25" [firmware/nnet_utils/nnet_dense_latency.h:42]   --->   Operation 400 'partselect' 'trunc_ln42_107' <Predicate = true> <Delay = 0.00>
ST_1 : Operation 401 [1/1] (0.00ns)   --->   "%tmp_9054 = bitconcatenate i22 @_ssdm_op_BitConcatenate.i22.i16.i6, i16 %a_13, i6 0" [firmware/nnet_utils/nnet_mult.h:73->firmware/nnet_utils/nnet_dense_latency.h:42]   --->   Operation 401 'bitconcatenate' 'tmp_9054' <Predicate = true> <Delay = 0.00>
ST_1 : Operation 402 [1/1] (0.00ns)   --->   "%sext_ln73_41 = sext i22 %tmp_9054" [firmware/nnet_utils/nnet_mult.h:73->firmware/nnet_utils/nnet_dense_latency.h:42]   --->   Operation 402 'sext' 'sext_ln73_41' <Predicate = true> <Delay = 0.00>
ST_1 : Operation 403 [1/1] (0.00ns)   --->   "%tmp_9055 = bitconcatenate i17 @_ssdm_op_BitConcatenate.i17.i16.i1, i16 %a_13, i1 0" [firmware/nnet_utils/nnet_mult.h:73->firmware/nnet_utils/nnet_dense_latency.h:42]   --->   Operation 403 'bitconcatenate' 'tmp_9055' <Predicate = true> <Delay = 0.00>
ST_1 : Operation 404 [1/1] (0.00ns)   --->   "%sext_ln73_42 = sext i17 %tmp_9055" [firmware/nnet_utils/nnet_mult.h:73->firmware/nnet_utils/nnet_dense_latency.h:42]   --->   Operation 404 'sext' 'sext_ln73_42' <Predicate = true> <Delay = 0.00>
ST_1 : Operation 405 [1/1] (0.82ns)   --->   "%add_ln73_4 = add i24 %sext_ln73_41, i24 %sext_ln73_42" [firmware/nnet_utils/nnet_mult.h:73->firmware/nnet_utils/nnet_dense_latency.h:42]   --->   Operation 405 'add' 'add_ln73_4' <Predicate = true> <Delay = 0.82> <CoreInst = "Adder">   --->   Core 1 'Adder' <Latency = 0> <II = 1> <Delay = 0.82> <FuncUnit> <Opcode : 'add' 'sub'> <InPorts = 2> <OutPorts = 1>
ST_1 : Operation 406 [1/1] (0.00ns)   --->   "%trunc_ln42_108 = partselect i14 @_ssdm_op_PartSelect.i14.i24.i32.i32, i24 %add_ln73_4, i32 10, i32 23" [firmware/nnet_utils/nnet_dense_latency.h:42]   --->   Operation 406 'partselect' 'trunc_ln42_108' <Predicate = true> <Delay = 0.00>
ST_1 : Operation 407 [1/1] (0.00ns)   --->   "%sext_ln42_45 = sext i14 %trunc_ln42_108" [firmware/nnet_utils/nnet_dense_latency.h:42]   --->   Operation 407 'sext' 'sext_ln42_45' <Predicate = true> <Delay = 0.00>
ST_1 : Operation 408 [1/1] (1.94ns)   --->   "%mul_ln73_88 = mul i26 %sext_ln70_43, i26 67108599" [firmware/nnet_utils/nnet_mult.h:73->firmware/nnet_utils/nnet_dense_latency.h:42]   --->   Operation 408 'mul' 'mul_ln73_88' <Predicate = true> <Delay = 1.94> <CoreInst = "Multiplier">   --->   Core 3 'Multiplier' <Latency = 0> <II = 1> <Delay = 1.94> <FuncUnit> <Opcode : 'mul'> <InPorts = 2> <OutPorts = 1>
ST_1 : Operation 409 [1/1] (0.00ns)   --->   "%trunc_ln42_109 = partselect i16 @_ssdm_op_PartSelect.i16.i26.i32.i32, i26 %mul_ln73_88, i32 10, i32 25" [firmware/nnet_utils/nnet_dense_latency.h:42]   --->   Operation 409 'partselect' 'trunc_ln42_109' <Predicate = true> <Delay = 0.00>
ST_1 : Operation 410 [1/1] (1.94ns)   --->   "%mul_ln73_89 = mul i25 %sext_ln70_44, i25 143" [firmware/nnet_utils/nnet_mult.h:73->firmware/nnet_utils/nnet_dense_latency.h:42]   --->   Operation 410 'mul' 'mul_ln73_89' <Predicate = true> <Delay = 1.94> <CoreInst = "Multiplier">   --->   Core 3 'Multiplier' <Latency = 0> <II = 1> <Delay = 1.94> <FuncUnit> <Opcode : 'mul'> <InPorts = 2> <OutPorts = 1>
ST_1 : Operation 411 [1/1] (0.00ns)   --->   "%trunc_ln42_110 = partselect i15 @_ssdm_op_PartSelect.i15.i25.i32.i32, i25 %mul_ln73_89, i32 10, i32 24" [firmware/nnet_utils/nnet_dense_latency.h:42]   --->   Operation 411 'partselect' 'trunc_ln42_110' <Predicate = true> <Delay = 0.00>
ST_1 : Operation 412 [1/1] (0.00ns)   --->   "%sext_ln42_46 = sext i15 %trunc_ln42_110" [firmware/nnet_utils/nnet_dense_latency.h:42]   --->   Operation 412 'sext' 'sext_ln42_46' <Predicate = true> <Delay = 0.00>
ST_1 : Operation 413 [1/1] (0.00ns)   --->   "%a_14 = partselect i16 @_ssdm_op_PartSelect.i16.i256.i32.i32, i256 %data_val_read, i32 224, i32 239"   --->   Operation 413 'partselect' 'a_14' <Predicate = true> <Delay = 0.00>
ST_1 : Operation 414 [1/1] (0.00ns)   --->   "%sext_ln70_45 = sext i16 %a_14" [firmware/nnet_utils/nnet_mult.h:70->firmware/nnet_utils/nnet_dense_latency.h:42]   --->   Operation 414 'sext' 'sext_ln70_45' <Predicate = true> <Delay = 0.00>
ST_1 : Operation 415 [1/1] (0.00ns)   --->   "%sext_ln70_46 = sext i16 %a_14" [firmware/nnet_utils/nnet_mult.h:70->firmware/nnet_utils/nnet_dense_latency.h:42]   --->   Operation 415 'sext' 'sext_ln70_46' <Predicate = true> <Delay = 0.00>
ST_1 : Operation 416 [1/1] (0.00ns)   --->   "%sext_ln70_47 = sext i16 %a_14" [firmware/nnet_utils/nnet_mult.h:70->firmware/nnet_utils/nnet_dense_latency.h:42]   --->   Operation 416 'sext' 'sext_ln70_47' <Predicate = true> <Delay = 0.00>
ST_1 : Operation 417 [1/1] (1.94ns)   --->   "%mul_ln73_90 = mul i26 %sext_ln70_47, i26 301" [firmware/nnet_utils/nnet_mult.h:73->firmware/nnet_utils/nnet_dense_latency.h:42]   --->   Operation 417 'mul' 'mul_ln73_90' <Predicate = true> <Delay = 1.94> <CoreInst = "Multiplier">   --->   Core 3 'Multiplier' <Latency = 0> <II = 1> <Delay = 1.94> <FuncUnit> <Opcode : 'mul'> <InPorts = 2> <OutPorts = 1>
ST_1 : Operation 418 [1/1] (0.00ns)   --->   "%trunc_ln42_111 = partselect i16 @_ssdm_op_PartSelect.i16.i26.i32.i32, i26 %mul_ln73_90, i32 10, i32 25" [firmware/nnet_utils/nnet_dense_latency.h:42]   --->   Operation 418 'partselect' 'trunc_ln42_111' <Predicate = true> <Delay = 0.00>
ST_1 : Operation 419 [1/1] (0.00ns)   --->   "%tmp_9056 = bitconcatenate i24 @_ssdm_op_BitConcatenate.i24.i16.i8, i16 %a_14, i8 0" [firmware/nnet_utils/nnet_mult.h:73->firmware/nnet_utils/nnet_dense_latency.h:42]   --->   Operation 419 'bitconcatenate' 'tmp_9056' <Predicate = true> <Delay = 0.00>
ST_1 : Operation 420 [1/1] (0.00ns)   --->   "%sext_ln73_43 = sext i24 %tmp_9056" [firmware/nnet_utils/nnet_mult.h:73->firmware/nnet_utils/nnet_dense_latency.h:42]   --->   Operation 420 'sext' 'sext_ln73_43' <Predicate = true> <Delay = 0.00>
ST_1 : Operation 421 [1/1] (0.83ns)   --->   "%sub_ln73_18 = sub i25 0, i25 %sext_ln73_43" [firmware/nnet_utils/nnet_mult.h:73->firmware/nnet_utils/nnet_dense_latency.h:42]   --->   Operation 421 'sub' 'sub_ln73_18' <Predicate = true> <Delay = 0.83> <CoreInst = "Adder">   --->   Core 1 'Adder' <Latency = 0> <II = 1> <Delay = 0.83> <FuncUnit> <Opcode : 'add' 'sub'> <InPorts = 2> <OutPorts = 1>
ST_1 : Operation 422 [1/1] (0.00ns)   --->   "%trunc_ln42_112 = partselect i15 @_ssdm_op_PartSelect.i15.i25.i32.i32, i25 %sub_ln73_18, i32 10, i32 24" [firmware/nnet_utils/nnet_dense_latency.h:42]   --->   Operation 422 'partselect' 'trunc_ln42_112' <Predicate = true> <Delay = 0.00>
ST_1 : Operation 423 [1/1] (0.00ns)   --->   "%sext_ln42_47 = sext i15 %trunc_ln42_112" [firmware/nnet_utils/nnet_dense_latency.h:42]   --->   Operation 423 'sext' 'sext_ln42_47' <Predicate = true> <Delay = 0.00>
ST_1 : Operation 424 [1/1] (0.00ns)   --->   "%tmp_9057 = bitconcatenate i23 @_ssdm_op_BitConcatenate.i23.i16.i7, i16 %a_14, i7 0" [firmware/nnet_utils/nnet_mult.h:73->firmware/nnet_utils/nnet_dense_latency.h:42]   --->   Operation 424 'bitconcatenate' 'tmp_9057' <Predicate = true> <Delay = 0.00>
ST_1 : Operation 425 [1/1] (0.00ns)   --->   "%sext_ln73_44 = sext i23 %tmp_9057" [firmware/nnet_utils/nnet_mult.h:73->firmware/nnet_utils/nnet_dense_latency.h:42]   --->   Operation 425 'sext' 'sext_ln73_44' <Predicate = true> <Delay = 0.00>
ST_1 : Operation 426 [1/1] (0.00ns)   --->   "%tmp_9058 = bitconcatenate i21 @_ssdm_op_BitConcatenate.i21.i16.i5, i16 %a_14, i5 0" [firmware/nnet_utils/nnet_mult.h:73->firmware/nnet_utils/nnet_dense_latency.h:42]   --->   Operation 426 'bitconcatenate' 'tmp_9058' <Predicate = true> <Delay = 0.00>
ST_1 : Operation 427 [1/1] (0.00ns)   --->   "%sext_ln73_45 = sext i21 %tmp_9058" [firmware/nnet_utils/nnet_mult.h:73->firmware/nnet_utils/nnet_dense_latency.h:42]   --->   Operation 427 'sext' 'sext_ln73_45' <Predicate = true> <Delay = 0.00>
ST_1 : Operation 428 [1/1] (0.82ns)   --->   "%sub_ln73_19 = sub i24 %sext_ln73_45, i24 %sext_ln73_44" [firmware/nnet_utils/nnet_mult.h:73->firmware/nnet_utils/nnet_dense_latency.h:42]   --->   Operation 428 'sub' 'sub_ln73_19' <Predicate = true> <Delay = 0.82> <CoreInst = "Adder">   --->   Core 1 'Adder' <Latency = 0> <II = 1> <Delay = 0.82> <FuncUnit> <Opcode : 'add' 'sub'> <InPorts = 2> <OutPorts = 1>
ST_1 : Operation 429 [1/1] (0.00ns)   --->   "%trunc_ln42_113 = partselect i14 @_ssdm_op_PartSelect.i14.i24.i32.i32, i24 %sub_ln73_19, i32 10, i32 23" [firmware/nnet_utils/nnet_dense_latency.h:42]   --->   Operation 429 'partselect' 'trunc_ln42_113' <Predicate = true> <Delay = 0.00>
ST_1 : Operation 430 [1/1] (0.00ns)   --->   "%sext_ln42_48 = sext i14 %trunc_ln42_113" [firmware/nnet_utils/nnet_dense_latency.h:42]   --->   Operation 430 'sext' 'sext_ln42_48' <Predicate = true> <Delay = 0.00>
ST_1 : Operation 431 [1/1] (0.00ns)   --->   "%sext_ln73_46 = sext i21 %tmp_9058" [firmware/nnet_utils/nnet_mult.h:73->firmware/nnet_utils/nnet_dense_latency.h:42]   --->   Operation 431 'sext' 'sext_ln73_46' <Predicate = true> <Delay = 0.00>
ST_1 : Operation 432 [1/1] (0.00ns)   --->   "%tmp_9059 = bitconcatenate i17 @_ssdm_op_BitConcatenate.i17.i16.i1, i16 %a_14, i1 0" [firmware/nnet_utils/nnet_mult.h:73->firmware/nnet_utils/nnet_dense_latency.h:42]   --->   Operation 432 'bitconcatenate' 'tmp_9059' <Predicate = true> <Delay = 0.00>
ST_1 : Operation 433 [1/1] (0.00ns)   --->   "%sext_ln73_47 = sext i17 %tmp_9059" [firmware/nnet_utils/nnet_mult.h:73->firmware/nnet_utils/nnet_dense_latency.h:42]   --->   Operation 433 'sext' 'sext_ln73_47' <Predicate = true> <Delay = 0.00>
ST_1 : Operation 434 [1/1] (0.81ns)   --->   "%sub_ln73_20 = sub i22 %sext_ln73_46, i22 %sext_ln73_47" [firmware/nnet_utils/nnet_mult.h:73->firmware/nnet_utils/nnet_dense_latency.h:42]   --->   Operation 434 'sub' 'sub_ln73_20' <Predicate = true> <Delay = 0.81> <CoreInst = "Adder">   --->   Core 1 'Adder' <Latency = 0> <II = 1> <Delay = 0.81> <FuncUnit> <Opcode : 'add' 'sub'> <InPorts = 2> <OutPorts = 1>
ST_1 : Operation 435 [1/1] (0.00ns)   --->   "%trunc_ln42_114 = partselect i12 @_ssdm_op_PartSelect.i12.i22.i32.i32, i22 %sub_ln73_20, i32 10, i32 21" [firmware/nnet_utils/nnet_dense_latency.h:42]   --->   Operation 435 'partselect' 'trunc_ln42_114' <Predicate = true> <Delay = 0.00>
ST_1 : Operation 436 [1/1] (0.00ns)   --->   "%sext_ln73_48 = sext i12 %trunc_ln42_114" [firmware/nnet_utils/nnet_mult.h:73->firmware/nnet_utils/nnet_dense_latency.h:42]   --->   Operation 436 'sext' 'sext_ln73_48' <Predicate = true> <Delay = 0.00>
ST_1 : Operation 437 [1/1] (1.94ns)   --->   "%mul_ln73_91 = mul i23 %sext_ln70_45, i23 8388567" [firmware/nnet_utils/nnet_mult.h:73->firmware/nnet_utils/nnet_dense_latency.h:42]   --->   Operation 437 'mul' 'mul_ln73_91' <Predicate = true> <Delay = 1.94> <CoreInst = "Multiplier">   --->   Core 3 'Multiplier' <Latency = 0> <II = 1> <Delay = 1.94> <FuncUnit> <Opcode : 'mul'> <InPorts = 2> <OutPorts = 1>
ST_1 : Operation 438 [1/1] (0.00ns)   --->   "%trunc_ln42_115 = partselect i13 @_ssdm_op_PartSelect.i13.i23.i32.i32, i23 %mul_ln73_91, i32 10, i32 22" [firmware/nnet_utils/nnet_dense_latency.h:42]   --->   Operation 438 'partselect' 'trunc_ln42_115' <Predicate = true> <Delay = 0.00>
ST_1 : Operation 439 [1/1] (0.00ns)   --->   "%sext_ln42_49 = sext i13 %trunc_ln42_115" [firmware/nnet_utils/nnet_dense_latency.h:42]   --->   Operation 439 'sext' 'sext_ln42_49' <Predicate = true> <Delay = 0.00>
ST_1 : Operation 440 [1/1] (1.94ns)   --->   "%mul_ln73_92 = mul i24 %sext_ln70_46, i24 77" [firmware/nnet_utils/nnet_mult.h:73->firmware/nnet_utils/nnet_dense_latency.h:42]   --->   Operation 440 'mul' 'mul_ln73_92' <Predicate = true> <Delay = 1.94> <CoreInst = "Multiplier">   --->   Core 3 'Multiplier' <Latency = 0> <II = 1> <Delay = 1.94> <FuncUnit> <Opcode : 'mul'> <InPorts = 2> <OutPorts = 1>
ST_1 : Operation 441 [1/1] (0.00ns)   --->   "%trunc_ln42_116 = partselect i14 @_ssdm_op_PartSelect.i14.i24.i32.i32, i24 %mul_ln73_92, i32 10, i32 23" [firmware/nnet_utils/nnet_dense_latency.h:42]   --->   Operation 441 'partselect' 'trunc_ln42_116' <Predicate = true> <Delay = 0.00>
ST_1 : Operation 442 [1/1] (0.00ns)   --->   "%sext_ln73_49 = sext i14 %trunc_ln42_116" [firmware/nnet_utils/nnet_mult.h:73->firmware/nnet_utils/nnet_dense_latency.h:42]   --->   Operation 442 'sext' 'sext_ln73_49' <Predicate = true> <Delay = 0.00>
ST_1 : Operation 443 [1/1] (1.94ns)   --->   "%mul_ln73_93 = mul i26 %sext_ln70_47, i26 67108521" [firmware/nnet_utils/nnet_mult.h:73->firmware/nnet_utils/nnet_dense_latency.h:42]   --->   Operation 443 'mul' 'mul_ln73_93' <Predicate = true> <Delay = 1.94> <CoreInst = "Multiplier">   --->   Core 3 'Multiplier' <Latency = 0> <II = 1> <Delay = 1.94> <FuncUnit> <Opcode : 'mul'> <InPorts = 2> <OutPorts = 1>
ST_1 : Operation 444 [1/1] (0.00ns)   --->   "%trunc_ln42_117 = partselect i16 @_ssdm_op_PartSelect.i16.i26.i32.i32, i26 %mul_ln73_93, i32 10, i32 25" [firmware/nnet_utils/nnet_dense_latency.h:42]   --->   Operation 444 'partselect' 'trunc_ln42_117' <Predicate = true> <Delay = 0.00>
ST_1 : Operation 445 [1/1] (0.00ns)   --->   "%tmp_9060 = bitconcatenate i19 @_ssdm_op_BitConcatenate.i19.i16.i3, i16 %a_14, i3 0" [firmware/nnet_utils/nnet_mult.h:73->firmware/nnet_utils/nnet_dense_latency.h:42]   --->   Operation 445 'bitconcatenate' 'tmp_9060' <Predicate = true> <Delay = 0.00>
ST_1 : Operation 446 [1/1] (0.00ns)   --->   "%sext_ln73_50 = sext i19 %tmp_9060" [firmware/nnet_utils/nnet_mult.h:73->firmware/nnet_utils/nnet_dense_latency.h:42]   --->   Operation 446 'sext' 'sext_ln73_50' <Predicate = true> <Delay = 0.00>
ST_1 : Operation 447 [1/1] (0.00ns)   --->   "%sext_ln73_51 = sext i17 %tmp_9059" [firmware/nnet_utils/nnet_mult.h:73->firmware/nnet_utils/nnet_dense_latency.h:42]   --->   Operation 447 'sext' 'sext_ln73_51' <Predicate = true> <Delay = 0.00>
ST_1 : Operation 448 [1/1] (0.80ns)   --->   "%sub_ln73_21 = sub i20 %sext_ln73_50, i20 %sext_ln73_51" [firmware/nnet_utils/nnet_mult.h:73->firmware/nnet_utils/nnet_dense_latency.h:42]   --->   Operation 448 'sub' 'sub_ln73_21' <Predicate = true> <Delay = 0.80> <CoreInst = "Adder">   --->   Core 1 'Adder' <Latency = 0> <II = 1> <Delay = 0.80> <FuncUnit> <Opcode : 'add' 'sub'> <InPorts = 2> <OutPorts = 1>
ST_1 : Operation 449 [1/1] (0.00ns)   --->   "%trunc_ln42_118 = partselect i10 @_ssdm_op_PartSelect.i10.i20.i32.i32, i20 %sub_ln73_21, i32 10, i32 19" [firmware/nnet_utils/nnet_dense_latency.h:42]   --->   Operation 449 'partselect' 'trunc_ln42_118' <Predicate = true> <Delay = 0.00>
ST_1 : Operation 450 [1/1] (0.00ns)   --->   "%sext_ln42_50 = sext i10 %trunc_ln42_118" [firmware/nnet_utils/nnet_dense_latency.h:42]   --->   Operation 450 'sext' 'sext_ln42_50' <Predicate = true> <Delay = 0.00>
ST_1 : Operation 451 [1/1] (0.00ns)   --->   "%a_15 = partselect i16 @_ssdm_op_PartSelect.i16.i256.i32.i32, i256 %data_val_read, i32 240, i32 255"   --->   Operation 451 'partselect' 'a_15' <Predicate = true> <Delay = 0.00>
ST_1 : Operation 452 [1/1] (0.00ns)   --->   "%sext_ln70_48 = sext i16 %a_15" [firmware/nnet_utils/nnet_mult.h:70->firmware/nnet_utils/nnet_dense_latency.h:42]   --->   Operation 452 'sext' 'sext_ln70_48' <Predicate = true> <Delay = 0.00>
ST_1 : Operation 453 [1/1] (0.00ns)   --->   "%sext_ln70_49 = sext i16 %a_15" [firmware/nnet_utils/nnet_mult.h:70->firmware/nnet_utils/nnet_dense_latency.h:42]   --->   Operation 453 'sext' 'sext_ln70_49' <Predicate = true> <Delay = 0.00>
ST_1 : Operation 454 [1/1] (0.00ns)   --->   "%sext_ln70_50 = sext i16 %a_15" [firmware/nnet_utils/nnet_mult.h:70->firmware/nnet_utils/nnet_dense_latency.h:42]   --->   Operation 454 'sext' 'sext_ln70_50' <Predicate = true> <Delay = 0.00>
ST_1 : Operation 455 [1/1] (1.94ns)   --->   "%mul_ln73_94 = mul i25 %sext_ln70_50, i25 226" [firmware/nnet_utils/nnet_mult.h:73->firmware/nnet_utils/nnet_dense_latency.h:42]   --->   Operation 455 'mul' 'mul_ln73_94' <Predicate = true> <Delay = 1.94> <CoreInst = "Multiplier">   --->   Core 3 'Multiplier' <Latency = 0> <II = 1> <Delay = 1.94> <FuncUnit> <Opcode : 'mul'> <InPorts = 2> <OutPorts = 1>
ST_1 : Operation 456 [1/1] (0.00ns)   --->   "%trunc_ln42_119 = partselect i15 @_ssdm_op_PartSelect.i15.i25.i32.i32, i25 %mul_ln73_94, i32 10, i32 24" [firmware/nnet_utils/nnet_dense_latency.h:42]   --->   Operation 456 'partselect' 'trunc_ln42_119' <Predicate = true> <Delay = 0.00>
ST_1 : Operation 457 [1/1] (0.00ns)   --->   "%sext_ln42_51 = sext i15 %trunc_ln42_119" [firmware/nnet_utils/nnet_dense_latency.h:42]   --->   Operation 457 'sext' 'sext_ln42_51' <Predicate = true> <Delay = 0.00>
ST_1 : Operation 458 [1/1] (0.00ns)   --->   "%tmp_9061 = bitconcatenate i22 @_ssdm_op_BitConcatenate.i22.i16.i6, i16 %a_15, i6 0" [firmware/nnet_utils/nnet_mult.h:73->firmware/nnet_utils/nnet_dense_latency.h:42]   --->   Operation 458 'bitconcatenate' 'tmp_9061' <Predicate = true> <Delay = 0.00>
ST_1 : Operation 459 [1/1] (0.00ns)   --->   "%sext_ln73_52 = sext i22 %tmp_9061" [firmware/nnet_utils/nnet_mult.h:73->firmware/nnet_utils/nnet_dense_latency.h:42]   --->   Operation 459 'sext' 'sext_ln73_52' <Predicate = true> <Delay = 0.00>
ST_1 : Operation 460 [1/1] (0.00ns) (grouped into TernaryAdder)   --->   "%sub_ln73_22 = sub i24 0, i24 %sext_ln73_52" [firmware/nnet_utils/nnet_mult.h:73->firmware/nnet_utils/nnet_dense_latency.h:42]   --->   Operation 460 'sub' 'sub_ln73_22' <Predicate = true> <Delay = 0.00> <CoreInst = "TAddSub">   --->   Core 10 'TAddSub' <Latency = 0> <II = 1> <Delay = 0.33> <IPBlock> <Opcode : '' 'add' 'sub'> <InPorts = 3> <OutPorts = 1> <Sync> <CReg>
ST_1 : Operation 461 [1/1] (0.00ns)   --->   "%tmp_9062 = bitconcatenate i18 @_ssdm_op_BitConcatenate.i18.i16.i2, i16 %a_15, i2 0" [firmware/nnet_utils/nnet_mult.h:73->firmware/nnet_utils/nnet_dense_latency.h:42]   --->   Operation 461 'bitconcatenate' 'tmp_9062' <Predicate = true> <Delay = 0.00>
ST_1 : Operation 462 [1/1] (0.00ns)   --->   "%sext_ln73_53 = sext i18 %tmp_9062" [firmware/nnet_utils/nnet_mult.h:73->firmware/nnet_utils/nnet_dense_latency.h:42]   --->   Operation 462 'sext' 'sext_ln73_53' <Predicate = true> <Delay = 0.00>
ST_1 : Operation 463 [1/1] (0.70ns) (root node of TernaryAdder)   --->   "%sub_ln73_23 = sub i24 %sub_ln73_22, i24 %sext_ln73_53" [firmware/nnet_utils/nnet_mult.h:73->firmware/nnet_utils/nnet_dense_latency.h:42]   --->   Operation 463 'sub' 'sub_ln73_23' <Predicate = true> <Delay = 0.70> <CoreInst = "TAddSub">   --->   Core 10 'TAddSub' <Latency = 0> <II = 1> <Delay = 0.33> <IPBlock> <Opcode : '' 'add' 'sub'> <InPorts = 3> <OutPorts = 1> <Sync> <CReg>
ST_1 : Operation 464 [1/1] (0.00ns)   --->   "%trunc_ln42_120 = partselect i14 @_ssdm_op_PartSelect.i14.i24.i32.i32, i24 %sub_ln73_23, i32 10, i32 23" [firmware/nnet_utils/nnet_dense_latency.h:42]   --->   Operation 464 'partselect' 'trunc_ln42_120' <Predicate = true> <Delay = 0.00>
ST_1 : Operation 465 [1/1] (0.00ns)   --->   "%sext_ln73_54 = sext i14 %trunc_ln42_120" [firmware/nnet_utils/nnet_mult.h:73->firmware/nnet_utils/nnet_dense_latency.h:42]   --->   Operation 465 'sext' 'sext_ln73_54' <Predicate = true> <Delay = 0.00>
ST_1 : Operation 466 [1/1] (1.94ns)   --->   "%mul_ln73_95 = mul i25 %sext_ln70_50, i25 163" [firmware/nnet_utils/nnet_mult.h:73->firmware/nnet_utils/nnet_dense_latency.h:42]   --->   Operation 466 'mul' 'mul_ln73_95' <Predicate = true> <Delay = 1.94> <CoreInst = "Multiplier">   --->   Core 3 'Multiplier' <Latency = 0> <II = 1> <Delay = 1.94> <FuncUnit> <Opcode : 'mul'> <InPorts = 2> <OutPorts = 1>
ST_1 : Operation 467 [1/1] (0.00ns)   --->   "%trunc_ln42_121 = partselect i15 @_ssdm_op_PartSelect.i15.i25.i32.i32, i25 %mul_ln73_95, i32 10, i32 24" [firmware/nnet_utils/nnet_dense_latency.h:42]   --->   Operation 467 'partselect' 'trunc_ln42_121' <Predicate = true> <Delay = 0.00>
ST_1 : Operation 468 [1/1] (0.00ns)   --->   "%sext_ln42_52 = sext i15 %trunc_ln42_121" [firmware/nnet_utils/nnet_dense_latency.h:42]   --->   Operation 468 'sext' 'sext_ln42_52' <Predicate = true> <Delay = 0.00>
ST_1 : Operation 469 [1/1] (0.00ns)   --->   "%tmp_9063 = bitconcatenate i20 @_ssdm_op_BitConcatenate.i20.i16.i4, i16 %a_15, i4 0" [firmware/nnet_utils/nnet_mult.h:73->firmware/nnet_utils/nnet_dense_latency.h:42]   --->   Operation 469 'bitconcatenate' 'tmp_9063' <Predicate = true> <Delay = 0.00>
ST_1 : Operation 470 [1/1] (0.00ns)   --->   "%sext_ln73_55 = sext i20 %tmp_9063" [firmware/nnet_utils/nnet_mult.h:73->firmware/nnet_utils/nnet_dense_latency.h:42]   --->   Operation 470 'sext' 'sext_ln73_55' <Predicate = true> <Delay = 0.00>
ST_1 : Operation 471 [1/1] (0.00ns) (grouped into TernaryAdder)   --->   "%sub_ln73_24 = sub i22 0, i22 %sext_ln73_55" [firmware/nnet_utils/nnet_mult.h:73->firmware/nnet_utils/nnet_dense_latency.h:42]   --->   Operation 471 'sub' 'sub_ln73_24' <Predicate = true> <Delay = 0.00> <CoreInst = "TAddSub">   --->   Core 10 'TAddSub' <Latency = 0> <II = 1> <Delay = 0.33> <IPBlock> <Opcode : '' 'add' 'sub'> <InPorts = 3> <OutPorts = 1> <Sync> <CReg>
ST_1 : Operation 472 [1/1] (0.00ns)   --->   "%sext_ln73_56 = sext i18 %tmp_9062" [firmware/nnet_utils/nnet_mult.h:73->firmware/nnet_utils/nnet_dense_latency.h:42]   --->   Operation 472 'sext' 'sext_ln73_56' <Predicate = true> <Delay = 0.00>
ST_1 : Operation 473 [1/1] (0.69ns) (root node of TernaryAdder)   --->   "%sub_ln73_25 = sub i22 %sub_ln73_24, i22 %sext_ln73_56" [firmware/nnet_utils/nnet_mult.h:73->firmware/nnet_utils/nnet_dense_latency.h:42]   --->   Operation 473 'sub' 'sub_ln73_25' <Predicate = true> <Delay = 0.69> <CoreInst = "TAddSub">   --->   Core 10 'TAddSub' <Latency = 0> <II = 1> <Delay = 0.33> <IPBlock> <Opcode : '' 'add' 'sub'> <InPorts = 3> <OutPorts = 1> <Sync> <CReg>
ST_1 : Operation 474 [1/1] (0.00ns)   --->   "%trunc_ln42_122 = partselect i12 @_ssdm_op_PartSelect.i12.i22.i32.i32, i22 %sub_ln73_25, i32 10, i32 21" [firmware/nnet_utils/nnet_dense_latency.h:42]   --->   Operation 474 'partselect' 'trunc_ln42_122' <Predicate = true> <Delay = 0.00>
ST_1 : Operation 475 [1/1] (0.00ns)   --->   "%sext_ln73_57 = sext i12 %trunc_ln42_122" [firmware/nnet_utils/nnet_mult.h:73->firmware/nnet_utils/nnet_dense_latency.h:42]   --->   Operation 475 'sext' 'sext_ln73_57' <Predicate = true> <Delay = 0.00>
ST_1 : Operation 476 [1/1] (1.94ns)   --->   "%mul_ln73_96 = mul i26 %sext_ln70_49, i26 67108487" [firmware/nnet_utils/nnet_mult.h:73->firmware/nnet_utils/nnet_dense_latency.h:42]   --->   Operation 476 'mul' 'mul_ln73_96' <Predicate = true> <Delay = 1.94> <CoreInst = "Multiplier">   --->   Core 3 'Multiplier' <Latency = 0> <II = 1> <Delay = 1.94> <FuncUnit> <Opcode : 'mul'> <InPorts = 2> <OutPorts = 1>
ST_1 : Operation 477 [1/1] (0.00ns)   --->   "%trunc_ln42_123 = partselect i16 @_ssdm_op_PartSelect.i16.i26.i32.i32, i26 %mul_ln73_96, i32 10, i32 25" [firmware/nnet_utils/nnet_dense_latency.h:42]   --->   Operation 477 'partselect' 'trunc_ln42_123' <Predicate = true> <Delay = 0.00>
ST_1 : Operation 478 [1/1] (1.94ns)   --->   "%mul_ln73_97 = mul i23 %sext_ln70_48, i23 8388549" [firmware/nnet_utils/nnet_mult.h:73->firmware/nnet_utils/nnet_dense_latency.h:42]   --->   Operation 478 'mul' 'mul_ln73_97' <Predicate = true> <Delay = 1.94> <CoreInst = "Multiplier">   --->   Core 3 'Multiplier' <Latency = 0> <II = 1> <Delay = 1.94> <FuncUnit> <Opcode : 'mul'> <InPorts = 2> <OutPorts = 1>
ST_1 : Operation 479 [1/1] (0.00ns)   --->   "%trunc_ln42_124 = partselect i13 @_ssdm_op_PartSelect.i13.i23.i32.i32, i23 %mul_ln73_97, i32 10, i32 22" [firmware/nnet_utils/nnet_dense_latency.h:42]   --->   Operation 479 'partselect' 'trunc_ln42_124' <Predicate = true> <Delay = 0.00>
ST_1 : Operation 480 [1/1] (0.00ns)   --->   "%sext_ln73_58 = sext i13 %trunc_ln42_124" [firmware/nnet_utils/nnet_mult.h:73->firmware/nnet_utils/nnet_dense_latency.h:42]   --->   Operation 480 'sext' 'sext_ln73_58' <Predicate = true> <Delay = 0.00>
ST_1 : Operation 481 [1/1] (1.94ns)   --->   "%mul_ln73_98 = mul i26 %sext_ln70_49, i26 275" [firmware/nnet_utils/nnet_mult.h:73->firmware/nnet_utils/nnet_dense_latency.h:42]   --->   Operation 481 'mul' 'mul_ln73_98' <Predicate = true> <Delay = 1.94> <CoreInst = "Multiplier">   --->   Core 3 'Multiplier' <Latency = 0> <II = 1> <Delay = 1.94> <FuncUnit> <Opcode : 'mul'> <InPorts = 2> <OutPorts = 1>
ST_1 : Operation 482 [1/1] (0.00ns)   --->   "%trunc_ln42_125 = partselect i16 @_ssdm_op_PartSelect.i16.i26.i32.i32, i26 %mul_ln73_98, i32 10, i32 25" [firmware/nnet_utils/nnet_dense_latency.h:42]   --->   Operation 482 'partselect' 'trunc_ln42_125' <Predicate = true> <Delay = 0.00>
ST_1 : Operation 483 [1/1] (1.94ns)   --->   "%mul_ln73_99 = mul i26 %sext_ln70_49, i26 322" [firmware/nnet_utils/nnet_mult.h:73->firmware/nnet_utils/nnet_dense_latency.h:42]   --->   Operation 483 'mul' 'mul_ln73_99' <Predicate = true> <Delay = 1.94> <CoreInst = "Multiplier">   --->   Core 3 'Multiplier' <Latency = 0> <II = 1> <Delay = 1.94> <FuncUnit> <Opcode : 'mul'> <InPorts = 2> <OutPorts = 1>
ST_1 : Operation 484 [1/1] (0.00ns)   --->   "%trunc_ln42_126 = partselect i16 @_ssdm_op_PartSelect.i16.i26.i32.i32, i26 %mul_ln73_99, i32 10, i32 25" [firmware/nnet_utils/nnet_dense_latency.h:42]   --->   Operation 484 'partselect' 'trunc_ln42_126' <Predicate = true> <Delay = 0.00>
ST_1 : Operation 485 [1/1] (0.00ns) (grouped into TernaryAdder)   --->   "%add_ln58 = add i16 %trunc_ln42_8, i16 %sext_ln42" [firmware/nnet_utils/nnet_dense_latency.h:58]   --->   Operation 485 'add' 'add_ln58' <Predicate = true> <Delay = 0.00> <CoreInst = "TAddSub">   --->   Core 10 'TAddSub' <Latency = 0> <II = 1> <Delay = 0.33> <IPBlock> <Opcode : '' 'add' 'sub'> <InPorts = 3> <OutPorts = 1> <Sync> <CReg>
ST_1 : Operation 486 [1/1] (0.78ns)   --->   "%add_ln58_1 = add i16 %sext_ln42_6, i16 %trunc_ln42_23" [firmware/nnet_utils/nnet_dense_latency.h:58]   --->   Operation 486 'add' 'add_ln58_1' <Predicate = true> <Delay = 0.78> <CoreInst = "Adder">   --->   Core 1 'Adder' <Latency = 0> <II = 1> <Delay = 0.78> <FuncUnit> <Opcode : 'add' 'sub'> <InPorts = 2> <OutPorts = 1>
ST_1 : Operation 487 [1/1] (0.67ns) (root node of TernaryAdder)   --->   "%add_ln58_2 = add i16 %add_ln58_1, i16 %add_ln58" [firmware/nnet_utils/nnet_dense_latency.h:58]   --->   Operation 487 'add' 'add_ln58_2' <Predicate = true> <Delay = 0.67> <CoreInst = "TAddSub">   --->   Core 10 'TAddSub' <Latency = 0> <II = 1> <Delay = 0.33> <IPBlock> <Opcode : '' 'add' 'sub'> <InPorts = 3> <OutPorts = 1> <Sync> <CReg>
ST_1 : Operation 488 [1/1] (0.76ns)   --->   "%add_ln58_3 = add i15 %sext_ln73_8, i15 %sext_ln73_12" [firmware/nnet_utils/nnet_dense_latency.h:58]   --->   Operation 488 'add' 'add_ln58_3' <Predicate = true> <Delay = 0.76> <CoreInst = "Adder">   --->   Core 1 'Adder' <Latency = 0> <II = 1> <Delay = 0.76> <FuncUnit> <Opcode : 'add' 'sub'> <InPorts = 2> <OutPorts = 1>
ST_1 : Operation 489 [1/1] (0.00ns)   --->   "%sext_ln58 = sext i15 %add_ln58_3" [firmware/nnet_utils/nnet_dense_latency.h:58]   --->   Operation 489 'sext' 'sext_ln58' <Predicate = true> <Delay = 0.00>
ST_1 : Operation 490 [1/1] (0.00ns) (grouped into TernaryAdder)   --->   "%add_ln58_4 = add i16 %trunc_ln42_47, i16 %sext_ln42_23" [firmware/nnet_utils/nnet_dense_latency.h:58]   --->   Operation 490 'add' 'add_ln58_4' <Predicate = true> <Delay = 0.00> <CoreInst = "TAddSub">   --->   Core 10 'TAddSub' <Latency = 0> <II = 1> <Delay = 0.33> <IPBlock> <Opcode : '' 'add' 'sub'> <InPorts = 3> <OutPorts = 1> <Sync> <CReg>
ST_1 : Operation 491 [1/1] (0.67ns) (root node of TernaryAdder)   --->   "%add_ln58_5 = add i16 %add_ln58_4, i16 %sext_ln58" [firmware/nnet_utils/nnet_dense_latency.h:58]   --->   Operation 491 'add' 'add_ln58_5' <Predicate = true> <Delay = 0.67> <CoreInst = "TAddSub">   --->   Core 10 'TAddSub' <Latency = 0> <II = 1> <Delay = 0.33> <IPBlock> <Opcode : '' 'add' 'sub'> <InPorts = 3> <OutPorts = 1> <Sync> <CReg>
ST_1 : Operation 492 [1/1] (0.78ns)   --->   "%add_ln58_7 = add i16 %trunc_ln42_63, i16 %trunc_ln42_71" [firmware/nnet_utils/nnet_dense_latency.h:58]   --->   Operation 492 'add' 'add_ln58_7' <Predicate = true> <Delay = 0.78> <CoreInst = "Adder">   --->   Core 1 'Adder' <Latency = 0> <II = 1> <Delay = 0.78> <FuncUnit> <Opcode : 'add' 'sub'> <InPorts = 2> <OutPorts = 1>
ST_1 : Operation 493 [1/1] (0.77ns)   --->   "%add_ln58_8 = add i16 %sext_ln42_30, i16 %sext_ln42_35" [firmware/nnet_utils/nnet_dense_latency.h:58]   --->   Operation 493 'add' 'add_ln58_8' <Predicate = true> <Delay = 0.77> <CoreInst = "Adder">   --->   Core 1 'Adder' <Latency = 0> <II = 1> <Delay = 0.77> <FuncUnit> <Opcode : 'add' 'sub'> <InPorts = 2> <OutPorts = 1>
ST_1 : Operation 494 [1/1] (0.00ns) (grouped into TernaryAdder)   --->   "%add_ln58_10 = add i16 %trunc_ln42_95, i16 %sext_ln42_43" [firmware/nnet_utils/nnet_dense_latency.h:58]   --->   Operation 494 'add' 'add_ln58_10' <Predicate = true> <Delay = 0.00> <CoreInst = "TAddSub">   --->   Core 10 'TAddSub' <Latency = 0> <II = 1> <Delay = 0.33> <IPBlock> <Opcode : '' 'add' 'sub'> <InPorts = 3> <OutPorts = 1> <Sync> <CReg>
ST_1 : Operation 495 [1/1] (0.78ns)   --->   "%add_ln58_11 = add i16 %trunc_ln42_111, i16 %sext_ln42_51" [firmware/nnet_utils/nnet_dense_latency.h:58]   --->   Operation 495 'add' 'add_ln58_11' <Predicate = true> <Delay = 0.78> <CoreInst = "Adder">   --->   Core 1 'Adder' <Latency = 0> <II = 1> <Delay = 0.78> <FuncUnit> <Opcode : 'add' 'sub'> <InPorts = 2> <OutPorts = 1>
ST_1 : Operation 496 [1/1] (0.67ns) (root node of TernaryAdder)   --->   "%add_ln58_12 = add i16 %add_ln58_11, i16 %add_ln58_10" [firmware/nnet_utils/nnet_dense_latency.h:58]   --->   Operation 496 'add' 'add_ln58_12' <Predicate = true> <Delay = 0.67> <CoreInst = "TAddSub">   --->   Core 10 'TAddSub' <Latency = 0> <II = 1> <Delay = 0.33> <IPBlock> <Opcode : '' 'add' 'sub'> <InPorts = 3> <OutPorts = 1> <Sync> <CReg>
ST_1 : Operation 497 [1/1] (0.76ns)   --->   "%add_ln58_15 = add i15 %sext_ln73_3, i15 %sext_ln73" [firmware/nnet_utils/nnet_dense_latency.h:58]   --->   Operation 497 'add' 'add_ln58_15' <Predicate = true> <Delay = 0.76> <CoreInst = "Adder">   --->   Core 1 'Adder' <Latency = 0> <II = 1> <Delay = 0.76> <FuncUnit> <Opcode : 'add' 'sub'> <InPorts = 2> <OutPorts = 1>
ST_1 : Operation 498 [1/1] (0.00ns)   --->   "%sext_ln58_1 = sext i15 %add_ln58_15" [firmware/nnet_utils/nnet_dense_latency.h:58]   --->   Operation 498 'sext' 'sext_ln58_1' <Predicate = true> <Delay = 0.00>
ST_1 : Operation 499 [1/1] (0.00ns) (grouped into TernaryAdder)   --->   "%add_ln58_16 = add i16 %sext_ln42_7, i16 %sext_ln42_11" [firmware/nnet_utils/nnet_dense_latency.h:58]   --->   Operation 499 'add' 'add_ln58_16' <Predicate = true> <Delay = 0.00> <CoreInst = "TAddSub">   --->   Core 10 'TAddSub' <Latency = 0> <II = 1> <Delay = 0.33> <IPBlock> <Opcode : '' 'add' 'sub'> <InPorts = 3> <OutPorts = 1> <Sync> <CReg>
ST_1 : Operation 500 [1/1] (0.67ns) (root node of TernaryAdder)   --->   "%add_ln58_17 = add i16 %add_ln58_16, i16 %sext_ln58_1" [firmware/nnet_utils/nnet_dense_latency.h:58]   --->   Operation 500 'add' 'add_ln58_17' <Predicate = true> <Delay = 0.67> <CoreInst = "TAddSub">   --->   Core 10 'TAddSub' <Latency = 0> <II = 1> <Delay = 0.33> <IPBlock> <Opcode : '' 'add' 'sub'> <InPorts = 3> <OutPorts = 1> <Sync> <CReg>
ST_1 : Operation 501 [1/1] (0.00ns) (grouped into TernaryAdder)   --->   "%add_ln58_18 = add i16 %trunc_ln42_32, i16 %sext_ln42_17" [firmware/nnet_utils/nnet_dense_latency.h:58]   --->   Operation 501 'add' 'add_ln58_18' <Predicate = true> <Delay = 0.00> <CoreInst = "TAddSub">   --->   Core 10 'TAddSub' <Latency = 0> <II = 1> <Delay = 0.33> <IPBlock> <Opcode : '' 'add' 'sub'> <InPorts = 3> <OutPorts = 1> <Sync> <CReg>
ST_1 : Operation 502 [1/1] (0.76ns)   --->   "%add_ln58_19 = add i15 %sext_ln73_17, i15 %sext_ln73_19" [firmware/nnet_utils/nnet_dense_latency.h:58]   --->   Operation 502 'add' 'add_ln58_19' <Predicate = true> <Delay = 0.76> <CoreInst = "Adder">   --->   Core 1 'Adder' <Latency = 0> <II = 1> <Delay = 0.76> <FuncUnit> <Opcode : 'add' 'sub'> <InPorts = 2> <OutPorts = 1>
ST_1 : Operation 503 [1/1] (0.00ns)   --->   "%sext_ln58_2 = sext i15 %add_ln58_19" [firmware/nnet_utils/nnet_dense_latency.h:58]   --->   Operation 503 'sext' 'sext_ln58_2' <Predicate = true> <Delay = 0.00>
ST_1 : Operation 504 [1/1] (0.67ns) (root node of TernaryAdder)   --->   "%add_ln58_20 = add i16 %sext_ln58_2, i16 %add_ln58_18" [firmware/nnet_utils/nnet_dense_latency.h:58]   --->   Operation 504 'add' 'add_ln58_20' <Predicate = true> <Delay = 0.67> <CoreInst = "TAddSub">   --->   Core 10 'TAddSub' <Latency = 0> <II = 1> <Delay = 0.33> <IPBlock> <Opcode : '' 'add' 'sub'> <InPorts = 3> <OutPorts = 1> <Sync> <CReg>
ST_1 : Operation 505 [1/1] (0.78ns)   --->   "%add_ln58_22 = add i16 %trunc_ln42_64, i16 %trunc_ln42_72" [firmware/nnet_utils/nnet_dense_latency.h:58]   --->   Operation 505 'add' 'add_ln58_22' <Predicate = true> <Delay = 0.78> <CoreInst = "Adder">   --->   Core 1 'Adder' <Latency = 0> <II = 1> <Delay = 0.78> <FuncUnit> <Opcode : 'add' 'sub'> <InPorts = 2> <OutPorts = 1>
ST_1 : Operation 506 [1/1] (0.78ns)   --->   "%add_ln58_23 = add i16 %trunc_ln42_80, i16 %sext_ln42_39" [firmware/nnet_utils/nnet_dense_latency.h:58]   --->   Operation 506 'add' 'add_ln58_23' <Predicate = true> <Delay = 0.78> <CoreInst = "Adder">   --->   Core 1 'Adder' <Latency = 0> <II = 1> <Delay = 0.78> <FuncUnit> <Opcode : 'add' 'sub'> <InPorts = 2> <OutPorts = 1>
ST_1 : Operation 507 [1/1] (0.00ns) (grouped into TernaryAdder)   --->   "%add_ln58_24 = add i16 %add_ln58_23, i16 %add_ln58_22" [firmware/nnet_utils/nnet_dense_latency.h:58]   --->   Operation 507 'add' 'add_ln58_24' <Predicate = true> <Delay = 0.00> <CoreInst = "TAddSub">   --->   Core 10 'TAddSub' <Latency = 0> <II = 1> <Delay = 0.33> <IPBlock> <Opcode : '' 'add' 'sub'> <InPorts = 3> <OutPorts = 1> <Sync> <CReg>
ST_1 : Operation 508 [1/1] (0.00ns) (grouped into TernaryAdder)   --->   "%add_ln58_25 = add i16 %sext_ln42_44, i16 %sext_ln42_47" [firmware/nnet_utils/nnet_dense_latency.h:58]   --->   Operation 508 'add' 'add_ln58_25' <Predicate = true> <Delay = 0.00> <CoreInst = "TAddSub">   --->   Core 10 'TAddSub' <Latency = 0> <II = 1> <Delay = 0.33> <IPBlock> <Opcode : '' 'add' 'sub'> <InPorts = 3> <OutPorts = 1> <Sync> <CReg>
ST_1 : Operation 509 [1/1] (0.76ns)   --->   "%add_ln58_26 = add i15 %sext_ln73_54, i15 %sext_ln73_32" [firmware/nnet_utils/nnet_dense_latency.h:58]   --->   Operation 509 'add' 'add_ln58_26' <Predicate = true> <Delay = 0.76> <CoreInst = "Adder">   --->   Core 1 'Adder' <Latency = 0> <II = 1> <Delay = 0.76> <FuncUnit> <Opcode : 'add' 'sub'> <InPorts = 2> <OutPorts = 1>
ST_1 : Operation 510 [1/1] (0.00ns)   --->   "%sext_ln58_3 = sext i15 %add_ln58_26" [firmware/nnet_utils/nnet_dense_latency.h:58]   --->   Operation 510 'sext' 'sext_ln58_3' <Predicate = true> <Delay = 0.00>
ST_1 : Operation 511 [1/1] (0.67ns) (root node of TernaryAdder)   --->   "%add_ln58_27 = add i16 %sext_ln58_3, i16 %add_ln58_25" [firmware/nnet_utils/nnet_dense_latency.h:58]   --->   Operation 511 'add' 'add_ln58_27' <Predicate = true> <Delay = 0.67> <CoreInst = "TAddSub">   --->   Core 10 'TAddSub' <Latency = 0> <II = 1> <Delay = 0.33> <IPBlock> <Opcode : '' 'add' 'sub'> <InPorts = 3> <OutPorts = 1> <Sync> <CReg>
ST_1 : Operation 512 [1/1] (0.67ns) (root node of TernaryAdder)   --->   "%add_ln58_28 = add i16 %add_ln58_27, i16 %add_ln58_24" [firmware/nnet_utils/nnet_dense_latency.h:58]   --->   Operation 512 'add' 'add_ln58_28' <Predicate = true> <Delay = 0.67> <CoreInst = "TAddSub">   --->   Core 10 'TAddSub' <Latency = 0> <II = 1> <Delay = 0.33> <IPBlock> <Opcode : '' 'add' 'sub'> <InPorts = 3> <OutPorts = 1> <Sync> <CReg>
ST_1 : Operation 513 [1/1] (0.00ns) (grouped into TernaryAdder)   --->   "%add_ln58_30 = add i16 %trunc_ln42_7, i16 %trunc_ln42_2" [firmware/nnet_utils/nnet_dense_latency.h:58]   --->   Operation 513 'add' 'add_ln58_30' <Predicate = true> <Delay = 0.00> <CoreInst = "TAddSub">   --->   Core 10 'TAddSub' <Latency = 0> <II = 1> <Delay = 0.33> <IPBlock> <Opcode : '' 'add' 'sub'> <InPorts = 3> <OutPorts = 1> <Sync> <CReg>
ST_1 : Operation 514 [1/1] (0.78ns)   --->   "%add_ln58_31 = add i16 %trunc_ln42_17, i16 %sext_ln42_12" [firmware/nnet_utils/nnet_dense_latency.h:58]   --->   Operation 514 'add' 'add_ln58_31' <Predicate = true> <Delay = 0.78> <CoreInst = "Adder">   --->   Core 1 'Adder' <Latency = 0> <II = 1> <Delay = 0.78> <FuncUnit> <Opcode : 'add' 'sub'> <InPorts = 2> <OutPorts = 1>
ST_1 : Operation 515 [1/1] (0.67ns) (root node of TernaryAdder)   --->   "%add_ln58_32 = add i16 %add_ln58_31, i16 %add_ln58_30" [firmware/nnet_utils/nnet_dense_latency.h:58]   --->   Operation 515 'add' 'add_ln58_32' <Predicate = true> <Delay = 0.67> <CoreInst = "TAddSub">   --->   Core 10 'TAddSub' <Latency = 0> <II = 1> <Delay = 0.33> <IPBlock> <Opcode : '' 'add' 'sub'> <InPorts = 3> <OutPorts = 1> <Sync> <CReg>
ST_1 : Operation 516 [1/1] (0.00ns) (grouped into TernaryAdder)   --->   "%add_ln58_33 = add i16 %sext_ln42_15, i16 %sext_ln42_18" [firmware/nnet_utils/nnet_dense_latency.h:58]   --->   Operation 516 'add' 'add_ln58_33' <Predicate = true> <Delay = 0.00> <CoreInst = "TAddSub">   --->   Core 10 'TAddSub' <Latency = 0> <II = 1> <Delay = 0.33> <IPBlock> <Opcode : '' 'add' 'sub'> <InPorts = 3> <OutPorts = 1> <Sync> <CReg>
ST_1 : Operation 517 [1/1] (0.78ns)   --->   "%add_ln58_34 = add i16 %sext_ln42_21, i16 %trunc_ln42_57" [firmware/nnet_utils/nnet_dense_latency.h:58]   --->   Operation 517 'add' 'add_ln58_34' <Predicate = true> <Delay = 0.78> <CoreInst = "Adder">   --->   Core 1 'Adder' <Latency = 0> <II = 1> <Delay = 0.78> <FuncUnit> <Opcode : 'add' 'sub'> <InPorts = 2> <OutPorts = 1>
ST_1 : Operation 518 [1/1] (0.67ns) (root node of TernaryAdder)   --->   "%add_ln58_35 = add i16 %add_ln58_34, i16 %add_ln58_33" [firmware/nnet_utils/nnet_dense_latency.h:58]   --->   Operation 518 'add' 'add_ln58_35' <Predicate = true> <Delay = 0.67> <CoreInst = "TAddSub">   --->   Core 10 'TAddSub' <Latency = 0> <II = 1> <Delay = 0.33> <IPBlock> <Opcode : '' 'add' 'sub'> <InPorts = 3> <OutPorts = 1> <Sync> <CReg>
ST_1 : Operation 519 [1/1] (0.78ns)   --->   "%add_ln58_37 = add i16 %sext_ln42_25, i16 %trunc_ln42_73" [firmware/nnet_utils/nnet_dense_latency.h:58]   --->   Operation 519 'add' 'add_ln58_37' <Predicate = true> <Delay = 0.78> <CoreInst = "Adder">   --->   Core 1 'Adder' <Latency = 0> <II = 1> <Delay = 0.78> <FuncUnit> <Opcode : 'add' 'sub'> <InPorts = 2> <OutPorts = 1>
ST_1 : Operation 520 [1/1] (0.78ns)   --->   "%add_ln58_38 = add i16 %trunc_ln42_81, i16 %sext_ln42_36" [firmware/nnet_utils/nnet_dense_latency.h:58]   --->   Operation 520 'add' 'add_ln58_38' <Predicate = true> <Delay = 0.78> <CoreInst = "Adder">   --->   Core 1 'Adder' <Latency = 0> <II = 1> <Delay = 0.78> <FuncUnit> <Opcode : 'add' 'sub'> <InPorts = 2> <OutPorts = 1>
ST_1 : Operation 521 [1/1] (0.00ns) (grouped into TernaryAdder)   --->   "%add_ln58_40 = add i16 %sext_ln42_40, i16 %trunc_ln42_105" [firmware/nnet_utils/nnet_dense_latency.h:58]   --->   Operation 521 'add' 'add_ln58_40' <Predicate = true> <Delay = 0.00> <CoreInst = "TAddSub">   --->   Core 10 'TAddSub' <Latency = 0> <II = 1> <Delay = 0.33> <IPBlock> <Opcode : '' 'add' 'sub'> <InPorts = 3> <OutPorts = 1> <Sync> <CReg>
ST_1 : Operation 522 [1/1] (0.77ns)   --->   "%add_ln58_41 = add i16 %sext_ln42_48, i16 %sext_ln42_52" [firmware/nnet_utils/nnet_dense_latency.h:58]   --->   Operation 522 'add' 'add_ln58_41' <Predicate = true> <Delay = 0.77> <CoreInst = "Adder">   --->   Core 1 'Adder' <Latency = 0> <II = 1> <Delay = 0.77> <FuncUnit> <Opcode : 'add' 'sub'> <InPorts = 2> <OutPorts = 1>
ST_1 : Operation 523 [1/1] (0.67ns) (root node of TernaryAdder)   --->   "%add_ln58_42 = add i16 %add_ln58_41, i16 %add_ln58_40" [firmware/nnet_utils/nnet_dense_latency.h:58]   --->   Operation 523 'add' 'add_ln58_42' <Predicate = true> <Delay = 0.67> <CoreInst = "TAddSub">   --->   Core 10 'TAddSub' <Latency = 0> <II = 1> <Delay = 0.33> <IPBlock> <Opcode : '' 'add' 'sub'> <InPorts = 3> <OutPorts = 1> <Sync> <CReg>
ST_1 : Operation 524 [1/1] (0.00ns) (grouped into TernaryAdder)   --->   "%add_ln58_45 = add i16 %sext_ln42_4, i16 %trunc_ln42_3" [firmware/nnet_utils/nnet_dense_latency.h:58]   --->   Operation 524 'add' 'add_ln58_45' <Predicate = true> <Delay = 0.00> <CoreInst = "TAddSub">   --->   Core 10 'TAddSub' <Latency = 0> <II = 1> <Delay = 0.33> <IPBlock> <Opcode : '' 'add' 'sub'> <InPorts = 3> <OutPorts = 1> <Sync> <CReg>
ST_1 : Operation 525 [1/1] (0.78ns)   --->   "%add_ln58_46 = add i16 %trunc_ln42_18, i16 %trunc_ln42_26" [firmware/nnet_utils/nnet_dense_latency.h:58]   --->   Operation 525 'add' 'add_ln58_46' <Predicate = true> <Delay = 0.78> <CoreInst = "Adder">   --->   Core 1 'Adder' <Latency = 0> <II = 1> <Delay = 0.78> <FuncUnit> <Opcode : 'add' 'sub'> <InPorts = 2> <OutPorts = 1>
ST_1 : Operation 526 [1/1] (0.67ns) (root node of TernaryAdder)   --->   "%add_ln58_47 = add i16 %add_ln58_46, i16 %add_ln58_45" [firmware/nnet_utils/nnet_dense_latency.h:58]   --->   Operation 526 'add' 'add_ln58_47' <Predicate = true> <Delay = 0.67> <CoreInst = "TAddSub">   --->   Core 10 'TAddSub' <Latency = 0> <II = 1> <Delay = 0.33> <IPBlock> <Opcode : '' 'add' 'sub'> <InPorts = 3> <OutPorts = 1> <Sync> <CReg>
ST_1 : Operation 527 [1/1] (0.00ns) (grouped into TernaryAdder)   --->   "%add_ln58_48 = add i16 %sext_ln42_16, i16 %trunc_ln42_42" [firmware/nnet_utils/nnet_dense_latency.h:58]   --->   Operation 527 'add' 'add_ln58_48' <Predicate = true> <Delay = 0.00> <CoreInst = "TAddSub">   --->   Core 10 'TAddSub' <Latency = 0> <II = 1> <Delay = 0.33> <IPBlock> <Opcode : '' 'add' 'sub'> <InPorts = 3> <OutPorts = 1> <Sync> <CReg>
ST_1 : Operation 528 [1/1] (0.76ns)   --->   "%add_ln58_49 = add i15 %sext_ln73_18, i15 %sext_ln73_20" [firmware/nnet_utils/nnet_dense_latency.h:58]   --->   Operation 528 'add' 'add_ln58_49' <Predicate = true> <Delay = 0.76> <CoreInst = "Adder">   --->   Core 1 'Adder' <Latency = 0> <II = 1> <Delay = 0.76> <FuncUnit> <Opcode : 'add' 'sub'> <InPorts = 2> <OutPorts = 1>
ST_1 : Operation 529 [1/1] (0.00ns)   --->   "%sext_ln58_4 = sext i15 %add_ln58_49" [firmware/nnet_utils/nnet_dense_latency.h:58]   --->   Operation 529 'sext' 'sext_ln58_4' <Predicate = true> <Delay = 0.00>
ST_1 : Operation 530 [1/1] (0.67ns) (root node of TernaryAdder)   --->   "%add_ln58_50 = add i16 %sext_ln58_4, i16 %add_ln58_48" [firmware/nnet_utils/nnet_dense_latency.h:58]   --->   Operation 530 'add' 'add_ln58_50' <Predicate = true> <Delay = 0.67> <CoreInst = "TAddSub">   --->   Core 10 'TAddSub' <Latency = 0> <II = 1> <Delay = 0.33> <IPBlock> <Opcode : '' 'add' 'sub'> <InPorts = 3> <OutPorts = 1> <Sync> <CReg>
ST_1 : Operation 531 [1/1] (0.78ns)   --->   "%add_ln58_52 = add i16 %trunc_ln42_66, i16 %sext_ln42_28" [firmware/nnet_utils/nnet_dense_latency.h:58]   --->   Operation 531 'add' 'add_ln58_52' <Predicate = true> <Delay = 0.78> <CoreInst = "Adder">   --->   Core 1 'Adder' <Latency = 0> <II = 1> <Delay = 0.78> <FuncUnit> <Opcode : 'add' 'sub'> <InPorts = 2> <OutPorts = 1>
ST_1 : Operation 532 [1/1] (0.77ns)   --->   "%add_ln58_53 = add i16 %sext_ln42_31, i16 %sext_ln42_37" [firmware/nnet_utils/nnet_dense_latency.h:58]   --->   Operation 532 'add' 'add_ln58_53' <Predicate = true> <Delay = 0.77> <CoreInst = "Adder">   --->   Core 1 'Adder' <Latency = 0> <II = 1> <Delay = 0.77> <FuncUnit> <Opcode : 'add' 'sub'> <InPorts = 2> <OutPorts = 1>
ST_1 : Operation 533 [1/1] (0.00ns) (grouped into TernaryAdder)   --->   "%add_ln58_54 = add i16 %add_ln58_53, i16 %add_ln58_52" [firmware/nnet_utils/nnet_dense_latency.h:58]   --->   Operation 533 'add' 'add_ln58_54' <Predicate = true> <Delay = 0.00> <CoreInst = "TAddSub">   --->   Core 10 'TAddSub' <Latency = 0> <II = 1> <Delay = 0.33> <IPBlock> <Opcode : '' 'add' 'sub'> <InPorts = 3> <OutPorts = 1> <Sync> <CReg>
ST_1 : Operation 534 [1/1] (0.00ns) (grouped into TernaryAdder)   --->   "%add_ln58_55 = add i16 %sext_ln42_41, i16 %trunc_ln42_106" [firmware/nnet_utils/nnet_dense_latency.h:58]   --->   Operation 534 'add' 'add_ln58_55' <Predicate = true> <Delay = 0.00> <CoreInst = "TAddSub">   --->   Core 10 'TAddSub' <Latency = 0> <II = 1> <Delay = 0.33> <IPBlock> <Opcode : '' 'add' 'sub'> <InPorts = 3> <OutPorts = 1> <Sync> <CReg>
ST_1 : Operation 535 [1/1] (0.74ns)   --->   "%add_ln58_56 = add i13 %sext_ln73_48, i13 %sext_ln73_57" [firmware/nnet_utils/nnet_dense_latency.h:58]   --->   Operation 535 'add' 'add_ln58_56' <Predicate = true> <Delay = 0.74> <CoreInst = "Adder">   --->   Core 1 'Adder' <Latency = 0> <II = 1> <Delay = 0.74> <FuncUnit> <Opcode : 'add' 'sub'> <InPorts = 2> <OutPorts = 1>
ST_1 : Operation 536 [1/1] (0.00ns)   --->   "%sext_ln58_5 = sext i13 %add_ln58_56" [firmware/nnet_utils/nnet_dense_latency.h:58]   --->   Operation 536 'sext' 'sext_ln58_5' <Predicate = true> <Delay = 0.00>
ST_1 : Operation 537 [1/1] (0.67ns) (root node of TernaryAdder)   --->   "%add_ln58_57 = add i16 %sext_ln58_5, i16 %add_ln58_55" [firmware/nnet_utils/nnet_dense_latency.h:58]   --->   Operation 537 'add' 'add_ln58_57' <Predicate = true> <Delay = 0.67> <CoreInst = "TAddSub">   --->   Core 10 'TAddSub' <Latency = 0> <II = 1> <Delay = 0.33> <IPBlock> <Opcode : '' 'add' 'sub'> <InPorts = 3> <OutPorts = 1> <Sync> <CReg>
ST_1 : Operation 538 [1/1] (0.67ns) (root node of TernaryAdder)   --->   "%add_ln58_58 = add i16 %add_ln58_57, i16 %add_ln58_54" [firmware/nnet_utils/nnet_dense_latency.h:58]   --->   Operation 538 'add' 'add_ln58_58' <Predicate = true> <Delay = 0.67> <CoreInst = "TAddSub">   --->   Core 10 'TAddSub' <Latency = 0> <II = 1> <Delay = 0.33> <IPBlock> <Opcode : '' 'add' 'sub'> <InPorts = 3> <OutPorts = 1> <Sync> <CReg>
ST_1 : Operation 539 [1/1] (0.00ns) (grouped into TernaryAdder)   --->   "%add_ln58_60 = add i16 %trunc_ln42_11, i16 %trunc_ln42_4" [firmware/nnet_utils/nnet_dense_latency.h:58]   --->   Operation 539 'add' 'add_ln58_60' <Predicate = true> <Delay = 0.00> <CoreInst = "TAddSub">   --->   Core 10 'TAddSub' <Latency = 0> <II = 1> <Delay = 0.33> <IPBlock> <Opcode : '' 'add' 'sub'> <InPorts = 3> <OutPorts = 1> <Sync> <CReg>
ST_1 : Operation 540 [1/1] (0.78ns)   --->   "%add_ln58_61 = add i16 %sext_ln42_8, i16 %trunc_ln42_27" [firmware/nnet_utils/nnet_dense_latency.h:58]   --->   Operation 540 'add' 'add_ln58_61' <Predicate = true> <Delay = 0.78> <CoreInst = "Adder">   --->   Core 1 'Adder' <Latency = 0> <II = 1> <Delay = 0.78> <FuncUnit> <Opcode : 'add' 'sub'> <InPorts = 2> <OutPorts = 1>
ST_1 : Operation 541 [1/1] (0.67ns) (root node of TernaryAdder)   --->   "%add_ln58_62 = add i16 %add_ln58_61, i16 %add_ln58_60" [firmware/nnet_utils/nnet_dense_latency.h:58]   --->   Operation 541 'add' 'add_ln58_62' <Predicate = true> <Delay = 0.67> <CoreInst = "TAddSub">   --->   Core 10 'TAddSub' <Latency = 0> <II = 1> <Delay = 0.33> <IPBlock> <Opcode : '' 'add' 'sub'> <InPorts = 3> <OutPorts = 1> <Sync> <CReg>
ST_1 : Operation 542 [1/1] (0.00ns) (grouped into TernaryAdder)   --->   "%add_ln58_63 = add i16 %trunc_ln42_35, i16 %sext_ln42_19" [firmware/nnet_utils/nnet_dense_latency.h:58]   --->   Operation 542 'add' 'add_ln58_63' <Predicate = true> <Delay = 0.00> <CoreInst = "TAddSub">   --->   Core 10 'TAddSub' <Latency = 0> <II = 1> <Delay = 0.33> <IPBlock> <Opcode : '' 'add' 'sub'> <InPorts = 3> <OutPorts = 1> <Sync> <CReg>
ST_1 : Operation 543 [1/1] (0.77ns)   --->   "%add_ln58_64 = add i16 %sext_ln42_22, i16 %sext_ln42_24" [firmware/nnet_utils/nnet_dense_latency.h:58]   --->   Operation 543 'add' 'add_ln58_64' <Predicate = true> <Delay = 0.77> <CoreInst = "Adder">   --->   Core 1 'Adder' <Latency = 0> <II = 1> <Delay = 0.77> <FuncUnit> <Opcode : 'add' 'sub'> <InPorts = 2> <OutPorts = 1>
ST_1 : Operation 544 [1/1] (0.67ns) (root node of TernaryAdder)   --->   "%add_ln58_65 = add i16 %add_ln58_64, i16 %add_ln58_63" [firmware/nnet_utils/nnet_dense_latency.h:58]   --->   Operation 544 'add' 'add_ln58_65' <Predicate = true> <Delay = 0.67> <CoreInst = "TAddSub">   --->   Core 10 'TAddSub' <Latency = 0> <II = 1> <Delay = 0.33> <IPBlock> <Opcode : '' 'add' 'sub'> <InPorts = 3> <OutPorts = 1> <Sync> <CReg>
ST_1 : Operation 545 [1/1] (0.78ns)   --->   "%add_ln58_67 = add i16 %trunc_ln42_67, i16 %sext_ln42_29" [firmware/nnet_utils/nnet_dense_latency.h:58]   --->   Operation 545 'add' 'add_ln58_67' <Predicate = true> <Delay = 0.78> <CoreInst = "Adder">   --->   Core 1 'Adder' <Latency = 0> <II = 1> <Delay = 0.78> <FuncUnit> <Opcode : 'add' 'sub'> <InPorts = 2> <OutPorts = 1>
ST_1 : Operation 546 [1/1] (0.78ns)   --->   "%add_ln58_68 = add i16 %sext_ln42_32, i16 %trunc_ln42_91" [firmware/nnet_utils/nnet_dense_latency.h:58]   --->   Operation 546 'add' 'add_ln58_68' <Predicate = true> <Delay = 0.78> <CoreInst = "Adder">   --->   Core 1 'Adder' <Latency = 0> <II = 1> <Delay = 0.78> <FuncUnit> <Opcode : 'add' 'sub'> <InPorts = 2> <OutPorts = 1>
ST_1 : Operation 547 [1/1] (0.00ns) (grouped into TernaryAdder)   --->   "%add_ln58_70 = add i16 %trunc_ln42_99, i16 %trunc_ln42_107" [firmware/nnet_utils/nnet_dense_latency.h:58]   --->   Operation 547 'add' 'add_ln58_70' <Predicate = true> <Delay = 0.00> <CoreInst = "TAddSub">   --->   Core 10 'TAddSub' <Latency = 0> <II = 1> <Delay = 0.33> <IPBlock> <Opcode : '' 'add' 'sub'> <InPorts = 3> <OutPorts = 1> <Sync> <CReg>
ST_1 : Operation 548 [1/1] (0.78ns)   --->   "%add_ln58_71 = add i16 %sext_ln42_49, i16 %trunc_ln42_123" [firmware/nnet_utils/nnet_dense_latency.h:58]   --->   Operation 548 'add' 'add_ln58_71' <Predicate = true> <Delay = 0.78> <CoreInst = "Adder">   --->   Core 1 'Adder' <Latency = 0> <II = 1> <Delay = 0.78> <FuncUnit> <Opcode : 'add' 'sub'> <InPorts = 2> <OutPorts = 1>
ST_1 : Operation 549 [1/1] (0.67ns) (root node of TernaryAdder)   --->   "%add_ln58_72 = add i16 %add_ln58_71, i16 %add_ln58_70" [firmware/nnet_utils/nnet_dense_latency.h:58]   --->   Operation 549 'add' 'add_ln58_72' <Predicate = true> <Delay = 0.67> <CoreInst = "TAddSub">   --->   Core 10 'TAddSub' <Latency = 0> <II = 1> <Delay = 0.33> <IPBlock> <Opcode : '' 'add' 'sub'> <InPorts = 3> <OutPorts = 1> <Sync> <CReg>
ST_1 : Operation 550 [1/1] (0.00ns) (grouped into TernaryAdder)   --->   "%add_ln58_75 = add i16 %trunc_ln42_12, i16 %sext_ln42_1" [firmware/nnet_utils/nnet_dense_latency.h:58]   --->   Operation 550 'add' 'add_ln58_75' <Predicate = true> <Delay = 0.00> <CoreInst = "TAddSub">   --->   Core 10 'TAddSub' <Latency = 0> <II = 1> <Delay = 0.33> <IPBlock> <Opcode : '' 'add' 'sub'> <InPorts = 3> <OutPorts = 1> <Sync> <CReg>
ST_1 : Operation 551 [1/1] (0.78ns)   --->   "%add_ln58_76 = add i16 %trunc_ln42_20, i16 %sext_ln42_13" [firmware/nnet_utils/nnet_dense_latency.h:58]   --->   Operation 551 'add' 'add_ln58_76' <Predicate = true> <Delay = 0.78> <CoreInst = "Adder">   --->   Core 1 'Adder' <Latency = 0> <II = 1> <Delay = 0.78> <FuncUnit> <Opcode : 'add' 'sub'> <InPorts = 2> <OutPorts = 1>
ST_1 : Operation 552 [1/1] (0.67ns) (root node of TernaryAdder)   --->   "%add_ln58_77 = add i16 %add_ln58_76, i16 %add_ln58_75" [firmware/nnet_utils/nnet_dense_latency.h:58]   --->   Operation 552 'add' 'add_ln58_77' <Predicate = true> <Delay = 0.67> <CoreInst = "TAddSub">   --->   Core 10 'TAddSub' <Latency = 0> <II = 1> <Delay = 0.33> <IPBlock> <Opcode : '' 'add' 'sub'> <InPorts = 3> <OutPorts = 1> <Sync> <CReg>
ST_1 : Operation 553 [1/1] (0.00ns) (grouped into TernaryAdder)   --->   "%add_ln58_78 = add i16 %trunc_ln42_36, i16 %trunc_ln42_44" [firmware/nnet_utils/nnet_dense_latency.h:58]   --->   Operation 553 'add' 'add_ln58_78' <Predicate = true> <Delay = 0.00> <CoreInst = "TAddSub">   --->   Core 10 'TAddSub' <Latency = 0> <II = 1> <Delay = 0.33> <IPBlock> <Opcode : '' 'add' 'sub'> <InPorts = 3> <OutPorts = 1> <Sync> <CReg>
ST_1 : Operation 554 [1/1] (0.78ns)   --->   "%add_ln58_79 = add i16 %trunc_ln42_52, i16 %trunc_ln42_60" [firmware/nnet_utils/nnet_dense_latency.h:58]   --->   Operation 554 'add' 'add_ln58_79' <Predicate = true> <Delay = 0.78> <CoreInst = "Adder">   --->   Core 1 'Adder' <Latency = 0> <II = 1> <Delay = 0.78> <FuncUnit> <Opcode : 'add' 'sub'> <InPorts = 2> <OutPorts = 1>
ST_1 : Operation 555 [1/1] (0.67ns) (root node of TernaryAdder)   --->   "%add_ln58_80 = add i16 %add_ln58_79, i16 %add_ln58_78" [firmware/nnet_utils/nnet_dense_latency.h:58]   --->   Operation 555 'add' 'add_ln58_80' <Predicate = true> <Delay = 0.67> <CoreInst = "TAddSub">   --->   Core 10 'TAddSub' <Latency = 0> <II = 1> <Delay = 0.33> <IPBlock> <Opcode : '' 'add' 'sub'> <InPorts = 3> <OutPorts = 1> <Sync> <CReg>
ST_1 : Operation 556 [1/1] (0.78ns)   --->   "%add_ln58_82 = add i16 %sext_ln42_26, i16 %trunc_ln42_76" [firmware/nnet_utils/nnet_dense_latency.h:58]   --->   Operation 556 'add' 'add_ln58_82' <Predicate = true> <Delay = 0.78> <CoreInst = "Adder">   --->   Core 1 'Adder' <Latency = 0> <II = 1> <Delay = 0.78> <FuncUnit> <Opcode : 'add' 'sub'> <InPorts = 2> <OutPorts = 1>
ST_1 : Operation 557 [1/1] (0.78ns)   --->   "%add_ln58_83 = add i16 %sext_ln42_33, i16 %trunc_ln42_92" [firmware/nnet_utils/nnet_dense_latency.h:58]   --->   Operation 557 'add' 'add_ln58_83' <Predicate = true> <Delay = 0.78> <CoreInst = "Adder">   --->   Core 1 'Adder' <Latency = 0> <II = 1> <Delay = 0.78> <FuncUnit> <Opcode : 'add' 'sub'> <InPorts = 2> <OutPorts = 1>
ST_1 : Operation 558 [1/1] (0.00ns) (grouped into TernaryAdder)   --->   "%add_ln58_85 = add i16 %trunc_ln42_100, i16 %sext_ln42_45" [firmware/nnet_utils/nnet_dense_latency.h:58]   --->   Operation 558 'add' 'add_ln58_85' <Predicate = true> <Delay = 0.00> <CoreInst = "TAddSub">   --->   Core 10 'TAddSub' <Latency = 0> <II = 1> <Delay = 0.33> <IPBlock> <Opcode : '' 'add' 'sub'> <InPorts = 3> <OutPorts = 1> <Sync> <CReg>
ST_1 : Operation 559 [1/1] (0.76ns)   --->   "%add_ln58_86 = add i15 %sext_ln73_49, i15 %sext_ln73_58" [firmware/nnet_utils/nnet_dense_latency.h:58]   --->   Operation 559 'add' 'add_ln58_86' <Predicate = true> <Delay = 0.76> <CoreInst = "Adder">   --->   Core 1 'Adder' <Latency = 0> <II = 1> <Delay = 0.76> <FuncUnit> <Opcode : 'add' 'sub'> <InPorts = 2> <OutPorts = 1>
ST_1 : Operation 560 [1/1] (0.00ns)   --->   "%sext_ln58_6 = sext i15 %add_ln58_86" [firmware/nnet_utils/nnet_dense_latency.h:58]   --->   Operation 560 'sext' 'sext_ln58_6' <Predicate = true> <Delay = 0.00>
ST_1 : Operation 561 [1/1] (0.67ns) (root node of TernaryAdder)   --->   "%add_ln58_87 = add i16 %sext_ln58_6, i16 %add_ln58_85" [firmware/nnet_utils/nnet_dense_latency.h:58]   --->   Operation 561 'add' 'add_ln58_87' <Predicate = true> <Delay = 0.67> <CoreInst = "TAddSub">   --->   Core 10 'TAddSub' <Latency = 0> <II = 1> <Delay = 0.33> <IPBlock> <Opcode : '' 'add' 'sub'> <InPorts = 3> <OutPorts = 1> <Sync> <CReg>
ST_1 : Operation 562 [1/1] (0.00ns) (grouped into TernaryAdder)   --->   "%add_ln58_90 = add i16 %trunc_ln42_13, i16 %sext_ln42_2" [firmware/nnet_utils/nnet_dense_latency.h:58]   --->   Operation 562 'add' 'add_ln58_90' <Predicate = true> <Delay = 0.00> <CoreInst = "TAddSub">   --->   Core 10 'TAddSub' <Latency = 0> <II = 1> <Delay = 0.33> <IPBlock> <Opcode : '' 'add' 'sub'> <InPorts = 3> <OutPorts = 1> <Sync> <CReg>
ST_1 : Operation 563 [1/1] (0.77ns)   --->   "%add_ln58_91 = add i16 %sext_ln42_9, i16 %sext_ln42_14" [firmware/nnet_utils/nnet_dense_latency.h:58]   --->   Operation 563 'add' 'add_ln58_91' <Predicate = true> <Delay = 0.77> <CoreInst = "Adder">   --->   Core 1 'Adder' <Latency = 0> <II = 1> <Delay = 0.77> <FuncUnit> <Opcode : 'add' 'sub'> <InPorts = 2> <OutPorts = 1>
ST_1 : Operation 564 [1/1] (0.67ns) (root node of TernaryAdder)   --->   "%add_ln58_92 = add i16 %add_ln58_91, i16 %add_ln58_90" [firmware/nnet_utils/nnet_dense_latency.h:58]   --->   Operation 564 'add' 'add_ln58_92' <Predicate = true> <Delay = 0.67> <CoreInst = "TAddSub">   --->   Core 10 'TAddSub' <Latency = 0> <II = 1> <Delay = 0.33> <IPBlock> <Opcode : '' 'add' 'sub'> <InPorts = 3> <OutPorts = 1> <Sync> <CReg>
ST_1 : Operation 565 [1/1] (0.00ns) (grouped into TernaryAdder)   --->   "%add_ln58_93 = add i16 %trunc_ln42_37, i16 %sext_ln42_20" [firmware/nnet_utils/nnet_dense_latency.h:58]   --->   Operation 565 'add' 'add_ln58_93' <Predicate = true> <Delay = 0.00> <CoreInst = "TAddSub">   --->   Core 10 'TAddSub' <Latency = 0> <II = 1> <Delay = 0.33> <IPBlock> <Opcode : '' 'add' 'sub'> <InPorts = 3> <OutPorts = 1> <Sync> <CReg>
ST_1 : Operation 566 [1/1] (0.78ns)   --->   "%add_ln58_94 = add i16 %trunc_ln42_53, i16 %trunc_ln42_61" [firmware/nnet_utils/nnet_dense_latency.h:58]   --->   Operation 566 'add' 'add_ln58_94' <Predicate = true> <Delay = 0.78> <CoreInst = "Adder">   --->   Core 1 'Adder' <Latency = 0> <II = 1> <Delay = 0.78> <FuncUnit> <Opcode : 'add' 'sub'> <InPorts = 2> <OutPorts = 1>
ST_1 : Operation 567 [1/1] (0.67ns) (root node of TernaryAdder)   --->   "%add_ln58_95 = add i16 %add_ln58_94, i16 %add_ln58_93" [firmware/nnet_utils/nnet_dense_latency.h:58]   --->   Operation 567 'add' 'add_ln58_95' <Predicate = true> <Delay = 0.67> <CoreInst = "TAddSub">   --->   Core 10 'TAddSub' <Latency = 0> <II = 1> <Delay = 0.33> <IPBlock> <Opcode : '' 'add' 'sub'> <InPorts = 3> <OutPorts = 1> <Sync> <CReg>
ST_1 : Operation 568 [1/1] (0.78ns)   --->   "%add_ln58_97 = add i16 %trunc_ln42_69, i16 %trunc_ln42_77" [firmware/nnet_utils/nnet_dense_latency.h:58]   --->   Operation 568 'add' 'add_ln58_97' <Predicate = true> <Delay = 0.78> <CoreInst = "Adder">   --->   Core 1 'Adder' <Latency = 0> <II = 1> <Delay = 0.78> <FuncUnit> <Opcode : 'add' 'sub'> <InPorts = 2> <OutPorts = 1>
ST_1 : Operation 569 [1/1] (0.78ns)   --->   "%add_ln58_98 = add i16 %trunc_ln42_85, i16 %sext_ln42_38" [firmware/nnet_utils/nnet_dense_latency.h:58]   --->   Operation 569 'add' 'add_ln58_98' <Predicate = true> <Delay = 0.78> <CoreInst = "Adder">   --->   Core 1 'Adder' <Latency = 0> <II = 1> <Delay = 0.78> <FuncUnit> <Opcode : 'add' 'sub'> <InPorts = 2> <OutPorts = 1>
ST_1 : Operation 570 [1/1] (0.00ns) (grouped into TernaryAdder)   --->   "%add_ln58_100 = add i16 %sext_ln42_42, i16 %trunc_ln42_109" [firmware/nnet_utils/nnet_dense_latency.h:58]   --->   Operation 570 'add' 'add_ln58_100' <Predicate = true> <Delay = 0.00> <CoreInst = "TAddSub">   --->   Core 10 'TAddSub' <Latency = 0> <II = 1> <Delay = 0.33> <IPBlock> <Opcode : '' 'add' 'sub'> <InPorts = 3> <OutPorts = 1> <Sync> <CReg>
ST_1 : Operation 571 [1/1] (0.78ns)   --->   "%add_ln58_101 = add i16 %trunc_ln42_117, i16 %trunc_ln42_125" [firmware/nnet_utils/nnet_dense_latency.h:58]   --->   Operation 571 'add' 'add_ln58_101' <Predicate = true> <Delay = 0.78> <CoreInst = "Adder">   --->   Core 1 'Adder' <Latency = 0> <II = 1> <Delay = 0.78> <FuncUnit> <Opcode : 'add' 'sub'> <InPorts = 2> <OutPorts = 1>
ST_1 : Operation 572 [1/1] (0.67ns) (root node of TernaryAdder)   --->   "%add_ln58_102 = add i16 %add_ln58_101, i16 %add_ln58_100" [firmware/nnet_utils/nnet_dense_latency.h:58]   --->   Operation 572 'add' 'add_ln58_102' <Predicate = true> <Delay = 0.67> <CoreInst = "TAddSub">   --->   Core 10 'TAddSub' <Latency = 0> <II = 1> <Delay = 0.33> <IPBlock> <Opcode : '' 'add' 'sub'> <InPorts = 3> <OutPorts = 1> <Sync> <CReg>
ST_1 : Operation 573 [1/1] (0.00ns) (grouped into TernaryAdder)   --->   "%add_ln58_105 = add i16 %sext_ln42_5, i16 %sext_ln42_3" [firmware/nnet_utils/nnet_dense_latency.h:58]   --->   Operation 573 'add' 'add_ln58_105' <Predicate = true> <Delay = 0.00> <CoreInst = "TAddSub">   --->   Core 10 'TAddSub' <Latency = 0> <II = 1> <Delay = 0.33> <IPBlock> <Opcode : '' 'add' 'sub'> <InPorts = 3> <OutPorts = 1> <Sync> <CReg>
ST_1 : Operation 574 [1/1] (0.78ns)   --->   "%add_ln58_106 = add i16 %sext_ln42_10, i16 %trunc_ln42_30" [firmware/nnet_utils/nnet_dense_latency.h:58]   --->   Operation 574 'add' 'add_ln58_106' <Predicate = true> <Delay = 0.78> <CoreInst = "Adder">   --->   Core 1 'Adder' <Latency = 0> <II = 1> <Delay = 0.78> <FuncUnit> <Opcode : 'add' 'sub'> <InPorts = 2> <OutPorts = 1>
ST_1 : Operation 575 [1/1] (0.67ns) (root node of TernaryAdder)   --->   "%add_ln58_107 = add i16 %add_ln58_106, i16 %add_ln58_105" [firmware/nnet_utils/nnet_dense_latency.h:58]   --->   Operation 575 'add' 'add_ln58_107' <Predicate = true> <Delay = 0.67> <CoreInst = "TAddSub">   --->   Core 10 'TAddSub' <Latency = 0> <II = 1> <Delay = 0.33> <IPBlock> <Opcode : '' 'add' 'sub'> <InPorts = 3> <OutPorts = 1> <Sync> <CReg>
ST_1 : Operation 576 [1/1] (0.74ns)   --->   "%add_ln58_108 = add i13 %trunc_ln42_38_cast, i13 %trunc_ln42_46_cast" [firmware/nnet_utils/nnet_dense_latency.h:58]   --->   Operation 576 'add' 'add_ln58_108' <Predicate = true> <Delay = 0.74> <CoreInst = "Adder">   --->   Core 1 'Adder' <Latency = 0> <II = 1> <Delay = 0.74> <FuncUnit> <Opcode : 'add' 'sub'> <InPorts = 2> <OutPorts = 1>
ST_1 : Operation 577 [1/1] (0.00ns)   --->   "%sext_ln58_7 = sext i13 %add_ln58_108" [firmware/nnet_utils/nnet_dense_latency.h:58]   --->   Operation 577 'sext' 'sext_ln58_7' <Predicate = true> <Delay = 0.00>
ST_1 : Operation 578 [1/1] (0.00ns) (grouped into TernaryAdder)   --->   "%add_ln58_109 = add i16 %trunc_ln42_54, i16 %trunc_ln42_62" [firmware/nnet_utils/nnet_dense_latency.h:58]   --->   Operation 578 'add' 'add_ln58_109' <Predicate = true> <Delay = 0.00> <CoreInst = "TAddSub">   --->   Core 10 'TAddSub' <Latency = 0> <II = 1> <Delay = 0.33> <IPBlock> <Opcode : '' 'add' 'sub'> <InPorts = 3> <OutPorts = 1> <Sync> <CReg>
ST_1 : Operation 579 [1/1] (0.67ns) (root node of TernaryAdder)   --->   "%add_ln58_110 = add i16 %add_ln58_109, i16 %sext_ln58_7" [firmware/nnet_utils/nnet_dense_latency.h:58]   --->   Operation 579 'add' 'add_ln58_110' <Predicate = true> <Delay = 0.67> <CoreInst = "TAddSub">   --->   Core 10 'TAddSub' <Latency = 0> <II = 1> <Delay = 0.33> <IPBlock> <Opcode : '' 'add' 'sub'> <InPorts = 3> <OutPorts = 1> <Sync> <CReg>
ST_1 : Operation 580 [1/1] (0.78ns)   --->   "%add_ln58_112 = add i16 %sext_ln42_27, i16 %trunc_ln42_78" [firmware/nnet_utils/nnet_dense_latency.h:58]   --->   Operation 580 'add' 'add_ln58_112' <Predicate = true> <Delay = 0.78> <CoreInst = "Adder">   --->   Core 1 'Adder' <Latency = 0> <II = 1> <Delay = 0.78> <FuncUnit> <Opcode : 'add' 'sub'> <InPorts = 2> <OutPorts = 1>
ST_1 : Operation 581 [1/1] (0.78ns)   --->   "%add_ln58_113 = add i16 %sext_ln42_34, i16 %trunc_ln42_94" [firmware/nnet_utils/nnet_dense_latency.h:58]   --->   Operation 581 'add' 'add_ln58_113' <Predicate = true> <Delay = 0.78> <CoreInst = "Adder">   --->   Core 1 'Adder' <Latency = 0> <II = 1> <Delay = 0.78> <FuncUnit> <Opcode : 'add' 'sub'> <InPorts = 2> <OutPorts = 1>
ST_1 : Operation 582 [1/1] (0.00ns) (grouped into TernaryAdder)   --->   "%add_ln58_115 = add i16 %trunc_ln42_102, i16 %sext_ln42_46" [firmware/nnet_utils/nnet_dense_latency.h:58]   --->   Operation 582 'add' 'add_ln58_115' <Predicate = true> <Delay = 0.00> <CoreInst = "TAddSub">   --->   Core 10 'TAddSub' <Latency = 0> <II = 1> <Delay = 0.33> <IPBlock> <Opcode : '' 'add' 'sub'> <InPorts = 3> <OutPorts = 1> <Sync> <CReg>
ST_1 : Operation 583 [1/1] (0.78ns)   --->   "%add_ln58_116 = add i16 %sext_ln42_50, i16 %trunc_ln42_126" [firmware/nnet_utils/nnet_dense_latency.h:58]   --->   Operation 583 'add' 'add_ln58_116' <Predicate = true> <Delay = 0.78> <CoreInst = "Adder">   --->   Core 1 'Adder' <Latency = 0> <II = 1> <Delay = 0.78> <FuncUnit> <Opcode : 'add' 'sub'> <InPorts = 2> <OutPorts = 1>
ST_1 : Operation 584 [1/1] (0.67ns) (root node of TernaryAdder)   --->   "%add_ln58_117 = add i16 %add_ln58_116, i16 %add_ln58_115" [firmware/nnet_utils/nnet_dense_latency.h:58]   --->   Operation 584 'add' 'add_ln58_117' <Predicate = true> <Delay = 0.67> <CoreInst = "TAddSub">   --->   Core 10 'TAddSub' <Latency = 0> <II = 1> <Delay = 0.33> <IPBlock> <Opcode : '' 'add' 'sub'> <InPorts = 3> <OutPorts = 1> <Sync> <CReg>

State 2 <SV = 1> <Delay = 1.35>
ST_2 : Operation 585 [1/1] (0.00ns)   --->   "%specpipeline_ln33 = specpipeline void @_ssdm_op_SpecPipeline, i32 1, i32 0, i32 0, i32 0, void @empty_0" [firmware/nnet_utils/nnet_dense_latency.h:33]   --->   Operation 585 'specpipeline' 'specpipeline_ln33' <Predicate = true> <Delay = 0.00>
ST_2 : Operation 586 [1/1] (0.00ns)   --->   "%specresourcelimit_ln33 = specresourcelimit void @_ssdm_op_SpecResourceLimit, i64 128, void @empty_1, void @empty_0, void @empty_0, void @empty_0" [firmware/nnet_utils/nnet_dense_latency.h:33]   --->   Operation 586 'specresourcelimit' 'specresourcelimit_ln33' <Predicate = true> <Delay = 0.00>
ST_2 : Operation 587 [1/1] (0.00ns) (grouped into TernaryAdder)   --->   "%add_ln58_6 = add i16 %add_ln58_5, i16 %add_ln58_2" [firmware/nnet_utils/nnet_dense_latency.h:58]   --->   Operation 587 'add' 'add_ln58_6' <Predicate = true> <Delay = 0.00> <CoreInst = "TAddSub">   --->   Core 10 'TAddSub' <Latency = 0> <II = 1> <Delay = 0.33> <IPBlock> <Opcode : '' 'add' 'sub'> <InPorts = 3> <OutPorts = 1> <Sync> <CReg>
ST_2 : Operation 588 [1/1] (0.00ns) (grouped into TernaryAdder)   --->   "%add_ln58_9 = add i16 %add_ln58_8, i16 %add_ln58_7" [firmware/nnet_utils/nnet_dense_latency.h:58]   --->   Operation 588 'add' 'add_ln58_9' <Predicate = true> <Delay = 0.00> <CoreInst = "TAddSub">   --->   Core 10 'TAddSub' <Latency = 0> <II = 1> <Delay = 0.33> <IPBlock> <Opcode : '' 'add' 'sub'> <InPorts = 3> <OutPorts = 1> <Sync> <CReg>
ST_2 : Operation 589 [1/1] (0.67ns) (root node of TernaryAdder)   --->   "%add_ln58_13 = add i16 %add_ln58_12, i16 %add_ln58_9" [firmware/nnet_utils/nnet_dense_latency.h:58]   --->   Operation 589 'add' 'add_ln58_13' <Predicate = true> <Delay = 0.67> <CoreInst = "TAddSub">   --->   Core 10 'TAddSub' <Latency = 0> <II = 1> <Delay = 0.33> <IPBlock> <Opcode : '' 'add' 'sub'> <InPorts = 3> <OutPorts = 1> <Sync> <CReg>
ST_2 : Operation 590 [1/1] (0.67ns) (root node of TernaryAdder)   --->   "%add_ln58_14 = add i16 %add_ln58_13, i16 %add_ln58_6" [firmware/nnet_utils/nnet_dense_latency.h:58]   --->   Operation 590 'add' 'add_ln58_14' <Predicate = true> <Delay = 0.67> <CoreInst = "TAddSub">   --->   Core 10 'TAddSub' <Latency = 0> <II = 1> <Delay = 0.33> <IPBlock> <Opcode : '' 'add' 'sub'> <InPorts = 3> <OutPorts = 1> <Sync> <CReg>
ST_2 : Operation 591 [1/1] (0.00ns) (grouped into TernaryAdder)   --->   "%add_ln58_21 = add i16 %add_ln58_20, i16 %add_ln58_17" [firmware/nnet_utils/nnet_dense_latency.h:58]   --->   Operation 591 'add' 'add_ln58_21' <Predicate = true> <Delay = 0.00> <CoreInst = "TAddSub">   --->   Core 10 'TAddSub' <Latency = 0> <II = 1> <Delay = 0.33> <IPBlock> <Opcode : '' 'add' 'sub'> <InPorts = 3> <OutPorts = 1> <Sync> <CReg>
ST_2 : Operation 592 [1/1] (0.67ns) (root node of TernaryAdder)   --->   "%add_ln58_29 = add i16 %add_ln58_28, i16 %add_ln58_21" [firmware/nnet_utils/nnet_dense_latency.h:58]   --->   Operation 592 'add' 'add_ln58_29' <Predicate = true> <Delay = 0.67> <CoreInst = "TAddSub">   --->   Core 10 'TAddSub' <Latency = 0> <II = 1> <Delay = 0.33> <IPBlock> <Opcode : '' 'add' 'sub'> <InPorts = 3> <OutPorts = 1> <Sync> <CReg>
ST_2 : Operation 593 [1/1] (0.00ns) (grouped into TernaryAdder)   --->   "%add_ln58_36 = add i16 %add_ln58_35, i16 %add_ln58_32" [firmware/nnet_utils/nnet_dense_latency.h:58]   --->   Operation 593 'add' 'add_ln58_36' <Predicate = true> <Delay = 0.00> <CoreInst = "TAddSub">   --->   Core 10 'TAddSub' <Latency = 0> <II = 1> <Delay = 0.33> <IPBlock> <Opcode : '' 'add' 'sub'> <InPorts = 3> <OutPorts = 1> <Sync> <CReg>
ST_2 : Operation 594 [1/1] (0.00ns) (grouped into TernaryAdder)   --->   "%add_ln58_39 = add i16 %add_ln58_38, i16 %add_ln58_37" [firmware/nnet_utils/nnet_dense_latency.h:58]   --->   Operation 594 'add' 'add_ln58_39' <Predicate = true> <Delay = 0.00> <CoreInst = "TAddSub">   --->   Core 10 'TAddSub' <Latency = 0> <II = 1> <Delay = 0.33> <IPBlock> <Opcode : '' 'add' 'sub'> <InPorts = 3> <OutPorts = 1> <Sync> <CReg>
ST_2 : Operation 595 [1/1] (0.67ns) (root node of TernaryAdder)   --->   "%add_ln58_43 = add i16 %add_ln58_42, i16 %add_ln58_39" [firmware/nnet_utils/nnet_dense_latency.h:58]   --->   Operation 595 'add' 'add_ln58_43' <Predicate = true> <Delay = 0.67> <CoreInst = "TAddSub">   --->   Core 10 'TAddSub' <Latency = 0> <II = 1> <Delay = 0.33> <IPBlock> <Opcode : '' 'add' 'sub'> <InPorts = 3> <OutPorts = 1> <Sync> <CReg>
ST_2 : Operation 596 [1/1] (0.67ns) (root node of TernaryAdder)   --->   "%add_ln58_44 = add i16 %add_ln58_43, i16 %add_ln58_36" [firmware/nnet_utils/nnet_dense_latency.h:58]   --->   Operation 596 'add' 'add_ln58_44' <Predicate = true> <Delay = 0.67> <CoreInst = "TAddSub">   --->   Core 10 'TAddSub' <Latency = 0> <II = 1> <Delay = 0.33> <IPBlock> <Opcode : '' 'add' 'sub'> <InPorts = 3> <OutPorts = 1> <Sync> <CReg>
ST_2 : Operation 597 [1/1] (0.00ns) (grouped into TernaryAdder)   --->   "%add_ln58_51 = add i16 %add_ln58_50, i16 %add_ln58_47" [firmware/nnet_utils/nnet_dense_latency.h:58]   --->   Operation 597 'add' 'add_ln58_51' <Predicate = true> <Delay = 0.00> <CoreInst = "TAddSub">   --->   Core 10 'TAddSub' <Latency = 0> <II = 1> <Delay = 0.33> <IPBlock> <Opcode : '' 'add' 'sub'> <InPorts = 3> <OutPorts = 1> <Sync> <CReg>
ST_2 : Operation 598 [1/1] (0.67ns) (root node of TernaryAdder)   --->   "%add_ln58_59 = add i16 %add_ln58_58, i16 %add_ln58_51" [firmware/nnet_utils/nnet_dense_latency.h:58]   --->   Operation 598 'add' 'add_ln58_59' <Predicate = true> <Delay = 0.67> <CoreInst = "TAddSub">   --->   Core 10 'TAddSub' <Latency = 0> <II = 1> <Delay = 0.33> <IPBlock> <Opcode : '' 'add' 'sub'> <InPorts = 3> <OutPorts = 1> <Sync> <CReg>
ST_2 : Operation 599 [1/1] (0.00ns) (grouped into TernaryAdder)   --->   "%add_ln58_66 = add i16 %add_ln58_65, i16 %add_ln58_62" [firmware/nnet_utils/nnet_dense_latency.h:58]   --->   Operation 599 'add' 'add_ln58_66' <Predicate = true> <Delay = 0.00> <CoreInst = "TAddSub">   --->   Core 10 'TAddSub' <Latency = 0> <II = 1> <Delay = 0.33> <IPBlock> <Opcode : '' 'add' 'sub'> <InPorts = 3> <OutPorts = 1> <Sync> <CReg>
ST_2 : Operation 600 [1/1] (0.00ns) (grouped into TernaryAdder)   --->   "%add_ln58_69 = add i16 %add_ln58_68, i16 %add_ln58_67" [firmware/nnet_utils/nnet_dense_latency.h:58]   --->   Operation 600 'add' 'add_ln58_69' <Predicate = true> <Delay = 0.00> <CoreInst = "TAddSub">   --->   Core 10 'TAddSub' <Latency = 0> <II = 1> <Delay = 0.33> <IPBlock> <Opcode : '' 'add' 'sub'> <InPorts = 3> <OutPorts = 1> <Sync> <CReg>
ST_2 : Operation 601 [1/1] (0.67ns) (root node of TernaryAdder)   --->   "%add_ln58_73 = add i16 %add_ln58_72, i16 %add_ln58_69" [firmware/nnet_utils/nnet_dense_latency.h:58]   --->   Operation 601 'add' 'add_ln58_73' <Predicate = true> <Delay = 0.67> <CoreInst = "TAddSub">   --->   Core 10 'TAddSub' <Latency = 0> <II = 1> <Delay = 0.33> <IPBlock> <Opcode : '' 'add' 'sub'> <InPorts = 3> <OutPorts = 1> <Sync> <CReg>
ST_2 : Operation 602 [1/1] (0.67ns) (root node of TernaryAdder)   --->   "%add_ln58_74 = add i16 %add_ln58_73, i16 %add_ln58_66" [firmware/nnet_utils/nnet_dense_latency.h:58]   --->   Operation 602 'add' 'add_ln58_74' <Predicate = true> <Delay = 0.67> <CoreInst = "TAddSub">   --->   Core 10 'TAddSub' <Latency = 0> <II = 1> <Delay = 0.33> <IPBlock> <Opcode : '' 'add' 'sub'> <InPorts = 3> <OutPorts = 1> <Sync> <CReg>
ST_2 : Operation 603 [1/1] (0.00ns) (grouped into TernaryAdder)   --->   "%add_ln58_81 = add i16 %add_ln58_80, i16 %add_ln58_77" [firmware/nnet_utils/nnet_dense_latency.h:58]   --->   Operation 603 'add' 'add_ln58_81' <Predicate = true> <Delay = 0.00> <CoreInst = "TAddSub">   --->   Core 10 'TAddSub' <Latency = 0> <II = 1> <Delay = 0.33> <IPBlock> <Opcode : '' 'add' 'sub'> <InPorts = 3> <OutPorts = 1> <Sync> <CReg>
ST_2 : Operation 604 [1/1] (0.00ns) (grouped into TernaryAdder)   --->   "%add_ln58_84 = add i16 %add_ln58_83, i16 %add_ln58_82" [firmware/nnet_utils/nnet_dense_latency.h:58]   --->   Operation 604 'add' 'add_ln58_84' <Predicate = true> <Delay = 0.00> <CoreInst = "TAddSub">   --->   Core 10 'TAddSub' <Latency = 0> <II = 1> <Delay = 0.33> <IPBlock> <Opcode : '' 'add' 'sub'> <InPorts = 3> <OutPorts = 1> <Sync> <CReg>
ST_2 : Operation 605 [1/1] (0.67ns) (root node of TernaryAdder)   --->   "%add_ln58_88 = add i16 %add_ln58_87, i16 %add_ln58_84" [firmware/nnet_utils/nnet_dense_latency.h:58]   --->   Operation 605 'add' 'add_ln58_88' <Predicate = true> <Delay = 0.67> <CoreInst = "TAddSub">   --->   Core 10 'TAddSub' <Latency = 0> <II = 1> <Delay = 0.33> <IPBlock> <Opcode : '' 'add' 'sub'> <InPorts = 3> <OutPorts = 1> <Sync> <CReg>
ST_2 : Operation 606 [1/1] (0.67ns) (root node of TernaryAdder)   --->   "%add_ln58_89 = add i16 %add_ln58_88, i16 %add_ln58_81" [firmware/nnet_utils/nnet_dense_latency.h:58]   --->   Operation 606 'add' 'add_ln58_89' <Predicate = true> <Delay = 0.67> <CoreInst = "TAddSub">   --->   Core 10 'TAddSub' <Latency = 0> <II = 1> <Delay = 0.33> <IPBlock> <Opcode : '' 'add' 'sub'> <InPorts = 3> <OutPorts = 1> <Sync> <CReg>
ST_2 : Operation 607 [1/1] (0.00ns) (grouped into TernaryAdder)   --->   "%add_ln58_96 = add i16 %add_ln58_95, i16 %add_ln58_92" [firmware/nnet_utils/nnet_dense_latency.h:58]   --->   Operation 607 'add' 'add_ln58_96' <Predicate = true> <Delay = 0.00> <CoreInst = "TAddSub">   --->   Core 10 'TAddSub' <Latency = 0> <II = 1> <Delay = 0.33> <IPBlock> <Opcode : '' 'add' 'sub'> <InPorts = 3> <OutPorts = 1> <Sync> <CReg>
ST_2 : Operation 608 [1/1] (0.00ns) (grouped into TernaryAdder)   --->   "%add_ln58_99 = add i16 %add_ln58_98, i16 %add_ln58_97" [firmware/nnet_utils/nnet_dense_latency.h:58]   --->   Operation 608 'add' 'add_ln58_99' <Predicate = true> <Delay = 0.00> <CoreInst = "TAddSub">   --->   Core 10 'TAddSub' <Latency = 0> <II = 1> <Delay = 0.33> <IPBlock> <Opcode : '' 'add' 'sub'> <InPorts = 3> <OutPorts = 1> <Sync> <CReg>
ST_2 : Operation 609 [1/1] (0.67ns) (root node of TernaryAdder)   --->   "%add_ln58_103 = add i16 %add_ln58_102, i16 %add_ln58_99" [firmware/nnet_utils/nnet_dense_latency.h:58]   --->   Operation 609 'add' 'add_ln58_103' <Predicate = true> <Delay = 0.67> <CoreInst = "TAddSub">   --->   Core 10 'TAddSub' <Latency = 0> <II = 1> <Delay = 0.33> <IPBlock> <Opcode : '' 'add' 'sub'> <InPorts = 3> <OutPorts = 1> <Sync> <CReg>
ST_2 : Operation 610 [1/1] (0.67ns) (root node of TernaryAdder)   --->   "%add_ln58_104 = add i16 %add_ln58_103, i16 %add_ln58_96" [firmware/nnet_utils/nnet_dense_latency.h:58]   --->   Operation 610 'add' 'add_ln58_104' <Predicate = true> <Delay = 0.67> <CoreInst = "TAddSub">   --->   Core 10 'TAddSub' <Latency = 0> <II = 1> <Delay = 0.33> <IPBlock> <Opcode : '' 'add' 'sub'> <InPorts = 3> <OutPorts = 1> <Sync> <CReg>
ST_2 : Operation 611 [1/1] (0.00ns) (grouped into TernaryAdder)   --->   "%add_ln58_111 = add i16 %add_ln58_110, i16 %add_ln58_107" [firmware/nnet_utils/nnet_dense_latency.h:58]   --->   Operation 611 'add' 'add_ln58_111' <Predicate = true> <Delay = 0.00> <CoreInst = "TAddSub">   --->   Core 10 'TAddSub' <Latency = 0> <II = 1> <Delay = 0.33> <IPBlock> <Opcode : '' 'add' 'sub'> <InPorts = 3> <OutPorts = 1> <Sync> <CReg>
ST_2 : Operation 612 [1/1] (0.00ns) (grouped into TernaryAdder)   --->   "%add_ln58_114 = add i16 %add_ln58_113, i16 %add_ln58_112" [firmware/nnet_utils/nnet_dense_latency.h:58]   --->   Operation 612 'add' 'add_ln58_114' <Predicate = true> <Delay = 0.00> <CoreInst = "TAddSub">   --->   Core 10 'TAddSub' <Latency = 0> <II = 1> <Delay = 0.33> <IPBlock> <Opcode : '' 'add' 'sub'> <InPorts = 3> <OutPorts = 1> <Sync> <CReg>
ST_2 : Operation 613 [1/1] (0.67ns) (root node of TernaryAdder)   --->   "%add_ln58_118 = add i16 %add_ln58_117, i16 %add_ln58_114" [firmware/nnet_utils/nnet_dense_latency.h:58]   --->   Operation 613 'add' 'add_ln58_118' <Predicate = true> <Delay = 0.67> <CoreInst = "TAddSub">   --->   Core 10 'TAddSub' <Latency = 0> <II = 1> <Delay = 0.33> <IPBlock> <Opcode : '' 'add' 'sub'> <InPorts = 3> <OutPorts = 1> <Sync> <CReg>
ST_2 : Operation 614 [1/1] (0.67ns) (root node of TernaryAdder)   --->   "%add_ln58_119 = add i16 %add_ln58_118, i16 %add_ln58_111" [firmware/nnet_utils/nnet_dense_latency.h:58]   --->   Operation 614 'add' 'add_ln58_119' <Predicate = true> <Delay = 0.67> <CoreInst = "TAddSub">   --->   Core 10 'TAddSub' <Latency = 0> <II = 1> <Delay = 0.33> <IPBlock> <Opcode : '' 'add' 'sub'> <InPorts = 3> <OutPorts = 1> <Sync> <CReg>
ST_2 : Operation 615 [1/1] (0.00ns)   --->   "%shl_ln = bitconcatenate i26 @_ssdm_op_BitConcatenate.i26.i16.i10, i16 %add_ln58_14, i10 0" [firmware/nnet_utils/nnet_mult.h:111->firmware/nnet_utils/nnet_dense_latency.h:66]   --->   Operation 615 'bitconcatenate' 'shl_ln' <Predicate = true> <Delay = 0.00>
ST_2 : Operation 616 [1/1] (0.00ns)   --->   "%sext_ln111 = sext i26 %shl_ln" [firmware/nnet_utils/nnet_mult.h:111->firmware/nnet_utils/nnet_dense_latency.h:66]   --->   Operation 616 'sext' 'sext_ln111' <Predicate = true> <Delay = 0.00>
ST_2 : Operation 617 [1/1] (0.00ns)   --->   "%shl_ln111_1 = bitconcatenate i26 @_ssdm_op_BitConcatenate.i26.i16.i10, i16 %add_ln58_29, i10 0" [firmware/nnet_utils/nnet_mult.h:111->firmware/nnet_utils/nnet_dense_latency.h:66]   --->   Operation 617 'bitconcatenate' 'shl_ln111_1' <Predicate = true> <Delay = 0.00>
ST_2 : Operation 618 [1/1] (0.00ns)   --->   "%sext_ln111_1 = sext i26 %shl_ln111_1" [firmware/nnet_utils/nnet_mult.h:111->firmware/nnet_utils/nnet_dense_latency.h:66]   --->   Operation 618 'sext' 'sext_ln111_1' <Predicate = true> <Delay = 0.00>
ST_2 : Operation 619 [1/1] (0.00ns)   --->   "%shl_ln111_2 = bitconcatenate i26 @_ssdm_op_BitConcatenate.i26.i16.i10, i16 %add_ln58_44, i10 0" [firmware/nnet_utils/nnet_mult.h:111->firmware/nnet_utils/nnet_dense_latency.h:66]   --->   Operation 619 'bitconcatenate' 'shl_ln111_2' <Predicate = true> <Delay = 0.00>
ST_2 : Operation 620 [1/1] (0.00ns)   --->   "%sext_ln111_2 = sext i26 %shl_ln111_2" [firmware/nnet_utils/nnet_mult.h:111->firmware/nnet_utils/nnet_dense_latency.h:66]   --->   Operation 620 'sext' 'sext_ln111_2' <Predicate = true> <Delay = 0.00>
ST_2 : Operation 621 [1/1] (0.00ns)   --->   "%shl_ln111_3 = bitconcatenate i26 @_ssdm_op_BitConcatenate.i26.i16.i10, i16 %add_ln58_59, i10 0" [firmware/nnet_utils/nnet_mult.h:111->firmware/nnet_utils/nnet_dense_latency.h:66]   --->   Operation 621 'bitconcatenate' 'shl_ln111_3' <Predicate = true> <Delay = 0.00>
ST_2 : Operation 622 [1/1] (0.00ns)   --->   "%sext_ln111_3 = sext i26 %shl_ln111_3" [firmware/nnet_utils/nnet_mult.h:111->firmware/nnet_utils/nnet_dense_latency.h:66]   --->   Operation 622 'sext' 'sext_ln111_3' <Predicate = true> <Delay = 0.00>
ST_2 : Operation 623 [1/1] (0.00ns)   --->   "%shl_ln111_4 = bitconcatenate i26 @_ssdm_op_BitConcatenate.i26.i16.i10, i16 %add_ln58_74, i10 0" [firmware/nnet_utils/nnet_mult.h:111->firmware/nnet_utils/nnet_dense_latency.h:66]   --->   Operation 623 'bitconcatenate' 'shl_ln111_4' <Predicate = true> <Delay = 0.00>
ST_2 : Operation 624 [1/1] (0.00ns)   --->   "%sext_ln111_4 = sext i26 %shl_ln111_4" [firmware/nnet_utils/nnet_mult.h:111->firmware/nnet_utils/nnet_dense_latency.h:66]   --->   Operation 624 'sext' 'sext_ln111_4' <Predicate = true> <Delay = 0.00>
ST_2 : Operation 625 [1/1] (0.00ns)   --->   "%shl_ln111_5 = bitconcatenate i26 @_ssdm_op_BitConcatenate.i26.i16.i10, i16 %add_ln58_89, i10 0" [firmware/nnet_utils/nnet_mult.h:111->firmware/nnet_utils/nnet_dense_latency.h:66]   --->   Operation 625 'bitconcatenate' 'shl_ln111_5' <Predicate = true> <Delay = 0.00>
ST_2 : Operation 626 [1/1] (0.00ns)   --->   "%sext_ln111_5 = sext i26 %shl_ln111_5" [firmware/nnet_utils/nnet_mult.h:111->firmware/nnet_utils/nnet_dense_latency.h:66]   --->   Operation 626 'sext' 'sext_ln111_5' <Predicate = true> <Delay = 0.00>
ST_2 : Operation 627 [1/1] (0.00ns)   --->   "%shl_ln111_6 = bitconcatenate i26 @_ssdm_op_BitConcatenate.i26.i16.i10, i16 %add_ln58_104, i10 0" [firmware/nnet_utils/nnet_mult.h:111->firmware/nnet_utils/nnet_dense_latency.h:66]   --->   Operation 627 'bitconcatenate' 'shl_ln111_6' <Predicate = true> <Delay = 0.00>
ST_2 : Operation 628 [1/1] (0.00ns)   --->   "%sext_ln111_6 = sext i26 %shl_ln111_6" [firmware/nnet_utils/nnet_mult.h:111->firmware/nnet_utils/nnet_dense_latency.h:66]   --->   Operation 628 'sext' 'sext_ln111_6' <Predicate = true> <Delay = 0.00>
ST_2 : Operation 629 [1/1] (0.00ns)   --->   "%shl_ln111_7 = bitconcatenate i26 @_ssdm_op_BitConcatenate.i26.i16.i10, i16 %add_ln58_119, i10 0" [firmware/nnet_utils/nnet_mult.h:111->firmware/nnet_utils/nnet_dense_latency.h:66]   --->   Operation 629 'bitconcatenate' 'shl_ln111_7' <Predicate = true> <Delay = 0.00>
ST_2 : Operation 630 [1/1] (0.00ns)   --->   "%sext_ln68 = sext i26 %shl_ln111_7" [firmware/nnet_utils/nnet_dense_latency.h:68]   --->   Operation 630 'sext' 'sext_ln68' <Predicate = true> <Delay = 0.00>
ST_2 : Operation 631 [1/1] (0.00ns)   --->   "%mrv = insertvalue i296 <undef>, i37 %sext_ln111" [firmware/nnet_utils/nnet_dense_latency.h:68]   --->   Operation 631 'insertvalue' 'mrv' <Predicate = true> <Delay = 0.00>
ST_2 : Operation 632 [1/1] (0.00ns)   --->   "%mrv_1 = insertvalue i296 %mrv, i37 %sext_ln111_1" [firmware/nnet_utils/nnet_dense_latency.h:68]   --->   Operation 632 'insertvalue' 'mrv_1' <Predicate = true> <Delay = 0.00>
ST_2 : Operation 633 [1/1] (0.00ns)   --->   "%mrv_2 = insertvalue i296 %mrv_1, i37 %sext_ln111_2" [firmware/nnet_utils/nnet_dense_latency.h:68]   --->   Operation 633 'insertvalue' 'mrv_2' <Predicate = true> <Delay = 0.00>
ST_2 : Operation 634 [1/1] (0.00ns)   --->   "%mrv_3 = insertvalue i296 %mrv_2, i37 %sext_ln111_3" [firmware/nnet_utils/nnet_dense_latency.h:68]   --->   Operation 634 'insertvalue' 'mrv_3' <Predicate = true> <Delay = 0.00>
ST_2 : Operation 635 [1/1] (0.00ns)   --->   "%mrv_4 = insertvalue i296 %mrv_3, i37 %sext_ln111_4" [firmware/nnet_utils/nnet_dense_latency.h:68]   --->   Operation 635 'insertvalue' 'mrv_4' <Predicate = true> <Delay = 0.00>
ST_2 : Operation 636 [1/1] (0.00ns)   --->   "%mrv_5 = insertvalue i296 %mrv_4, i37 %sext_ln111_5" [firmware/nnet_utils/nnet_dense_latency.h:68]   --->   Operation 636 'insertvalue' 'mrv_5' <Predicate = true> <Delay = 0.00>
ST_2 : Operation 637 [1/1] (0.00ns)   --->   "%mrv_6 = insertvalue i296 %mrv_5, i37 %sext_ln111_6" [firmware/nnet_utils/nnet_dense_latency.h:68]   --->   Operation 637 'insertvalue' 'mrv_6' <Predicate = true> <Delay = 0.00>
ST_2 : Operation 638 [1/1] (0.00ns)   --->   "%mrv_7 = insertvalue i296 %mrv_6, i37 %sext_ln68" [firmware/nnet_utils/nnet_dense_latency.h:68]   --->   Operation 638 'insertvalue' 'mrv_7' <Predicate = true> <Delay = 0.00>
ST_2 : Operation 639 [1/1] (0.00ns)   --->   "%ret_ln68 = ret i296 %mrv_7" [firmware/nnet_utils/nnet_dense_latency.h:68]   --->   Operation 639 'ret' 'ret_ln68' <Predicate = true> <Delay = 0.00>


============================================================
+ Verbose Summary: Timing violations
============================================================
Target clock period: 5.000ns, clock uncertainty: 1.350ns.

 <State 1>: 3.400ns
The critical path consists of the following:
	wire read operation ('data_val_read') on port 'data_val' [4]  (0.000 ns)
	'mul' operation 26 bit ('mul_ln73_22', firmware/nnet_utils/nnet_mult.h:73->firmware/nnet_utils/nnet_dense_latency.h:42) [90]  (1.940 ns)
	'add' operation 16 bit ('add_ln58_1', firmware/nnet_utils/nnet_dense_latency.h:58) [487]  (0.785 ns)
	'add' operation 16 bit ('add_ln58_2', firmware/nnet_utils/nnet_dense_latency.h:58) [488]  (0.675 ns)

 <State 2>: 1.350ns
The critical path consists of the following:
	'add' operation 16 bit ('add_ln58_9', firmware/nnet_utils/nnet_dense_latency.h:58) [496]  (0.000 ns)
	'add' operation 16 bit ('add_ln58_13', firmware/nnet_utils/nnet_dense_latency.h:58) [500]  (0.675 ns)
	'add' operation 16 bit ('add_ln58_14', firmware/nnet_utils/nnet_dense_latency.h:58) [501]  (0.675 ns)


============================================================
+ Verbose Summary: Binding
============================================================
N/A
* FSMD analyzer results:
  - Output states:
 - Input state : 
  - Chain level:
	State 1
	State 2


============================================================
+ Verbose Summary: Datapath Resource usage 
============================================================
N/A
