

================================================================
== Vitis HLS Report for 'dense_latency_ap_fixed_16_6_5_3_0_ap_fixed_37_17_5_3_0_config2_s'
================================================================
* Date:           Tue Sep 23 19:05:48 2025

* Version:        2024.1 (Build 5069499 on May 21 2024)
* Project:        myproject_prj
* Solution:       solution1 (Vivado IP Flow Target)
* Product family: virtexuplusHBM
* Target device:  xcvu47p-fsvh2892-2-e


================================================================
== Performance Estimates
================================================================
+ Timing: 
    * Summary: 
    +--------+---------+----------+------------+
    |  Clock |  Target | Estimated| Uncertainty|
    +--------+---------+----------+------------+
    |ap_clk  |  5.00 ns|  3.400 ns|     1.35 ns|
    +--------+---------+----------+------------+

+ Latency: 
    * Summary: 
    +---------+---------+----------+----------+-----+-----+---------+
    |  Latency (cycles) |  Latency (absolute) |  Interval | Pipeline|
    |   min   |   max   |    min   |    max   | min | max |   Type  |
    +---------+---------+----------+----------+-----+-----+---------+
    |        1|        1|  5.000 ns|  5.000 ns|    1|    1|      yes|
    +---------+---------+----------+----------+-----+-----+---------+

    + Detail: 
        * Instance: 
        N/A

        * Loop: 
        N/A

============================================================
+ Verbose Summary: Synthesis Manager
============================================================
InlineROM: 1
ExposeGlobal: 0
============================================================
+ Verbose Summary: CDFG Model
============================================================
IsTopModel: 0
ResetActiveHigh: 1
IsCombinational: 0
IsDatapathOnly: 0
HasWiredReturn: 1
HasMFsm: 2
HasVarLatency: 0
IsPipeline: 1
IsRtlPipelined: 1
IsInstanceOverlapped: 0
IsDontTouch: 0
HasImplIP: 0
IsGatedGlobalClock: 0

+ Individual pipeline summary: 
  * Pipeline-0: initiation interval (II) = 1, depth = 2


============================================================
+ Verbose Summary: Schedule
============================================================
* Number of FSM states : 2
* Pipeline : 1
  Pipeline-0 : II = 1, D = 2, States = { 1 2 }
* Dataflow Pipeline: 0

* FSM state transitions: 
1 --> 2 
2 --> 

* FSM state operations: 

State 1 <SV = 0> <Delay = 3.40>
ST_1 : Operation 3 [1/1] (0.00ns)   --->   "%data_val_read = read i256 @_ssdm_op_Read.ap_auto.i256, i256 %data_val"   --->   Operation 3 'read' 'data_val_read' <Predicate = true> <Delay = 0.00>
ST_1 : Operation 4 [1/1] (0.00ns)   --->   "%a = trunc i256 %data_val_read"   --->   Operation 4 'trunc' 'a' <Predicate = true> <Delay = 0.00>
ST_1 : Operation 5 [1/1] (0.00ns)   --->   "%sext_ln70 = sext i16 %a" [firmware/nnet_utils/nnet_mult.h:70->firmware/nnet_utils/nnet_dense_latency.h:42]   --->   Operation 5 'sext' 'sext_ln70' <Predicate = true> <Delay = 0.00>
ST_1 : Operation 6 [1/1] (0.00ns)   --->   "%sext_ln70_1 = sext i16 %a" [firmware/nnet_utils/nnet_mult.h:70->firmware/nnet_utils/nnet_dense_latency.h:42]   --->   Operation 6 'sext' 'sext_ln70_1' <Predicate = true> <Delay = 0.00>
ST_1 : Operation 7 [1/1] (0.00ns)   --->   "%sext_ln70_2 = sext i16 %a" [firmware/nnet_utils/nnet_mult.h:70->firmware/nnet_utils/nnet_dense_latency.h:42]   --->   Operation 7 'sext' 'sext_ln70_2' <Predicate = true> <Delay = 0.00>
ST_1 : Operation 8 [1/1] (1.94ns)   --->   "%mul_ln73 = mul i25 %sext_ln70_2, i25 33554299" [firmware/nnet_utils/nnet_mult.h:73->firmware/nnet_utils/nnet_dense_latency.h:42]   --->   Operation 8 'mul' 'mul_ln73' <Predicate = true> <Delay = 1.94> <CoreInst = "Multiplier">   --->   Core 3 'Multiplier' <Latency = 0> <II = 1> <Delay = 1.94> <FuncUnit> <Opcode : 'mul'> <InPorts = 2> <OutPorts = 1>
ST_1 : Operation 9 [1/1] (0.00ns)   --->   "%trunc_ln = partselect i15 @_ssdm_op_PartSelect.i15.i25.i32.i32, i25 %mul_ln73, i32 10, i32 24" [firmware/nnet_utils/nnet_dense_latency.h:42]   --->   Operation 9 'partselect' 'trunc_ln' <Predicate = true> <Delay = 0.00>
ST_1 : Operation 10 [1/1] (0.00ns)   --->   "%sext_ln42 = sext i15 %trunc_ln" [firmware/nnet_utils/nnet_dense_latency.h:42]   --->   Operation 10 'sext' 'sext_ln42' <Predicate = true> <Delay = 0.00>
ST_1 : Operation 11 [1/1] (1.94ns)   --->   "%mul_ln73_1 = mul i24 %sext_ln70_1, i24 75" [firmware/nnet_utils/nnet_mult.h:73->firmware/nnet_utils/nnet_dense_latency.h:42]   --->   Operation 11 'mul' 'mul_ln73_1' <Predicate = true> <Delay = 1.94> <CoreInst = "Multiplier">   --->   Core 3 'Multiplier' <Latency = 0> <II = 1> <Delay = 1.94> <FuncUnit> <Opcode : 'mul'> <InPorts = 2> <OutPorts = 1>
ST_1 : Operation 12 [1/1] (0.00ns)   --->   "%trunc_ln42_9 = partselect i14 @_ssdm_op_PartSelect.i14.i24.i32.i32, i24 %mul_ln73_1, i32 10, i32 23" [firmware/nnet_utils/nnet_dense_latency.h:42]   --->   Operation 12 'partselect' 'trunc_ln42_9' <Predicate = true> <Delay = 0.00>
ST_1 : Operation 13 [1/1] (0.00ns)   --->   "%sext_ln73 = sext i14 %trunc_ln42_9" [firmware/nnet_utils/nnet_mult.h:73->firmware/nnet_utils/nnet_dense_latency.h:42]   --->   Operation 13 'sext' 'sext_ln73' <Predicate = true> <Delay = 0.00>
ST_1 : Operation 14 [1/1] (1.94ns)   --->   "%mul_ln73_2 = mul i26 %sext_ln70, i26 311" [firmware/nnet_utils/nnet_mult.h:73->firmware/nnet_utils/nnet_dense_latency.h:42]   --->   Operation 14 'mul' 'mul_ln73_2' <Predicate = true> <Delay = 1.94> <CoreInst = "Multiplier">   --->   Core 3 'Multiplier' <Latency = 0> <II = 1> <Delay = 1.94> <FuncUnit> <Opcode : 'mul'> <InPorts = 2> <OutPorts = 1>
ST_1 : Operation 15 [1/1] (0.00ns)   --->   "%trunc_ln42_2 = partselect i16 @_ssdm_op_PartSelect.i16.i26.i32.i32, i26 %mul_ln73_2, i32 10, i32 25" [firmware/nnet_utils/nnet_dense_latency.h:42]   --->   Operation 15 'partselect' 'trunc_ln42_2' <Predicate = true> <Delay = 0.00>
ST_1 : Operation 16 [1/1] (1.94ns)   --->   "%mul_ln73_3 = mul i26 %sext_ln70, i26 291" [firmware/nnet_utils/nnet_mult.h:73->firmware/nnet_utils/nnet_dense_latency.h:42]   --->   Operation 16 'mul' 'mul_ln73_3' <Predicate = true> <Delay = 1.94> <CoreInst = "Multiplier">   --->   Core 3 'Multiplier' <Latency = 0> <II = 1> <Delay = 1.94> <FuncUnit> <Opcode : 'mul'> <InPorts = 2> <OutPorts = 1>
ST_1 : Operation 17 [1/1] (0.00ns)   --->   "%trunc_ln42_3 = partselect i16 @_ssdm_op_PartSelect.i16.i26.i32.i32, i26 %mul_ln73_3, i32 10, i32 25" [firmware/nnet_utils/nnet_dense_latency.h:42]   --->   Operation 17 'partselect' 'trunc_ln42_3' <Predicate = true> <Delay = 0.00>
ST_1 : Operation 18 [1/1] (1.94ns)   --->   "%mul_ln73_4 = mul i26 %sext_ln70, i26 495" [firmware/nnet_utils/nnet_mult.h:73->firmware/nnet_utils/nnet_dense_latency.h:42]   --->   Operation 18 'mul' 'mul_ln73_4' <Predicate = true> <Delay = 1.94> <CoreInst = "Multiplier">   --->   Core 3 'Multiplier' <Latency = 0> <II = 1> <Delay = 1.94> <FuncUnit> <Opcode : 'mul'> <InPorts = 2> <OutPorts = 1>
ST_1 : Operation 19 [1/1] (0.00ns)   --->   "%trunc_ln42_4 = partselect i16 @_ssdm_op_PartSelect.i16.i26.i32.i32, i26 %mul_ln73_4, i32 10, i32 25" [firmware/nnet_utils/nnet_dense_latency.h:42]   --->   Operation 19 'partselect' 'trunc_ln42_4' <Predicate = true> <Delay = 0.00>
ST_1 : Operation 20 [1/1] (1.94ns)   --->   "%mul_ln73_5 = mul i25 %sext_ln70_2, i25 163" [firmware/nnet_utils/nnet_mult.h:73->firmware/nnet_utils/nnet_dense_latency.h:42]   --->   Operation 20 'mul' 'mul_ln73_5' <Predicate = true> <Delay = 1.94> <CoreInst = "Multiplier">   --->   Core 3 'Multiplier' <Latency = 0> <II = 1> <Delay = 1.94> <FuncUnit> <Opcode : 'mul'> <InPorts = 2> <OutPorts = 1>
ST_1 : Operation 21 [1/1] (0.00ns)   --->   "%trunc_ln42_s = partselect i15 @_ssdm_op_PartSelect.i15.i25.i32.i32, i25 %mul_ln73_5, i32 10, i32 24" [firmware/nnet_utils/nnet_dense_latency.h:42]   --->   Operation 21 'partselect' 'trunc_ln42_s' <Predicate = true> <Delay = 0.00>
ST_1 : Operation 22 [1/1] (0.00ns)   --->   "%sext_ln42_1 = sext i15 %trunc_ln42_s" [firmware/nnet_utils/nnet_dense_latency.h:42]   --->   Operation 22 'sext' 'sext_ln42_1' <Predicate = true> <Delay = 0.00>
ST_1 : Operation 23 [1/1] (0.00ns)   --->   "%tmp = bitconcatenate i20 @_ssdm_op_BitConcatenate.i20.i16.i4, i16 %a, i4 0" [firmware/nnet_utils/nnet_mult.h:73->firmware/nnet_utils/nnet_dense_latency.h:42]   --->   Operation 23 'bitconcatenate' 'tmp' <Predicate = true> <Delay = 0.00>
ST_1 : Operation 24 [1/1] (0.00ns)   --->   "%sext_ln73_1 = sext i20 %tmp" [firmware/nnet_utils/nnet_mult.h:73->firmware/nnet_utils/nnet_dense_latency.h:42]   --->   Operation 24 'sext' 'sext_ln73_1' <Predicate = true> <Delay = 0.00>
ST_1 : Operation 25 [1/1] (0.00ns)   --->   "%tmp_9024 = bitconcatenate i17 @_ssdm_op_BitConcatenate.i17.i16.i1, i16 %a, i1 0" [firmware/nnet_utils/nnet_mult.h:73->firmware/nnet_utils/nnet_dense_latency.h:42]   --->   Operation 25 'bitconcatenate' 'tmp_9024' <Predicate = true> <Delay = 0.00>
ST_1 : Operation 26 [1/1] (0.00ns)   --->   "%sext_ln73_2 = sext i17 %tmp_9024" [firmware/nnet_utils/nnet_mult.h:73->firmware/nnet_utils/nnet_dense_latency.h:42]   --->   Operation 26 'sext' 'sext_ln73_2' <Predicate = true> <Delay = 0.00>
ST_1 : Operation 27 [1/1] (0.80ns)   --->   "%add_ln73 = add i22 %sext_ln73_1, i22 %sext_ln73_2" [firmware/nnet_utils/nnet_mult.h:73->firmware/nnet_utils/nnet_dense_latency.h:42]   --->   Operation 27 'add' 'add_ln73' <Predicate = true> <Delay = 0.80> <CoreInst = "Adder">   --->   Core 1 'Adder' <Latency = 0> <II = 1> <Delay = 0.80> <FuncUnit> <Opcode : 'add' 'sub'> <InPorts = 2> <OutPorts = 1>
ST_1 : Operation 28 [1/1] (0.00ns)   --->   "%trunc_ln42_1 = partselect i12 @_ssdm_op_PartSelect.i12.i22.i32.i32, i22 %add_ln73, i32 10, i32 21" [firmware/nnet_utils/nnet_dense_latency.h:42]   --->   Operation 28 'partselect' 'trunc_ln42_1' <Predicate = true> <Delay = 0.00>
ST_1 : Operation 29 [1/1] (0.00ns)   --->   "%sext_ln42_2 = sext i12 %trunc_ln42_1" [firmware/nnet_utils/nnet_dense_latency.h:42]   --->   Operation 29 'sext' 'sext_ln42_2' <Predicate = true> <Delay = 0.00>
ST_1 : Operation 30 [1/1] (1.94ns)   --->   "%mul_ln73_6 = mul i25 %sext_ln70_2, i25 162" [firmware/nnet_utils/nnet_mult.h:73->firmware/nnet_utils/nnet_dense_latency.h:42]   --->   Operation 30 'mul' 'mul_ln73_6' <Predicate = true> <Delay = 1.94> <CoreInst = "Multiplier">   --->   Core 3 'Multiplier' <Latency = 0> <II = 1> <Delay = 1.94> <FuncUnit> <Opcode : 'mul'> <InPorts = 2> <OutPorts = 1>
ST_1 : Operation 31 [1/1] (0.00ns)   --->   "%trunc_ln42_5 = partselect i15 @_ssdm_op_PartSelect.i15.i25.i32.i32, i25 %mul_ln73_6, i32 10, i32 24" [firmware/nnet_utils/nnet_dense_latency.h:42]   --->   Operation 31 'partselect' 'trunc_ln42_5' <Predicate = true> <Delay = 0.00>
ST_1 : Operation 32 [1/1] (0.00ns)   --->   "%sext_ln42_3 = sext i15 %trunc_ln42_5" [firmware/nnet_utils/nnet_dense_latency.h:42]   --->   Operation 32 'sext' 'sext_ln42_3' <Predicate = true> <Delay = 0.00>
ST_1 : Operation 33 [1/1] (0.00ns)   --->   "%a_1 = partselect i16 @_ssdm_op_PartSelect.i16.i256.i32.i32, i256 %data_val_read, i32 16, i32 31"   --->   Operation 33 'partselect' 'a_1' <Predicate = true> <Delay = 0.00>
ST_1 : Operation 34 [1/1] (0.00ns)   --->   "%sext_ln70_3 = sext i16 %a_1" [firmware/nnet_utils/nnet_mult.h:70->firmware/nnet_utils/nnet_dense_latency.h:42]   --->   Operation 34 'sext' 'sext_ln70_3' <Predicate = true> <Delay = 0.00>
ST_1 : Operation 35 [1/1] (0.00ns)   --->   "%sext_ln70_4 = sext i16 %a_1" [firmware/nnet_utils/nnet_mult.h:70->firmware/nnet_utils/nnet_dense_latency.h:42]   --->   Operation 35 'sext' 'sext_ln70_4' <Predicate = true> <Delay = 0.00>
ST_1 : Operation 36 [1/1] (0.00ns)   --->   "%sext_ln70_5 = sext i16 %a_1" [firmware/nnet_utils/nnet_mult.h:70->firmware/nnet_utils/nnet_dense_latency.h:42]   --->   Operation 36 'sext' 'sext_ln70_5' <Predicate = true> <Delay = 0.00>
ST_1 : Operation 37 [1/1] (1.94ns)   --->   "%mul_ln73_7 = mul i26 %sext_ln70_5, i26 67108444" [firmware/nnet_utils/nnet_mult.h:73->firmware/nnet_utils/nnet_dense_latency.h:42]   --->   Operation 37 'mul' 'mul_ln73_7' <Predicate = true> <Delay = 1.94> <CoreInst = "Multiplier">   --->   Core 3 'Multiplier' <Latency = 0> <II = 1> <Delay = 1.94> <FuncUnit> <Opcode : 'mul'> <InPorts = 2> <OutPorts = 1>
ST_1 : Operation 38 [1/1] (0.00ns)   --->   "%trunc_ln42_8 = partselect i16 @_ssdm_op_PartSelect.i16.i26.i32.i32, i26 %mul_ln73_7, i32 10, i32 25" [firmware/nnet_utils/nnet_dense_latency.h:42]   --->   Operation 38 'partselect' 'trunc_ln42_8' <Predicate = true> <Delay = 0.00>
ST_1 : Operation 39 [1/1] (1.94ns)   --->   "%mul_ln73_8 = mul i23 %sext_ln70_4, i23 57" [firmware/nnet_utils/nnet_mult.h:73->firmware/nnet_utils/nnet_dense_latency.h:42]   --->   Operation 39 'mul' 'mul_ln73_8' <Predicate = true> <Delay = 1.94> <CoreInst = "Multiplier">   --->   Core 3 'Multiplier' <Latency = 0> <II = 1> <Delay = 1.94> <FuncUnit> <Opcode : 'mul'> <InPorts = 2> <OutPorts = 1>
ST_1 : Operation 40 [1/1] (0.00ns)   --->   "%trunc_ln42_6 = partselect i13 @_ssdm_op_PartSelect.i13.i23.i32.i32, i23 %mul_ln73_8, i32 10, i32 22" [firmware/nnet_utils/nnet_dense_latency.h:42]   --->   Operation 40 'partselect' 'trunc_ln42_6' <Predicate = true> <Delay = 0.00>
ST_1 : Operation 41 [1/1] (0.00ns)   --->   "%sext_ln73_3 = sext i13 %trunc_ln42_6" [firmware/nnet_utils/nnet_mult.h:73->firmware/nnet_utils/nnet_dense_latency.h:42]   --->   Operation 41 'sext' 'sext_ln73_3' <Predicate = true> <Delay = 0.00>
ST_1 : Operation 42 [1/1] (1.94ns)   --->   "%mul_ln73_9 = mul i26 %sext_ln70_5, i26 67108475" [firmware/nnet_utils/nnet_mult.h:73->firmware/nnet_utils/nnet_dense_latency.h:42]   --->   Operation 42 'mul' 'mul_ln73_9' <Predicate = true> <Delay = 1.94> <CoreInst = "Multiplier">   --->   Core 3 'Multiplier' <Latency = 0> <II = 1> <Delay = 1.94> <FuncUnit> <Opcode : 'mul'> <InPorts = 2> <OutPorts = 1>
ST_1 : Operation 43 [1/1] (0.00ns)   --->   "%trunc_ln42_7 = partselect i16 @_ssdm_op_PartSelect.i16.i26.i32.i32, i26 %mul_ln73_9, i32 10, i32 25" [firmware/nnet_utils/nnet_dense_latency.h:42]   --->   Operation 43 'partselect' 'trunc_ln42_7' <Predicate = true> <Delay = 0.00>
ST_1 : Operation 44 [1/1] (1.94ns)   --->   "%mul_ln73_10 = mul i25 %sext_ln70_3, i25 174" [firmware/nnet_utils/nnet_mult.h:73->firmware/nnet_utils/nnet_dense_latency.h:42]   --->   Operation 44 'mul' 'mul_ln73_10' <Predicate = true> <Delay = 1.94> <CoreInst = "Multiplier">   --->   Core 3 'Multiplier' <Latency = 0> <II = 1> <Delay = 1.94> <FuncUnit> <Opcode : 'mul'> <InPorts = 2> <OutPorts = 1>
ST_1 : Operation 45 [1/1] (0.00ns)   --->   "%trunc_ln42_10 = partselect i15 @_ssdm_op_PartSelect.i15.i25.i32.i32, i25 %mul_ln73_10, i32 10, i32 24" [firmware/nnet_utils/nnet_dense_latency.h:42]   --->   Operation 45 'partselect' 'trunc_ln42_10' <Predicate = true> <Delay = 0.00>
ST_1 : Operation 46 [1/1] (0.00ns)   --->   "%sext_ln42_4 = sext i15 %trunc_ln42_10" [firmware/nnet_utils/nnet_dense_latency.h:42]   --->   Operation 46 'sext' 'sext_ln42_4' <Predicate = true> <Delay = 0.00>
ST_1 : Operation 47 [1/1] (1.94ns)   --->   "%mul_ln73_11 = mul i26 %sext_ln70_5, i26 414" [firmware/nnet_utils/nnet_mult.h:73->firmware/nnet_utils/nnet_dense_latency.h:42]   --->   Operation 47 'mul' 'mul_ln73_11' <Predicate = true> <Delay = 1.94> <CoreInst = "Multiplier">   --->   Core 3 'Multiplier' <Latency = 0> <II = 1> <Delay = 1.94> <FuncUnit> <Opcode : 'mul'> <InPorts = 2> <OutPorts = 1>
ST_1 : Operation 48 [1/1] (0.00ns)   --->   "%trunc_ln42_11 = partselect i16 @_ssdm_op_PartSelect.i16.i26.i32.i32, i26 %mul_ln73_11, i32 10, i32 25" [firmware/nnet_utils/nnet_dense_latency.h:42]   --->   Operation 48 'partselect' 'trunc_ln42_11' <Predicate = true> <Delay = 0.00>
ST_1 : Operation 49 [1/1] (1.94ns)   --->   "%mul_ln73_12 = mul i26 %sext_ln70_5, i26 67108425" [firmware/nnet_utils/nnet_mult.h:73->firmware/nnet_utils/nnet_dense_latency.h:42]   --->   Operation 49 'mul' 'mul_ln73_12' <Predicate = true> <Delay = 1.94> <CoreInst = "Multiplier">   --->   Core 3 'Multiplier' <Latency = 0> <II = 1> <Delay = 1.94> <FuncUnit> <Opcode : 'mul'> <InPorts = 2> <OutPorts = 1>
ST_1 : Operation 50 [1/1] (0.00ns)   --->   "%trunc_ln42_12 = partselect i16 @_ssdm_op_PartSelect.i16.i26.i32.i32, i26 %mul_ln73_12, i32 10, i32 25" [firmware/nnet_utils/nnet_dense_latency.h:42]   --->   Operation 50 'partselect' 'trunc_ln42_12' <Predicate = true> <Delay = 0.00>
ST_1 : Operation 51 [1/1] (1.94ns)   --->   "%mul_ln73_13 = mul i26 %sext_ln70_5, i26 67108401" [firmware/nnet_utils/nnet_mult.h:73->firmware/nnet_utils/nnet_dense_latency.h:42]   --->   Operation 51 'mul' 'mul_ln73_13' <Predicate = true> <Delay = 1.94> <CoreInst = "Multiplier">   --->   Core 3 'Multiplier' <Latency = 0> <II = 1> <Delay = 1.94> <FuncUnit> <Opcode : 'mul'> <InPorts = 2> <OutPorts = 1>
ST_1 : Operation 52 [1/1] (0.00ns)   --->   "%trunc_ln42_13 = partselect i16 @_ssdm_op_PartSelect.i16.i26.i32.i32, i26 %mul_ln73_13, i32 10, i32 25" [firmware/nnet_utils/nnet_dense_latency.h:42]   --->   Operation 52 'partselect' 'trunc_ln42_13' <Predicate = true> <Delay = 0.00>
ST_1 : Operation 53 [1/1] (1.94ns)   --->   "%mul_ln73_14 = mul i25 %sext_ln70_3, i25 178" [firmware/nnet_utils/nnet_mult.h:73->firmware/nnet_utils/nnet_dense_latency.h:42]   --->   Operation 53 'mul' 'mul_ln73_14' <Predicate = true> <Delay = 1.94> <CoreInst = "Multiplier">   --->   Core 3 'Multiplier' <Latency = 0> <II = 1> <Delay = 1.94> <FuncUnit> <Opcode : 'mul'> <InPorts = 2> <OutPorts = 1>
ST_1 : Operation 54 [1/1] (0.00ns)   --->   "%trunc_ln42_14 = partselect i15 @_ssdm_op_PartSelect.i15.i25.i32.i32, i25 %mul_ln73_14, i32 10, i32 24" [firmware/nnet_utils/nnet_dense_latency.h:42]   --->   Operation 54 'partselect' 'trunc_ln42_14' <Predicate = true> <Delay = 0.00>
ST_1 : Operation 55 [1/1] (0.00ns)   --->   "%sext_ln42_5 = sext i15 %trunc_ln42_14" [firmware/nnet_utils/nnet_dense_latency.h:42]   --->   Operation 55 'sext' 'sext_ln42_5' <Predicate = true> <Delay = 0.00>
ST_1 : Operation 56 [1/1] (0.00ns)   --->   "%a_2 = partselect i16 @_ssdm_op_PartSelect.i16.i256.i32.i32, i256 %data_val_read, i32 32, i32 47"   --->   Operation 56 'partselect' 'a_2' <Predicate = true> <Delay = 0.00>
ST_1 : Operation 57 [1/1] (0.00ns)   --->   "%sext_ln70_6 = sext i16 %a_2" [firmware/nnet_utils/nnet_mult.h:70->firmware/nnet_utils/nnet_dense_latency.h:42]   --->   Operation 57 'sext' 'sext_ln70_6' <Predicate = true> <Delay = 0.00>
ST_1 : Operation 58 [1/1] (0.00ns)   --->   "%sext_ln70_7 = sext i16 %a_2" [firmware/nnet_utils/nnet_mult.h:70->firmware/nnet_utils/nnet_dense_latency.h:42]   --->   Operation 58 'sext' 'sext_ln70_7' <Predicate = true> <Delay = 0.00>
ST_1 : Operation 59 [1/1] (0.00ns)   --->   "%sext_ln70_8 = sext i16 %a_2" [firmware/nnet_utils/nnet_mult.h:70->firmware/nnet_utils/nnet_dense_latency.h:42]   --->   Operation 59 'sext' 'sext_ln70_8' <Predicate = true> <Delay = 0.00>
ST_1 : Operation 60 [1/1] (1.94ns)   --->   "%mul_ln73_15 = mul i25 %sext_ln70_8, i25 218" [firmware/nnet_utils/nnet_mult.h:73->firmware/nnet_utils/nnet_dense_latency.h:42]   --->   Operation 60 'mul' 'mul_ln73_15' <Predicate = true> <Delay = 1.94> <CoreInst = "Multiplier">   --->   Core 3 'Multiplier' <Latency = 0> <II = 1> <Delay = 1.94> <FuncUnit> <Opcode : 'mul'> <InPorts = 2> <OutPorts = 1>
ST_1 : Operation 61 [1/1] (0.00ns)   --->   "%trunc_ln42_15 = partselect i15 @_ssdm_op_PartSelect.i15.i25.i32.i32, i25 %mul_ln73_15, i32 10, i32 24" [firmware/nnet_utils/nnet_dense_latency.h:42]   --->   Operation 61 'partselect' 'trunc_ln42_15' <Predicate = true> <Delay = 0.00>
ST_1 : Operation 62 [1/1] (0.00ns)   --->   "%sext_ln42_6 = sext i15 %trunc_ln42_15" [firmware/nnet_utils/nnet_dense_latency.h:42]   --->   Operation 62 'sext' 'sext_ln42_6' <Predicate = true> <Delay = 0.00>
ST_1 : Operation 63 [1/1] (1.94ns)   --->   "%mul_ln73_16 = mul i25 %sext_ln70_8, i25 33554189" [firmware/nnet_utils/nnet_mult.h:73->firmware/nnet_utils/nnet_dense_latency.h:42]   --->   Operation 63 'mul' 'mul_ln73_16' <Predicate = true> <Delay = 1.94> <CoreInst = "Multiplier">   --->   Core 3 'Multiplier' <Latency = 0> <II = 1> <Delay = 1.94> <FuncUnit> <Opcode : 'mul'> <InPorts = 2> <OutPorts = 1>
ST_1 : Operation 64 [1/1] (0.00ns)   --->   "%trunc_ln42_16 = partselect i15 @_ssdm_op_PartSelect.i15.i25.i32.i32, i25 %mul_ln73_16, i32 10, i32 24" [firmware/nnet_utils/nnet_dense_latency.h:42]   --->   Operation 64 'partselect' 'trunc_ln42_16' <Predicate = true> <Delay = 0.00>
ST_1 : Operation 65 [1/1] (0.00ns)   --->   "%sext_ln42_7 = sext i15 %trunc_ln42_16" [firmware/nnet_utils/nnet_dense_latency.h:42]   --->   Operation 65 'sext' 'sext_ln42_7' <Predicate = true> <Delay = 0.00>
ST_1 : Operation 66 [1/1] (1.94ns)   --->   "%mul_ln73_17 = mul i26 %sext_ln70_7, i26 456" [firmware/nnet_utils/nnet_mult.h:73->firmware/nnet_utils/nnet_dense_latency.h:42]   --->   Operation 66 'mul' 'mul_ln73_17' <Predicate = true> <Delay = 1.94> <CoreInst = "Multiplier">   --->   Core 3 'Multiplier' <Latency = 0> <II = 1> <Delay = 1.94> <FuncUnit> <Opcode : 'mul'> <InPorts = 2> <OutPorts = 1>
ST_1 : Operation 67 [1/1] (0.00ns)   --->   "%trunc_ln42_17 = partselect i16 @_ssdm_op_PartSelect.i16.i26.i32.i32, i26 %mul_ln73_17, i32 10, i32 25" [firmware/nnet_utils/nnet_dense_latency.h:42]   --->   Operation 67 'partselect' 'trunc_ln42_17' <Predicate = true> <Delay = 0.00>
ST_1 : Operation 68 [1/1] (1.94ns)   --->   "%mul_ln73_18 = mul i26 %sext_ln70_7, i26 375" [firmware/nnet_utils/nnet_mult.h:73->firmware/nnet_utils/nnet_dense_latency.h:42]   --->   Operation 68 'mul' 'mul_ln73_18' <Predicate = true> <Delay = 1.94> <CoreInst = "Multiplier">   --->   Core 3 'Multiplier' <Latency = 0> <II = 1> <Delay = 1.94> <FuncUnit> <Opcode : 'mul'> <InPorts = 2> <OutPorts = 1>
ST_1 : Operation 69 [1/1] (0.00ns)   --->   "%trunc_ln42_18 = partselect i16 @_ssdm_op_PartSelect.i16.i26.i32.i32, i26 %mul_ln73_18, i32 10, i32 25" [firmware/nnet_utils/nnet_dense_latency.h:42]   --->   Operation 69 'partselect' 'trunc_ln42_18' <Predicate = true> <Delay = 0.00>
ST_1 : Operation 70 [1/1] (1.94ns)   --->   "%mul_ln73_19 = mul i25 %sext_ln70_8, i25 147" [firmware/nnet_utils/nnet_mult.h:73->firmware/nnet_utils/nnet_dense_latency.h:42]   --->   Operation 70 'mul' 'mul_ln73_19' <Predicate = true> <Delay = 1.94> <CoreInst = "Multiplier">   --->   Core 3 'Multiplier' <Latency = 0> <II = 1> <Delay = 1.94> <FuncUnit> <Opcode : 'mul'> <InPorts = 2> <OutPorts = 1>
ST_1 : Operation 71 [1/1] (0.00ns)   --->   "%trunc_ln42_19 = partselect i15 @_ssdm_op_PartSelect.i15.i25.i32.i32, i25 %mul_ln73_19, i32 10, i32 24" [firmware/nnet_utils/nnet_dense_latency.h:42]   --->   Operation 71 'partselect' 'trunc_ln42_19' <Predicate = true> <Delay = 0.00>
ST_1 : Operation 72 [1/1] (0.00ns)   --->   "%sext_ln42_8 = sext i15 %trunc_ln42_19" [firmware/nnet_utils/nnet_dense_latency.h:42]   --->   Operation 72 'sext' 'sext_ln42_8' <Predicate = true> <Delay = 0.00>
ST_1 : Operation 73 [1/1] (1.94ns)   --->   "%mul_ln73_20 = mul i26 %sext_ln70_7, i26 321" [firmware/nnet_utils/nnet_mult.h:73->firmware/nnet_utils/nnet_dense_latency.h:42]   --->   Operation 73 'mul' 'mul_ln73_20' <Predicate = true> <Delay = 1.94> <CoreInst = "Multiplier">   --->   Core 3 'Multiplier' <Latency = 0> <II = 1> <Delay = 1.94> <FuncUnit> <Opcode : 'mul'> <InPorts = 2> <OutPorts = 1>
ST_1 : Operation 74 [1/1] (0.00ns)   --->   "%trunc_ln42_20 = partselect i16 @_ssdm_op_PartSelect.i16.i26.i32.i32, i26 %mul_ln73_20, i32 10, i32 25" [firmware/nnet_utils/nnet_dense_latency.h:42]   --->   Operation 74 'partselect' 'trunc_ln42_20' <Predicate = true> <Delay = 0.00>
ST_1 : Operation 75 [1/1] (1.94ns)   --->   "%mul_ln73_21 = mul i24 %sext_ln70_6, i24 16777113" [firmware/nnet_utils/nnet_mult.h:73->firmware/nnet_utils/nnet_dense_latency.h:42]   --->   Operation 75 'mul' 'mul_ln73_21' <Predicate = true> <Delay = 1.94> <CoreInst = "Multiplier">   --->   Core 3 'Multiplier' <Latency = 0> <II = 1> <Delay = 1.94> <FuncUnit> <Opcode : 'mul'> <InPorts = 2> <OutPorts = 1>
ST_1 : Operation 76 [1/1] (0.00ns)   --->   "%trunc_ln42_21 = partselect i14 @_ssdm_op_PartSelect.i14.i24.i32.i32, i24 %mul_ln73_21, i32 10, i32 23" [firmware/nnet_utils/nnet_dense_latency.h:42]   --->   Operation 76 'partselect' 'trunc_ln42_21' <Predicate = true> <Delay = 0.00>
ST_1 : Operation 77 [1/1] (0.00ns)   --->   "%sext_ln42_9 = sext i14 %trunc_ln42_21" [firmware/nnet_utils/nnet_dense_latency.h:42]   --->   Operation 77 'sext' 'sext_ln42_9' <Predicate = true> <Delay = 0.00>
ST_1 : Operation 78 [1/1] (0.00ns)   --->   "%tmp_9025 = bitconcatenate i21 @_ssdm_op_BitConcatenate.i21.i16.i5, i16 %a_2, i5 0" [firmware/nnet_utils/nnet_mult.h:73->firmware/nnet_utils/nnet_dense_latency.h:42]   --->   Operation 78 'bitconcatenate' 'tmp_9025' <Predicate = true> <Delay = 0.00>
ST_1 : Operation 79 [1/1] (0.00ns)   --->   "%sext_ln73_4 = sext i21 %tmp_9025" [firmware/nnet_utils/nnet_mult.h:73->firmware/nnet_utils/nnet_dense_latency.h:42]   --->   Operation 79 'sext' 'sext_ln73_4' <Predicate = true> <Delay = 0.00>
ST_1 : Operation 80 [1/1] (0.00ns)   --->   "%tmp_9026 = bitconcatenate i19 @_ssdm_op_BitConcatenate.i19.i16.i3, i16 %a_2, i3 0" [firmware/nnet_utils/nnet_mult.h:73->firmware/nnet_utils/nnet_dense_latency.h:42]   --->   Operation 80 'bitconcatenate' 'tmp_9026' <Predicate = true> <Delay = 0.00>
ST_1 : Operation 81 [1/1] (0.00ns)   --->   "%sext_ln73_5 = sext i19 %tmp_9026" [firmware/nnet_utils/nnet_mult.h:73->firmware/nnet_utils/nnet_dense_latency.h:42]   --->   Operation 81 'sext' 'sext_ln73_5' <Predicate = true> <Delay = 0.00>
ST_1 : Operation 82 [1/1] (0.81ns)   --->   "%sub_ln73 = sub i22 %sext_ln73_5, i22 %sext_ln73_4" [firmware/nnet_utils/nnet_mult.h:73->firmware/nnet_utils/nnet_dense_latency.h:42]   --->   Operation 82 'sub' 'sub_ln73' <Predicate = true> <Delay = 0.81> <CoreInst = "Adder">   --->   Core 1 'Adder' <Latency = 0> <II = 1> <Delay = 0.81> <FuncUnit> <Opcode : 'add' 'sub'> <InPorts = 2> <OutPorts = 1>
ST_1 : Operation 83 [1/1] (0.00ns)   --->   "%trunc_ln42_22 = partselect i12 @_ssdm_op_PartSelect.i12.i22.i32.i32, i22 %sub_ln73, i32 10, i32 21" [firmware/nnet_utils/nnet_dense_latency.h:42]   --->   Operation 83 'partselect' 'trunc_ln42_22' <Predicate = true> <Delay = 0.00>
ST_1 : Operation 84 [1/1] (0.00ns)   --->   "%sext_ln42_10 = sext i12 %trunc_ln42_22" [firmware/nnet_utils/nnet_dense_latency.h:42]   --->   Operation 84 'sext' 'sext_ln42_10' <Predicate = true> <Delay = 0.00>
ST_1 : Operation 85 [1/1] (0.00ns)   --->   "%a_3 = partselect i16 @_ssdm_op_PartSelect.i16.i256.i32.i32, i256 %data_val_read, i32 48, i32 63"   --->   Operation 85 'partselect' 'a_3' <Predicate = true> <Delay = 0.00>
ST_1 : Operation 86 [1/1] (0.00ns)   --->   "%sext_ln70_9 = sext i16 %a_3" [firmware/nnet_utils/nnet_mult.h:70->firmware/nnet_utils/nnet_dense_latency.h:42]   --->   Operation 86 'sext' 'sext_ln70_9' <Predicate = true> <Delay = 0.00>
ST_1 : Operation 87 [1/1] (0.00ns)   --->   "%sext_ln70_10 = sext i16 %a_3" [firmware/nnet_utils/nnet_mult.h:70->firmware/nnet_utils/nnet_dense_latency.h:42]   --->   Operation 87 'sext' 'sext_ln70_10' <Predicate = true> <Delay = 0.00>
ST_1 : Operation 88 [1/1] (0.00ns)   --->   "%sext_ln70_11 = sext i16 %a_3" [firmware/nnet_utils/nnet_mult.h:70->firmware/nnet_utils/nnet_dense_latency.h:42]   --->   Operation 88 'sext' 'sext_ln70_11' <Predicate = true> <Delay = 0.00>
ST_1 : Operation 89 [1/1] (1.94ns)   --->   "%mul_ln73_22 = mul i26 %sext_ln70_11, i26 402" [firmware/nnet_utils/nnet_mult.h:73->firmware/nnet_utils/nnet_dense_latency.h:42]   --->   Operation 89 'mul' 'mul_ln73_22' <Predicate = true> <Delay = 1.94> <CoreInst = "Multiplier">   --->   Core 3 'Multiplier' <Latency = 0> <II = 1> <Delay = 1.94> <FuncUnit> <Opcode : 'mul'> <InPorts = 2> <OutPorts = 1>
ST_1 : Operation 90 [1/1] (0.00ns)   --->   "%trunc_ln42_23 = partselect i16 @_ssdm_op_PartSelect.i16.i26.i32.i32, i26 %mul_ln73_22, i32 10, i32 25" [firmware/nnet_utils/nnet_dense_latency.h:42]   --->   Operation 90 'partselect' 'trunc_ln42_23' <Predicate = true> <Delay = 0.00>
ST_1 : Operation 91 [1/1] (1.94ns)   --->   "%mul_ln73_23 = mul i24 %sext_ln70_10, i24 16777095" [firmware/nnet_utils/nnet_mult.h:73->firmware/nnet_utils/nnet_dense_latency.h:42]   --->   Operation 91 'mul' 'mul_ln73_23' <Predicate = true> <Delay = 1.94> <CoreInst = "Multiplier">   --->   Core 3 'Multiplier' <Latency = 0> <II = 1> <Delay = 1.94> <FuncUnit> <Opcode : 'mul'> <InPorts = 2> <OutPorts = 1>
ST_1 : Operation 92 [1/1] (0.00ns)   --->   "%trunc_ln42_24 = partselect i14 @_ssdm_op_PartSelect.i14.i24.i32.i32, i24 %mul_ln73_23, i32 10, i32 23" [firmware/nnet_utils/nnet_dense_latency.h:42]   --->   Operation 92 'partselect' 'trunc_ln42_24' <Predicate = true> <Delay = 0.00>
ST_1 : Operation 93 [1/1] (0.00ns)   --->   "%sext_ln42_11 = sext i14 %trunc_ln42_24" [firmware/nnet_utils/nnet_dense_latency.h:42]   --->   Operation 93 'sext' 'sext_ln42_11' <Predicate = true> <Delay = 0.00>
ST_1 : Operation 94 [1/1] (1.94ns)   --->   "%mul_ln73_24 = mul i25 %sext_ln70_9, i25 33554260" [firmware/nnet_utils/nnet_mult.h:73->firmware/nnet_utils/nnet_dense_latency.h:42]   --->   Operation 94 'mul' 'mul_ln73_24' <Predicate = true> <Delay = 1.94> <CoreInst = "Multiplier">   --->   Core 3 'Multiplier' <Latency = 0> <II = 1> <Delay = 1.94> <FuncUnit> <Opcode : 'mul'> <InPorts = 2> <OutPorts = 1>
ST_1 : Operation 95 [1/1] (0.00ns)   --->   "%trunc_ln42_25 = partselect i15 @_ssdm_op_PartSelect.i15.i25.i32.i32, i25 %mul_ln73_24, i32 10, i32 24" [firmware/nnet_utils/nnet_dense_latency.h:42]   --->   Operation 95 'partselect' 'trunc_ln42_25' <Predicate = true> <Delay = 0.00>
ST_1 : Operation 96 [1/1] (0.00ns)   --->   "%sext_ln42_12 = sext i15 %trunc_ln42_25" [firmware/nnet_utils/nnet_dense_latency.h:42]   --->   Operation 96 'sext' 'sext_ln42_12' <Predicate = true> <Delay = 0.00>
ST_1 : Operation 97 [1/1] (1.94ns)   --->   "%mul_ln73_25 = mul i26 %sext_ln70_11, i26 266" [firmware/nnet_utils/nnet_mult.h:73->firmware/nnet_utils/nnet_dense_latency.h:42]   --->   Operation 97 'mul' 'mul_ln73_25' <Predicate = true> <Delay = 1.94> <CoreInst = "Multiplier">   --->   Core 3 'Multiplier' <Latency = 0> <II = 1> <Delay = 1.94> <FuncUnit> <Opcode : 'mul'> <InPorts = 2> <OutPorts = 1>
ST_1 : Operation 98 [1/1] (0.00ns)   --->   "%trunc_ln42_26 = partselect i16 @_ssdm_op_PartSelect.i16.i26.i32.i32, i26 %mul_ln73_25, i32 10, i32 25" [firmware/nnet_utils/nnet_dense_latency.h:42]   --->   Operation 98 'partselect' 'trunc_ln42_26' <Predicate = true> <Delay = 0.00>
ST_1 : Operation 99 [1/1] (1.94ns)   --->   "%mul_ln73_26 = mul i26 %sext_ln70_11, i26 447" [firmware/nnet_utils/nnet_mult.h:73->firmware/nnet_utils/nnet_dense_latency.h:42]   --->   Operation 99 'mul' 'mul_ln73_26' <Predicate = true> <Delay = 1.94> <CoreInst = "Multiplier">   --->   Core 3 'Multiplier' <Latency = 0> <II = 1> <Delay = 1.94> <FuncUnit> <Opcode : 'mul'> <InPorts = 2> <OutPorts = 1>
ST_1 : Operation 100 [1/1] (0.00ns)   --->   "%trunc_ln42_27 = partselect i16 @_ssdm_op_PartSelect.i16.i26.i32.i32, i26 %mul_ln73_26, i32 10, i32 25" [firmware/nnet_utils/nnet_dense_latency.h:42]   --->   Operation 100 'partselect' 'trunc_ln42_27' <Predicate = true> <Delay = 0.00>
ST_1 : Operation 101 [1/1] (1.94ns)   --->   "%mul_ln73_27 = mul i24 %sext_ln70_10, i24 79" [firmware/nnet_utils/nnet_mult.h:73->firmware/nnet_utils/nnet_dense_latency.h:42]   --->   Operation 101 'mul' 'mul_ln73_27' <Predicate = true> <Delay = 1.94> <CoreInst = "Multiplier">   --->   Core 3 'Multiplier' <Latency = 0> <II = 1> <Delay = 1.94> <FuncUnit> <Opcode : 'mul'> <InPorts = 2> <OutPorts = 1>
ST_1 : Operation 102 [1/1] (0.00ns)   --->   "%trunc_ln42_28 = partselect i14 @_ssdm_op_PartSelect.i14.i24.i32.i32, i24 %mul_ln73_27, i32 10, i32 23" [firmware/nnet_utils/nnet_dense_latency.h:42]   --->   Operation 102 'partselect' 'trunc_ln42_28' <Predicate = true> <Delay = 0.00>
ST_1 : Operation 103 [1/1] (0.00ns)   --->   "%sext_ln42_13 = sext i14 %trunc_ln42_28" [firmware/nnet_utils/nnet_dense_latency.h:42]   --->   Operation 103 'sext' 'sext_ln42_13' <Predicate = true> <Delay = 0.00>
ST_1 : Operation 104 [1/1] (1.94ns)   --->   "%mul_ln73_28 = mul i25 %sext_ln70_9, i25 227" [firmware/nnet_utils/nnet_mult.h:73->firmware/nnet_utils/nnet_dense_latency.h:42]   --->   Operation 104 'mul' 'mul_ln73_28' <Predicate = true> <Delay = 1.94> <CoreInst = "Multiplier">   --->   Core 3 'Multiplier' <Latency = 0> <II = 1> <Delay = 1.94> <FuncUnit> <Opcode : 'mul'> <InPorts = 2> <OutPorts = 1>
ST_1 : Operation 105 [1/1] (0.00ns)   --->   "%trunc_ln42_29 = partselect i15 @_ssdm_op_PartSelect.i15.i25.i32.i32, i25 %mul_ln73_28, i32 10, i32 24" [firmware/nnet_utils/nnet_dense_latency.h:42]   --->   Operation 105 'partselect' 'trunc_ln42_29' <Predicate = true> <Delay = 0.00>
ST_1 : Operation 106 [1/1] (0.00ns)   --->   "%sext_ln42_14 = sext i15 %trunc_ln42_29" [firmware/nnet_utils/nnet_dense_latency.h:42]   --->   Operation 106 'sext' 'sext_ln42_14' <Predicate = true> <Delay = 0.00>
ST_1 : Operation 107 [1/1] (0.00ns)   --->   "%tmp_9027 = bitconcatenate i25 @_ssdm_op_BitConcatenate.i25.i16.i9, i16 %a_3, i9 0" [firmware/nnet_utils/nnet_mult.h:73->firmware/nnet_utils/nnet_dense_latency.h:42]   --->   Operation 107 'bitconcatenate' 'tmp_9027' <Predicate = true> <Delay = 0.00>
ST_1 : Operation 108 [1/1] (0.00ns)   --->   "%sext_ln73_6 = sext i25 %tmp_9027" [firmware/nnet_utils/nnet_mult.h:73->firmware/nnet_utils/nnet_dense_latency.h:42]   --->   Operation 108 'sext' 'sext_ln73_6' <Predicate = true> <Delay = 0.00>
ST_1 : Operation 109 [1/1] (0.00ns)   --->   "%tmp_9028 = bitconcatenate i21 @_ssdm_op_BitConcatenate.i21.i16.i5, i16 %a_3, i5 0" [firmware/nnet_utils/nnet_mult.h:73->firmware/nnet_utils/nnet_dense_latency.h:42]   --->   Operation 109 'bitconcatenate' 'tmp_9028' <Predicate = true> <Delay = 0.00>
ST_1 : Operation 110 [1/1] (0.00ns)   --->   "%sext_ln73_7 = sext i21 %tmp_9028" [firmware/nnet_utils/nnet_mult.h:73->firmware/nnet_utils/nnet_dense_latency.h:42]   --->   Operation 110 'sext' 'sext_ln73_7' <Predicate = true> <Delay = 0.00>
ST_1 : Operation 111 [1/1] (0.83ns)   --->   "%sub_ln73_1 = sub i26 %sext_ln73_6, i26 %sext_ln73_7" [firmware/nnet_utils/nnet_mult.h:73->firmware/nnet_utils/nnet_dense_latency.h:42]   --->   Operation 111 'sub' 'sub_ln73_1' <Predicate = true> <Delay = 0.83> <CoreInst = "Adder">   --->   Core 1 'Adder' <Latency = 0> <II = 1> <Delay = 0.83> <FuncUnit> <Opcode : 'add' 'sub'> <InPorts = 2> <OutPorts = 1>
ST_1 : Operation 112 [1/1] (0.00ns)   --->   "%trunc_ln42_30 = partselect i16 @_ssdm_op_PartSelect.i16.i26.i32.i32, i26 %sub_ln73_1, i32 10, i32 25" [firmware/nnet_utils/nnet_dense_latency.h:42]   --->   Operation 112 'partselect' 'trunc_ln42_30' <Predicate = true> <Delay = 0.00>
ST_1 : Operation 113 [1/1] (0.00ns)   --->   "%a_4 = partselect i16 @_ssdm_op_PartSelect.i16.i256.i32.i32, i256 %data_val_read, i32 64, i32 79"   --->   Operation 113 'partselect' 'a_4' <Predicate = true> <Delay = 0.00>
ST_1 : Operation 114 [1/1] (0.00ns)   --->   "%sext_ln70_12 = sext i16 %a_4" [firmware/nnet_utils/nnet_mult.h:70->firmware/nnet_utils/nnet_dense_latency.h:42]   --->   Operation 114 'sext' 'sext_ln70_12' <Predicate = true> <Delay = 0.00>
ST_1 : Operation 115 [1/1] (0.00ns)   --->   "%sext_ln70_13 = sext i16 %a_4" [firmware/nnet_utils/nnet_mult.h:70->firmware/nnet_utils/nnet_dense_latency.h:42]   --->   Operation 115 'sext' 'sext_ln70_13' <Predicate = true> <Delay = 0.00>
ST_1 : Operation 116 [1/1] (0.00ns)   --->   "%sext_ln70_14 = sext i16 %a_4" [firmware/nnet_utils/nnet_mult.h:70->firmware/nnet_utils/nnet_dense_latency.h:42]   --->   Operation 116 'sext' 'sext_ln70_14' <Predicate = true> <Delay = 0.00>
ST_1 : Operation 117 [1/1] (0.00ns)   --->   "%sext_ln70_15 = sext i16 %a_4" [firmware/nnet_utils/nnet_mult.h:70->firmware/nnet_utils/nnet_dense_latency.h:42]   --->   Operation 117 'sext' 'sext_ln70_15' <Predicate = true> <Delay = 0.00>
ST_1 : Operation 118 [1/1] (1.94ns)   --->   "%mul_ln73_29 = mul i24 %sext_ln70_15, i24 99" [firmware/nnet_utils/nnet_mult.h:73->firmware/nnet_utils/nnet_dense_latency.h:42]   --->   Operation 118 'mul' 'mul_ln73_29' <Predicate = true> <Delay = 1.94> <CoreInst = "Multiplier">   --->   Core 3 'Multiplier' <Latency = 0> <II = 1> <Delay = 1.94> <FuncUnit> <Opcode : 'mul'> <InPorts = 2> <OutPorts = 1>
ST_1 : Operation 119 [1/1] (0.00ns)   --->   "%trunc_ln42_31 = partselect i14 @_ssdm_op_PartSelect.i14.i24.i32.i32, i24 %mul_ln73_29, i32 10, i32 23" [firmware/nnet_utils/nnet_dense_latency.h:42]   --->   Operation 119 'partselect' 'trunc_ln42_31' <Predicate = true> <Delay = 0.00>
ST_1 : Operation 120 [1/1] (0.00ns)   --->   "%sext_ln73_8 = sext i14 %trunc_ln42_31" [firmware/nnet_utils/nnet_mult.h:73->firmware/nnet_utils/nnet_dense_latency.h:42]   --->   Operation 120 'sext' 'sext_ln73_8' <Predicate = true> <Delay = 0.00>
ST_1 : Operation 121 [1/1] (1.94ns)   --->   "%mul_ln73_30 = mul i26 %sext_ln70_14, i26 477" [firmware/nnet_utils/nnet_mult.h:73->firmware/nnet_utils/nnet_dense_latency.h:42]   --->   Operation 121 'mul' 'mul_ln73_30' <Predicate = true> <Delay = 1.94> <CoreInst = "Multiplier">   --->   Core 3 'Multiplier' <Latency = 0> <II = 1> <Delay = 1.94> <FuncUnit> <Opcode : 'mul'> <InPorts = 2> <OutPorts = 1>
ST_1 : Operation 122 [1/1] (0.00ns)   --->   "%trunc_ln42_32 = partselect i16 @_ssdm_op_PartSelect.i16.i26.i32.i32, i26 %mul_ln73_30, i32 10, i32 25" [firmware/nnet_utils/nnet_dense_latency.h:42]   --->   Operation 122 'partselect' 'trunc_ln42_32' <Predicate = true> <Delay = 0.00>
ST_1 : Operation 123 [1/1] (1.94ns)   --->   "%mul_ln73_31 = mul i25 %sext_ln70_13, i25 33554200" [firmware/nnet_utils/nnet_mult.h:73->firmware/nnet_utils/nnet_dense_latency.h:42]   --->   Operation 123 'mul' 'mul_ln73_31' <Predicate = true> <Delay = 1.94> <CoreInst = "Multiplier">   --->   Core 3 'Multiplier' <Latency = 0> <II = 1> <Delay = 1.94> <FuncUnit> <Opcode : 'mul'> <InPorts = 2> <OutPorts = 1>
ST_1 : Operation 124 [1/1] (0.00ns)   --->   "%trunc_ln42_33 = partselect i15 @_ssdm_op_PartSelect.i15.i25.i32.i32, i25 %mul_ln73_31, i32 10, i32 24" [firmware/nnet_utils/nnet_dense_latency.h:42]   --->   Operation 124 'partselect' 'trunc_ln42_33' <Predicate = true> <Delay = 0.00>
ST_1 : Operation 125 [1/1] (0.00ns)   --->   "%sext_ln42_15 = sext i15 %trunc_ln42_33" [firmware/nnet_utils/nnet_dense_latency.h:42]   --->   Operation 125 'sext' 'sext_ln42_15' <Predicate = true> <Delay = 0.00>
ST_1 : Operation 126 [1/1] (1.94ns)   --->   "%mul_ln73_32 = mul i25 %sext_ln70_13, i25 244" [firmware/nnet_utils/nnet_mult.h:73->firmware/nnet_utils/nnet_dense_latency.h:42]   --->   Operation 126 'mul' 'mul_ln73_32' <Predicate = true> <Delay = 1.94> <CoreInst = "Multiplier">   --->   Core 3 'Multiplier' <Latency = 0> <II = 1> <Delay = 1.94> <FuncUnit> <Opcode : 'mul'> <InPorts = 2> <OutPorts = 1>
ST_1 : Operation 127 [1/1] (0.00ns)   --->   "%trunc_ln42_34 = partselect i15 @_ssdm_op_PartSelect.i15.i25.i32.i32, i25 %mul_ln73_32, i32 10, i32 24" [firmware/nnet_utils/nnet_dense_latency.h:42]   --->   Operation 127 'partselect' 'trunc_ln42_34' <Predicate = true> <Delay = 0.00>
ST_1 : Operation 128 [1/1] (0.00ns)   --->   "%sext_ln42_16 = sext i15 %trunc_ln42_34" [firmware/nnet_utils/nnet_dense_latency.h:42]   --->   Operation 128 'sext' 'sext_ln42_16' <Predicate = true> <Delay = 0.00>
ST_1 : Operation 129 [1/1] (0.00ns)   --->   "%tmp_9029 = bitconcatenate i25 @_ssdm_op_BitConcatenate.i25.i16.i9, i16 %a_4, i9 0" [firmware/nnet_utils/nnet_mult.h:73->firmware/nnet_utils/nnet_dense_latency.h:42]   --->   Operation 129 'bitconcatenate' 'tmp_9029' <Predicate = true> <Delay = 0.00>
ST_1 : Operation 130 [1/1] (0.00ns)   --->   "%sext_ln73_9 = sext i25 %tmp_9029" [firmware/nnet_utils/nnet_mult.h:73->firmware/nnet_utils/nnet_dense_latency.h:42]   --->   Operation 130 'sext' 'sext_ln73_9' <Predicate = true> <Delay = 0.00>
ST_1 : Operation 131 [1/1] (0.00ns)   --->   "%tmp_9030 = bitconcatenate i17 @_ssdm_op_BitConcatenate.i17.i16.i1, i16 %a_4, i1 0" [firmware/nnet_utils/nnet_mult.h:73->firmware/nnet_utils/nnet_dense_latency.h:42]   --->   Operation 131 'bitconcatenate' 'tmp_9030' <Predicate = true> <Delay = 0.00>
ST_1 : Operation 132 [1/1] (0.00ns)   --->   "%sext_ln73_10 = sext i17 %tmp_9030" [firmware/nnet_utils/nnet_mult.h:73->firmware/nnet_utils/nnet_dense_latency.h:42]   --->   Operation 132 'sext' 'sext_ln73_10' <Predicate = true> <Delay = 0.00>
ST_1 : Operation 133 [1/1] (0.83ns)   --->   "%sub_ln73_2 = sub i26 %sext_ln73_10, i26 %sext_ln73_9" [firmware/nnet_utils/nnet_mult.h:73->firmware/nnet_utils/nnet_dense_latency.h:42]   --->   Operation 133 'sub' 'sub_ln73_2' <Predicate = true> <Delay = 0.83> <CoreInst = "Adder">   --->   Core 1 'Adder' <Latency = 0> <II = 1> <Delay = 0.83> <FuncUnit> <Opcode : 'add' 'sub'> <InPorts = 2> <OutPorts = 1>
ST_1 : Operation 134 [1/1] (0.00ns)   --->   "%trunc_ln42_35 = partselect i16 @_ssdm_op_PartSelect.i16.i26.i32.i32, i26 %sub_ln73_2, i32 10, i32 25" [firmware/nnet_utils/nnet_dense_latency.h:42]   --->   Operation 134 'partselect' 'trunc_ln42_35' <Predicate = true> <Delay = 0.00>
ST_1 : Operation 135 [1/1] (1.94ns)   --->   "%mul_ln73_33 = mul i26 %sext_ln70_14, i26 67108373" [firmware/nnet_utils/nnet_mult.h:73->firmware/nnet_utils/nnet_dense_latency.h:42]   --->   Operation 135 'mul' 'mul_ln73_33' <Predicate = true> <Delay = 1.94> <CoreInst = "Multiplier">   --->   Core 3 'Multiplier' <Latency = 0> <II = 1> <Delay = 1.94> <FuncUnit> <Opcode : 'mul'> <InPorts = 2> <OutPorts = 1>
ST_1 : Operation 136 [1/1] (0.00ns)   --->   "%trunc_ln42_36 = partselect i16 @_ssdm_op_PartSelect.i16.i26.i32.i32, i26 %mul_ln73_33, i32 10, i32 25" [firmware/nnet_utils/nnet_dense_latency.h:42]   --->   Operation 136 'partselect' 'trunc_ln42_36' <Predicate = true> <Delay = 0.00>
ST_1 : Operation 137 [1/1] (1.94ns)   --->   "%mul_ln73_34 = mul i26 %sext_ln70_14, i26 263" [firmware/nnet_utils/nnet_mult.h:73->firmware/nnet_utils/nnet_dense_latency.h:42]   --->   Operation 137 'mul' 'mul_ln73_34' <Predicate = true> <Delay = 1.94> <CoreInst = "Multiplier">   --->   Core 3 'Multiplier' <Latency = 0> <II = 1> <Delay = 1.94> <FuncUnit> <Opcode : 'mul'> <InPorts = 2> <OutPorts = 1>
ST_1 : Operation 138 [1/1] (0.00ns)   --->   "%trunc_ln42_37 = partselect i16 @_ssdm_op_PartSelect.i16.i26.i32.i32, i26 %mul_ln73_34, i32 10, i32 25" [firmware/nnet_utils/nnet_dense_latency.h:42]   --->   Operation 138 'partselect' 'trunc_ln42_37' <Predicate = true> <Delay = 0.00>
ST_1 : Operation 139 [1/1] (0.00ns)   --->   "%tmp_9031 = bitconcatenate i20 @_ssdm_op_BitConcatenate.i20.i16.i4, i16 %a_4, i4 0" [firmware/nnet_utils/nnet_mult.h:73->firmware/nnet_utils/nnet_dense_latency.h:42]   --->   Operation 139 'bitconcatenate' 'tmp_9031' <Predicate = true> <Delay = 0.00>
ST_1 : Operation 140 [1/1] (0.00ns)   --->   "%sext_ln73_11 = sext i20 %tmp_9031" [firmware/nnet_utils/nnet_mult.h:73->firmware/nnet_utils/nnet_dense_latency.h:42]   --->   Operation 140 'sext' 'sext_ln73_11' <Predicate = true> <Delay = 0.00>
ST_1 : Operation 141 [1/1] (0.80ns)   --->   "%sub_ln73_3 = sub i21 %sext_ln73_11, i21 %sext_ln70_12" [firmware/nnet_utils/nnet_mult.h:73->firmware/nnet_utils/nnet_dense_latency.h:42]   --->   Operation 141 'sub' 'sub_ln73_3' <Predicate = true> <Delay = 0.80> <CoreInst = "Adder">   --->   Core 1 'Adder' <Latency = 0> <II = 1> <Delay = 0.80> <FuncUnit> <Opcode : 'add' 'sub'> <InPorts = 2> <OutPorts = 1>
ST_1 : Operation 142 [1/1] (0.00ns)   --->   "%trunc_ln42_38 = partselect i11 @_ssdm_op_PartSelect.i11.i21.i32.i32, i21 %sub_ln73_3, i32 10, i32 20" [firmware/nnet_utils/nnet_dense_latency.h:42]   --->   Operation 142 'partselect' 'trunc_ln42_38' <Predicate = true> <Delay = 0.00>
ST_1 : Operation 143 [1/1] (0.00ns)   --->   "%trunc_ln42_38_cast = sext i11 %trunc_ln42_38" [firmware/nnet_utils/nnet_dense_latency.h:42]   --->   Operation 143 'sext' 'trunc_ln42_38_cast' <Predicate = true> <Delay = 0.00>
ST_1 : Operation 144 [1/1] (0.00ns)   --->   "%a_5 = partselect i16 @_ssdm_op_PartSelect.i16.i256.i32.i32, i256 %data_val_read, i32 80, i32 95"   --->   Operation 144 'partselect' 'a_5' <Predicate = true> <Delay = 0.00>
ST_1 : Operation 145 [1/1] (0.00ns)   --->   "%sext_ln70_16 = sext i16 %a_5" [firmware/nnet_utils/nnet_mult.h:70->firmware/nnet_utils/nnet_dense_latency.h:42]   --->   Operation 145 'sext' 'sext_ln70_16' <Predicate = true> <Delay = 0.00>
ST_1 : Operation 146 [1/1] (0.00ns)   --->   "%sext_ln70_17 = sext i16 %a_5" [firmware/nnet_utils/nnet_mult.h:70->firmware/nnet_utils/nnet_dense_latency.h:42]   --->   Operation 146 'sext' 'sext_ln70_17' <Predicate = true> <Delay = 0.00>
ST_1 : Operation 147 [1/1] (0.00ns)   --->   "%sext_ln70_18 = sext i16 %a_5" [firmware/nnet_utils/nnet_mult.h:70->firmware/nnet_utils/nnet_dense_latency.h:42]   --->   Operation 147 'sext' 'sext_ln70_18' <Predicate = true> <Delay = 0.00>
ST_1 : Operation 148 [1/1] (0.00ns)   --->   "%sext_ln70_19 = sext i16 %a_5" [firmware/nnet_utils/nnet_mult.h:70->firmware/nnet_utils/nnet_dense_latency.h:42]   --->   Operation 148 'sext' 'sext_ln70_19' <Predicate = true> <Delay = 0.00>
ST_1 : Operation 149 [1/1] (1.94ns)   --->   "%mul_ln73_35 = mul i23 %sext_ln70_19, i23 50" [firmware/nnet_utils/nnet_mult.h:73->firmware/nnet_utils/nnet_dense_latency.h:42]   --->   Operation 149 'mul' 'mul_ln73_35' <Predicate = true> <Delay = 1.94> <CoreInst = "Multiplier">   --->   Core 3 'Multiplier' <Latency = 0> <II = 1> <Delay = 1.94> <FuncUnit> <Opcode : 'mul'> <InPorts = 2> <OutPorts = 1>
ST_1 : Operation 150 [1/1] (0.00ns)   --->   "%trunc_ln42_39 = partselect i13 @_ssdm_op_PartSelect.i13.i23.i32.i32, i23 %mul_ln73_35, i32 10, i32 22" [firmware/nnet_utils/nnet_dense_latency.h:42]   --->   Operation 150 'partselect' 'trunc_ln42_39' <Predicate = true> <Delay = 0.00>
ST_1 : Operation 151 [1/1] (0.00ns)   --->   "%sext_ln73_12 = sext i13 %trunc_ln42_39" [firmware/nnet_utils/nnet_mult.h:73->firmware/nnet_utils/nnet_dense_latency.h:42]   --->   Operation 151 'sext' 'sext_ln73_12' <Predicate = true> <Delay = 0.00>
ST_1 : Operation 152 [1/1] (1.94ns)   --->   "%mul_ln73_36 = mul i22 %sext_ln70_18, i22 4194285" [firmware/nnet_utils/nnet_mult.h:73->firmware/nnet_utils/nnet_dense_latency.h:42]   --->   Operation 152 'mul' 'mul_ln73_36' <Predicate = true> <Delay = 1.94> <CoreInst = "Multiplier">   --->   Core 3 'Multiplier' <Latency = 0> <II = 1> <Delay = 1.94> <FuncUnit> <Opcode : 'mul'> <InPorts = 2> <OutPorts = 1>
ST_1 : Operation 153 [1/1] (0.00ns)   --->   "%trunc_ln42_40 = partselect i12 @_ssdm_op_PartSelect.i12.i22.i32.i32, i22 %mul_ln73_36, i32 10, i32 21" [firmware/nnet_utils/nnet_dense_latency.h:42]   --->   Operation 153 'partselect' 'trunc_ln42_40' <Predicate = true> <Delay = 0.00>
ST_1 : Operation 154 [1/1] (0.00ns)   --->   "%sext_ln42_17 = sext i12 %trunc_ln42_40" [firmware/nnet_utils/nnet_dense_latency.h:42]   --->   Operation 154 'sext' 'sext_ln42_17' <Predicate = true> <Delay = 0.00>
ST_1 : Operation 155 [1/1] (1.94ns)   --->   "%mul_ln73_37 = mul i25 %sext_ln70_17, i25 151" [firmware/nnet_utils/nnet_mult.h:73->firmware/nnet_utils/nnet_dense_latency.h:42]   --->   Operation 155 'mul' 'mul_ln73_37' <Predicate = true> <Delay = 1.94> <CoreInst = "Multiplier">   --->   Core 3 'Multiplier' <Latency = 0> <II = 1> <Delay = 1.94> <FuncUnit> <Opcode : 'mul'> <InPorts = 2> <OutPorts = 1>
ST_1 : Operation 156 [1/1] (0.00ns)   --->   "%trunc_ln42_41 = partselect i15 @_ssdm_op_PartSelect.i15.i25.i32.i32, i25 %mul_ln73_37, i32 10, i32 24" [firmware/nnet_utils/nnet_dense_latency.h:42]   --->   Operation 156 'partselect' 'trunc_ln42_41' <Predicate = true> <Delay = 0.00>
ST_1 : Operation 157 [1/1] (0.00ns)   --->   "%sext_ln42_18 = sext i15 %trunc_ln42_41" [firmware/nnet_utils/nnet_dense_latency.h:42]   --->   Operation 157 'sext' 'sext_ln42_18' <Predicate = true> <Delay = 0.00>
ST_1 : Operation 158 [1/1] (1.94ns)   --->   "%mul_ln73_38 = mul i26 %sext_ln70_16, i26 67108367" [firmware/nnet_utils/nnet_mult.h:73->firmware/nnet_utils/nnet_dense_latency.h:42]   --->   Operation 158 'mul' 'mul_ln73_38' <Predicate = true> <Delay = 1.94> <CoreInst = "Multiplier">   --->   Core 3 'Multiplier' <Latency = 0> <II = 1> <Delay = 1.94> <FuncUnit> <Opcode : 'mul'> <InPorts = 2> <OutPorts = 1>
ST_1 : Operation 159 [1/1] (0.00ns)   --->   "%trunc_ln42_42 = partselect i16 @_ssdm_op_PartSelect.i16.i26.i32.i32, i26 %mul_ln73_38, i32 10, i32 25" [firmware/nnet_utils/nnet_dense_latency.h:42]   --->   Operation 159 'partselect' 'trunc_ln42_42' <Predicate = true> <Delay = 0.00>
ST_1 : Operation 160 [1/1] (0.00ns)   --->   "%tmp_9032 = bitconcatenate i23 @_ssdm_op_BitConcatenate.i23.i16.i7, i16 %a_5, i7 0" [firmware/nnet_utils/nnet_mult.h:73->firmware/nnet_utils/nnet_dense_latency.h:42]   --->   Operation 160 'bitconcatenate' 'tmp_9032' <Predicate = true> <Delay = 0.00>
ST_1 : Operation 161 [1/1] (0.00ns)   --->   "%sext_ln73_13 = sext i23 %tmp_9032" [firmware/nnet_utils/nnet_mult.h:73->firmware/nnet_utils/nnet_dense_latency.h:42]   --->   Operation 161 'sext' 'sext_ln73_13' <Predicate = true> <Delay = 0.00>
ST_1 : Operation 162 [1/1] (0.00ns)   --->   "%tmp_9033 = bitconcatenate i19 @_ssdm_op_BitConcatenate.i19.i16.i3, i16 %a_5, i3 0" [firmware/nnet_utils/nnet_mult.h:73->firmware/nnet_utils/nnet_dense_latency.h:42]   --->   Operation 162 'bitconcatenate' 'tmp_9033' <Predicate = true> <Delay = 0.00>
ST_1 : Operation 163 [1/1] (0.00ns)   --->   "%sext_ln73_14 = sext i19 %tmp_9033" [firmware/nnet_utils/nnet_mult.h:73->firmware/nnet_utils/nnet_dense_latency.h:42]   --->   Operation 163 'sext' 'sext_ln73_14' <Predicate = true> <Delay = 0.00>
ST_1 : Operation 164 [1/1] (0.82ns)   --->   "%sub_ln73_4 = sub i24 %sext_ln73_14, i24 %sext_ln73_13" [firmware/nnet_utils/nnet_mult.h:73->firmware/nnet_utils/nnet_dense_latency.h:42]   --->   Operation 164 'sub' 'sub_ln73_4' <Predicate = true> <Delay = 0.82> <CoreInst = "Adder">   --->   Core 1 'Adder' <Latency = 0> <II = 1> <Delay = 0.82> <FuncUnit> <Opcode : 'add' 'sub'> <InPorts = 2> <OutPorts = 1>
ST_1 : Operation 165 [1/1] (0.00ns)   --->   "%trunc_ln42_43 = partselect i14 @_ssdm_op_PartSelect.i14.i24.i32.i32, i24 %sub_ln73_4, i32 10, i32 23" [firmware/nnet_utils/nnet_dense_latency.h:42]   --->   Operation 165 'partselect' 'trunc_ln42_43' <Predicate = true> <Delay = 0.00>
ST_1 : Operation 166 [1/1] (0.00ns)   --->   "%sext_ln42_19 = sext i14 %trunc_ln42_43" [firmware/nnet_utils/nnet_dense_latency.h:42]   --->   Operation 166 'sext' 'sext_ln42_19' <Predicate = true> <Delay = 0.00>
ST_1 : Operation 167 [1/1] (1.94ns)   --->   "%mul_ln73_39 = mul i26 %sext_ln70_16, i26 470" [firmware/nnet_utils/nnet_mult.h:73->firmware/nnet_utils/nnet_dense_latency.h:42]   --->   Operation 167 'mul' 'mul_ln73_39' <Predicate = true> <Delay = 1.94> <CoreInst = "Multiplier">   --->   Core 3 'Multiplier' <Latency = 0> <II = 1> <Delay = 1.94> <FuncUnit> <Opcode : 'mul'> <InPorts = 2> <OutPorts = 1>
ST_1 : Operation 168 [1/1] (0.00ns)   --->   "%trunc_ln42_44 = partselect i16 @_ssdm_op_PartSelect.i16.i26.i32.i32, i26 %mul_ln73_39, i32 10, i32 25" [firmware/nnet_utils/nnet_dense_latency.h:42]   --->   Operation 168 'partselect' 'trunc_ln42_44' <Predicate = true> <Delay = 0.00>
ST_1 : Operation 169 [1/1] (1.94ns)   --->   "%mul_ln73_40 = mul i25 %sext_ln70_17, i25 237" [firmware/nnet_utils/nnet_mult.h:73->firmware/nnet_utils/nnet_dense_latency.h:42]   --->   Operation 169 'mul' 'mul_ln73_40' <Predicate = true> <Delay = 1.94> <CoreInst = "Multiplier">   --->   Core 3 'Multiplier' <Latency = 0> <II = 1> <Delay = 1.94> <FuncUnit> <Opcode : 'mul'> <InPorts = 2> <OutPorts = 1>
ST_1 : Operation 170 [1/1] (0.00ns)   --->   "%trunc_ln42_45 = partselect i15 @_ssdm_op_PartSelect.i15.i25.i32.i32, i25 %mul_ln73_40, i32 10, i32 24" [firmware/nnet_utils/nnet_dense_latency.h:42]   --->   Operation 170 'partselect' 'trunc_ln42_45' <Predicate = true> <Delay = 0.00>
ST_1 : Operation 171 [1/1] (0.00ns)   --->   "%sext_ln42_20 = sext i15 %trunc_ln42_45" [firmware/nnet_utils/nnet_dense_latency.h:42]   --->   Operation 171 'sext' 'sext_ln42_20' <Predicate = true> <Delay = 0.00>
ST_1 : Operation 172 [1/1] (1.94ns)   --->   "%mul_ln73_41 = mul i22 %sext_ln70_18, i22 29" [firmware/nnet_utils/nnet_mult.h:73->firmware/nnet_utils/nnet_dense_latency.h:42]   --->   Operation 172 'mul' 'mul_ln73_41' <Predicate = true> <Delay = 1.94> <CoreInst = "Multiplier">   --->   Core 3 'Multiplier' <Latency = 0> <II = 1> <Delay = 1.94> <FuncUnit> <Opcode : 'mul'> <InPorts = 2> <OutPorts = 1>
ST_1 : Operation 173 [1/1] (0.00ns)   --->   "%trunc_ln42_46 = partselect i12 @_ssdm_op_PartSelect.i12.i22.i32.i32, i22 %mul_ln73_41, i32 10, i32 21" [firmware/nnet_utils/nnet_dense_latency.h:42]   --->   Operation 173 'partselect' 'trunc_ln42_46' <Predicate = true> <Delay = 0.00>
ST_1 : Operation 174 [1/1] (0.00ns)   --->   "%trunc_ln42_46_cast = sext i12 %trunc_ln42_46" [firmware/nnet_utils/nnet_dense_latency.h:42]   --->   Operation 174 'sext' 'trunc_ln42_46_cast' <Predicate = true> <Delay = 0.00>
ST_1 : Operation 175 [1/1] (0.00ns)   --->   "%a_6 = partselect i16 @_ssdm_op_PartSelect.i16.i256.i32.i32, i256 %data_val_read, i32 96, i32 111"   --->   Operation 175 'partselect' 'a_6' <Predicate = true> <Delay = 0.00>
ST_1 : Operation 176 [1/1] (0.00ns)   --->   "%sext_ln70_20 = sext i16 %a_6" [firmware/nnet_utils/nnet_mult.h:70->firmware/nnet_utils/nnet_dense_latency.h:42]   --->   Operation 176 'sext' 'sext_ln70_20' <Predicate = true> <Delay = 0.00>
ST_1 : Operation 177 [1/1] (0.00ns)   --->   "%sext_ln70_21 = sext i16 %a_6" [firmware/nnet_utils/nnet_mult.h:70->firmware/nnet_utils/nnet_dense_latency.h:42]   --->   Operation 177 'sext' 'sext_ln70_21' <Predicate = true> <Delay = 0.00>
ST_1 : Operation 178 [1/1] (0.00ns)   --->   "%sext_ln70_22 = sext i16 %a_6" [firmware/nnet_utils/nnet_mult.h:70->firmware/nnet_utils/nnet_dense_latency.h:42]   --->   Operation 178 'sext' 'sext_ln70_22' <Predicate = true> <Delay = 0.00>
ST_1 : Operation 179 [1/1] (1.94ns)   --->   "%mul_ln73_42 = mul i26 %sext_ln70_22, i26 353" [firmware/nnet_utils/nnet_mult.h:73->firmware/nnet_utils/nnet_dense_latency.h:42]   --->   Operation 179 'mul' 'mul_ln73_42' <Predicate = true> <Delay = 1.94> <CoreInst = "Multiplier">   --->   Core 3 'Multiplier' <Latency = 0> <II = 1> <Delay = 1.94> <FuncUnit> <Opcode : 'mul'> <InPorts = 2> <OutPorts = 1>
ST_1 : Operation 180 [1/1] (0.00ns)   --->   "%trunc_ln42_47 = partselect i16 @_ssdm_op_PartSelect.i16.i26.i32.i32, i26 %mul_ln73_42, i32 10, i32 25" [firmware/nnet_utils/nnet_dense_latency.h:42]   --->   Operation 180 'partselect' 'trunc_ln42_47' <Predicate = true> <Delay = 0.00>
ST_1 : Operation 181 [1/1] (0.00ns)   --->   "%tmp_9034 = bitconcatenate i23 @_ssdm_op_BitConcatenate.i23.i16.i7, i16 %a_6, i7 0" [firmware/nnet_utils/nnet_mult.h:73->firmware/nnet_utils/nnet_dense_latency.h:42]   --->   Operation 181 'bitconcatenate' 'tmp_9034' <Predicate = true> <Delay = 0.00>
ST_1 : Operation 182 [1/1] (0.00ns)   --->   "%sext_ln73_15 = sext i23 %tmp_9034" [firmware/nnet_utils/nnet_mult.h:73->firmware/nnet_utils/nnet_dense_latency.h:42]   --->   Operation 182 'sext' 'sext_ln73_15' <Predicate = true> <Delay = 0.00>
ST_1 : Operation 183 [1/1] (0.00ns)   --->   "%tmp_9035 = bitconcatenate i20 @_ssdm_op_BitConcatenate.i20.i16.i4, i16 %a_6, i4 0" [firmware/nnet_utils/nnet_mult.h:73->firmware/nnet_utils/nnet_dense_latency.h:42]   --->   Operation 183 'bitconcatenate' 'tmp_9035' <Predicate = true> <Delay = 0.00>
ST_1 : Operation 184 [1/1] (0.00ns)   --->   "%sext_ln73_16 = sext i20 %tmp_9035" [firmware/nnet_utils/nnet_mult.h:73->firmware/nnet_utils/nnet_dense_latency.h:42]   --->   Operation 184 'sext' 'sext_ln73_16' <Predicate = true> <Delay = 0.00>
ST_1 : Operation 185 [1/1] (0.82ns)   --->   "%sub_ln73_5 = sub i24 %sext_ln73_16, i24 %sext_ln73_15" [firmware/nnet_utils/nnet_mult.h:73->firmware/nnet_utils/nnet_dense_latency.h:42]   --->   Operation 185 'sub' 'sub_ln73_5' <Predicate = true> <Delay = 0.82> <CoreInst = "Adder">   --->   Core 1 'Adder' <Latency = 0> <II = 1> <Delay = 0.82> <FuncUnit> <Opcode : 'add' 'sub'> <InPorts = 2> <OutPorts = 1>
ST_1 : Operation 186 [1/1] (0.00ns)   --->   "%trunc_ln42_48 = partselect i14 @_ssdm_op_PartSelect.i14.i24.i32.i32, i24 %sub_ln73_5, i32 10, i32 23" [firmware/nnet_utils/nnet_dense_latency.h:42]   --->   Operation 186 'partselect' 'trunc_ln42_48' <Predicate = true> <Delay = 0.00>
ST_1 : Operation 187 [1/1] (0.00ns)   --->   "%sext_ln73_17 = sext i14 %trunc_ln42_48" [firmware/nnet_utils/nnet_mult.h:73->firmware/nnet_utils/nnet_dense_latency.h:42]   --->   Operation 187 'sext' 'sext_ln73_17' <Predicate = true> <Delay = 0.00>
ST_1 : Operation 188 [1/1] (1.94ns)   --->   "%mul_ln73_43 = mul i25 %sext_ln70_21, i25 33554218" [firmware/nnet_utils/nnet_mult.h:73->firmware/nnet_utils/nnet_dense_latency.h:42]   --->   Operation 188 'mul' 'mul_ln73_43' <Predicate = true> <Delay = 1.94> <CoreInst = "Multiplier">   --->   Core 3 'Multiplier' <Latency = 0> <II = 1> <Delay = 1.94> <FuncUnit> <Opcode : 'mul'> <InPorts = 2> <OutPorts = 1>
ST_1 : Operation 189 [1/1] (0.00ns)   --->   "%trunc_ln42_49 = partselect i15 @_ssdm_op_PartSelect.i15.i25.i32.i32, i25 %mul_ln73_43, i32 10, i32 24" [firmware/nnet_utils/nnet_dense_latency.h:42]   --->   Operation 189 'partselect' 'trunc_ln42_49' <Predicate = true> <Delay = 0.00>
ST_1 : Operation 190 [1/1] (0.00ns)   --->   "%sext_ln42_21 = sext i15 %trunc_ln42_49" [firmware/nnet_utils/nnet_dense_latency.h:42]   --->   Operation 190 'sext' 'sext_ln42_21' <Predicate = true> <Delay = 0.00>
ST_1 : Operation 191 [1/1] (1.94ns)   --->   "%mul_ln73_44 = mul i22 %sext_ln70_20, i22 4194282" [firmware/nnet_utils/nnet_mult.h:73->firmware/nnet_utils/nnet_dense_latency.h:42]   --->   Operation 191 'mul' 'mul_ln73_44' <Predicate = true> <Delay = 1.94> <CoreInst = "Multiplier">   --->   Core 3 'Multiplier' <Latency = 0> <II = 1> <Delay = 1.94> <FuncUnit> <Opcode : 'mul'> <InPorts = 2> <OutPorts = 1>
ST_1 : Operation 192 [1/1] (0.00ns)   --->   "%trunc_ln42_50 = partselect i12 @_ssdm_op_PartSelect.i12.i22.i32.i32, i22 %mul_ln73_44, i32 10, i32 21" [firmware/nnet_utils/nnet_dense_latency.h:42]   --->   Operation 192 'partselect' 'trunc_ln42_50' <Predicate = true> <Delay = 0.00>
ST_1 : Operation 193 [1/1] (0.00ns)   --->   "%sext_ln73_18 = sext i12 %trunc_ln42_50" [firmware/nnet_utils/nnet_mult.h:73->firmware/nnet_utils/nnet_dense_latency.h:42]   --->   Operation 193 'sext' 'sext_ln73_18' <Predicate = true> <Delay = 0.00>
ST_1 : Operation 194 [1/1] (1.94ns)   --->   "%mul_ln73_45 = mul i25 %sext_ln70_21, i25 241" [firmware/nnet_utils/nnet_mult.h:73->firmware/nnet_utils/nnet_dense_latency.h:42]   --->   Operation 194 'mul' 'mul_ln73_45' <Predicate = true> <Delay = 1.94> <CoreInst = "Multiplier">   --->   Core 3 'Multiplier' <Latency = 0> <II = 1> <Delay = 1.94> <FuncUnit> <Opcode : 'mul'> <InPorts = 2> <OutPorts = 1>
ST_1 : Operation 195 [1/1] (0.00ns)   --->   "%trunc_ln42_51 = partselect i15 @_ssdm_op_PartSelect.i15.i25.i32.i32, i25 %mul_ln73_45, i32 10, i32 24" [firmware/nnet_utils/nnet_dense_latency.h:42]   --->   Operation 195 'partselect' 'trunc_ln42_51' <Predicate = true> <Delay = 0.00>
ST_1 : Operation 196 [1/1] (0.00ns)   --->   "%sext_ln42_22 = sext i15 %trunc_ln42_51" [firmware/nnet_utils/nnet_dense_latency.h:42]   --->   Operation 196 'sext' 'sext_ln42_22' <Predicate = true> <Delay = 0.00>
ST_1 : Operation 197 [1/1] (1.94ns)   --->   "%mul_ln73_46 = mul i26 %sext_ln70_22, i26 459" [firmware/nnet_utils/nnet_mult.h:73->firmware/nnet_utils/nnet_dense_latency.h:42]   --->   Operation 197 'mul' 'mul_ln73_46' <Predicate = true> <Delay = 1.94> <CoreInst = "Multiplier">   --->   Core 3 'Multiplier' <Latency = 0> <II = 1> <Delay = 1.94> <FuncUnit> <Opcode : 'mul'> <InPorts = 2> <OutPorts = 1>
ST_1 : Operation 198 [1/1] (0.00ns)   --->   "%trunc_ln42_52 = partselect i16 @_ssdm_op_PartSelect.i16.i26.i32.i32, i26 %mul_ln73_46, i32 10, i32 25" [firmware/nnet_utils/nnet_dense_latency.h:42]   --->   Operation 198 'partselect' 'trunc_ln42_52' <Predicate = true> <Delay = 0.00>
ST_1 : Operation 199 [1/1] (1.94ns)   --->   "%mul_ln73_47 = mul i26 %sext_ln70_22, i26 67108359" [firmware/nnet_utils/nnet_mult.h:73->firmware/nnet_utils/nnet_dense_latency.h:42]   --->   Operation 199 'mul' 'mul_ln73_47' <Predicate = true> <Delay = 1.94> <CoreInst = "Multiplier">   --->   Core 3 'Multiplier' <Latency = 0> <II = 1> <Delay = 1.94> <FuncUnit> <Opcode : 'mul'> <InPorts = 2> <OutPorts = 1>
ST_1 : Operation 200 [1/1] (0.00ns)   --->   "%trunc_ln42_53 = partselect i16 @_ssdm_op_PartSelect.i16.i26.i32.i32, i26 %mul_ln73_47, i32 10, i32 25" [firmware/nnet_utils/nnet_dense_latency.h:42]   --->   Operation 200 'partselect' 'trunc_ln42_53' <Predicate = true> <Delay = 0.00>
ST_1 : Operation 201 [1/1] (1.94ns)   --->   "%mul_ln73_48 = mul i26 %sext_ln70_22, i26 67108500" [firmware/nnet_utils/nnet_mult.h:73->firmware/nnet_utils/nnet_dense_latency.h:42]   --->   Operation 201 'mul' 'mul_ln73_48' <Predicate = true> <Delay = 1.94> <CoreInst = "Multiplier">   --->   Core 3 'Multiplier' <Latency = 0> <II = 1> <Delay = 1.94> <FuncUnit> <Opcode : 'mul'> <InPorts = 2> <OutPorts = 1>
ST_1 : Operation 202 [1/1] (0.00ns)   --->   "%trunc_ln42_54 = partselect i16 @_ssdm_op_PartSelect.i16.i26.i32.i32, i26 %mul_ln73_48, i32 10, i32 25" [firmware/nnet_utils/nnet_dense_latency.h:42]   --->   Operation 202 'partselect' 'trunc_ln42_54' <Predicate = true> <Delay = 0.00>
ST_1 : Operation 203 [1/1] (0.00ns)   --->   "%a_7 = partselect i16 @_ssdm_op_PartSelect.i16.i256.i32.i32, i256 %data_val_read, i32 112, i32 127"   --->   Operation 203 'partselect' 'a_7' <Predicate = true> <Delay = 0.00>
ST_1 : Operation 204 [1/1] (0.00ns)   --->   "%sext_ln70_23 = sext i16 %a_7" [firmware/nnet_utils/nnet_mult.h:70->firmware/nnet_utils/nnet_dense_latency.h:42]   --->   Operation 204 'sext' 'sext_ln70_23' <Predicate = true> <Delay = 0.00>
ST_1 : Operation 205 [1/1] (0.00ns)   --->   "%sext_ln70_24 = sext i16 %a_7" [firmware/nnet_utils/nnet_mult.h:70->firmware/nnet_utils/nnet_dense_latency.h:42]   --->   Operation 205 'sext' 'sext_ln70_24' <Predicate = true> <Delay = 0.00>
ST_1 : Operation 206 [1/1] (0.00ns)   --->   "%sext_ln70_25 = sext i16 %a_7" [firmware/nnet_utils/nnet_mult.h:70->firmware/nnet_utils/nnet_dense_latency.h:42]   --->   Operation 206 'sext' 'sext_ln70_25' <Predicate = true> <Delay = 0.00>
ST_1 : Operation 207 [1/1] (0.00ns)   --->   "%sext_ln70_26 = sext i16 %a_7" [firmware/nnet_utils/nnet_mult.h:70->firmware/nnet_utils/nnet_dense_latency.h:42]   --->   Operation 207 'sext' 'sext_ln70_26' <Predicate = true> <Delay = 0.00>
ST_1 : Operation 208 [1/1] (1.94ns)   --->   "%mul_ln73_49 = mul i25 %sext_ln70_26, i25 170" [firmware/nnet_utils/nnet_mult.h:73->firmware/nnet_utils/nnet_dense_latency.h:42]   --->   Operation 208 'mul' 'mul_ln73_49' <Predicate = true> <Delay = 1.94> <CoreInst = "Multiplier">   --->   Core 3 'Multiplier' <Latency = 0> <II = 1> <Delay = 1.94> <FuncUnit> <Opcode : 'mul'> <InPorts = 2> <OutPorts = 1>
ST_1 : Operation 209 [1/1] (0.00ns)   --->   "%trunc_ln42_55 = partselect i15 @_ssdm_op_PartSelect.i15.i25.i32.i32, i25 %mul_ln73_49, i32 10, i32 24" [firmware/nnet_utils/nnet_dense_latency.h:42]   --->   Operation 209 'partselect' 'trunc_ln42_55' <Predicate = true> <Delay = 0.00>
ST_1 : Operation 210 [1/1] (0.00ns)   --->   "%sext_ln42_23 = sext i15 %trunc_ln42_55" [firmware/nnet_utils/nnet_dense_latency.h:42]   --->   Operation 210 'sext' 'sext_ln42_23' <Predicate = true> <Delay = 0.00>
ST_1 : Operation 211 [1/1] (1.94ns)   --->   "%mul_ln73_50 = mul i23 %sext_ln70_25, i23 35" [firmware/nnet_utils/nnet_mult.h:73->firmware/nnet_utils/nnet_dense_latency.h:42]   --->   Operation 211 'mul' 'mul_ln73_50' <Predicate = true> <Delay = 1.94> <CoreInst = "Multiplier">   --->   Core 3 'Multiplier' <Latency = 0> <II = 1> <Delay = 1.94> <FuncUnit> <Opcode : 'mul'> <InPorts = 2> <OutPorts = 1>
ST_1 : Operation 212 [1/1] (0.00ns)   --->   "%trunc_ln42_56 = partselect i13 @_ssdm_op_PartSelect.i13.i23.i32.i32, i23 %mul_ln73_50, i32 10, i32 22" [firmware/nnet_utils/nnet_dense_latency.h:42]   --->   Operation 212 'partselect' 'trunc_ln42_56' <Predicate = true> <Delay = 0.00>
ST_1 : Operation 213 [1/1] (0.00ns)   --->   "%sext_ln73_19 = sext i13 %trunc_ln42_56" [firmware/nnet_utils/nnet_mult.h:73->firmware/nnet_utils/nnet_dense_latency.h:42]   --->   Operation 213 'sext' 'sext_ln73_19' <Predicate = true> <Delay = 0.00>
ST_1 : Operation 214 [1/1] (1.94ns)   --->   "%mul_ln73_51 = mul i26 %sext_ln70_24, i26 67108456" [firmware/nnet_utils/nnet_mult.h:73->firmware/nnet_utils/nnet_dense_latency.h:42]   --->   Operation 214 'mul' 'mul_ln73_51' <Predicate = true> <Delay = 1.94> <CoreInst = "Multiplier">   --->   Core 3 'Multiplier' <Latency = 0> <II = 1> <Delay = 1.94> <FuncUnit> <Opcode : 'mul'> <InPorts = 2> <OutPorts = 1>
ST_1 : Operation 215 [1/1] (0.00ns)   --->   "%trunc_ln42_57 = partselect i16 @_ssdm_op_PartSelect.i16.i26.i32.i32, i26 %mul_ln73_51, i32 10, i32 25" [firmware/nnet_utils/nnet_dense_latency.h:42]   --->   Operation 215 'partselect' 'trunc_ln42_57' <Predicate = true> <Delay = 0.00>
ST_1 : Operation 216 [1/1] (1.94ns)   --->   "%mul_ln73_52 = mul i24 %sext_ln70_23, i24 16777135" [firmware/nnet_utils/nnet_mult.h:73->firmware/nnet_utils/nnet_dense_latency.h:42]   --->   Operation 216 'mul' 'mul_ln73_52' <Predicate = true> <Delay = 1.94> <CoreInst = "Multiplier">   --->   Core 3 'Multiplier' <Latency = 0> <II = 1> <Delay = 1.94> <FuncUnit> <Opcode : 'mul'> <InPorts = 2> <OutPorts = 1>
ST_1 : Operation 217 [1/1] (0.00ns)   --->   "%trunc_ln42_58 = partselect i14 @_ssdm_op_PartSelect.i14.i24.i32.i32, i24 %mul_ln73_52, i32 10, i32 23" [firmware/nnet_utils/nnet_dense_latency.h:42]   --->   Operation 217 'partselect' 'trunc_ln42_58' <Predicate = true> <Delay = 0.00>
ST_1 : Operation 218 [1/1] (0.00ns)   --->   "%sext_ln73_20 = sext i14 %trunc_ln42_58" [firmware/nnet_utils/nnet_mult.h:73->firmware/nnet_utils/nnet_dense_latency.h:42]   --->   Operation 218 'sext' 'sext_ln73_20' <Predicate = true> <Delay = 0.00>
ST_1 : Operation 219 [1/1] (1.94ns)   --->   "%mul_ln73_53 = mul i25 %sext_ln70_26, i25 195" [firmware/nnet_utils/nnet_mult.h:73->firmware/nnet_utils/nnet_dense_latency.h:42]   --->   Operation 219 'mul' 'mul_ln73_53' <Predicate = true> <Delay = 1.94> <CoreInst = "Multiplier">   --->   Core 3 'Multiplier' <Latency = 0> <II = 1> <Delay = 1.94> <FuncUnit> <Opcode : 'mul'> <InPorts = 2> <OutPorts = 1>
ST_1 : Operation 220 [1/1] (0.00ns)   --->   "%trunc_ln42_59 = partselect i15 @_ssdm_op_PartSelect.i15.i25.i32.i32, i25 %mul_ln73_53, i32 10, i32 24" [firmware/nnet_utils/nnet_dense_latency.h:42]   --->   Operation 220 'partselect' 'trunc_ln42_59' <Predicate = true> <Delay = 0.00>
ST_1 : Operation 221 [1/1] (0.00ns)   --->   "%sext_ln42_24 = sext i15 %trunc_ln42_59" [firmware/nnet_utils/nnet_dense_latency.h:42]   --->   Operation 221 'sext' 'sext_ln42_24' <Predicate = true> <Delay = 0.00>
ST_1 : Operation 222 [1/1] (1.94ns)   --->   "%mul_ln73_54 = mul i26 %sext_ln70_24, i26 323" [firmware/nnet_utils/nnet_mult.h:73->firmware/nnet_utils/nnet_dense_latency.h:42]   --->   Operation 222 'mul' 'mul_ln73_54' <Predicate = true> <Delay = 1.94> <CoreInst = "Multiplier">   --->   Core 3 'Multiplier' <Latency = 0> <II = 1> <Delay = 1.94> <FuncUnit> <Opcode : 'mul'> <InPorts = 2> <OutPorts = 1>
ST_1 : Operation 223 [1/1] (0.00ns)   --->   "%trunc_ln42_60 = partselect i16 @_ssdm_op_PartSelect.i16.i26.i32.i32, i26 %mul_ln73_54, i32 10, i32 25" [firmware/nnet_utils/nnet_dense_latency.h:42]   --->   Operation 223 'partselect' 'trunc_ln42_60' <Predicate = true> <Delay = 0.00>
ST_1 : Operation 224 [1/1] (1.94ns)   --->   "%mul_ln73_55 = mul i26 %sext_ln70_24, i26 67108483" [firmware/nnet_utils/nnet_mult.h:73->firmware/nnet_utils/nnet_dense_latency.h:42]   --->   Operation 224 'mul' 'mul_ln73_55' <Predicate = true> <Delay = 1.94> <CoreInst = "Multiplier">   --->   Core 3 'Multiplier' <Latency = 0> <II = 1> <Delay = 1.94> <FuncUnit> <Opcode : 'mul'> <InPorts = 2> <OutPorts = 1>
ST_1 : Operation 225 [1/1] (0.00ns)   --->   "%trunc_ln42_61 = partselect i16 @_ssdm_op_PartSelect.i16.i26.i32.i32, i26 %mul_ln73_55, i32 10, i32 25" [firmware/nnet_utils/nnet_dense_latency.h:42]   --->   Operation 225 'partselect' 'trunc_ln42_61' <Predicate = true> <Delay = 0.00>
ST_1 : Operation 226 [1/1] (1.94ns)   --->   "%mul_ln73_56 = mul i26 %sext_ln70_24, i26 324" [firmware/nnet_utils/nnet_mult.h:73->firmware/nnet_utils/nnet_dense_latency.h:42]   --->   Operation 226 'mul' 'mul_ln73_56' <Predicate = true> <Delay = 1.94> <CoreInst = "Multiplier">   --->   Core 3 'Multiplier' <Latency = 0> <II = 1> <Delay = 1.94> <FuncUnit> <Opcode : 'mul'> <InPorts = 2> <OutPorts = 1>
ST_1 : Operation 227 [1/1] (0.00ns)   --->   "%trunc_ln42_62 = partselect i16 @_ssdm_op_PartSelect.i16.i26.i32.i32, i26 %mul_ln73_56, i32 10, i32 25" [firmware/nnet_utils/nnet_dense_latency.h:42]   --->   Operation 227 'partselect' 'trunc_ln42_62' <Predicate = true> <Delay = 0.00>
ST_1 : Operation 228 [1/1] (0.00ns)   --->   "%a_8 = partselect i16 @_ssdm_op_PartSelect.i16.i256.i32.i32, i256 %data_val_read, i32 128, i32 143"   --->   Operation 228 'partselect' 'a_8' <Predicate = true> <Delay = 0.00>
ST_1 : Operation 229 [1/1] (0.00ns)   --->   "%sext_ln70_27 = sext i16 %a_8" [firmware/nnet_utils/nnet_mult.h:70->firmware/nnet_utils/nnet_dense_latency.h:42]   --->   Operation 229 'sext' 'sext_ln70_27' <Predicate = true> <Delay = 0.00>
ST_1 : Operation 230 [1/1] (0.00ns)   --->   "%sext_ln70_28 = sext i16 %a_8" [firmware/nnet_utils/nnet_mult.h:70->firmware/nnet_utils/nnet_dense_latency.h:42]   --->   Operation 230 'sext' 'sext_ln70_28' <Predicate = true> <Delay = 0.00>
ST_1 : Operation 231 [1/1] (0.00ns)   --->   "%sext_ln70_29 = sext i16 %a_8" [firmware/nnet_utils/nnet_mult.h:70->firmware/nnet_utils/nnet_dense_latency.h:42]   --->   Operation 231 'sext' 'sext_ln70_29' <Predicate = true> <Delay = 0.00>
ST_1 : Operation 232 [1/1] (1.94ns)   --->   "%mul_ln73_57 = mul i26 %sext_ln70_29, i26 323" [firmware/nnet_utils/nnet_mult.h:73->firmware/nnet_utils/nnet_dense_latency.h:42]   --->   Operation 232 'mul' 'mul_ln73_57' <Predicate = true> <Delay = 1.94> <CoreInst = "Multiplier">   --->   Core 3 'Multiplier' <Latency = 0> <II = 1> <Delay = 1.94> <FuncUnit> <Opcode : 'mul'> <InPorts = 2> <OutPorts = 1>
ST_1 : Operation 233 [1/1] (0.00ns)   --->   "%trunc_ln42_63 = partselect i16 @_ssdm_op_PartSelect.i16.i26.i32.i32, i26 %mul_ln73_57, i32 10, i32 25" [firmware/nnet_utils/nnet_dense_latency.h:42]   --->   Operation 233 'partselect' 'trunc_ln42_63' <Predicate = true> <Delay = 0.00>
ST_1 : Operation 234 [1/1] (1.94ns)   --->   "%mul_ln73_58 = mul i26 %sext_ln70_29, i26 302" [firmware/nnet_utils/nnet_mult.h:73->firmware/nnet_utils/nnet_dense_latency.h:42]   --->   Operation 234 'mul' 'mul_ln73_58' <Predicate = true> <Delay = 1.94> <CoreInst = "Multiplier">   --->   Core 3 'Multiplier' <Latency = 0> <II = 1> <Delay = 1.94> <FuncUnit> <Opcode : 'mul'> <InPorts = 2> <OutPorts = 1>
ST_1 : Operation 235 [1/1] (0.00ns)   --->   "%trunc_ln42_64 = partselect i16 @_ssdm_op_PartSelect.i16.i26.i32.i32, i26 %mul_ln73_58, i32 10, i32 25" [firmware/nnet_utils/nnet_dense_latency.h:42]   --->   Operation 235 'partselect' 'trunc_ln42_64' <Predicate = true> <Delay = 0.00>
ST_1 : Operation 236 [1/1] (0.00ns)   --->   "%tmp_9036 = bitconcatenate i22 @_ssdm_op_BitConcatenate.i22.i16.i6, i16 %a_8, i6 0" [firmware/nnet_utils/nnet_mult.h:73->firmware/nnet_utils/nnet_dense_latency.h:42]   --->   Operation 236 'bitconcatenate' 'tmp_9036' <Predicate = true> <Delay = 0.00>
ST_1 : Operation 237 [1/1] (0.00ns)   --->   "%sext_ln73_21 = sext i22 %tmp_9036" [firmware/nnet_utils/nnet_mult.h:73->firmware/nnet_utils/nnet_dense_latency.h:42]   --->   Operation 237 'sext' 'sext_ln73_21' <Predicate = true> <Delay = 0.00>
ST_1 : Operation 238 [1/1] (0.00ns) (grouped into TernaryAdder)   --->   "%sub_ln73_6 = sub i24 0, i24 %sext_ln73_21" [firmware/nnet_utils/nnet_mult.h:73->firmware/nnet_utils/nnet_dense_latency.h:42]   --->   Operation 238 'sub' 'sub_ln73_6' <Predicate = true> <Delay = 0.00> <CoreInst = "TAddSub">   --->   Core 10 'TAddSub' <Latency = 0> <II = 1> <Delay = 0.33> <IPBlock> <Opcode : '' 'add' 'sub'> <InPorts = 3> <OutPorts = 1> <Sync> <CReg>
ST_1 : Operation 239 [1/1] (0.00ns)   --->   "%tmp_9037 = bitconcatenate i18 @_ssdm_op_BitConcatenate.i18.i16.i2, i16 %a_8, i2 0" [firmware/nnet_utils/nnet_mult.h:73->firmware/nnet_utils/nnet_dense_latency.h:42]   --->   Operation 239 'bitconcatenate' 'tmp_9037' <Predicate = true> <Delay = 0.00>
ST_1 : Operation 240 [1/1] (0.00ns)   --->   "%sext_ln73_22 = sext i18 %tmp_9037" [firmware/nnet_utils/nnet_mult.h:73->firmware/nnet_utils/nnet_dense_latency.h:42]   --->   Operation 240 'sext' 'sext_ln73_22' <Predicate = true> <Delay = 0.00>
ST_1 : Operation 241 [1/1] (0.70ns) (root node of TernaryAdder)   --->   "%sub_ln73_7 = sub i24 %sub_ln73_6, i24 %sext_ln73_22" [firmware/nnet_utils/nnet_mult.h:73->firmware/nnet_utils/nnet_dense_latency.h:42]   --->   Operation 241 'sub' 'sub_ln73_7' <Predicate = true> <Delay = 0.70> <CoreInst = "TAddSub">   --->   Core 10 'TAddSub' <Latency = 0> <II = 1> <Delay = 0.33> <IPBlock> <Opcode : '' 'add' 'sub'> <InPorts = 3> <OutPorts = 1> <Sync> <CReg>
ST_1 : Operation 242 [1/1] (0.00ns)   --->   "%trunc_ln42_65 = partselect i14 @_ssdm_op_PartSelect.i14.i24.i32.i32, i24 %sub_ln73_7, i32 10, i32 23" [firmware/nnet_utils/nnet_dense_latency.h:42]   --->   Operation 242 'partselect' 'trunc_ln42_65' <Predicate = true> <Delay = 0.00>
ST_1 : Operation 243 [1/1] (0.00ns)   --->   "%sext_ln42_25 = sext i14 %trunc_ln42_65" [firmware/nnet_utils/nnet_dense_latency.h:42]   --->   Operation 243 'sext' 'sext_ln42_25' <Predicate = true> <Delay = 0.00>
ST_1 : Operation 244 [1/1] (1.94ns)   --->   "%mul_ln73_59 = mul i26 %sext_ln70_29, i26 469" [firmware/nnet_utils/nnet_mult.h:73->firmware/nnet_utils/nnet_dense_latency.h:42]   --->   Operation 244 'mul' 'mul_ln73_59' <Predicate = true> <Delay = 1.94> <CoreInst = "Multiplier">   --->   Core 3 'Multiplier' <Latency = 0> <II = 1> <Delay = 1.94> <FuncUnit> <Opcode : 'mul'> <InPorts = 2> <OutPorts = 1>
ST_1 : Operation 245 [1/1] (0.00ns)   --->   "%trunc_ln42_66 = partselect i16 @_ssdm_op_PartSelect.i16.i26.i32.i32, i26 %mul_ln73_59, i32 10, i32 25" [firmware/nnet_utils/nnet_dense_latency.h:42]   --->   Operation 245 'partselect' 'trunc_ln42_66' <Predicate = true> <Delay = 0.00>
ST_1 : Operation 246 [1/1] (1.94ns)   --->   "%mul_ln73_60 = mul i26 %sext_ln70_29, i26 454" [firmware/nnet_utils/nnet_mult.h:73->firmware/nnet_utils/nnet_dense_latency.h:42]   --->   Operation 246 'mul' 'mul_ln73_60' <Predicate = true> <Delay = 1.94> <CoreInst = "Multiplier">   --->   Core 3 'Multiplier' <Latency = 0> <II = 1> <Delay = 1.94> <FuncUnit> <Opcode : 'mul'> <InPorts = 2> <OutPorts = 1>
ST_1 : Operation 247 [1/1] (0.00ns)   --->   "%trunc_ln42_67 = partselect i16 @_ssdm_op_PartSelect.i16.i26.i32.i32, i26 %mul_ln73_60, i32 10, i32 25" [firmware/nnet_utils/nnet_dense_latency.h:42]   --->   Operation 247 'partselect' 'trunc_ln42_67' <Predicate = true> <Delay = 0.00>
ST_1 : Operation 248 [1/1] (1.94ns)   --->   "%mul_ln73_61 = mul i25 %sext_ln70_28, i25 33554295" [firmware/nnet_utils/nnet_mult.h:73->firmware/nnet_utils/nnet_dense_latency.h:42]   --->   Operation 248 'mul' 'mul_ln73_61' <Predicate = true> <Delay = 1.94> <CoreInst = "Multiplier">   --->   Core 3 'Multiplier' <Latency = 0> <II = 1> <Delay = 1.94> <FuncUnit> <Opcode : 'mul'> <InPorts = 2> <OutPorts = 1>
ST_1 : Operation 249 [1/1] (0.00ns)   --->   "%trunc_ln42_68 = partselect i15 @_ssdm_op_PartSelect.i15.i25.i32.i32, i25 %mul_ln73_61, i32 10, i32 24" [firmware/nnet_utils/nnet_dense_latency.h:42]   --->   Operation 249 'partselect' 'trunc_ln42_68' <Predicate = true> <Delay = 0.00>
ST_1 : Operation 250 [1/1] (0.00ns)   --->   "%sext_ln42_26 = sext i15 %trunc_ln42_68" [firmware/nnet_utils/nnet_dense_latency.h:42]   --->   Operation 250 'sext' 'sext_ln42_26' <Predicate = true> <Delay = 0.00>
ST_1 : Operation 251 [1/1] (1.94ns)   --->   "%mul_ln73_62 = mul i26 %sext_ln70_29, i26 67108415" [firmware/nnet_utils/nnet_mult.h:73->firmware/nnet_utils/nnet_dense_latency.h:42]   --->   Operation 251 'mul' 'mul_ln73_62' <Predicate = true> <Delay = 1.94> <CoreInst = "Multiplier">   --->   Core 3 'Multiplier' <Latency = 0> <II = 1> <Delay = 1.94> <FuncUnit> <Opcode : 'mul'> <InPorts = 2> <OutPorts = 1>
ST_1 : Operation 252 [1/1] (0.00ns)   --->   "%trunc_ln42_69 = partselect i16 @_ssdm_op_PartSelect.i16.i26.i32.i32, i26 %mul_ln73_62, i32 10, i32 25" [firmware/nnet_utils/nnet_dense_latency.h:42]   --->   Operation 252 'partselect' 'trunc_ln42_69' <Predicate = true> <Delay = 0.00>
ST_1 : Operation 253 [1/1] (1.94ns)   --->   "%mul_ln73_63 = mul i23 %sext_ln70_27, i23 8388573" [firmware/nnet_utils/nnet_mult.h:73->firmware/nnet_utils/nnet_dense_latency.h:42]   --->   Operation 253 'mul' 'mul_ln73_63' <Predicate = true> <Delay = 1.94> <CoreInst = "Multiplier">   --->   Core 3 'Multiplier' <Latency = 0> <II = 1> <Delay = 1.94> <FuncUnit> <Opcode : 'mul'> <InPorts = 2> <OutPorts = 1>
ST_1 : Operation 254 [1/1] (0.00ns)   --->   "%trunc_ln42_70 = partselect i13 @_ssdm_op_PartSelect.i13.i23.i32.i32, i23 %mul_ln73_63, i32 10, i32 22" [firmware/nnet_utils/nnet_dense_latency.h:42]   --->   Operation 254 'partselect' 'trunc_ln42_70' <Predicate = true> <Delay = 0.00>
ST_1 : Operation 255 [1/1] (0.00ns)   --->   "%sext_ln42_27 = sext i13 %trunc_ln42_70" [firmware/nnet_utils/nnet_dense_latency.h:42]   --->   Operation 255 'sext' 'sext_ln42_27' <Predicate = true> <Delay = 0.00>
ST_1 : Operation 256 [1/1] (0.00ns)   --->   "%a_9 = partselect i16 @_ssdm_op_PartSelect.i16.i256.i32.i32, i256 %data_val_read, i32 144, i32 159"   --->   Operation 256 'partselect' 'a_9' <Predicate = true> <Delay = 0.00>
ST_1 : Operation 257 [1/1] (0.00ns)   --->   "%sext_ln70_30 = sext i16 %a_9" [firmware/nnet_utils/nnet_mult.h:70->firmware/nnet_utils/nnet_dense_latency.h:42]   --->   Operation 257 'sext' 'sext_ln70_30' <Predicate = true> <Delay = 0.00>
ST_1 : Operation 258 [1/1] (0.00ns)   --->   "%sext_ln70_31 = sext i16 %a_9" [firmware/nnet_utils/nnet_mult.h:70->firmware/nnet_utils/nnet_dense_latency.h:42]   --->   Operation 258 'sext' 'sext_ln70_31' <Predicate = true> <Delay = 0.00>
ST_1 : Operation 259 [1/1] (1.94ns)   --->   "%mul_ln73_64 = mul i26 %sext_ln70_31, i26 67108467" [firmware/nnet_utils/nnet_mult.h:73->firmware/nnet_utils/nnet_dense_latency.h:42]   --->   Operation 259 'mul' 'mul_ln73_64' <Predicate = true> <Delay = 1.94> <CoreInst = "Multiplier">   --->   Core 3 'Multiplier' <Latency = 0> <II = 1> <Delay = 1.94> <FuncUnit> <Opcode : 'mul'> <InPorts = 2> <OutPorts = 1>
ST_1 : Operation 260 [1/1] (0.00ns)   --->   "%trunc_ln42_71 = partselect i16 @_ssdm_op_PartSelect.i16.i26.i32.i32, i26 %mul_ln73_64, i32 10, i32 25" [firmware/nnet_utils/nnet_dense_latency.h:42]   --->   Operation 260 'partselect' 'trunc_ln42_71' <Predicate = true> <Delay = 0.00>
ST_1 : Operation 261 [1/1] (1.94ns)   --->   "%mul_ln73_65 = mul i26 %sext_ln70_31, i26 67108553" [firmware/nnet_utils/nnet_mult.h:73->firmware/nnet_utils/nnet_dense_latency.h:42]   --->   Operation 261 'mul' 'mul_ln73_65' <Predicate = true> <Delay = 1.94> <CoreInst = "Multiplier">   --->   Core 3 'Multiplier' <Latency = 0> <II = 1> <Delay = 1.94> <FuncUnit> <Opcode : 'mul'> <InPorts = 2> <OutPorts = 1>
ST_1 : Operation 262 [1/1] (0.00ns)   --->   "%trunc_ln42_72 = partselect i16 @_ssdm_op_PartSelect.i16.i26.i32.i32, i26 %mul_ln73_65, i32 10, i32 25" [firmware/nnet_utils/nnet_dense_latency.h:42]   --->   Operation 262 'partselect' 'trunc_ln42_72' <Predicate = true> <Delay = 0.00>
ST_1 : Operation 263 [1/1] (1.94ns)   --->   "%mul_ln73_66 = mul i26 %sext_ln70_31, i26 67108408" [firmware/nnet_utils/nnet_mult.h:73->firmware/nnet_utils/nnet_dense_latency.h:42]   --->   Operation 263 'mul' 'mul_ln73_66' <Predicate = true> <Delay = 1.94> <CoreInst = "Multiplier">   --->   Core 3 'Multiplier' <Latency = 0> <II = 1> <Delay = 1.94> <FuncUnit> <Opcode : 'mul'> <InPorts = 2> <OutPorts = 1>
ST_1 : Operation 264 [1/1] (0.00ns)   --->   "%trunc_ln42_73 = partselect i16 @_ssdm_op_PartSelect.i16.i26.i32.i32, i26 %mul_ln73_66, i32 10, i32 25" [firmware/nnet_utils/nnet_dense_latency.h:42]   --->   Operation 264 'partselect' 'trunc_ln42_73' <Predicate = true> <Delay = 0.00>
ST_1 : Operation 265 [1/1] (0.00ns)   --->   "%tmp_9038 = bitconcatenate i20 @_ssdm_op_BitConcatenate.i20.i16.i4, i16 %a_9, i4 0" [firmware/nnet_utils/nnet_mult.h:73->firmware/nnet_utils/nnet_dense_latency.h:42]   --->   Operation 265 'bitconcatenate' 'tmp_9038' <Predicate = true> <Delay = 0.00>
ST_1 : Operation 266 [1/1] (0.00ns)   --->   "%sext_ln73_23 = sext i20 %tmp_9038" [firmware/nnet_utils/nnet_mult.h:73->firmware/nnet_utils/nnet_dense_latency.h:42]   --->   Operation 266 'sext' 'sext_ln73_23' <Predicate = true> <Delay = 0.00>
ST_1 : Operation 267 [1/1] (0.80ns)   --->   "%add_ln73_1 = add i22 %sext_ln73_23, i22 %sext_ln70_30" [firmware/nnet_utils/nnet_mult.h:73->firmware/nnet_utils/nnet_dense_latency.h:42]   --->   Operation 267 'add' 'add_ln73_1' <Predicate = true> <Delay = 0.80> <CoreInst = "Adder">   --->   Core 1 'Adder' <Latency = 0> <II = 1> <Delay = 0.80> <FuncUnit> <Opcode : 'add' 'sub'> <InPorts = 2> <OutPorts = 1>
ST_1 : Operation 268 [1/1] (0.00ns)   --->   "%trunc_ln42_74 = partselect i12 @_ssdm_op_PartSelect.i12.i22.i32.i32, i22 %add_ln73_1, i32 10, i32 21" [firmware/nnet_utils/nnet_dense_latency.h:42]   --->   Operation 268 'partselect' 'trunc_ln42_74' <Predicate = true> <Delay = 0.00>
ST_1 : Operation 269 [1/1] (0.00ns)   --->   "%sext_ln42_28 = sext i12 %trunc_ln42_74" [firmware/nnet_utils/nnet_dense_latency.h:42]   --->   Operation 269 'sext' 'sext_ln42_28' <Predicate = true> <Delay = 0.00>
ST_1 : Operation 270 [1/1] (0.00ns)   --->   "%tmp_9039 = bitconcatenate i19 @_ssdm_op_BitConcatenate.i19.i16.i3, i16 %a_9, i3 0" [firmware/nnet_utils/nnet_mult.h:73->firmware/nnet_utils/nnet_dense_latency.h:42]   --->   Operation 270 'bitconcatenate' 'tmp_9039' <Predicate = true> <Delay = 0.00>
ST_1 : Operation 271 [1/1] (0.00ns)   --->   "%sext_ln73_24 = sext i19 %tmp_9039" [firmware/nnet_utils/nnet_mult.h:73->firmware/nnet_utils/nnet_dense_latency.h:42]   --->   Operation 271 'sext' 'sext_ln73_24' <Predicate = true> <Delay = 0.00>
ST_1 : Operation 272 [1/1] (0.00ns)   --->   "%tmp_9040 = bitconcatenate i17 @_ssdm_op_BitConcatenate.i17.i16.i1, i16 %a_9, i1 0" [firmware/nnet_utils/nnet_mult.h:73->firmware/nnet_utils/nnet_dense_latency.h:42]   --->   Operation 272 'bitconcatenate' 'tmp_9040' <Predicate = true> <Delay = 0.00>
ST_1 : Operation 273 [1/1] (0.00ns)   --->   "%sext_ln73_25 = sext i17 %tmp_9040" [firmware/nnet_utils/nnet_mult.h:73->firmware/nnet_utils/nnet_dense_latency.h:42]   --->   Operation 273 'sext' 'sext_ln73_25' <Predicate = true> <Delay = 0.00>
ST_1 : Operation 274 [1/1] (0.80ns)   --->   "%sub_ln73_8 = sub i20 %sext_ln73_25, i20 %sext_ln73_24" [firmware/nnet_utils/nnet_mult.h:73->firmware/nnet_utils/nnet_dense_latency.h:42]   --->   Operation 274 'sub' 'sub_ln73_8' <Predicate = true> <Delay = 0.80> <CoreInst = "Adder">   --->   Core 1 'Adder' <Latency = 0> <II = 1> <Delay = 0.80> <FuncUnit> <Opcode : 'add' 'sub'> <InPorts = 2> <OutPorts = 1>
ST_1 : Operation 275 [1/1] (0.00ns)   --->   "%trunc_ln42_75 = partselect i10 @_ssdm_op_PartSelect.i10.i20.i32.i32, i20 %sub_ln73_8, i32 10, i32 19" [firmware/nnet_utils/nnet_dense_latency.h:42]   --->   Operation 275 'partselect' 'trunc_ln42_75' <Predicate = true> <Delay = 0.00>
ST_1 : Operation 276 [1/1] (0.00ns)   --->   "%sext_ln42_29 = sext i10 %trunc_ln42_75" [firmware/nnet_utils/nnet_dense_latency.h:42]   --->   Operation 276 'sext' 'sext_ln42_29' <Predicate = true> <Delay = 0.00>
ST_1 : Operation 277 [1/1] (1.94ns)   --->   "%mul_ln73_67 = mul i26 %sext_ln70_31, i26 67108492" [firmware/nnet_utils/nnet_mult.h:73->firmware/nnet_utils/nnet_dense_latency.h:42]   --->   Operation 277 'mul' 'mul_ln73_67' <Predicate = true> <Delay = 1.94> <CoreInst = "Multiplier">   --->   Core 3 'Multiplier' <Latency = 0> <II = 1> <Delay = 1.94> <FuncUnit> <Opcode : 'mul'> <InPorts = 2> <OutPorts = 1>
ST_1 : Operation 278 [1/1] (0.00ns)   --->   "%trunc_ln42_76 = partselect i16 @_ssdm_op_PartSelect.i16.i26.i32.i32, i26 %mul_ln73_67, i32 10, i32 25" [firmware/nnet_utils/nnet_dense_latency.h:42]   --->   Operation 278 'partselect' 'trunc_ln42_76' <Predicate = true> <Delay = 0.00>
ST_1 : Operation 279 [1/1] (1.94ns)   --->   "%mul_ln73_68 = mul i26 %sext_ln70_31, i26 67108432" [firmware/nnet_utils/nnet_mult.h:73->firmware/nnet_utils/nnet_dense_latency.h:42]   --->   Operation 279 'mul' 'mul_ln73_68' <Predicate = true> <Delay = 1.94> <CoreInst = "Multiplier">   --->   Core 3 'Multiplier' <Latency = 0> <II = 1> <Delay = 1.94> <FuncUnit> <Opcode : 'mul'> <InPorts = 2> <OutPorts = 1>
ST_1 : Operation 280 [1/1] (0.00ns)   --->   "%trunc_ln42_77 = partselect i16 @_ssdm_op_PartSelect.i16.i26.i32.i32, i26 %mul_ln73_68, i32 10, i32 25" [firmware/nnet_utils/nnet_dense_latency.h:42]   --->   Operation 280 'partselect' 'trunc_ln42_77' <Predicate = true> <Delay = 0.00>
ST_1 : Operation 281 [1/1] (0.00ns)   --->   "%tmp_9041 = bitconcatenate i24 @_ssdm_op_BitConcatenate.i24.i16.i8, i16 %a_9, i8 0" [firmware/nnet_utils/nnet_mult.h:73->firmware/nnet_utils/nnet_dense_latency.h:42]   --->   Operation 281 'bitconcatenate' 'tmp_9041' <Predicate = true> <Delay = 0.00>
ST_1 : Operation 282 [1/1] (0.00ns)   --->   "%sext_ln73_26 = sext i24 %tmp_9041" [firmware/nnet_utils/nnet_mult.h:73->firmware/nnet_utils/nnet_dense_latency.h:42]   --->   Operation 282 'sext' 'sext_ln73_26' <Predicate = true> <Delay = 0.00>
ST_1 : Operation 283 [1/1] (0.00ns)   --->   "%sext_ln73_27 = sext i17 %tmp_9040" [firmware/nnet_utils/nnet_mult.h:73->firmware/nnet_utils/nnet_dense_latency.h:42]   --->   Operation 283 'sext' 'sext_ln73_27' <Predicate = true> <Delay = 0.00>
ST_1 : Operation 284 [1/1] (0.83ns)   --->   "%add_ln73_2 = add i26 %sext_ln73_26, i26 %sext_ln73_27" [firmware/nnet_utils/nnet_mult.h:73->firmware/nnet_utils/nnet_dense_latency.h:42]   --->   Operation 284 'add' 'add_ln73_2' <Predicate = true> <Delay = 0.83> <CoreInst = "Adder">   --->   Core 1 'Adder' <Latency = 0> <II = 1> <Delay = 0.83> <FuncUnit> <Opcode : 'add' 'sub'> <InPorts = 2> <OutPorts = 1>
ST_1 : Operation 285 [1/1] (0.00ns)   --->   "%trunc_ln42_78 = partselect i16 @_ssdm_op_PartSelect.i16.i26.i32.i32, i26 %add_ln73_2, i32 10, i32 25" [firmware/nnet_utils/nnet_dense_latency.h:42]   --->   Operation 285 'partselect' 'trunc_ln42_78' <Predicate = true> <Delay = 0.00>
ST_1 : Operation 286 [1/1] (0.00ns)   --->   "%a_10 = partselect i16 @_ssdm_op_PartSelect.i16.i256.i32.i32, i256 %data_val_read, i32 160, i32 175"   --->   Operation 286 'partselect' 'a_10' <Predicate = true> <Delay = 0.00>
ST_1 : Operation 287 [1/1] (0.00ns)   --->   "%sext_ln70_32 = sext i16 %a_10" [firmware/nnet_utils/nnet_mult.h:70->firmware/nnet_utils/nnet_dense_latency.h:42]   --->   Operation 287 'sext' 'sext_ln70_32' <Predicate = true> <Delay = 0.00>
ST_1 : Operation 288 [1/1] (0.00ns)   --->   "%sext_ln70_33 = sext i16 %a_10" [firmware/nnet_utils/nnet_mult.h:70->firmware/nnet_utils/nnet_dense_latency.h:42]   --->   Operation 288 'sext' 'sext_ln70_33' <Predicate = true> <Delay = 0.00>
ST_1 : Operation 289 [1/1] (0.00ns)   --->   "%sext_ln70_34 = sext i16 %a_10" [firmware/nnet_utils/nnet_mult.h:70->firmware/nnet_utils/nnet_dense_latency.h:42]   --->   Operation 289 'sext' 'sext_ln70_34' <Predicate = true> <Delay = 0.00>
ST_1 : Operation 290 [1/1] (0.00ns)   --->   "%sext_ln70_35 = sext i16 %a_10" [firmware/nnet_utils/nnet_mult.h:70->firmware/nnet_utils/nnet_dense_latency.h:42]   --->   Operation 290 'sext' 'sext_ln70_35' <Predicate = true> <Delay = 0.00>
ST_1 : Operation 291 [1/1] (0.00ns)   --->   "%sext_ln70_36 = sext i16 %a_10" [firmware/nnet_utils/nnet_mult.h:70->firmware/nnet_utils/nnet_dense_latency.h:42]   --->   Operation 291 'sext' 'sext_ln70_36' <Predicate = true> <Delay = 0.00>
ST_1 : Operation 292 [1/1] (0.00ns)   --->   "%sext_ln70_37 = sext i16 %a_10" [firmware/nnet_utils/nnet_mult.h:70->firmware/nnet_utils/nnet_dense_latency.h:42]   --->   Operation 292 'sext' 'sext_ln70_37' <Predicate = true> <Delay = 0.00>
ST_1 : Operation 293 [1/1] (1.94ns)   --->   "%mul_ln73_69 = mul i25 %sext_ln70_37, i25 223" [firmware/nnet_utils/nnet_mult.h:73->firmware/nnet_utils/nnet_dense_latency.h:42]   --->   Operation 293 'mul' 'mul_ln73_69' <Predicate = true> <Delay = 1.94> <CoreInst = "Multiplier">   --->   Core 3 'Multiplier' <Latency = 0> <II = 1> <Delay = 1.94> <FuncUnit> <Opcode : 'mul'> <InPorts = 2> <OutPorts = 1>
ST_1 : Operation 294 [1/1] (0.00ns)   --->   "%trunc_ln42_79 = partselect i15 @_ssdm_op_PartSelect.i15.i25.i32.i32, i25 %mul_ln73_69, i32 10, i32 24" [firmware/nnet_utils/nnet_dense_latency.h:42]   --->   Operation 294 'partselect' 'trunc_ln42_79' <Predicate = true> <Delay = 0.00>
ST_1 : Operation 295 [1/1] (0.00ns)   --->   "%sext_ln42_30 = sext i15 %trunc_ln42_79" [firmware/nnet_utils/nnet_dense_latency.h:42]   --->   Operation 295 'sext' 'sext_ln42_30' <Predicate = true> <Delay = 0.00>
ST_1 : Operation 296 [1/1] (0.00ns)   --->   "%tmp_9042 = bitconcatenate i25 @_ssdm_op_BitConcatenate.i25.i16.i9, i16 %a_10, i9 0" [firmware/nnet_utils/nnet_mult.h:73->firmware/nnet_utils/nnet_dense_latency.h:42]   --->   Operation 296 'bitconcatenate' 'tmp_9042' <Predicate = true> <Delay = 0.00>
ST_1 : Operation 297 [1/1] (0.00ns)   --->   "%sext_ln73_28 = sext i25 %tmp_9042" [firmware/nnet_utils/nnet_mult.h:73->firmware/nnet_utils/nnet_dense_latency.h:42]   --->   Operation 297 'sext' 'sext_ln73_28' <Predicate = true> <Delay = 0.00>
ST_1 : Operation 298 [1/1] (0.83ns)   --->   "%sub_ln73_9 = sub i26 %sext_ln70_36, i26 %sext_ln73_28" [firmware/nnet_utils/nnet_mult.h:73->firmware/nnet_utils/nnet_dense_latency.h:42]   --->   Operation 298 'sub' 'sub_ln73_9' <Predicate = true> <Delay = 0.83> <CoreInst = "Adder">   --->   Core 1 'Adder' <Latency = 0> <II = 1> <Delay = 0.83> <FuncUnit> <Opcode : 'add' 'sub'> <InPorts = 2> <OutPorts = 1>
ST_1 : Operation 299 [1/1] (0.00ns)   --->   "%trunc_ln42_80 = partselect i16 @_ssdm_op_PartSelect.i16.i26.i32.i32, i26 %sub_ln73_9, i32 10, i32 25" [firmware/nnet_utils/nnet_dense_latency.h:42]   --->   Operation 299 'partselect' 'trunc_ln42_80' <Predicate = true> <Delay = 0.00>
ST_1 : Operation 300 [1/1] (1.94ns)   --->   "%mul_ln73_70 = mul i26 %sext_ln70_36, i26 67108580" [firmware/nnet_utils/nnet_mult.h:73->firmware/nnet_utils/nnet_dense_latency.h:42]   --->   Operation 300 'mul' 'mul_ln73_70' <Predicate = true> <Delay = 1.94> <CoreInst = "Multiplier">   --->   Core 3 'Multiplier' <Latency = 0> <II = 1> <Delay = 1.94> <FuncUnit> <Opcode : 'mul'> <InPorts = 2> <OutPorts = 1>
ST_1 : Operation 301 [1/1] (0.00ns)   --->   "%trunc_ln42_81 = partselect i16 @_ssdm_op_PartSelect.i16.i26.i32.i32, i26 %mul_ln73_70, i32 10, i32 25" [firmware/nnet_utils/nnet_dense_latency.h:42]   --->   Operation 301 'partselect' 'trunc_ln42_81' <Predicate = true> <Delay = 0.00>
ST_1 : Operation 302 [1/1] (0.00ns)   --->   "%tmp_9043 = bitconcatenate i18 @_ssdm_op_BitConcatenate.i18.i16.i2, i16 %a_10, i2 0" [firmware/nnet_utils/nnet_mult.h:73->firmware/nnet_utils/nnet_dense_latency.h:42]   --->   Operation 302 'bitconcatenate' 'tmp_9043' <Predicate = true> <Delay = 0.00>
ST_1 : Operation 303 [1/1] (0.00ns)   --->   "%sext_ln73_29 = sext i18 %tmp_9043" [firmware/nnet_utils/nnet_mult.h:73->firmware/nnet_utils/nnet_dense_latency.h:42]   --->   Operation 303 'sext' 'sext_ln73_29' <Predicate = true> <Delay = 0.00>
ST_1 : Operation 304 [1/1] (0.79ns)   --->   "%sub_ln73_10 = sub i19 %sext_ln73_29, i19 %sext_ln70_35" [firmware/nnet_utils/nnet_mult.h:73->firmware/nnet_utils/nnet_dense_latency.h:42]   --->   Operation 304 'sub' 'sub_ln73_10' <Predicate = true> <Delay = 0.79> <CoreInst = "Adder">   --->   Core 1 'Adder' <Latency = 0> <II = 1> <Delay = 0.79> <FuncUnit> <Opcode : 'add' 'sub'> <InPorts = 2> <OutPorts = 1>
ST_1 : Operation 305 [1/1] (0.00ns)   --->   "%trunc_ln42_82 = partselect i9 @_ssdm_op_PartSelect.i9.i19.i32.i32, i19 %sub_ln73_10, i32 10, i32 18" [firmware/nnet_utils/nnet_dense_latency.h:42]   --->   Operation 305 'partselect' 'trunc_ln42_82' <Predicate = true> <Delay = 0.00>
ST_1 : Operation 306 [1/1] (0.00ns)   --->   "%sext_ln42_31 = sext i9 %trunc_ln42_82" [firmware/nnet_utils/nnet_dense_latency.h:42]   --->   Operation 306 'sext' 'sext_ln42_31' <Predicate = true> <Delay = 0.00>
ST_1 : Operation 307 [1/1] (1.94ns)   --->   "%mul_ln73_71 = mul i23 %sext_ln70_34, i23 38" [firmware/nnet_utils/nnet_mult.h:73->firmware/nnet_utils/nnet_dense_latency.h:42]   --->   Operation 307 'mul' 'mul_ln73_71' <Predicate = true> <Delay = 1.94> <CoreInst = "Multiplier">   --->   Core 3 'Multiplier' <Latency = 0> <II = 1> <Delay = 1.94> <FuncUnit> <Opcode : 'mul'> <InPorts = 2> <OutPorts = 1>
ST_1 : Operation 308 [1/1] (0.00ns)   --->   "%trunc_ln42_83 = partselect i13 @_ssdm_op_PartSelect.i13.i23.i32.i32, i23 %mul_ln73_71, i32 10, i32 22" [firmware/nnet_utils/nnet_dense_latency.h:42]   --->   Operation 308 'partselect' 'trunc_ln42_83' <Predicate = true> <Delay = 0.00>
ST_1 : Operation 309 [1/1] (0.00ns)   --->   "%sext_ln42_32 = sext i13 %trunc_ln42_83" [firmware/nnet_utils/nnet_dense_latency.h:42]   --->   Operation 309 'sext' 'sext_ln42_32' <Predicate = true> <Delay = 0.00>
ST_1 : Operation 310 [1/1] (1.94ns)   --->   "%mul_ln73_72 = mul i24 %sext_ln70_33, i24 16777121" [firmware/nnet_utils/nnet_mult.h:73->firmware/nnet_utils/nnet_dense_latency.h:42]   --->   Operation 310 'mul' 'mul_ln73_72' <Predicate = true> <Delay = 1.94> <CoreInst = "Multiplier">   --->   Core 3 'Multiplier' <Latency = 0> <II = 1> <Delay = 1.94> <FuncUnit> <Opcode : 'mul'> <InPorts = 2> <OutPorts = 1>
ST_1 : Operation 311 [1/1] (0.00ns)   --->   "%trunc_ln42_84 = partselect i14 @_ssdm_op_PartSelect.i14.i24.i32.i32, i24 %mul_ln73_72, i32 10, i32 23" [firmware/nnet_utils/nnet_dense_latency.h:42]   --->   Operation 311 'partselect' 'trunc_ln42_84' <Predicate = true> <Delay = 0.00>
ST_1 : Operation 312 [1/1] (0.00ns)   --->   "%sext_ln42_33 = sext i14 %trunc_ln42_84" [firmware/nnet_utils/nnet_dense_latency.h:42]   --->   Operation 312 'sext' 'sext_ln42_33' <Predicate = true> <Delay = 0.00>
ST_1 : Operation 313 [1/1] (0.00ns)   --->   "%tmp_9044 = bitconcatenate i19 @_ssdm_op_BitConcatenate.i19.i16.i3, i16 %a_10, i3 0" [firmware/nnet_utils/nnet_mult.h:73->firmware/nnet_utils/nnet_dense_latency.h:42]   --->   Operation 313 'bitconcatenate' 'tmp_9044' <Predicate = true> <Delay = 0.00>
ST_1 : Operation 314 [1/1] (0.00ns)   --->   "%sext_ln73_30 = sext i19 %tmp_9044" [firmware/nnet_utils/nnet_mult.h:73->firmware/nnet_utils/nnet_dense_latency.h:42]   --->   Operation 314 'sext' 'sext_ln73_30' <Predicate = true> <Delay = 0.00>
ST_1 : Operation 315 [1/1] (0.83ns)   --->   "%sub_ln73_11 = sub i26 %sext_ln73_28, i26 %sext_ln73_30" [firmware/nnet_utils/nnet_mult.h:73->firmware/nnet_utils/nnet_dense_latency.h:42]   --->   Operation 315 'sub' 'sub_ln73_11' <Predicate = true> <Delay = 0.83> <CoreInst = "Adder">   --->   Core 1 'Adder' <Latency = 0> <II = 1> <Delay = 0.83> <FuncUnit> <Opcode : 'add' 'sub'> <InPorts = 2> <OutPorts = 1>
ST_1 : Operation 316 [1/1] (0.00ns)   --->   "%trunc_ln42_85 = partselect i16 @_ssdm_op_PartSelect.i16.i26.i32.i32, i26 %sub_ln73_11, i32 10, i32 25" [firmware/nnet_utils/nnet_dense_latency.h:42]   --->   Operation 316 'partselect' 'trunc_ln42_85' <Predicate = true> <Delay = 0.00>
ST_1 : Operation 317 [1/1] (1.94ns)   --->   "%mul_ln73_73 = mul i22 %sext_ln70_32, i22 19" [firmware/nnet_utils/nnet_mult.h:73->firmware/nnet_utils/nnet_dense_latency.h:42]   --->   Operation 317 'mul' 'mul_ln73_73' <Predicate = true> <Delay = 1.94> <CoreInst = "Multiplier">   --->   Core 3 'Multiplier' <Latency = 0> <II = 1> <Delay = 1.94> <FuncUnit> <Opcode : 'mul'> <InPorts = 2> <OutPorts = 1>
ST_1 : Operation 318 [1/1] (0.00ns)   --->   "%trunc_ln42_86 = partselect i12 @_ssdm_op_PartSelect.i12.i22.i32.i32, i22 %mul_ln73_73, i32 10, i32 21" [firmware/nnet_utils/nnet_dense_latency.h:42]   --->   Operation 318 'partselect' 'trunc_ln42_86' <Predicate = true> <Delay = 0.00>
ST_1 : Operation 319 [1/1] (0.00ns)   --->   "%sext_ln42_34 = sext i12 %trunc_ln42_86" [firmware/nnet_utils/nnet_dense_latency.h:42]   --->   Operation 319 'sext' 'sext_ln42_34' <Predicate = true> <Delay = 0.00>
ST_1 : Operation 320 [1/1] (0.00ns)   --->   "%a_11 = partselect i16 @_ssdm_op_PartSelect.i16.i256.i32.i32, i256 %data_val_read, i32 176, i32 191"   --->   Operation 320 'partselect' 'a_11' <Predicate = true> <Delay = 0.00>
ST_1 : Operation 321 [1/1] (0.00ns)   --->   "%sext_ln70_38 = sext i16 %a_11" [firmware/nnet_utils/nnet_mult.h:70->firmware/nnet_utils/nnet_dense_latency.h:42]   --->   Operation 321 'sext' 'sext_ln70_38' <Predicate = true> <Delay = 0.00>
ST_1 : Operation 322 [1/1] (0.00ns)   --->   "%sext_ln70_39 = sext i16 %a_11" [firmware/nnet_utils/nnet_mult.h:70->firmware/nnet_utils/nnet_dense_latency.h:42]   --->   Operation 322 'sext' 'sext_ln70_39' <Predicate = true> <Delay = 0.00>
ST_1 : Operation 323 [1/1] (0.00ns)   --->   "%tmp_9045 = bitconcatenate i24 @_ssdm_op_BitConcatenate.i24.i16.i8, i16 %a_11, i8 0" [firmware/nnet_utils/nnet_mult.h:73->firmware/nnet_utils/nnet_dense_latency.h:42]   --->   Operation 323 'bitconcatenate' 'tmp_9045' <Predicate = true> <Delay = 0.00>
ST_1 : Operation 324 [1/1] (0.00ns)   --->   "%sext_ln73_31 = sext i24 %tmp_9045" [firmware/nnet_utils/nnet_mult.h:73->firmware/nnet_utils/nnet_dense_latency.h:42]   --->   Operation 324 'sext' 'sext_ln73_31' <Predicate = true> <Delay = 0.00>
ST_1 : Operation 325 [1/1] (0.83ns)   --->   "%sub_ln73_12 = sub i25 %sext_ln70_39, i25 %sext_ln73_31" [firmware/nnet_utils/nnet_mult.h:73->firmware/nnet_utils/nnet_dense_latency.h:42]   --->   Operation 325 'sub' 'sub_ln73_12' <Predicate = true> <Delay = 0.83> <CoreInst = "Adder">   --->   Core 1 'Adder' <Latency = 0> <II = 1> <Delay = 0.83> <FuncUnit> <Opcode : 'add' 'sub'> <InPorts = 2> <OutPorts = 1>
ST_1 : Operation 326 [1/1] (0.00ns)   --->   "%trunc_ln42_87 = partselect i15 @_ssdm_op_PartSelect.i15.i25.i32.i32, i25 %sub_ln73_12, i32 10, i32 24" [firmware/nnet_utils/nnet_dense_latency.h:42]   --->   Operation 326 'partselect' 'trunc_ln42_87' <Predicate = true> <Delay = 0.00>
ST_1 : Operation 327 [1/1] (0.00ns)   --->   "%sext_ln42_35 = sext i15 %trunc_ln42_87" [firmware/nnet_utils/nnet_dense_latency.h:42]   --->   Operation 327 'sext' 'sext_ln42_35' <Predicate = true> <Delay = 0.00>
ST_1 : Operation 328 [1/1] (0.00ns)   --->   "%trunc_ln42_88 = partselect i7 @_ssdm_op_PartSelect.i7.i256.i32.i32, i256 %data_val_read, i32 185, i32 191" [firmware/nnet_utils/nnet_dense_latency.h:42]   --->   Operation 328 'partselect' 'trunc_ln42_88' <Predicate = true> <Delay = 0.00>
ST_1 : Operation 329 [1/1] (0.00ns)   --->   "%sext_ln73_32 = sext i7 %trunc_ln42_88" [firmware/nnet_utils/nnet_mult.h:73->firmware/nnet_utils/nnet_dense_latency.h:42]   --->   Operation 329 'sext' 'sext_ln73_32' <Predicate = true> <Delay = 0.00>
ST_1 : Operation 330 [1/1] (0.00ns)   --->   "%tmp_9046 = bitconcatenate i23 @_ssdm_op_BitConcatenate.i23.i16.i7, i16 %a_11, i7 0" [firmware/nnet_utils/nnet_mult.h:73->firmware/nnet_utils/nnet_dense_latency.h:42]   --->   Operation 330 'bitconcatenate' 'tmp_9046' <Predicate = true> <Delay = 0.00>
ST_1 : Operation 331 [1/1] (0.00ns)   --->   "%sext_ln73_33 = sext i23 %tmp_9046" [firmware/nnet_utils/nnet_mult.h:73->firmware/nnet_utils/nnet_dense_latency.h:42]   --->   Operation 331 'sext' 'sext_ln73_33' <Predicate = true> <Delay = 0.00>
ST_1 : Operation 332 [1/1] (0.82ns)   --->   "%sub_ln73_13 = sub i25 0, i25 %sext_ln73_33" [firmware/nnet_utils/nnet_mult.h:73->firmware/nnet_utils/nnet_dense_latency.h:42]   --->   Operation 332 'sub' 'sub_ln73_13' <Predicate = true> <Delay = 0.82> <CoreInst = "Adder">   --->   Core 1 'Adder' <Latency = 0> <II = 1> <Delay = 0.82> <FuncUnit> <Opcode : 'add' 'sub'> <InPorts = 2> <OutPorts = 1>
ST_1 : Operation 333 [1/1] (0.00ns)   --->   "%tmp_9047 = bitconcatenate i20 @_ssdm_op_BitConcatenate.i20.i16.i4, i16 %a_11, i4 0" [firmware/nnet_utils/nnet_mult.h:73->firmware/nnet_utils/nnet_dense_latency.h:42]   --->   Operation 333 'bitconcatenate' 'tmp_9047' <Predicate = true> <Delay = 0.00>
ST_1 : Operation 334 [1/1] (0.00ns)   --->   "%sext_ln73_34 = sext i20 %tmp_9047" [firmware/nnet_utils/nnet_mult.h:73->firmware/nnet_utils/nnet_dense_latency.h:42]   --->   Operation 334 'sext' 'sext_ln73_34' <Predicate = true> <Delay = 0.00>
ST_1 : Operation 335 [1/1] (0.83ns)   --->   "%sub_ln73_14 = sub i25 %sub_ln73_13, i25 %sext_ln73_34" [firmware/nnet_utils/nnet_mult.h:73->firmware/nnet_utils/nnet_dense_latency.h:42]   --->   Operation 335 'sub' 'sub_ln73_14' <Predicate = true> <Delay = 0.83> <CoreInst = "Adder">   --->   Core 1 'Adder' <Latency = 0> <II = 1> <Delay = 0.83> <FuncUnit> <Opcode : 'add' 'sub'> <InPorts = 2> <OutPorts = 1>
ST_1 : Operation 336 [1/1] (0.00ns)   --->   "%trunc_ln42_89 = partselect i15 @_ssdm_op_PartSelect.i15.i25.i32.i32, i25 %sub_ln73_14, i32 10, i32 24" [firmware/nnet_utils/nnet_dense_latency.h:42]   --->   Operation 336 'partselect' 'trunc_ln42_89' <Predicate = true> <Delay = 0.00>
ST_1 : Operation 337 [1/1] (0.00ns)   --->   "%sext_ln42_36 = sext i15 %trunc_ln42_89" [firmware/nnet_utils/nnet_dense_latency.h:42]   --->   Operation 337 'sext' 'sext_ln42_36' <Predicate = true> <Delay = 0.00>
ST_1 : Operation 338 [1/1] (0.00ns)   --->   "%tmp_9048 = bitconcatenate i21 @_ssdm_op_BitConcatenate.i21.i16.i5, i16 %a_11, i5 0" [firmware/nnet_utils/nnet_mult.h:73->firmware/nnet_utils/nnet_dense_latency.h:42]   --->   Operation 338 'bitconcatenate' 'tmp_9048' <Predicate = true> <Delay = 0.00>
ST_1 : Operation 339 [1/1] (0.00ns)   --->   "%sext_ln73_35 = sext i21 %tmp_9048" [firmware/nnet_utils/nnet_mult.h:73->firmware/nnet_utils/nnet_dense_latency.h:42]   --->   Operation 339 'sext' 'sext_ln73_35' <Predicate = true> <Delay = 0.00>
ST_1 : Operation 340 [1/1] (0.83ns)   --->   "%sub_ln73_15 = sub i25 %sub_ln73_13, i25 %sext_ln73_35" [firmware/nnet_utils/nnet_mult.h:73->firmware/nnet_utils/nnet_dense_latency.h:42]   --->   Operation 340 'sub' 'sub_ln73_15' <Predicate = true> <Delay = 0.83> <CoreInst = "Adder">   --->   Core 1 'Adder' <Latency = 0> <II = 1> <Delay = 0.83> <FuncUnit> <Opcode : 'add' 'sub'> <InPorts = 2> <OutPorts = 1>
ST_1 : Operation 341 [1/1] (0.00ns)   --->   "%trunc_ln42_90 = partselect i15 @_ssdm_op_PartSelect.i15.i25.i32.i32, i25 %sub_ln73_15, i32 10, i32 24" [firmware/nnet_utils/nnet_dense_latency.h:42]   --->   Operation 341 'partselect' 'trunc_ln42_90' <Predicate = true> <Delay = 0.00>
ST_1 : Operation 342 [1/1] (0.00ns)   --->   "%sext_ln42_37 = sext i15 %trunc_ln42_90" [firmware/nnet_utils/nnet_dense_latency.h:42]   --->   Operation 342 'sext' 'sext_ln42_37' <Predicate = true> <Delay = 0.00>
ST_1 : Operation 343 [1/1] (1.94ns)   --->   "%mul_ln73_74 = mul i26 %sext_ln70_38, i26 67108383" [firmware/nnet_utils/nnet_mult.h:73->firmware/nnet_utils/nnet_dense_latency.h:42]   --->   Operation 343 'mul' 'mul_ln73_74' <Predicate = true> <Delay = 1.94> <CoreInst = "Multiplier">   --->   Core 3 'Multiplier' <Latency = 0> <II = 1> <Delay = 1.94> <FuncUnit> <Opcode : 'mul'> <InPorts = 2> <OutPorts = 1>
ST_1 : Operation 344 [1/1] (0.00ns)   --->   "%trunc_ln42_91 = partselect i16 @_ssdm_op_PartSelect.i16.i26.i32.i32, i26 %mul_ln73_74, i32 10, i32 25" [firmware/nnet_utils/nnet_dense_latency.h:42]   --->   Operation 344 'partselect' 'trunc_ln42_91' <Predicate = true> <Delay = 0.00>
ST_1 : Operation 345 [1/1] (1.94ns)   --->   "%mul_ln73_75 = mul i26 %sext_ln70_38, i26 67108529" [firmware/nnet_utils/nnet_mult.h:73->firmware/nnet_utils/nnet_dense_latency.h:42]   --->   Operation 345 'mul' 'mul_ln73_75' <Predicate = true> <Delay = 1.94> <CoreInst = "Multiplier">   --->   Core 3 'Multiplier' <Latency = 0> <II = 1> <Delay = 1.94> <FuncUnit> <Opcode : 'mul'> <InPorts = 2> <OutPorts = 1>
ST_1 : Operation 346 [1/1] (0.00ns)   --->   "%trunc_ln42_92 = partselect i16 @_ssdm_op_PartSelect.i16.i26.i32.i32, i26 %mul_ln73_75, i32 10, i32 25" [firmware/nnet_utils/nnet_dense_latency.h:42]   --->   Operation 346 'partselect' 'trunc_ln42_92' <Predicate = true> <Delay = 0.00>
ST_1 : Operation 347 [1/1] (1.94ns)   --->   "%mul_ln73_76 = mul i25 %sext_ln70_39, i25 33554244" [firmware/nnet_utils/nnet_mult.h:73->firmware/nnet_utils/nnet_dense_latency.h:42]   --->   Operation 347 'mul' 'mul_ln73_76' <Predicate = true> <Delay = 1.94> <CoreInst = "Multiplier">   --->   Core 3 'Multiplier' <Latency = 0> <II = 1> <Delay = 1.94> <FuncUnit> <Opcode : 'mul'> <InPorts = 2> <OutPorts = 1>
ST_1 : Operation 348 [1/1] (0.00ns)   --->   "%trunc_ln42_93 = partselect i15 @_ssdm_op_PartSelect.i15.i25.i32.i32, i25 %mul_ln73_76, i32 10, i32 24" [firmware/nnet_utils/nnet_dense_latency.h:42]   --->   Operation 348 'partselect' 'trunc_ln42_93' <Predicate = true> <Delay = 0.00>
ST_1 : Operation 349 [1/1] (0.00ns)   --->   "%sext_ln42_38 = sext i15 %trunc_ln42_93" [firmware/nnet_utils/nnet_dense_latency.h:42]   --->   Operation 349 'sext' 'sext_ln42_38' <Predicate = true> <Delay = 0.00>
ST_1 : Operation 350 [1/1] (1.94ns)   --->   "%mul_ln73_77 = mul i26 %sext_ln70_38, i26 67108400" [firmware/nnet_utils/nnet_mult.h:73->firmware/nnet_utils/nnet_dense_latency.h:42]   --->   Operation 350 'mul' 'mul_ln73_77' <Predicate = true> <Delay = 1.94> <CoreInst = "Multiplier">   --->   Core 3 'Multiplier' <Latency = 0> <II = 1> <Delay = 1.94> <FuncUnit> <Opcode : 'mul'> <InPorts = 2> <OutPorts = 1>
ST_1 : Operation 351 [1/1] (0.00ns)   --->   "%trunc_ln42_94 = partselect i16 @_ssdm_op_PartSelect.i16.i26.i32.i32, i26 %mul_ln73_77, i32 10, i32 25" [firmware/nnet_utils/nnet_dense_latency.h:42]   --->   Operation 351 'partselect' 'trunc_ln42_94' <Predicate = true> <Delay = 0.00>
ST_1 : Operation 352 [1/1] (0.00ns)   --->   "%a_12 = partselect i16 @_ssdm_op_PartSelect.i16.i256.i32.i32, i256 %data_val_read, i32 192, i32 207"   --->   Operation 352 'partselect' 'a_12' <Predicate = true> <Delay = 0.00>
ST_1 : Operation 353 [1/1] (0.00ns)   --->   "%sext_ln70_40 = sext i16 %a_12" [firmware/nnet_utils/nnet_mult.h:70->firmware/nnet_utils/nnet_dense_latency.h:42]   --->   Operation 353 'sext' 'sext_ln70_40' <Predicate = true> <Delay = 0.00>
ST_1 : Operation 354 [1/1] (0.00ns)   --->   "%sext_ln70_41 = sext i16 %a_12" [firmware/nnet_utils/nnet_mult.h:70->firmware/nnet_utils/nnet_dense_latency.h:42]   --->   Operation 354 'sext' 'sext_ln70_41' <Predicate = true> <Delay = 0.00>
ST_1 : Operation 355 [1/1] (0.00ns)   --->   "%sext_ln70_42 = sext i16 %a_12" [firmware/nnet_utils/nnet_mult.h:70->firmware/nnet_utils/nnet_dense_latency.h:42]   --->   Operation 355 'sext' 'sext_ln70_42' <Predicate = true> <Delay = 0.00>
ST_1 : Operation 356 [1/1] (1.94ns)   --->   "%mul_ln73_78 = mul i26 %sext_ln70_42, i26 67108485" [firmware/nnet_utils/nnet_mult.h:73->firmware/nnet_utils/nnet_dense_latency.h:42]   --->   Operation 356 'mul' 'mul_ln73_78' <Predicate = true> <Delay = 1.94> <CoreInst = "Multiplier">   --->   Core 3 'Multiplier' <Latency = 0> <II = 1> <Delay = 1.94> <FuncUnit> <Opcode : 'mul'> <InPorts = 2> <OutPorts = 1>
ST_1 : Operation 357 [1/1] (0.00ns)   --->   "%trunc_ln42_95 = partselect i16 @_ssdm_op_PartSelect.i16.i26.i32.i32, i26 %mul_ln73_78, i32 10, i32 25" [firmware/nnet_utils/nnet_dense_latency.h:42]   --->   Operation 357 'partselect' 'trunc_ln42_95' <Predicate = true> <Delay = 0.00>
ST_1 : Operation 358 [1/1] (1.94ns)   --->   "%mul_ln73_79 = mul i23 %sext_ln70_41, i23 8388549" [firmware/nnet_utils/nnet_mult.h:73->firmware/nnet_utils/nnet_dense_latency.h:42]   --->   Operation 358 'mul' 'mul_ln73_79' <Predicate = true> <Delay = 1.94> <CoreInst = "Multiplier">   --->   Core 3 'Multiplier' <Latency = 0> <II = 1> <Delay = 1.94> <FuncUnit> <Opcode : 'mul'> <InPorts = 2> <OutPorts = 1>
ST_1 : Operation 359 [1/1] (0.00ns)   --->   "%trunc_ln42_96 = partselect i13 @_ssdm_op_PartSelect.i13.i23.i32.i32, i23 %mul_ln73_79, i32 10, i32 22" [firmware/nnet_utils/nnet_dense_latency.h:42]   --->   Operation 359 'partselect' 'trunc_ln42_96' <Predicate = true> <Delay = 0.00>
ST_1 : Operation 360 [1/1] (0.00ns)   --->   "%sext_ln42_39 = sext i13 %trunc_ln42_96" [firmware/nnet_utils/nnet_dense_latency.h:42]   --->   Operation 360 'sext' 'sext_ln42_39' <Predicate = true> <Delay = 0.00>
ST_1 : Operation 361 [1/1] (0.00ns)   --->   "%tmp_9049 = bitconcatenate i23 @_ssdm_op_BitConcatenate.i23.i16.i7, i16 %a_12, i7 0" [firmware/nnet_utils/nnet_mult.h:73->firmware/nnet_utils/nnet_dense_latency.h:42]   --->   Operation 361 'bitconcatenate' 'tmp_9049' <Predicate = true> <Delay = 0.00>
ST_1 : Operation 362 [1/1] (0.00ns)   --->   "%sext_ln73_36 = sext i23 %tmp_9049" [firmware/nnet_utils/nnet_mult.h:73->firmware/nnet_utils/nnet_dense_latency.h:42]   --->   Operation 362 'sext' 'sext_ln73_36' <Predicate = true> <Delay = 0.00>
ST_1 : Operation 363 [1/1] (0.82ns)   --->   "%sub_ln73_16 = sub i24 0, i24 %sext_ln73_36" [firmware/nnet_utils/nnet_mult.h:73->firmware/nnet_utils/nnet_dense_latency.h:42]   --->   Operation 363 'sub' 'sub_ln73_16' <Predicate = true> <Delay = 0.82> <CoreInst = "Adder">   --->   Core 1 'Adder' <Latency = 0> <II = 1> <Delay = 0.82> <FuncUnit> <Opcode : 'add' 'sub'> <InPorts = 2> <OutPorts = 1>
ST_1 : Operation 364 [1/1] (0.00ns)   --->   "%trunc_ln42_97 = partselect i14 @_ssdm_op_PartSelect.i14.i24.i32.i32, i24 %sub_ln73_16, i32 10, i32 23" [firmware/nnet_utils/nnet_dense_latency.h:42]   --->   Operation 364 'partselect' 'trunc_ln42_97' <Predicate = true> <Delay = 0.00>
ST_1 : Operation 365 [1/1] (0.00ns)   --->   "%sext_ln42_40 = sext i14 %trunc_ln42_97" [firmware/nnet_utils/nnet_dense_latency.h:42]   --->   Operation 365 'sext' 'sext_ln42_40' <Predicate = true> <Delay = 0.00>
ST_1 : Operation 366 [1/1] (1.94ns)   --->   "%mul_ln73_80 = mul i24 %sext_ln70_40, i24 16777112" [firmware/nnet_utils/nnet_mult.h:73->firmware/nnet_utils/nnet_dense_latency.h:42]   --->   Operation 366 'mul' 'mul_ln73_80' <Predicate = true> <Delay = 1.94> <CoreInst = "Multiplier">   --->   Core 3 'Multiplier' <Latency = 0> <II = 1> <Delay = 1.94> <FuncUnit> <Opcode : 'mul'> <InPorts = 2> <OutPorts = 1>
ST_1 : Operation 367 [1/1] (0.00ns)   --->   "%trunc_ln42_98 = partselect i14 @_ssdm_op_PartSelect.i14.i24.i32.i32, i24 %mul_ln73_80, i32 10, i32 23" [firmware/nnet_utils/nnet_dense_latency.h:42]   --->   Operation 367 'partselect' 'trunc_ln42_98' <Predicate = true> <Delay = 0.00>
ST_1 : Operation 368 [1/1] (0.00ns)   --->   "%sext_ln42_41 = sext i14 %trunc_ln42_98" [firmware/nnet_utils/nnet_dense_latency.h:42]   --->   Operation 368 'sext' 'sext_ln42_41' <Predicate = true> <Delay = 0.00>
ST_1 : Operation 369 [1/1] (1.94ns)   --->   "%mul_ln73_81 = mul i26 %sext_ln70_42, i26 364" [firmware/nnet_utils/nnet_mult.h:73->firmware/nnet_utils/nnet_dense_latency.h:42]   --->   Operation 369 'mul' 'mul_ln73_81' <Predicate = true> <Delay = 1.94> <CoreInst = "Multiplier">   --->   Core 3 'Multiplier' <Latency = 0> <II = 1> <Delay = 1.94> <FuncUnit> <Opcode : 'mul'> <InPorts = 2> <OutPorts = 1>
ST_1 : Operation 370 [1/1] (0.00ns)   --->   "%trunc_ln42_99 = partselect i16 @_ssdm_op_PartSelect.i16.i26.i32.i32, i26 %mul_ln73_81, i32 10, i32 25" [firmware/nnet_utils/nnet_dense_latency.h:42]   --->   Operation 370 'partselect' 'trunc_ln42_99' <Predicate = true> <Delay = 0.00>
ST_1 : Operation 371 [1/1] (0.00ns)   --->   "%tmp_9050 = bitconcatenate i25 @_ssdm_op_BitConcatenate.i25.i16.i9, i16 %a_12, i9 0" [firmware/nnet_utils/nnet_mult.h:73->firmware/nnet_utils/nnet_dense_latency.h:42]   --->   Operation 371 'bitconcatenate' 'tmp_9050' <Predicate = true> <Delay = 0.00>
ST_1 : Operation 372 [1/1] (0.00ns)   --->   "%sext_ln73_37 = sext i25 %tmp_9050" [firmware/nnet_utils/nnet_mult.h:73->firmware/nnet_utils/nnet_dense_latency.h:42]   --->   Operation 372 'sext' 'sext_ln73_37' <Predicate = true> <Delay = 0.00>
ST_1 : Operation 373 [1/1] (0.00ns)   --->   "%tmp_9051 = bitconcatenate i22 @_ssdm_op_BitConcatenate.i22.i16.i6, i16 %a_12, i6 0" [firmware/nnet_utils/nnet_mult.h:73->firmware/nnet_utils/nnet_dense_latency.h:42]   --->   Operation 373 'bitconcatenate' 'tmp_9051' <Predicate = true> <Delay = 0.00>
ST_1 : Operation 374 [1/1] (0.00ns)   --->   "%sext_ln73_38 = sext i22 %tmp_9051" [firmware/nnet_utils/nnet_mult.h:73->firmware/nnet_utils/nnet_dense_latency.h:42]   --->   Operation 374 'sext' 'sext_ln73_38' <Predicate = true> <Delay = 0.00>
ST_1 : Operation 375 [1/1] (0.83ns)   --->   "%sub_ln73_17 = sub i26 %sext_ln73_37, i26 %sext_ln73_38" [firmware/nnet_utils/nnet_mult.h:73->firmware/nnet_utils/nnet_dense_latency.h:42]   --->   Operation 375 'sub' 'sub_ln73_17' <Predicate = true> <Delay = 0.83> <CoreInst = "Adder">   --->   Core 1 'Adder' <Latency = 0> <II = 1> <Delay = 0.83> <FuncUnit> <Opcode : 'add' 'sub'> <InPorts = 2> <OutPorts = 1>
ST_1 : Operation 376 [1/1] (0.00ns)   --->   "%trunc_ln42_100 = partselect i16 @_ssdm_op_PartSelect.i16.i26.i32.i32, i26 %sub_ln73_17, i32 10, i32 25" [firmware/nnet_utils/nnet_dense_latency.h:42]   --->   Operation 376 'partselect' 'trunc_ln42_100' <Predicate = true> <Delay = 0.00>
ST_1 : Operation 377 [1/1] (1.94ns)   --->   "%mul_ln73_82 = mul i24 %sext_ln70_40, i24 88" [firmware/nnet_utils/nnet_mult.h:73->firmware/nnet_utils/nnet_dense_latency.h:42]   --->   Operation 377 'mul' 'mul_ln73_82' <Predicate = true> <Delay = 1.94> <CoreInst = "Multiplier">   --->   Core 3 'Multiplier' <Latency = 0> <II = 1> <Delay = 1.94> <FuncUnit> <Opcode : 'mul'> <InPorts = 2> <OutPorts = 1>
ST_1 : Operation 378 [1/1] (0.00ns)   --->   "%trunc_ln42_101 = partselect i14 @_ssdm_op_PartSelect.i14.i24.i32.i32, i24 %mul_ln73_82, i32 10, i32 23" [firmware/nnet_utils/nnet_dense_latency.h:42]   --->   Operation 378 'partselect' 'trunc_ln42_101' <Predicate = true> <Delay = 0.00>
ST_1 : Operation 379 [1/1] (0.00ns)   --->   "%sext_ln42_42 = sext i14 %trunc_ln42_101" [firmware/nnet_utils/nnet_dense_latency.h:42]   --->   Operation 379 'sext' 'sext_ln42_42' <Predicate = true> <Delay = 0.00>
ST_1 : Operation 380 [1/1] (1.94ns)   --->   "%mul_ln73_83 = mul i26 %sext_ln70_42, i26 284" [firmware/nnet_utils/nnet_mult.h:73->firmware/nnet_utils/nnet_dense_latency.h:42]   --->   Operation 380 'mul' 'mul_ln73_83' <Predicate = true> <Delay = 1.94> <CoreInst = "Multiplier">   --->   Core 3 'Multiplier' <Latency = 0> <II = 1> <Delay = 1.94> <FuncUnit> <Opcode : 'mul'> <InPorts = 2> <OutPorts = 1>
ST_1 : Operation 381 [1/1] (0.00ns)   --->   "%trunc_ln42_102 = partselect i16 @_ssdm_op_PartSelect.i16.i26.i32.i32, i26 %mul_ln73_83, i32 10, i32 25" [firmware/nnet_utils/nnet_dense_latency.h:42]   --->   Operation 381 'partselect' 'trunc_ln42_102' <Predicate = true> <Delay = 0.00>
ST_1 : Operation 382 [1/1] (0.00ns)   --->   "%a_13 = partselect i16 @_ssdm_op_PartSelect.i16.i256.i32.i32, i256 %data_val_read, i32 208, i32 223"   --->   Operation 382 'partselect' 'a_13' <Predicate = true> <Delay = 0.00>
ST_1 : Operation 383 [1/1] (0.00ns)   --->   "%sext_ln70_43 = sext i16 %a_13" [firmware/nnet_utils/nnet_mult.h:70->firmware/nnet_utils/nnet_dense_latency.h:42]   --->   Operation 383 'sext' 'sext_ln70_43' <Predicate = true> <Delay = 0.00>
ST_1 : Operation 384 [1/1] (0.00ns)   --->   "%sext_ln70_44 = sext i16 %a_13" [firmware/nnet_utils/nnet_mult.h:70->firmware/nnet_utils/nnet_dense_latency.h:42]   --->   Operation 384 'sext' 'sext_ln70_44' <Predicate = true> <Delay = 0.00>
ST_1 : Operation 385 [1/1] (1.94ns)   --->   "%mul_ln73_84 = mul i25 %sext_ln70_44, i25 238" [firmware/nnet_utils/nnet_mult.h:73->firmware/nnet_utils/nnet_dense_latency.h:42]   --->   Operation 385 'mul' 'mul_ln73_84' <Predicate = true> <Delay = 1.94> <CoreInst = "Multiplier">   --->   Core 3 'Multiplier' <Latency = 0> <II = 1> <Delay = 1.94> <FuncUnit> <Opcode : 'mul'> <InPorts = 2> <OutPorts = 1>
ST_1 : Operation 386 [1/1] (0.00ns)   --->   "%trunc_ln42_103 = partselect i15 @_ssdm_op_PartSelect.i15.i25.i32.i32, i25 %mul_ln73_84, i32 10, i32 24" [firmware/nnet_utils/nnet_dense_latency.h:42]   --->   Operation 386 'partselect' 'trunc_ln42_103' <Predicate = true> <Delay = 0.00>
ST_1 : Operation 387 [1/1] (0.00ns)   --->   "%sext_ln42_43 = sext i15 %trunc_ln42_103" [firmware/nnet_utils/nnet_dense_latency.h:42]   --->   Operation 387 'sext' 'sext_ln42_43' <Predicate = true> <Delay = 0.00>
ST_1 : Operation 388 [1/1] (0.00ns)   --->   "%tmp_9052 = bitconcatenate i23 @_ssdm_op_BitConcatenate.i23.i16.i7, i16 %a_13, i7 0" [firmware/nnet_utils/nnet_mult.h:73->firmware/nnet_utils/nnet_dense_latency.h:42]   --->   Operation 388 'bitconcatenate' 'tmp_9052' <Predicate = true> <Delay = 0.00>
ST_1 : Operation 389 [1/1] (0.00ns)   --->   "%sext_ln73_39 = sext i23 %tmp_9052" [firmware/nnet_utils/nnet_mult.h:73->firmware/nnet_utils/nnet_dense_latency.h:42]   --->   Operation 389 'sext' 'sext_ln73_39' <Predicate = true> <Delay = 0.00>
ST_1 : Operation 390 [1/1] (0.00ns)   --->   "%tmp_9053 = bitconcatenate i18 @_ssdm_op_BitConcatenate.i18.i16.i2, i16 %a_13, i2 0" [firmware/nnet_utils/nnet_mult.h:73->firmware/nnet_utils/nnet_dense_latency.h:42]   --->   Operation 390 'bitconcatenate' 'tmp_9053' <Predicate = true> <Delay = 0.00>
ST_1 : Operation 391 [1/1] (0.00ns)   --->   "%sext_ln73_40 = sext i18 %tmp_9053" [firmware/nnet_utils/nnet_mult.h:73->firmware/nnet_utils/nnet_dense_latency.h:42]   --->   Operation 391 'sext' 'sext_ln73_40' <Predicate = true> <Delay = 0.00>
ST_1 : Operation 392 [1/1] (0.82ns)   --->   "%add_ln73_3 = add i25 %sext_ln73_39, i25 %sext_ln73_40" [firmware/nnet_utils/nnet_mult.h:73->firmware/nnet_utils/nnet_dense_latency.h:42]   --->   Operation 392 'add' 'add_ln73_3' <Predicate = true> <Delay = 0.82> <CoreInst = "Adder">   --->   Core 1 'Adder' <Latency = 0> <II = 1> <Delay = 0.82> <FuncUnit> <Opcode : 'add' 'sub'> <InPorts = 2> <OutPorts = 1>
ST_1 : Operation 393 [1/1] (0.00ns)   --->   "%trunc_ln42_104 = partselect i15 @_ssdm_op_PartSelect.i15.i25.i32.i32, i25 %add_ln73_3, i32 10, i32 24" [firmware/nnet_utils/nnet_dense_latency.h:42]   --->   Operation 393 'partselect' 'trunc_ln42_104' <Predicate = true> <Delay = 0.00>
ST_1 : Operation 394 [1/1] (0.00ns)   --->   "%sext_ln42_44 = sext i15 %trunc_ln42_104" [firmware/nnet_utils/nnet_dense_latency.h:42]   --->   Operation 394 'sext' 'sext_ln42_44' <Predicate = true> <Delay = 0.00>
ST_1 : Operation 395 [1/1] (1.94ns)   --->   "%mul_ln73_85 = mul i26 %sext_ln70_43, i26 67108392" [firmware/nnet_utils/nnet_mult.h:73->firmware/nnet_utils/nnet_dense_latency.h:42]   --->   Operation 395 'mul' 'mul_ln73_85' <Predicate = true> <Delay = 1.94> <CoreInst = "Multiplier">   --->   Core 3 'Multiplier' <Latency = 0> <II = 1> <Delay = 1.94> <FuncUnit> <Opcode : 'mul'> <InPorts = 2> <OutPorts = 1>
ST_1 : Operation 396 [1/1] (0.00ns)   --->   "%trunc_ln42_105 = partselect i16 @_ssdm_op_PartSelect.i16.i26.i32.i32, i26 %mul_ln73_85, i32 10, i32 25" [firmware/nnet_utils/nnet_dense_latency.h:42]   --->   Operation 396 'partselect' 'trunc_ln42_105' <Predicate = true> <Delay = 0.00>
ST_1 : Operation 397 [1/1] (1.94ns)   --->   "%mul_ln73_86 = mul i26 %sext_ln70_43, i26 495" [firmware/nnet_utils/nnet_mult.h:73->firmware/nnet_utils/nnet_dense_latency.h:42]   --->   Operation 397 'mul' 'mul_ln73_86' <Predicate = true> <Delay = 1.94> <CoreInst = "Multiplier">   --->   Core 3 'Multiplier' <Latency = 0> <II = 1> <Delay = 1.94> <FuncUnit> <Opcode : 'mul'> <InPorts = 2> <OutPorts = 1>
ST_1 : Operation 398 [1/1] (0.00ns)   --->   "%trunc_ln42_106 = partselect i16 @_ssdm_op_PartSelect.i16.i26.i32.i32, i26 %mul_ln73_86, i32 10, i32 25" [firmware/nnet_utils/nnet_dense_latency.h:42]   --->   Operation 398 'partselect' 'trunc_ln42_106' <Predicate = true> <Delay = 0.00>
ST_1 : Operation 399 [1/1] (1.94ns)   --->   "%mul_ln73_87 = mul i26 %sext_ln70_43, i26 379" [firmware/nnet_utils/nnet_mult.h:73->firmware/nnet_utils/nnet_dense_latency.h:42]   --->   Operation 399 'mul' 'mul_ln73_87' <Predicate = true> <Delay = 1.94> <CoreInst = "Multiplier">   --->   Core 3 'Multiplier' <Latency = 0> <II = 1> <Delay = 1.94> <FuncUnit> <Opcode : 'mul'> <InPorts = 2> <OutPorts = 1>
ST_1 : Operation 400 [1/1] (0.00ns)   --->   "%trunc_ln42_107 = partselect i16 @_ssdm_op_PartSelect.i16.i26.i32.i32, i26 %mul_ln73_87, i32 10, i32 25" [firmware/nnet_utils/nnet_dense_latency.h:42]   --->   Operation 400 'partselect' 'trunc_ln42_107' <Predicate = true> <Delay = 0.00>
ST_1 : Operation 401 [1/1] (0.00ns)   --->   "%tmp_9054 = bitconcatenate i22 @_ssdm_op_BitConcatenate.i22.i16.i6, i16 %a_13, i6 0" [firmware/nnet_utils/nnet_mult.h:73->firmware/nnet_utils/nnet_dense_latency.h:42]   --->   Operation 401 'bitconcatenate' 'tmp_9054' <Predicate = true> <Delay = 0.00>
ST_1 : Operation 402 [1/1] (0.00ns)   --->   "%sext_ln73_41 = sext i22 %tmp_9054" [firmware/nnet_utils/nnet_mult.h:73->firmware/nnet_utils/nnet_dense_latency.h:42]   --->   Operation 402 'sext' 'sext_ln73_41' <Predicate = true> <Delay = 0.00>
ST_1 : Operation 403 [1/1] (0.00ns)   --->   "%tmp_9055 = bitconcatenate i17 @_ssdm_op_BitConcatenate.i17.i16.i1, i16 %a_13, i1 0" [firmware/nnet_utils/nnet_mult.h:73->firmware/nnet_utils/nnet_dense_latency.h:42]   --->   Operation 403 'bitconcatenate' 'tmp_9055' <Predicate = true> <Delay = 0.00>
ST_1 : Operation 404 [1/1] (0.00ns)   --->   "%sext_ln73_42 = sext i17 %tmp_9055" [firmware/nnet_utils/nnet_mult.h:73->firmware/nnet_utils/nnet_dense_latency.h:42]   --->   Operation 404 'sext' 'sext_ln73_42' <Predicate = true> <Delay = 0.00>
ST_1 : Operation 405 [1/1] (0.82ns)   --->   "%add_ln73_4 = add i24 %sext_ln73_41, i24 %sext_ln73_42" [firmware/nnet_utils/nnet_mult.h:73->firmware/nnet_utils/nnet_dense_latency.h:42]   --->   Operation 405 'add' 'add_ln73_4' <Predicate = true> <Delay = 0.82> <CoreInst = "Adder">   --->   Core 1 'Adder' <Latency = 0> <II = 1> <Delay = 0.82> <FuncUnit> <Opcode : 'add' 'sub'> <InPorts = 2> <OutPorts = 1>
ST_1 : Operation 406 [1/1] (0.00ns)   --->   "%trunc_ln42_108 = partselect i14 @_ssdm_op_PartSelect.i14.i24.i32.i32, i24 %add_ln73_4, i32 10, i32 23" [firmware/nnet_utils/nnet_dense_latency.h:42]   --->   Operation 406 'partselect' 'trunc_ln42_108' <Predicate = true> <Delay = 0.00>
ST_1 : Operation 407 [1/1] (0.00ns)   --->   "%sext_ln42_45 = sext i14 %trunc_ln42_108" [firmware/nnet_utils/nnet_dense_latency.h:42]   --->   Operation 407 'sext' 'sext_ln42_45' <Predicate = true> <Delay = 0.00>
ST_1 : Operation 408 [1/1] (1.94ns)   --->   "%mul_ln73_88 = mul i26 %sext_ln70_43, i26 67108599" [firmware/nnet_utils/nnet_mult.h:73->firmware/nnet_utils/nnet_dense_latency.h:42]   --->   Operation 408 'mul' 'mul_ln73_88' <Predicate = true> <Delay = 1.94> <CoreInst = "Multiplier">   --->   Core 3 'Multiplier' <Latency = 0> <II = 1> <Delay = 1.94> <FuncUnit> <Opcode : 'mul'> <InPorts = 2> <OutPorts = 1>
ST_1 : Operation 409 [1/1] (0.00ns)   --->   "%trunc_ln42_109 = partselect i16 @_ssdm_op_PartSelect.i16.i26.i32.i32, i26 %mul_ln73_88, i32 10, i32 25" [firmware/nnet_utils/nnet_dense_latency.h:42]   --->   Operation 409 'partselect' 'trunc_ln42_109' <Predicate = true> <Delay = 0.00>
ST_1 : Operation 410 [1/1] (1.94ns)   --->   "%mul_ln73_89 = mul i25 %sext_ln70_44, i25 143" [firmware/nnet_utils/nnet_mult.h:73->firmware/nnet_utils/nnet_dense_latency.h:42]   --->   Operation 410 'mul' 'mul_ln73_89' <Predicate = true> <Delay = 1.94> <CoreInst = "Multiplier">   --->   Core 3 'Multiplier' <Latency = 0> <II = 1> <Delay = 1.94> <FuncUnit> <Opcode : 'mul'> <InPorts = 2> <OutPorts = 1>
ST_1 : Operation 411 [1/1] (0.00ns)   --->   "%trunc_ln42_110 = partselect i15 @_ssdm_op_PartSelect.i15.i25.i32.i32, i25 %mul_ln73_89, i32 10, i32 24" [firmware/nnet_utils/nnet_dense_latency.h:42]   --->   Operation 411 'partselect' 'trunc_ln42_110' <Predicate = true> <Delay = 0.00>
ST_1 : Operation 412 [1/1] (0.00ns)   --->   "%sext_ln42_46 = sext i15 %trunc_ln42_110" [firmware/nnet_utils/nnet_dense_latency.h:42]   --->   Operation 412 'sext' 'sext_ln42_46' <Predicate = true> <Delay = 0.00>
ST_1 : Operation 413 [1/1] (0.00ns)   --->   "%a_14 = partselect i16 @_ssdm_op_PartSelect.i16.i256.i32.i32, i256 %data_val_read, i32 224, i32 239"   --->   Operation 413 'partselect' 'a_14' <Predicate = true> <Delay = 0.00>
ST_1 : Operation 414 [1/1] (0.00ns)   --->   "%sext_ln70_45 = sext i16 %a_14" [firmware/nnet_utils/nnet_mult.h:70->firmware/nnet_utils/nnet_dense_latency.h:42]   --->   Operation 414 'sext' 'sext_ln70_45' <Predicate = true> <Delay = 0.00>
ST_1 : Operation 415 [1/1] (0.00ns)   --->   "%sext_ln70_46 = sext i16 %a_14" [firmware/nnet_utils/nnet_mult.h:70->firmware/nnet_utils/nnet_dense_latency.h:42]   --->   Operation 415 'sext' 'sext_ln70_46' <Predicate = true> <Delay = 0.00>
ST_1 : Operation 416 [1/1] (0.00ns)   --->   "%sext_ln70_47 = sext i16 %a_14" [firmware/nnet_utils/nnet_mult.h:70->firmware/nnet_utils/nnet_dense_latency.h:42]   --->   Operation 416 'sext' 'sext_ln70_47' <Predicate = true> <Delay = 0.00>
ST_1 : Operation 417 [1/1] (1.94ns)   --->   "%mul_ln73_90 = mul i26 %sext_ln70_47, i26 301" [firmware/nnet_utils/nnet_mult.h:73->firmware/nnet_utils/nnet_dense_latency.h:42]   --->   Operation 417 'mul' 'mul_ln73_90' <Predicate = true> <Delay = 1.94> <CoreInst = "Multiplier">   --->   Core 3 'Multiplier' <Latency = 0> <II = 1> <Delay = 1.94> <FuncUnit> <Opcode : 'mul'> <InPorts = 2> <OutPorts = 1>
ST_1 : Operation 418 [1/1] (0.00ns)   --->   "%trunc_ln42_111 = partselect i16 @_ssdm_op_PartSelect.i16.i26.i32.i32, i26 %mul_ln73_90, i32 10, i32 25" [firmware/nnet_utils/nnet_dense_latency.h:42]   --->   Operation 418 'partselect' 'trunc_ln42_111' <Predicate = true> <Delay = 0.00>
ST_1 : Operation 419 [1/1] (0.00ns)   --->   "%tmp_9056 = bitconcatenate i24 @_ssdm_op_BitConcatenate.i24.i16.i8, i16 %a_14, i8 0" [firmware/nnet_utils/nnet_mult.h:73->firmware/nnet_utils/nnet_dense_latency.h:42]   --->   Operation 419 'bitconcatenate' 'tmp_9056' <Predicate = true> <Delay = 0.00>
ST_1 : Operation 420 [1/1] (0.00ns)   --->   "%sext_ln73_43 = sext i24 %tmp_9056" [firmware/nnet_utils/nnet_mult.h:73->firmware/nnet_utils/nnet_dense_latency.h:42]   --->   Operation 420 'sext' 'sext_ln73_43' <Predicate = true> <Delay = 0.00>
ST_1 : Operation 421 [1/1] (0.83ns)   --->   "%sub_ln73_18 = sub i25 0, i25 %sext_ln73_43" [firmware/nnet_utils/nnet_mult.h:73->firmware/nnet_utils/nnet_dense_latency.h:42]   --->   Operation 421 'sub' 'sub_ln73_18' <Predicate = true> <Delay = 0.83> <CoreInst = "Adder">   --->   Core 1 'Adder' <Latency = 0> <II = 1> <Delay = 0.83> <FuncUnit> <Opcode : 'add' 'sub'> <InPorts = 2> <OutPorts = 1>
ST_1 : Operation 422 [1/1] (0.00ns)   --->   "%trunc_ln42_112 = partselect i15 @_ssdm_op_PartSelect.i15.i25.i32.i32, i25 %sub_ln73_18, i32 10, i32 24" [firmware/nnet_utils/nnet_dense_latency.h:42]   --->   Operation 422 'partselect' 'trunc_ln42_112' <Predicate = true> <Delay = 0.00>
ST_1 : Operation 423 [1/1] (0.00ns)   --->   "%sext_ln42_47 = sext i15 %trunc_ln42_112" [firmware/nnet_utils/nnet_dense_latency.h:42]   --->   Operation 423 'sext' 'sext_ln42_47' <Predicate = true> <Delay = 0.00>
ST_1 : Operation 424 [1/1] (0.00ns)   --->   "%tmp_9057 = bitconcatenate i23 @_ssdm_op_BitConcatenate.i23.i16.i7, i16 %a_14, i7 0" [firmware/nnet_utils/nnet_mult.h:73->firmware/nnet_utils/nnet_dense_latency.h:42]   --->   Operation 424 'bitconcatenate' 'tmp_9057' <Predicate = true> <Delay = 0.00>
ST_1 : Operation 425 [1/1] (0.00ns)   --->   "%sext_ln73_44 = sext i23 %tmp_9057" [firmware/nnet_utils/nnet_mult.h:73->firmware/nnet_utils/nnet_dense_latency.h:42]   --->   Operation 425 'sext' 'sext_ln73_44' <Predicate = true> <Delay = 0.00>
ST_1 : Operation 426 [1/1] (0.00ns)   --->   "%tmp_9058 = bitconcatenate i21 @_ssdm_op_BitConcatenate.i21.i16.i5, i16 %a_14, i5 0" [firmware/nnet_utils/nnet_mult.h:73->firmware/nnet_utils/nnet_dense_latency.h:42]   --->   Operation 426 'bitconcatenate' 'tmp_9058' <Predicate = true> <Delay = 0.00>
ST_1 : Operation 427 [1/1] (0.00ns)   --->   "%sext_ln73_45 = sext i21 %tmp_9058" [firmware/nnet_utils/nnet_mult.h:73->firmware/nnet_utils/nnet_dense_latency.h:42]   --->   Operation 427 'sext' 'sext_ln73_45' <Predicate = true> <Delay = 0.00>
ST_1 : Operation 428 [1/1] (0.82ns)   --->   "%sub_ln73_19 = sub i24 %sext_ln73_45, i24 %sext_ln73_44" [firmware/nnet_utils/nnet_mult.h:73->firmware/nnet_utils/nnet_dense_latency.h:42]   --->   Operation 428 'sub' 'sub_ln73_19' <Predicate = true> <Delay = 0.82> <CoreInst = "Adder">   --->   Core 1 'Adder' <Latency = 0> <II = 1> <Delay = 0.82> <FuncUnit> <Opcode : 'add' 'sub'> <InPorts = 2> <OutPorts = 1>
ST_1 : Operation 429 [1/1] (0.00ns)   --->   "%trunc_ln42_113 = partselect i14 @_ssdm_op_PartSelect.i14.i24.i32.i32, i24 %sub_ln73_19, i32 10, i32 23" [firmware/nnet_utils/nnet_dense_latency.h:42]   --->   Operation 429 'partselect' 'trunc_ln42_113' <Predicate = true> <Delay = 0.00>
ST_1 : Operation 430 [1/1] (0.00ns)   --->   "%sext_ln42_48 = sext i14 %trunc_ln42_113" [firmware/nnet_utils/nnet_dense_latency.h:42]   --->   Operation 430 'sext' 'sext_ln42_48' <Predicate = true> <Delay = 0.00>
ST_1 : Operation 431 [1/1] (0.00ns)   --->   "%sext_ln73_46 = sext i21 %tmp_9058" [firmware/nnet_utils/nnet_mult.h:73->firmware/nnet_utils/nnet_dense_latency.h:42]   --->   Operation 431 'sext' 'sext_ln73_46' <Predicate = true> <Delay = 0.00>
ST_1 : Operation 432 [1/1] (0.00ns)   --->   "%tmp_9059 = bitconcatenate i17 @_ssdm_op_BitConcatenate.i17.i16.i1, i16 %a_14, i1 0" [firmware/nnet_utils/nnet_mult.h:73->firmware/nnet_utils/nnet_dense_latency.h:42]   --->   Operation 432 'bitconcatenate' 'tmp_9059' <Predicate = true> <Delay = 0.00>
ST_1 : Operation 433 [1/1] (0.00ns)   --->   "%sext_ln73_47 = sext i17 %tmp_9059" [firmware/nnet_utils/nnet_mult.h:73->firmware/nnet_utils/nnet_dense_latency.h:42]   --->   Operation 433 'sext' 'sext_ln73_47' <Predicate = true> <Delay = 0.00>
ST_1 : Operation 434 [1/1] (0.81ns)   --->   "%sub_ln73_20 = sub i22 %sext_ln73_46, i22 %sext_ln73_47" [firmware/nnet_utils/nnet_mult.h:73->firmware/nnet_utils/nnet_dense_latency.h:42]   --->   Operation 434 'sub' 'sub_ln73_20' <Predicate = true> <Delay = 0.81> <CoreInst = "Adder">   --->   Core 1 'Adder' <Latency = 0> <II = 1> <Delay = 0.81> <FuncUnit> <Opcode : 'add' 'sub'> <InPorts = 2> <OutPorts = 1>
ST_1 : Operation 435 [1/1] (0.00ns)   --->   "%trunc_ln42_114 = partselect i12 @_ssdm_op_PartSelect.i12.i22.i32.i32, i22 %sub_ln73_20, i32 10, i32 21" [firmware/nnet_utils/nnet_dense_latency.h:42]   --->   Operation 435 'partselect' 'trunc_ln42_114' <Predicate = true> <Delay = 0.00>
ST_1 : Operation 436 [1/1] (0.00ns)   --->   "%sext_ln73_48 = sext i12 %trunc_ln42_114" [firmware/nnet_utils/nnet_mult.h:73->firmware/nnet_utils/nnet_dense_latency.h:42]   --->   Operation 436 'sext' 'sext_ln73_48' <Predicate = true> <Delay = 0.00>
ST_1 : Operation 437 [1/1] (1.94ns)   --->   "%mul_ln73_91 = mul i23 %sext_ln70_45, i23 8388567" [firmware/nnet_utils/nnet_mult.h:73->firmware/nnet_utils/nnet_dense_latency.h:42]   --->   Operation 437 'mul' 'mul_ln73_91' <Predicate = true> <Delay = 1.94> <CoreInst = "Multiplier">   --->   Core 3 'Multiplier' <Latency = 0> <II = 1> <Delay = 1.94> <FuncUnit> <Opcode : 'mul'> <InPorts = 2> <OutPorts = 1>
ST_1 : Operation 438 [1/1] (0.00ns)   --->   "%trunc_ln42_115 = partselect i13 @_ssdm_op_PartSelect.i13.i23.i32.i32, i23 %mul_ln73_91, i32 10, i32 22" [firmware/nnet_utils/nnet_dense_latency.h:42]   --->   Operation 438 'partselect' 'trunc_ln42_115' <Predicate = true> <Delay = 0.00>
ST_1 : Operation 439 [1/1] (0.00ns)   --->   "%sext_ln42_49 = sext i13 %trunc_ln42_115" [firmware/nnet_utils/nnet_dense_latency.h:42]   --->   Operation 439 'sext' 'sext_ln42_49' <Predicate = true> <Delay = 0.00>
ST_1 : Operation 440 [1/1] (1.94ns)   --->   "%mul_ln73_92 = mul i24 %sext_ln70_46, i24 77" [firmware/nnet_utils/nnet_mult.h:73->firmware/nnet_utils/nnet_dense_latency.h:42]   --->   Operation 440 'mul' 'mul_ln73_92' <Predicate = true> <Delay = 1.94> <CoreInst = "Multiplier">   --->   Core 3 'Multiplier' <Latency = 0> <II = 1> <Delay = 1.94> <FuncUnit> <Opcode : 'mul'> <InPorts = 2> <OutPorts = 1>
ST_1 : Operation 441 [1/1] (0.00ns)   --->   "%trunc_ln42_116 = partselect i14 @_ssdm_op_PartSelect.i14.i24.i32.i32, i24 %mul_ln73_92, i32 10, i32 23" [firmware/nnet_utils/nnet_dense_latency.h:42]   --->   Operation 441 'partselect' 'trunc_ln42_116' <Predicate = true> <Delay = 0.00>
ST_1 : Operation 442 [1/1] (0.00ns)   --->   "%sext_ln73_49 = sext i14 %trunc_ln42_116" [firmware/nnet_utils/nnet_mult.h:73->firmware/nnet_utils/nnet_dense_latency.h:42]   --->   Operation 442 'sext' 'sext_ln73_49' <Predicate = true> <Delay = 0.00>
ST_1 : Operation 443 [1/1] (1.94ns)   --->   "%mul_ln73_93 = mul i26 %sext_ln70_47, i26 67108521" [firmware/nnet_utils/nnet_mult.h:73->firmware/nnet_utils/nnet_dense_latency.h:42]   --->   Operation 443 'mul' 'mul_ln73_93' <Predicate = true> <Delay = 1.94> <CoreInst = "Multiplier">   --->   Core 3 'Multiplier' <Latency = 0> <II = 1> <Delay = 1.94> <FuncUnit> <Opcode : 'mul'> <InPorts = 2> <OutPorts = 1>
ST_1 : Operation 444 [1/1] (0.00ns)   --->   "%trunc_ln42_117 = partselect i16 @_ssdm_op_PartSelect.i16.i26.i32.i32, i26 %mul_ln73_93, i32 10, i32 25" [firmware/nnet_utils/nnet_dense_latency.h:42]   --->   Operation 444 'partselect' 'trunc_ln42_117' <Predicate = true> <Delay = 0.00>
ST_1 : Operation 445 [1/1] (0.00ns)   --->   "%tmp_9060 = bitconcatenate i19 @_ssdm_op_BitConcatenate.i19.i16.i3, i16 %a_14, i3 0" [firmware/nnet_utils/nnet_mult.h:73->firmware/nnet_utils/nnet_dense_latency.h:42]   --->   Operation 445 'bitconcatenate' 'tmp_9060' <Predicate = true> <Delay = 0.00>
ST_1 : Operation 446 [1/1] (0.00ns)   --->   "%sext_ln73_50 = sext i19 %tmp_9060" [firmware/nnet_utils/nnet_mult.h:73->firmware/nnet_utils/nnet_dense_latency.h:42]   --->   Operation 446 'sext' 'sext_ln73_50' <Predicate = true> <Delay = 0.00>
ST_1 : Operation 447 [1/1] (0.00ns)   --->   "%sext_ln73_51 = sext i17 %tmp_9059" [firmware/nnet_utils/nnet_mult.h:73->firmware/nnet_utils/nnet_dense_latency.h:42]   --->   Operation 447 'sext' 'sext_ln73_51' <Predicate = true> <Delay = 0.00>
ST_1 : Operation 448 [1/1] (0.80ns)   --->   "%sub_ln73_21 = sub i20 %sext_ln73_50, i20 %sext_ln73_51" [firmware/nnet_utils/nnet_mult.h:73->firmware/nnet_utils/nnet_dense_latency.h:42]   --->   Operation 448 'sub' 'sub_ln73_21' <Predicate = true> <Delay = 0.80> <CoreInst = "Adder">   --->   Core 1 'Adder' <Latency = 0> <II = 1> <Delay = 0.80> <FuncUnit> <Opcode : 'add' 'sub'> <InPorts = 2> <OutPorts = 1>
ST_1 : Operation 449 [1/1] (0.00ns)   --->   "%trunc_ln42_118 = partselect i10 @_ssdm_op_PartSelect.i10.i20.i32.i32, i20 %sub_ln73_21, i32 10, i32 19" [firmware/nnet_utils/nnet_dense_latency.h:42]   --->   Operation 449 'partselect' 'trunc_ln42_118' <Predicate = true> <Delay = 0.00>
ST_1 : Operation 450 [1/1] (0.00ns)   --->   "%sext_ln42_50 = sext i10 %trunc_ln42_118" [firmware/nnet_utils/nnet_dense_latency.h:42]   --->   Operation 450 'sext' 'sext_ln42_50' <Predicate = true> <Delay = 0.00>
ST_1 : Operation 451 [1/1] (0.00ns)   --->   "%a_15 = partselect i16 @_ssdm_op_PartSelect.i16.i256.i32.i32, i256 %data_val_read, i32 240, i32 255"   --->   Operation 451 'partselect' 'a_15' <Predicate = true> <Delay = 0.00>
ST_1 : Operation 452 [1/1] (0.00ns)   --->   "%sext_ln70_48 = sext i16 %a_15" [firmware/nnet_utils/nnet_mult.h:70->firmware/nnet_utils/nnet_dense_latency.h:42]   --->   Operation 452 'sext' 'sext_ln70_48' <Predicate = true> <Delay = 0.00>
ST_1 : Operation 453 [1/1] (0.00ns)   --->   "%sext_ln70_49 = sext i16 %a_15" [firmware/nnet_utils/nnet_mult.h:70->firmware/nnet_utils/nnet_dense_latency.h:42]   --->   Operation 453 'sext' 'sext_ln70_49' <Predicate = true> <Delay = 0.00>
ST_1 : Operation 454 [1/1] (0.00ns)   --->   "%sext_ln70_50 = sext i16 %a_15" [firmware/nnet_utils/nnet_mult.h:70->firmware/nnet_utils/nnet_dense_latency.h:42]   --->   Operation 454 'sext' 'sext_ln70_50' <Predicate = true> <Delay = 0.00>
ST_1 : Operation 455 [1/1] (1.94ns)   --->   "%mul_ln73_94 = mul i25 %sext_ln70_50, i25 226" [firmware/nnet_utils/nnet_mult.h:73->firmware/nnet_utils/nnet_dense_latency.h:42]   --->   Operation 455 'mul' 'mul_ln73_94' <Predicate = true> <Delay = 1.94> <CoreInst = "Multiplier">   --->   Core 3 'Multiplier' <Latency = 0> <II = 1> <Delay = 1.94> <FuncUnit> <Opcode : 'mul'> <InPorts = 2> <OutPorts = 1>
ST_1 : Operation 456 [1/1] (0.00ns)   --->   "%trunc_ln42_119 = partselect i15 @_ssdm_op_PartSelect.i15.i25.i32.i32, i25 %mul_ln73_94, i32 10, i32 24" [firmware/nnet_utils/nnet_dense_latency.h:42]   --->   Operation 456 'partselect' 'trunc_ln42_119' <Predicate = true> <Delay = 0.00>
ST_1 : Operation 457 [1/1] (0.00ns)   --->   "%sext_ln42_51 = sext i15 %trunc_ln42_119" [firmware/nnet_utils/nnet_dense_latency.h:42]   --->   Operation 457 'sext' 'sext_ln42_51' <Predicate = true> <Delay = 0.00>
ST_1 : Operation 458 [1/1] (0.00ns)   --->   "%tmp_9061 = bitconcatenate i22 @_ssdm_op_BitConcatenate.i22.i16.i6, i16 %a_15, i6 0" [firmware/nnet_utils/nnet_mult.h:73->firmware/nnet_utils/nnet_dense_latency.h:42]   --->   Operation 458 'bitconcatenate' 'tmp_9061' <Predicate = true> <Delay = 0.00>
ST_1 : Operation 459 [1/1] (0.00ns)   --->   "%sext_ln73_52 = sext i22 %tmp_9061" [firmware/nnet_utils/nnet_mult.h:73->firmware/nnet_utils/nnet_dense_latency.h:42]   --->   Operation 459 'sext' 'sext_ln73_52' <Predicate = true> <Delay = 0.00>
ST_1 : Operation 460 [1/1] (0.00ns) (grouped into TernaryAdder)   --->   "%sub_ln73_22 = sub i24 0, i24 %sext_ln73_52" [firmware/nnet_utils/nnet_mult.h:73->firmware/nnet_utils/nnet_dense_latency.h:42]   --->   Operation 460 'sub' 'sub_ln73_22' <Predicate = true> <Delay = 0.00> <CoreInst = "TAddSub">   --->   Core 10 'TAddSub' <Latency = 0> <II = 1> <Delay = 0.33> <IPBlock> <Opcode : '' 'add' 'sub'> <InPorts = 3> <OutPorts = 1> <Sync> <CReg>
ST_1 : Operation 461 [1/1] (0.00ns)   --->   "%tmp_9062 = bitconcatenate i18 @_ssdm_op_BitConcatenate.i18.i16.i2, i16 %a_15, i2 0" [firmware/nnet_utils/nnet_mult.h:73->firmware/nnet_utils/nnet_dense_latency.h:42]   --->   Operation 461 'bitconcatenate' 'tmp_9062' <Predicate = true> <Delay = 0.00>
ST_1 : Operation 462 [1/1] (0.00ns)   --->   "%sext_ln73_53 = sext i18 %tmp_9062" [firmware/nnet_utils/nnet_mult.h:73->firmware/nnet_utils/nnet_dense_latency.h:42]   --->   Operation 462 'sext' 'sext_ln73_53' <Predicate = true> <Delay = 0.00>
ST_1 : Operation 463 [1/1] (0.70ns) (root node of TernaryAdder)   --->   "%sub_ln73_23 = sub i24 %sub_ln73_22, i24 %sext_ln73_53" [firmware/nnet_utils/nnet_mult.h:73->firmware/nnet_utils/nnet_dense_latency.h:42]   --->   Operation 463 'sub' 'sub_ln73_23' <Predicate = true> <Delay = 0.70> <CoreInst = "TAddSub">   --->   Core 10 'TAddSub' <Latency = 0> <II = 1> <Delay = 0.33> <IPBlock> <Opcode : '' 'add' 'sub'> <InPorts = 3> <OutPorts = 1> <Sync> <CReg>
ST_1 : Operation 464 [1/1] (0.00ns)   --->   "%trunc_ln42_120 = partselect i14 @_ssdm_op_PartSelect.i14.i24.i32.i32, i24 %sub_ln73_23, i32 10, i32 23" [firmware/nnet_utils/nnet_dense_latency.h:42]   --->   Operation 464 'partselect' 'trunc_ln42_120' <Predicate = true> <Delay = 0.00>
ST_1 : Operation 465 [1/1] (0.00ns)   --->   "%sext_ln73_54 = sext i14 %trunc_ln42_120" [firmware/nnet_utils/nnet_mult.h:73->firmware/nnet_utils/nnet_dense_latency.h:42]   --->   Operation 465 'sext' 'sext_ln73_54' <Predicate = true> <Delay = 0.00>
ST_1 : Operation 466 [1/1] (1.94ns)   --->   "%mul_ln73_95 = mul i25 %sext_ln70_50, i25 163" [firmware/nnet_utils/nnet_mult.h:73->firmware/nnet_utils/nnet_dense_latency.h:42]   --->   Operation 466 'mul' 'mul_ln73_95' <Predicate = true> <Delay = 1.94> <CoreInst = "Multiplier">   --->   Core 3 'Multiplier' <Latency = 0> <II = 1> <Delay = 1.94> <FuncUnit> <Opcode : 'mul'> <InPorts = 2> <OutPorts = 1>
ST_1 : Operation 467 [1/1] (0.00ns)   --->   "%trunc_ln42_121 = partselect i15 @_ssdm_op_PartSelect.i15.i25.i32.i32, i25 %mul_ln73_95, i32 10, i32 24" [firmware/nnet_utils/nnet_dense_latency.h:42]   --->   Operation 467 'partselect' 'trunc_ln42_121' <Predicate = true> <Delay = 0.00>
ST_1 : Operation 468 [1/1] (0.00ns)   --->   "%sext_ln42_52 = sext i15 %trunc_ln42_121" [firmware/nnet_utils/nnet_dense_latency.h:42]   --->   Operation 468 'sext' 'sext_ln42_52' <Predicate = true> <Delay = 0.00>
ST_1 : Operation 469 [1/1] (0.00ns)   --->   "%tmp_9063 = bitconcatenate i20 @_ssdm_op_BitConcatenate.i20.i16.i4, i16 %a_15, i4 0" [firmware/nnet_utils/nnet_mult.h:73->firmware/nnet_utils/nnet_dense_latency.h:42]   --->   Operation 469 'bitconcatenate' 'tmp_9063' <Predicate = true> <Delay = 0.00>
ST_1 : Operation 470 [1/1] (0.00ns)   --->   "%sext_ln73_55 = sext i20 %tmp_9063" [firmware/nnet_utils/nnet_mult.h:73->firmware/nnet_utils/nnet_dense_latency.h:42]   --->   Operation 470 'sext' 'sext_ln73_55' <Predicate = true> <Delay = 0.00>
ST_1 : Operation 471 [1/1] (0.00ns) (grouped into TernaryAdder)   --->   "%sub_ln73_24 = sub i22 0, i22 %sext_ln73_55" [firmware/nnet_utils/nnet_mult.h:73->firmware/nnet_utils/nnet_dense_latency.h:42]   --->   Operation 471 'sub' 'sub_ln73_24' <Predicate = true> <Delay = 0.00> <CoreInst = "TAddSub">   --->   Core 10 'TAddSub' <Latency = 0> <II = 1> <Delay = 0.33> <IPBlock> <Opcode : '' 'add' 'sub'> <InPorts = 3> <OutPorts = 1> <Sync> <CReg>
ST_1 : Operation 472 [1/1] (0.00ns)   --->   "%sext_ln73_56 = sext i18 %tmp_9062" [firmware/nnet_utils/nnet_mult.h:73->firmware/nnet_utils/nnet_dense_latency.h:42]   --->   Operation 472 'sext' 'sext_ln73_56' <Predicate = true> <Delay = 0.00>
ST_1 : Operation 473 [1/1] (0.69ns) (root node of TernaryAdder)   --->   "%sub_ln73_25 = sub i22 %sub_ln73_24, i22 %sext_ln73_56" [firmware/nnet_utils/nnet_mult.h:73->firmware/nnet_utils/nnet_dense_latency.h:42]   --->   Operation 473 'sub' 'sub_ln73_25' <Predicate = true> <Delay = 0.69> <CoreInst = "TAddSub">   --->   Core 10 'TAddSub' <Latency = 0> <II = 1> <Delay = 0.33> <IPBlock> <Opcode : '' 'add' 'sub'> <InPorts = 3> <OutPorts = 1> <Sync> <CReg>
ST_1 : Operation 474 [1/1] (0.00ns)   --->   "%trunc_ln42_122 = partselect i12 @_ssdm_op_PartSelect.i12.i22.i32.i32, i22 %sub_ln73_25, i32 10, i32 21" [firmware/nnet_utils/nnet_dense_latency.h:42]   --->   Operation 474 'partselect' 'trunc_ln42_122' <Predicate = true> <Delay = 0.00>
ST_1 : Operation 475 [1/1] (0.00ns)   --->   "%sext_ln73_57 = sext i12 %trunc_ln42_122" [firmware/nnet_utils/nnet_mult.h:73->firmware/nnet_utils/nnet_dense_latency.h:42]   --->   Operation 475 'sext' 'sext_ln73_57' <Predicate = true> <Delay = 0.00>
ST_1 : Operation 476 [1/1] (1.94ns)   --->   "%mul_ln73_96 = mul i26 %sext_ln70_49, i26 67108487" [firmware/nnet_utils/nnet_mult.h:73->firmware/nnet_utils/nnet_dense_latency.h:42]   --->   Operation 476 'mul' 'mul_ln73_96' <Predicate = true> <Delay = 1.94> <CoreInst = "Multiplier">   --->   Core 3 'Multiplier' <Latency = 0> <II = 1> <Delay = 1.94> <FuncUnit> <Opcode : 'mul'> <InPorts = 2> <OutPorts = 1>
ST_1 : Operation 477 [1/1] (0.00ns)   --->   "%trunc_ln42_123 = partselect i16 @_ssdm_op_PartSelect.i16.i26.i32.i32, i26 %mul_ln73_96, i32 10, i32 25" [firmware/nnet_utils/nnet_dense_latency.h:42]   --->   Operation 477 'partselect' 'trunc_ln42_123' <Predicate = true> <Delay = 0.00>
ST_1 : Operation 478 [1/1] (1.94ns)   --->   "%mul_ln73_97 = mul i23 %sext_ln70_48, i23 8388549" [firmware/nnet_utils/nnet_mult.h:73->firmware/nnet_utils/nnet_dense_latency.h:42]   --->   Operation 478 'mul' 'mul_ln73_97' <Predicate = true> <Delay = 1.94> <CoreInst = "Multiplier">   --->   Core 3 'Multiplier' <Latency = 0> <II = 1> <Delay = 1.94> <FuncUnit> <Opcode : 'mul'> <InPorts = 2> <OutPorts = 1>
ST_1 : Operation 479 [1/1] (0.00ns)   --->   "%trunc_ln42_124 = partselect i13 @_ssdm_op_PartSelect.i13.i23.i32.i32, i23 %mul_ln73_97, i32 10, i32 22" [firmware/nnet_utils/nnet_dense_latency.h:42]   --->   Operation 479 'partselect' 'trunc_ln42_124' <Predicate = true> <Delay = 0.00>
ST_1 : Operation 480 [1/1] (0.00ns)   --->   "%sext_ln73_58 = sext i13 %trunc_ln42_124" [firmware/nnet_utils/nnet_mult.h:73->firmware/nnet_utils/nnet_dense_latency.h:42]   --->   Operation 480 'sext' 'sext_ln73_58' <Predicate = true> <Delay = 0.00>
ST_1 : Operation 481 [1/1] (1.94ns)   --->   "%mul_ln73_98 = mul i26 %sext_ln70_49, i26 275" [firmware/nnet_utils/nnet_mult.h:73->firmware/nnet_utils/nnet_dense_latency.h:42]   --->   Operation 481 'mul' 'mul_ln73_98' <Predicate = true> <Delay = 1.94> <CoreInst = "Multiplier">   --->   Core 3 'Multiplier' <Latency = 0> <II = 1> <Delay = 1.94> <FuncUnit> <Opcode : 'mul'> <InPorts = 2> <OutPorts = 1>
ST_1 : Operation 482 [1/1] (0.00ns)   --->   "%trunc_ln42_125 = partselect i16 @_ssdm_op_PartSelect.i16.i26.i32.i32, i26 %mul_ln73_98, i32 10, i32 25" [firmware/nnet_utils/nnet_dense_latency.h:42]   --->   Operation 482 'partselect' 'trunc_ln42_125' <Predicate = true> <Delay = 0.00>
ST_1 : Operation 483 [1/1] (1.94ns)   --->   "%mul_ln73_99 = mul i26 %sext_ln70_49, i26 322" [firmware/nnet_utils/nnet_mult.h:73->firmware/nnet_utils/nnet_dense_latency.h:42]   --->   Operation 483 'mul' 'mul_ln73_99' <Predicate = true> <Delay = 1.94> <CoreInst = "Multiplier">   --->   Core 3 'Multiplier' <Latency = 0> <II = 1> <Delay = 1.94> <FuncUnit> <Opcode : 'mul'> <InPorts = 2> <OutPorts = 1>
ST_1 : Operation 484 [1/1] (0.00ns)   --->   "%trunc_ln42_126 = partselect i16 @_ssdm_op_PartSelect.i16.i26.i32.i32, i26 %mul_ln73_99, i32 10, i32 25" [firmware/nnet_utils/nnet_dense_latency.h:42]   --->   Operation 484 'partselect' 'trunc_ln42_126' <Predicate = true> <Delay = 0.00>
ST_1 : Operation 485 [1/1] (0.00ns) (grouped into TernaryAdder)   --->   "%add_ln58 = add i16 %trunc_ln42_8, i16 %sext_ln42" [firmware/nnet_utils/nnet_dense_latency.h:58]   --->   Operation 485 'add' 'add_ln58' <Predicate = true> <Delay = 0.00> <CoreInst = "TAddSub">   --->   Core 10 'TAddSub' <Latency = 0> <II = 1> <Delay = 0.33> <IPBlock> <Opcode : '' 'add' 'sub'> <InPorts = 3> <OutPorts = 1> <Sync> <CReg>
ST_1 : Operation 486 [1/1] (0.78ns)   --->   "%add_ln58_1 = add i16 %sext_ln42_6, i16 %trunc_ln42_23" [firmware/nnet_utils/nnet_dense_latency.h:58]   --->   Operation 486 'add' 'add_ln58_1' <Predicate = true> <Delay = 0.78> <CoreInst = "Adder">   --->   Core 1 'Adder' <Latency = 0> <II = 1> <Delay = 0.78> <FuncUnit> <Opcode : 'add' 'sub'> <InPorts = 2> <OutPorts = 1>
ST_1 : Operation 487 [1/1] (0.67ns) (root node of TernaryAdder)   --->   "%add_ln58_2 = add i16 %add_ln58_1, i16 %add_ln58" [firmware/nnet_utils/nnet_dense_latency.h:58]   --->   Operation 487 'add' 'add_ln58_2' <Predicate = true> <Delay = 0.67> <CoreInst = "TAddSub">   --->   Core 10 'TAddSub' <Latency = 0> <II = 1> <Delay = 0.33> <IPBlock> <Opcode : '' 'add' 'sub'> <InPorts = 3> <OutPorts = 1> <Sync> <CReg>
ST_1 : Operation 488 [1/1] (0.76ns)   --->   "%add_ln58_3 = add i15 %sext_ln73_8, i15 %sext_ln73_12" [firmware/nnet_utils/nnet_dense_latency.h:58]   --->   Operation 488 'add' 'add_ln58_3' <Predicate = true> <Delay = 0.76> <CoreInst = "Adder">   --->   Core 1 'Adder' <Latency = 0> <II = 1> <Delay = 0.76> <FuncUnit> <Opcode : 'add' 'sub'> <InPorts = 2> <OutPorts = 1>
ST_1 : Operation 489 [1/1] (0.00ns)   --->   "%sext_ln58 = sext i15 %add_ln58_3" [firmware/nnet_utils/nnet_dense_latency.h:58]   --->   Operation 489 'sext' 'sext_ln58' <Predicate = true> <Delay = 0.00>
ST_1 : Operation 490 [1/1] (0.00ns) (grouped into TernaryAdder)   --->   "%add_ln58_4 = add i16 %trunc_ln42_47, i16 %sext_ln42_23" [firmware/nnet_utils/nnet_dense_latency.h:58]   --->   Operation 490 'add' 'add_ln58_4' <Predicate = true> <Delay = 0.00> <CoreInst = "TAddSub">   --->   Core 10 'TAddSub' <Latency = 0> <II = 1> <Delay = 0.33> <IPBlock> <Opcode : '' 'add' 'sub'> <InPorts = 3> <OutPorts = 1> <Sync> <CReg>
ST_1 : Operation 491 [1/1] (0.67ns) (root node of TernaryAdder)   --->   "%add_ln58_5 = add i16 %add_ln58_4, i16 %sext_ln58" [firmware/nnet_utils/nnet_dense_latency.h:58]   --->   Operation 491 'add' 'add_ln58_5' <Predicate = true> <Delay = 0.67> <CoreInst = "TAddSub">   --->   Core 10 'TAddSub' <Latency = 0> <II = 1> <Delay = 0.33> <IPBlock> <Opcode : '' 'add' 'sub'> <InPorts = 3> <OutPorts = 1> <Sync> <CReg>
ST_1 : Operation 492 [1/1] (0.78ns)   --->   "%add_ln58_7 = add i16 %trunc_ln42_63, i16 %trunc_ln42_71" [firmware/nnet_utils/nnet_dense_latency.h:58]   --->   Operation 492 'add' 'add_ln58_7' <Predicate = true> <Delay = 0.78> <CoreInst = "Adder">   --->   Core 1 'Adder' <Latency = 0> <II = 1> <Delay = 0.78> <FuncUnit> <Opcode : 'add' 'sub'> <InPorts = 2> <OutPorts = 1>
ST_1 : Operation 493 [1/1] (0.77ns)   --->   "%add_ln58_8 = add i16 %sext_ln42_30, i16 %sext_ln42_35" [firmware/nnet_utils/nnet_dense_latency.h:58]   --->   Operation 493 'add' 'add_ln58_8' <Predicate = true> <Delay = 0.77> <CoreInst = "Adder">   --->   Core 1 'Adder' <Latency = 0> <II = 1> <Delay = 0.77> <FuncUnit> <Opcode : 'add' 'sub'> <InPorts = 2> <OutPorts = 1>
ST_1 : Operation 494 [1/1] (0.00ns) (grouped into TernaryAdder)   --->   "%add_ln58_10 = add i16 %trunc_ln42_95, i16 %sext_ln42_43" [firmware/nnet_utils/nnet_dense_latency.h:58]   --->   Operation 494 'add' 'add_ln58_10' <Predicate = true> <Delay = 0.00> <CoreInst = "TAddSub">   --->   Core 10 'TAddSub' <Latency = 0> <II = 1> <Delay = 0.33> <IPBlock> <Opcode : '' 'add' 'sub'> <InPorts = 3> <OutPorts = 1> <Sync> <CReg>
ST_1 : Operation 495 [1/1] (0.78ns)   --->   "%add_ln58_11 = add i16 %trunc_ln42_111, i16 %sext_ln42_51" [firmware/nnet_utils/nnet_dense_latency.h:58]   --->   Operation 495 'add' 'add_ln58_11' <Predicate = true> <Delay = 0.78> <CoreInst = "Adder">   --->   Core 1 'Adder' <Latency = 0> <II = 1> <Delay = 0.78> <FuncUnit> <Opcode : 'add' 'sub'> <InPorts = 2> <OutPorts = 1>
ST_1 : Operation 496 [1/1] (0.67ns) (root node of TernaryAdder)   --->   "%add_ln58_12 = add i16 %add_ln58_11, i16 %add_ln58_10" [firmware/nnet_utils/nnet_dense_latency.h:58]   --->   Operation 496 'add' 'add_ln58_12' <Predicate = true> <Delay = 0.67> <CoreInst = "TAddSub">   --->   Core 10 'TAddSub' <Latency = 0> <II = 1> <Delay = 0.33> <IPBlock> <Opcode : '' 'add' 'sub'> <InPorts = 3> <OutPorts = 1> <Sync> <CReg>
ST_1 : Operation 497 [1/1] (0.76ns)   --->   "%add_ln58_15 = add i15 %sext_ln73_3, i15 %sext_ln73" [firmware/nnet_utils/nnet_dense_latency.h:58]   --->   Operation 497 'add' 'add_ln58_15' <Predicate = true> <Delay = 0.76> <CoreInst = "Adder">   --->   Core 1 'Adder' <Latency = 0> <II = 1> <Delay = 0.76> <FuncUnit> <Opcode : 'add' 'sub'> <InPorts = 2> <OutPorts = 1>
ST_1 : Operation 498 [1/1] (0.00ns)   --->   "%sext_ln58_1 = sext i15 %add_ln58_15" [firmware/nnet_utils/nnet_dense_latency.h:58]   --->   Operation 498 'sext' 'sext_ln58_1' <Predicate = true> <Delay = 0.00>
ST_1 : Operation 499 [1/1] (0.00ns) (grouped into TernaryAdder)   --->   "%add_ln58_16 = add i16 %sext_ln42_7, i16 %sext_ln42_11" [firmware/nnet_utils/nnet_dense_latency.h:58]   --->   Operation 499 'add' 'add_ln58_16' <Predicate = true> <Delay = 0.00> <CoreInst = "TAddSub">   --->   Core 10 'TAddSub' <Latency = 0> <II = 1> <Delay = 0.33> <IPBlock> <Opcode : '' 'add' 'sub'> <InPorts = 3> <OutPorts = 1> <Sync> <CReg>
ST_1 : Operation 500 [1/1] (0.67ns) (root node of TernaryAdder)   --->   "%add_ln58_17 = add i16 %add_ln58_16, i16 %sext_ln58_1" [firmware/nnet_utils/nnet_dense_latency.h:58]   --->   Operation 500 'add' 'add_ln58_17' <Predicate = true> <Delay = 0.67> <CoreInst = "TAddSub">   --->   Core 10 'TAddSub' <Latency = 0> <II = 1> <Delay = 0.33> <IPBlock> <Opcode : '' 'add' 'sub'> <InPorts = 3> <OutPorts = 1> <Sync> <CReg>
ST_1 : Operation 501 [1/1] (0.00ns) (grouped into TernaryAdder)   --->   "%add_ln58_18 = add i16 %trunc_ln42_32, i16 %sext_ln42_17" [firmware/nnet_utils/nnet_dense_latency.h:58]   --->   Operation 501 'add' 'add_ln58_18' <Predicate = true> <Delay = 0.00> <CoreInst = "TAddSub">   --->   Core 10 'TAddSub' <Latency = 0> <II = 1> <Delay = 0.33> <IPBlock> <Opcode : '' 'add' 'sub'> <InPorts = 3> <OutPorts = 1> <Sync> <CReg>
ST_1 : Operation 502 [1/1] (0.76ns)   --->   "%add_ln58_19 = add i15 %sext_ln73_17, i15 %sext_ln73_19" [firmware/nnet_utils/nnet_dense_latency.h:58]   --->   Operation 502 'add' 'add_ln58_19' <Predicate = true> <Delay = 0.76> <CoreInst = "Adder">   --->   Core 1 'Adder' <Latency = 0> <II = 1> <Delay = 0.76> <FuncUnit> <Opcode : 'add' 'sub'> <InPorts = 2> <OutPorts = 1>
ST_1 : Operation 503 [1/1] (0.00ns)   --->   "%sext_ln58_2 = sext i15 %add_ln58_19" [firmware/nnet_utils/nnet_dense_latency.h:58]   --->   Operation 503 'sext' 'sext_ln58_2' <Predicate = true> <Delay = 0.00>
ST_1 : Operation 504 [1/1] (0.67ns) (root node of TernaryAdder)   --->   "%add_ln58_20 = add i16 %sext_ln58_2, i16 %add_ln58_18" [firmware/nnet_utils/nnet_dense_latency.h:58]   --->   Operation 504 'add' 'add_ln58_20' <Predicate = true> <Delay = 0.67> <CoreInst = "TAddSub">   --->   Core 10 'TAddSub' <Latency = 0> <II = 1> <Delay = 0.33> <IPBlock> <Opcode : '' 'add' 'sub'> <InPorts = 3> <OutPorts = 1> <Sync> <CReg>
ST_1 : Operation 505 [1/1] (0.78ns)   --->   "%add_ln58_22 = add i16 %trunc_ln42_64, i16 %trunc_ln42_72" [firmware/nnet_utils/nnet_dense_latency.h:58]   --->   Operation 505 'add' 'add_ln58_22' <Predicate = true> <Delay = 0.78> <CoreInst = "Adder">   --->   Core 1 'Adder' <Latency = 0> <II = 1> <Delay = 0.78> <FuncUnit> <Opcode : 'add' 'sub'> <InPorts = 2> <OutPorts = 1>
ST_1 : Operation 506 [1/1] (0.78ns)   --->   "%add_ln58_23 = add i16 %trunc_ln42_80, i16 %sext_ln42_39" [firmware/nnet_utils/nnet_dense_latency.h:58]   --->   Operation 506 'add' 'add_ln58_23' <Predicate = true> <Delay = 0.78> <CoreInst = "Adder">   --->   Core 1 'Adder' <Latency = 0> <II = 1> <Delay = 0.78> <FuncUnit> <Opcode : 'add' 'sub'> <InPorts = 2> <OutPorts = 1>
ST_1 : Operation 507 [1/1] (0.00ns) (grouped into TernaryAdder)   --->   "%add_ln58_24 = add i16 %add_ln58_23, i16 %add_ln58_22" [firmware/nnet_utils/nnet_dense_latency.h:58]   --->   Operation 507 'add' 'add_ln58_24' <Predicate = true> <Delay = 0.00> <CoreInst = "TAddSub">   --->   Core 10 'TAddSub' <Latency = 0> <II = 1> <Delay = 0.33> <IPBlock> <Opcode : '' 'add' 'sub'> <InPorts = 3> <OutPorts = 1> <Sync> <CReg>
ST_1 : Operation 508 [1/1] (0.00ns) (grouped into TernaryAdder)   --->   "%add_ln58_25 = add i16 %sext_ln42_44, i16 %sext_ln42_47" [firmware/nnet_utils/nnet_dense_latency.h:58]   --->   Operation 508 'add' 'add_ln58_25' <Predicate = true> <Delay = 0.00> <CoreInst = "TAddSub">   --->   Core 10 'TAddSub' <Latency = 0> <II = 1> <Delay = 0.33> <IPBlock> <Opcode : '' 'add' 'sub'> <InPorts = 3> <OutPorts = 1> <Sync> <CReg>
ST_1 : Operation 509 [1/1] (0.76ns)   --->   "%add_ln58_26 = add i15 %sext_ln73_54, i15 %sext_ln73_32" [firmware/nnet_utils/nnet_dense_latency.h:58]   --->   Operation 509 'add' 'add_ln58_26' <Predicate = true> <Delay = 0.76> <CoreInst = "Adder">   --->   Core 1 'Adder' <Latency = 0> <II = 1> <Delay = 0.76> <FuncUnit> <Opcode : 'add' 'sub'> <InPorts = 2> <OutPorts = 1>
ST_1 : Operation 510 [1/1] (0.00ns)   --->   "%sext_ln58_3 = sext i15 %add_ln58_26" [firmware/nnet_utils/nnet_dense_latency.h:58]   --->   Operation 510 'sext' 'sext_ln58_3' <Predicate = true> <Delay = 0.00>
ST_1 : Operation 511 [1/1] (0.67ns) (root node of TernaryAdder)   --->   "%add_ln58_27 = add i16 %sext_ln58_3, i16 %add_ln58_25" [firmware/nnet_utils/nnet_dense_latency.h:58]   --->   Operation 511 'add' 'add_ln58_27' <Predicate = true> <Delay = 0.67> <CoreInst = "TAddSub">   --->   Core 10 'TAddSub' <Latency = 0> <II = 1> <Delay = 0.33> <IPBlock> <Opcode : '' 'add' 'sub'> <InPorts = 3> <OutPorts = 1> <Sync> <CReg>
ST_1 : Operation 512 [1/1] (0.67ns) (root node of TernaryAdder)   --->   "%add_ln58_28 = add i16 %add_ln58_27, i16 %add_ln58_24" [firmware/nnet_utils/nnet_dense_latency.h:58]   --->   Operation 512 'add' 'add_ln58_28' <Predicate = true> <Delay = 0.67> <CoreInst = "TAddSub">   --->   Core 10 'TAddSub' <Latency = 0> <II = 1> <Delay = 0.33> <IPBlock> <Opcode : '' 'add' 'sub'> <InPorts = 3> <OutPorts = 1> <Sync> <CReg>
ST_1 : Operation 513 [1/1] (0.00ns) (grouped into TernaryAdder)   --->   "%add_ln58_30 = add i16 %trunc_ln42_7, i16 %trunc_ln42_2" [firmware/nnet_utils/nnet_dense_latency.h:58]   --->   Operation 513 'add' 'add_ln58_30' <Predicate = true> <Delay = 0.00> <CoreInst = "TAddSub">   --->   Core 10 'TAddSub' <Latency = 0> <II = 1> <Delay = 0.33> <IPBlock> <Opcode : '' 'add' 'sub'> <InPorts = 3> <OutPorts = 1> <Sync> <CReg>
ST_1 : Operation 514 [1/1] (0.78ns)   --->   "%add_ln58_31 = add i16 %trunc_ln42_17, i16 %sext_ln42_12" [firmware/nnet_utils/nnet_dense_latency.h:58]   --->   Operation 514 'add' 'add_ln58_31' <Predicate = true> <Delay = 0.78> <CoreInst = "Adder">   --->   Core 1 'Adder' <Latency = 0> <II = 1> <Delay = 0.78> <FuncUnit> <Opcode : 'add' 'sub'> <InPorts = 2> <OutPorts = 1>
ST_1 : Operation 515 [1/1] (0.67ns) (root node of TernaryAdder)   --->   "%add_ln58_32 = add i16 %add_ln58_31, i16 %add_ln58_30" [firmware/nnet_utils/nnet_dense_latency.h:58]   --->   Operation 515 'add' 'add_ln58_32' <Predicate = true> <Delay = 0.67> <CoreInst = "TAddSub">   --->   Core 10 'TAddSub' <Latency = 0> <II = 1> <Delay = 0.33> <IPBlock> <Opcode : '' 'add' 'sub'> <InPorts = 3> <OutPorts = 1> <Sync> <CReg>
ST_1 : Operation 516 [1/1] (0.00ns) (grouped into TernaryAdder)   --->   "%add_ln58_33 = add i16 %sext_ln42_15, i16 %sext_ln42_18" [firmware/nnet_utils/nnet_dense_latency.h:58]   --->   Operation 516 'add' 'add_ln58_33' <Predicate = true> <Delay = 0.00> <CoreInst = "TAddSub">   --->   Core 10 'TAddSub' <Latency = 0> <II = 1> <Delay = 0.33> <IPBlock> <Opcode : '' 'add' 'sub'> <InPorts = 3> <OutPorts = 1> <Sync> <CReg>
ST_1 : Operation 517 [1/1] (0.78ns)   --->   "%add_ln58_34 = add i16 %sext_ln42_21, i16 %trunc_ln42_57" [firmware/nnet_utils/nnet_dense_latency.h:58]   --->   Operation 517 'add' 'add_ln58_34' <Predicate = true> <Delay = 0.78> <CoreInst = "Adder">   --->   Core 1 'Adder' <Latency = 0> <II = 1> <Delay = 0.78> <FuncUnit> <Opcode : 'add' 'sub'> <InPorts = 2> <OutPorts = 1>
ST_1 : Operation 518 [1/1] (0.67ns) (root node of TernaryAdder)   --->   "%add_ln58_35 = add i16 %add_ln58_34, i16 %add_ln58_33" [firmware/nnet_utils/nnet_dense_latency.h:58]   --->   Operation 518 'add' 'add_ln58_35' <Predicate = true> <Delay = 0.67> <CoreInst = "TAddSub">   --->   Core 10 'TAddSub' <Latency = 0> <II = 1> <Delay = 0.33> <IPBlock> <Opcode : '' 'add' 'sub'> <InPorts = 3> <OutPorts = 1> <Sync> <CReg>
ST_1 : Operation 519 [1/1] (0.78ns)   --->   "%add_ln58_37 = add i16 %sext_ln42_25, i16 %trunc_ln42_73" [firmware/nnet_utils/nnet_dense_latency.h:58]   --->   Operation 519 'add' 'add_ln58_37' <Predicate = true> <Delay = 0.78> <CoreInst = "Adder">   --->   Core 1 'Adder' <Latency = 0> <II = 1> <Delay = 0.78> <FuncUnit> <Opcode : 'add' 'sub'> <InPorts = 2> <OutPorts = 1>
ST_1 : Operation 520 [1/1] (0.78ns)   --->   "%add_ln58_38 = add i16 %trunc_ln42_81, i16 %sext_ln42_36" [firmware/nnet_utils/nnet_dense_latency.h:58]   --->   Operation 520 'add' 'add_ln58_38' <Predicate = true> <Delay = 0.78> <CoreInst = "Adder">   --->   Core 1 'Adder' <Latency = 0> <II = 1> <Delay = 0.78> <FuncUnit> <Opcode : 'add' 'sub'> <InPorts = 2> <OutPorts = 1>
ST_1 : Operation 521 [1/1] (0.00ns) (grouped into TernaryAdder)   --->   "%add_ln58_40 = add i16 %sext_ln42_40, i16 %trunc_ln42_105" [firmware/nnet_utils/nnet_dense_latency.h:58]   --->   Operation 521 'add' 'add_ln58_40' <Predicate = true> <Delay = 0.00> <CoreInst = "TAddSub">   --->   Core 10 'TAddSub' <Latency = 0> <II = 1> <Delay = 0.33> <IPBlock> <Opcode : '' 'add' 'sub'> <InPorts = 3> <OutPorts = 1> <Sync> <CReg>
ST_1 : Operation 522 [1/1] (0.77ns)   --->   "%add_ln58_41 = add i16 %sext_ln42_48, i16 %sext_ln42_52" [firmware/nnet_utils/nnet_dense_latency.h:58]   --->   Operation 522 'add' 'add_ln58_41' <Predicate = true> <Delay = 0.77> <CoreInst = "Adder">   --->   Core 1 'Adder' <Latency = 0> <II = 1> <Delay = 0.77> <FuncUnit> <Opcode : 'add' 'sub'> <InPorts = 2> <OutPorts = 1>
ST_1 : Operation 523 [1/1] (0.67ns) (root node of TernaryAdder)   --->   "%add_ln58_42 = add i16 %add_ln58_41, i16 %add_ln58_40" [firmware/nnet_utils/nnet_dense_latency.h:58]   --->   Operation 523 'add' 'add_ln58_42' <Predicate = true> <Delay = 0.67> <CoreInst = "TAddSub">   --->   Core 10 'TAddSub' <Latency = 0> <II = 1> <Delay = 0.33> <IPBlock> <Opcode : '' 'add' 'sub'> <InPorts = 3> <OutPorts = 1> <Sync> <CReg>
ST_1 : Operation 524 [1/1] (0.00ns) (grouped into TernaryAdder)   --->   "%add_ln58_45 = add i16 %sext_ln42_4, i16 %trunc_ln42_3" [firmware/nnet_utils/nnet_dense_latency.h:58]   --->   Operation 524 'add' 'add_ln58_45' <Predicate = true> <Delay = 0.00> <CoreInst = "TAddSub">   --->   Core 10 'TAddSub' <Latency = 0> <II = 1> <Delay = 0.33> <IPBlock> <Opcode : '' 'add' 'sub'> <InPorts = 3> <OutPorts = 1> <Sync> <CReg>
ST_1 : Operation 525 [1/1] (0.78ns)   --->   "%add_ln58_46 = add i16 %trunc_ln42_18, i16 %trunc_ln42_26" [firmware/nnet_utils/nnet_dense_latency.h:58]   --->   Operation 525 'add' 'add_ln58_46' <Predicate = true> <Delay = 0.78> <CoreInst = "Adder">   --->   Core 1 'Adder' <Latency = 0> <II = 1> <Delay = 0.78> <FuncUnit> <Opcode : 'add' 'sub'> <InPorts = 2> <OutPorts = 1>
ST_1 : Operation 526 [1/1] (0.67ns) (root node of TernaryAdder)   --->   "%add_ln58_47 = add i16 %add_ln58_46, i16 %add_ln58_45" [firmware/nnet_utils/nnet_dense_latency.h:58]   --->   Operation 526 'add' 'add_ln58_47' <Predicate = true> <Delay = 0.67> <CoreInst = "TAddSub">   --->   Core 10 'TAddSub' <Latency = 0> <II = 1> <Delay = 0.33> <IPBlock> <Opcode : '' 'add' 'sub'> <InPorts = 3> <OutPorts = 1> <Sync> <CReg>
ST_1 : Operation 527 [1/1] (0.00ns) (grouped into TernaryAdder)   --->   "%add_ln58_48 = add i16 %sext_ln42_16, i16 %trunc_ln42_42" [firmware/nnet_utils/nnet_dense_latency.h:58]   --->   Operation 527 'add' 'add_ln58_48' <Predicate = true> <Delay = 0.00> <CoreInst = "TAddSub">   --->   Core 10 'TAddSub' <Latency = 0> <II = 1> <Delay = 0.33> <IPBlock> <Opcode : '' 'add' 'sub'> <InPorts = 3> <OutPorts = 1> <Sync> <CReg>
ST_1 : Operation 528 [1/1] (0.76ns)   --->   "%add_ln58_49 = add i15 %sext_ln73_18, i15 %sext_ln73_20" [firmware/nnet_utils/nnet_dense_latency.h:58]   --->   Operation 528 'add' 'add_ln58_49' <Predicate = true> <Delay = 0.76> <CoreInst = "Adder">   --->   Core 1 'Adder' <Latency = 0> <II = 1> <Delay = 0.76> <FuncUnit> <Opcode : 'add' 'sub'> <InPorts = 2> <OutPorts = 1>
ST_1 : Operation 529 [1/1] (0.00ns)   --->   "%sext_ln58_4 = sext i15 %add_ln58_49" [firmware/nnet_utils/nnet_dense_latency.h:58]   --->   Operation 529 'sext' 'sext_ln58_4' <Predicate = true> <Delay = 0.00>
ST_1 : Operation 530 [1/1] (0.67ns) (root node of TernaryAdder)   --->   "%add_ln58_50 = add i16 %sext_ln58_4, i16 %add_ln58_48" [firmware/nnet_utils/nnet_dense_latency.h:58]   --->   Operation 530 'add' 'add_ln58_50' <Predicate = true> <Delay = 0.67> <CoreInst = "TAddSub">   --->   Core 10 'TAddSub' <Latency = 0> <II = 1> <Delay = 0.33> <IPBlock> <Opcode : '' 'add' 'sub'> <InPorts = 3> <OutPorts = 1> <Sync> <CReg>
ST_1 : Operation 531 [1/1] (0.78ns)   --->   "%add_ln58_52 = add i16 %trunc_ln42_66, i16 %sext_ln42_28" [firmware/nnet_utils/nnet_dense_latency.h:58]   --->   Operation 531 'add' 'add_ln58_52' <Predicate = true> <Delay = 0.78> <CoreInst = "Adder">   --->   Core 1 'Adder' <Latency = 0> <II = 1> <Delay = 0.78> <FuncUnit> <Opcode : 'add' 'sub'> <InPorts = 2> <OutPorts = 1>
ST_1 : Operation 532 [1/1] (0.77ns)   --->   "%add_ln58_53 = add i16 %sext_ln42_31, i16 %sext_ln42_37" [firmware/nnet_utils/nnet_dense_latency.h:58]   --->   Operation 532 'add' 'add_ln58_53' <Predicate = true> <Delay = 0.77> <CoreInst = "Adder">   --->   Core 1 'Adder' <Latency = 0> <II = 1> <Delay = 0.77> <FuncUnit> <Opcode : 'add' 'sub'> <InPorts = 2> <OutPorts = 1>
ST_1 : Operation 533 [1/1] (0.00ns) (grouped into TernaryAdder)   --->   "%add_ln58_54 = add i16 %add_ln58_53, i16 %add_ln58_52" [firmware/nnet_utils/nnet_dense_latency.h:58]   --->   Operation 533 'add' 'add_ln58_54' <Predicate = true> <Delay = 0.00> <CoreInst = "TAddSub">   --->   Core 10 'TAddSub' <Latency = 0> <II = 1> <Delay = 0.33> <IPBlock> <Opcode : '' 'add' 'sub'> <InPorts = 3> <OutPorts = 1> <Sync> <CReg>
ST_1 : Operation 534 [1/1] (0.00ns) (grouped into TernaryAdder)   --->   "%add_ln58_55 = add i16 %sext_ln42_41, i16 %trunc_ln42_106" [firmware/nnet_utils/nnet_dense_latency.h:58]   --->   Operation 534 'add' 'add_ln58_55' <Predicate = true> <Delay = 0.00> <CoreInst = "TAddSub">   --->   Core 10 'TAddSub' <Latency = 0> <II = 1> <Delay = 0.33> <IPBlock> <Opcode : '' 'add' 'sub'> <InPorts = 3> <OutPorts = 1> <Sync> <CReg>
ST_1 : Operation 535 [1/1] (0.74ns)   --->   "%add_ln58_56 = add i13 %sext_ln73_48, i13 %sext_ln73_57" [firmware/nnet_utils/nnet_dense_latency.h:58]   --->   Operation 535 'add' 'add_ln58_56' <Predicate = true> <Delay = 0.74> <CoreInst = "Adder">   --->   Core 1 'Adder' <Latency = 0> <II = 1> <Delay = 0.74> <FuncUnit> <Opcode : 'add' 'sub'> <InPorts = 2> <OutPorts = 1>
ST_1 : Operation 536 [1/1] (0.00ns)   --->   "%sext_ln58_5 = sext i13 %add_ln58_56" [firmware/nnet_utils/nnet_dense_latency.h:58]   --->   Operation 536 'sext' 'sext_ln58_5' <Predicate = true> <Delay = 0.00>
ST_1 : Operation 537 [1/1] (0.67ns) (root node of TernaryAdder)   --->   "%add_ln58_57 = add i16 %sext_ln58_5, i16 %add_ln58_55" [firmware/nnet_utils/nnet_dense_latency.h:58]   --->   Operation 537 'add' 'add_ln58_57' <Predicate = true> <Delay = 0.67> <CoreInst = "TAddSub">   --->   Core 10 'TAddSub' <Latency = 0> <II = 1> <Delay = 0.33> <IPBlock> <Opcode : '' 'add' 'sub'> <InPorts = 3> <OutPorts = 1> <Sync> <CReg>
ST_1 : Operation 538 [1/1] (0.67ns) (root node of TernaryAdder)   --->   "%add_ln58_58 = add i16 %add_ln58_57, i16 %add_ln58_54" [firmware/nnet_utils/nnet_dense_latency.h:58]   --->   Operation 538 'add' 'add_ln58_58' <Predicate = true> <Delay = 0.67> <CoreInst = "TAddSub">   --->   Core 10 'TAddSub' <Latency = 0> <II = 1> <Delay = 0.33> <IPBlock> <Opcode : '' 'add' 'sub'> <InPorts = 3> <OutPorts = 1> <Sync> <CReg>
ST_1 : Operation 539 [1/1] (0.00ns) (grouped into TernaryAdder)   --->   "%add_ln58_60 = add i16 %trunc_ln42_11, i16 %trunc_ln42_4" [firmware/nnet_utils/nnet_dense_latency.h:58]   --->   Operation 539 'add' 'add_ln58_60' <Predicate = true> <Delay = 0.00> <CoreInst = "TAddSub">   --->   Core 10 'TAddSub' <Latency = 0> <II = 1> <Delay = 0.33> <IPBlock> <Opcode : '' 'add' 'sub'> <InPorts = 3> <OutPorts = 1> <Sync> <CReg>
ST_1 : Operation 540 [1/1] (0.78ns)   --->   "%add_ln58_61 = add i16 %sext_ln42_8, i16 %trunc_ln42_27" [firmware/nnet_utils/nnet_dense_latency.h:58]   --->   Operation 540 'add' 'add_ln58_61' <Predicate = true> <Delay = 0.78> <CoreInst = "Adder">   --->   Core 1 'Adder' <Latency = 0> <II = 1> <Delay = 0.78> <FuncUnit> <Opcode : 'add' 'sub'> <InPorts = 2> <OutPorts = 1>
ST_1 : Operation 541 [1/1] (0.67ns) (root node of TernaryAdder)   --->   "%add_ln58_62 = add i16 %add_ln58_61, i16 %add_ln58_60" [firmware/nnet_utils/nnet_dense_latency.h:58]   --->   Operation 541 'add' 'add_ln58_62' <Predicate = true> <Delay = 0.67> <CoreInst = "TAddSub">   --->   Core 10 'TAddSub' <Latency = 0> <II = 1> <Delay = 0.33> <IPBlock> <Opcode : '' 'add' 'sub'> <InPorts = 3> <OutPorts = 1> <Sync> <CReg>
ST_1 : Operation 542 [1/1] (0.00ns) (grouped into TernaryAdder)   --->   "%add_ln58_63 = add i16 %trunc_ln42_35, i16 %sext_ln42_19" [firmware/nnet_utils/nnet_dense_latency.h:58]   --->   Operation 542 'add' 'add_ln58_63' <Predicate = true> <Delay = 0.00> <CoreInst = "TAddSub">   --->   Core 10 'TAddSub' <Latency = 0> <II = 1> <Delay = 0.33> <IPBlock> <Opcode : '' 'add' 'sub'> <InPorts = 3> <OutPorts = 1> <Sync> <CReg>
ST_1 : Operation 543 [1/1] (0.77ns)   --->   "%add_ln58_64 = add i16 %sext_ln42_22, i16 %sext_ln42_24" [firmware/nnet_utils/nnet_dense_latency.h:58]   --->   Operation 543 'add' 'add_ln58_64' <Predicate = true> <Delay = 0.77> <CoreInst = "Adder">   --->   Core 1 'Adder' <Latency = 0> <II = 1> <Delay = 0.77> <FuncUnit> <Opcode : 'add' 'sub'> <InPorts = 2> <OutPorts = 1>
ST_1 : Operation 544 [1/1] (0.67ns) (root node of TernaryAdder)   --->   "%add_ln58_65 = add i16 %add_ln58_64, i16 %add_ln58_63" [firmware/nnet_utils/nnet_dense_latency.h:58]   --->   Operation 544 'add' 'add_ln58_65' <Predicate = true> <Delay = 0.67> <CoreInst = "TAddSub">   --->   Core 10 'TAddSub' <Latency = 0> <II = 1> <Delay = 0.33> <IPBlock> <Opcode : '' 'add' 'sub'> <InPorts = 3> <OutPorts = 1> <Sync> <CReg>
ST_1 : Operation 545 [1/1] (0.78ns)   --->   "%add_ln58_67 = add i16 %trunc_ln42_67, i16 %sext_ln42_29" [firmware/nnet_utils/nnet_dense_latency.h:58]   --->   Operation 545 'add' 'add_ln58_67' <Predicate = true> <Delay = 0.78> <CoreInst = "Adder">   --->   Core 1 'Adder' <Latency = 0> <II = 1> <Delay = 0.78> <FuncUnit> <Opcode : 'add' 'sub'> <InPorts = 2> <OutPorts = 1>
ST_1 : Operation 546 [1/1] (0.78ns)   --->   "%add_ln58_68 = add i16 %sext_ln42_32, i16 %trunc_ln42_91" [firmware/nnet_utils/nnet_dense_latency.h:58]   --->   Operation 546 'add' 'add_ln58_68' <Predicate = true> <Delay = 0.78> <CoreInst = "Adder">   --->   Core 1 'Adder' <Latency = 0> <II = 1> <Delay = 0.78> <FuncUnit> <Opcode : 'add' 'sub'> <InPorts = 2> <OutPorts = 1>
ST_1 : Operation 547 [1/1] (0.00ns) (grouped into TernaryAdder)   --->   "%add_ln58_70 = add i16 %trunc_ln42_99, i16 %trunc_ln42_107" [firmware/nnet_utils/nnet_dense_latency.h:58]   --->   Operation 547 'add' 'add_ln58_70' <Predicate = true> <Delay = 0.00> <CoreInst = "TAddSub">   --->   Core 10 'TAddSub' <Latency = 0> <II = 1> <Delay = 0.33> <IPBlock> <Opcode : '' 'add' 'sub'> <InPorts = 3> <OutPorts = 1> <Sync> <CReg>
ST_1 : Operation 548 [1/1] (0.78ns)   --->   "%add_ln58_71 = add i16 %sext_ln42_49, i16 %trunc_ln42_123" [firmware/nnet_utils/nnet_dense_latency.h:58]   --->   Operation 548 'add' 'add_ln58_71' <Predicate = true> <Delay = 0.78> <CoreInst = "Adder">   --->   Core 1 'Adder' <Latency = 0> <II = 1> <Delay = 0.78> <FuncUnit> <Opcode : 'add' 'sub'> <InPorts = 2> <OutPorts = 1>
ST_1 : Operation 549 [1/1] (0.67ns) (root node of TernaryAdder)   --->   "%add_ln58_72 = add i16 %add_ln58_71, i16 %add_ln58_70" [firmware/nnet_utils/nnet_dense_latency.h:58]   --->   Operation 549 'add' 'add_ln58_72' <Predicate = true> <Delay = 0.67> <CoreInst = "TAddSub">   --->   Core 10 'TAddSub' <Latency = 0> <II = 1> <Delay = 0.33> <IPBlock> <Opcode : '' 'add' 'sub'> <InPorts = 3> <OutPorts = 1> <Sync> <CReg>
ST_1 : Operation 550 [1/1] (0.00ns) (grouped into TernaryAdder)   --->   "%add_ln58_75 = add i16 %trunc_ln42_12, i16 %sext_ln42_1" [firmware/nnet_utils/nnet_dense_latency.h:58]   --->   Operation 550 'add' 'add_ln58_75' <Predicate = true> <Delay = 0.00> <CoreInst = "TAddSub">   --->   Core 10 'TAddSub' <Latency = 0> <II = 1> <Delay = 0.33> <IPBlock> <Opcode : '' 'add' 'sub'> <InPorts = 3> <OutPorts = 1> <Sync> <CReg>
ST_1 : Operation 551 [1/1] (0.78ns)   --->   "%add_ln58_76 = add i16 %trunc_ln42_20, i16 %sext_ln42_13" [firmware/nnet_utils/nnet_dense_latency.h:58]   --->   Operation 551 'add' 'add_ln58_76' <Predicate = true> <Delay = 0.78> <CoreInst = "Adder">   --->   Core 1 'Adder' <Latency = 0> <II = 1> <Delay = 0.78> <FuncUnit> <Opcode : 'add' 'sub'> <InPorts = 2> <OutPorts = 1>
ST_1 : Operation 552 [1/1] (0.67ns) (root node of TernaryAdder)   --->   "%add_ln58_77 = add i16 %add_ln58_76, i16 %add_ln58_75" [firmware/nnet_utils/nnet_dense_latency.h:58]   --->   Operation 552 'add' 'add_ln58_77' <Predicate = true> <Delay = 0.67> <CoreInst = "TAddSub">   --->   Core 10 'TAddSub' <Latency = 0> <II = 1> <Delay = 0.33> <IPBlock> <Opcode : '' 'add' 'sub'> <InPorts = 3> <OutPorts = 1> <Sync> <CReg>
ST_1 : Operation 553 [1/1] (0.00ns) (grouped into TernaryAdder)   --->   "%add_ln58_78 = add i16 %trunc_ln42_36, i16 %trunc_ln42_44" [firmware/nnet_utils/nnet_dense_latency.h:58]   --->   Operation 553 'add' 'add_ln58_78' <Predicate = true> <Delay = 0.00> <CoreInst = "TAddSub">   --->   Core 10 'TAddSub' <Latency = 0> <II = 1> <Delay = 0.33> <IPBlock> <Opcode : '' 'add' 'sub'> <InPorts = 3> <OutPorts = 1> <Sync> <CReg>
ST_1 : Operation 554 [1/1] (0.78ns)   --->   "%add_ln58_79 = add i16 %trunc_ln42_52, i16 %trunc_ln42_60" [firmware/nnet_utils/nnet_dense_latency.h:58]   --->   Operation 554 'add' 'add_ln58_79' <Predicate = true> <Delay = 0.78> <CoreInst = "Adder">   --->   Core 1 'Adder' <Latency = 0> <II = 1> <Delay = 0.78> <FuncUnit> <Opcode : 'add' 'sub'> <InPorts = 2> <OutPorts = 1>
ST_1 : Operation 555 [1/1] (0.67ns) (root node of TernaryAdder)   --->   "%add_ln58_80 = add i16 %add_ln58_79, i16 %add_ln58_78" [firmware/nnet_utils/nnet_dense_latency.h:58]   --->   Operation 555 'add' 'add_ln58_80' <Predicate = true> <Delay = 0.67> <CoreInst = "TAddSub">   --->   Core 10 'TAddSub' <Latency = 0> <II = 1> <Delay = 0.33> <IPBlock> <Opcode : '' 'add' 'sub'> <InPorts = 3> <OutPorts = 1> <Sync> <CReg>
ST_1 : Operation 556 [1/1] (0.78ns)   --->   "%add_ln58_82 = add i16 %sext_ln42_26, i16 %trunc_ln42_76" [firmware/nnet_utils/nnet_dense_latency.h:58]   --->   Operation 556 'add' 'add_ln58_82' <Predicate = true> <Delay = 0.78> <CoreInst = "Adder">   --->   Core 1 'Adder' <Latency = 0> <II = 1> <Delay = 0.78> <FuncUnit> <Opcode : 'add' 'sub'> <InPorts = 2> <OutPorts = 1>
ST_1 : Operation 557 [1/1] (0.78ns)   --->   "%add_ln58_83 = add i16 %sext_ln42_33, i16 %trunc_ln42_92" [firmware/nnet_utils/nnet_dense_latency.h:58]   --->   Operation 557 'add' 'add_ln58_83' <Predicate = true> <Delay = 0.78> <CoreInst = "Adder">   --->   Core 1 'Adder' <Latency = 0> <II = 1> <Delay = 0.78> <FuncUnit> <Opcode : 'add' 'sub'> <InPorts = 2> <OutPorts = 1>
ST_1 : Operation 558 [1/1] (0.00ns) (grouped into TernaryAdder)   --->   "%add_ln58_85 = add i16 %trunc_ln42_100, i16 %sext_ln42_45" [firmware/nnet_utils/nnet_dense_latency.h:58]   --->   Operation 558 'add' 'add_ln58_85' <Predicate = true> <Delay = 0.00> <CoreInst = "TAddSub">   --->   Core 10 'TAddSub' <Latency = 0> <II = 1> <Delay = 0.33> <IPBlock> <Opcode : '' 'add' 'sub'> <InPorts = 3> <OutPorts = 1> <Sync> <CReg>
ST_1 : Operation 559 [1/1] (0.76ns)   --->   "%add_ln58_86 = add i15 %sext_ln73_49, i15 %sext_ln73_58" [firmware/nnet_utils/nnet_dense_latency.h:58]   --->   Operation 559 'add' 'add_ln58_86' <Predicate = true> <Delay = 0.76> <CoreInst = "Adder">   --->   Core 1 'Adder' <Latency = 0> <II = 1> <Delay = 0.76> <FuncUnit> <Opcode : 'add' 'sub'> <InPorts = 2> <OutPorts = 1>
ST_1 : Operation 560 [1/1] (0.00ns)   --->   "%sext_ln58_6 = sext i15 %add_ln58_86" [firmware/nnet_utils/nnet_dense_latency.h:58]   --->   Operation 560 'sext' 'sext_ln58_6' <Predicate = true> <Delay = 0.00>
ST_1 : Operation 561 [1/1] (0.67ns) (root node of TernaryAdder)   --->   "%add_ln58_87 = add i16 %sext_ln58_6, i16 %add_ln58_85" [firmware/nnet_utils/nnet_dense_latency.h:58]   --->   Operation 561 'add' 'add_ln58_87' <Predicate = true> <Delay = 0.67> <CoreInst = "TAddSub">   --->   Core 10 'TAddSub' <Latency = 0> <II = 1> <Delay = 0.33> <IPBlock> <Opcode : '' 'add' 'sub'> <InPorts = 3> <OutPorts = 1> <Sync> <CReg>
ST_1 : Operation 562 [1/1] (0.00ns) (grouped into TernaryAdder)   --->   "%add_ln58_90 = add i16 %trunc_ln42_13, i16 %sext_ln42_2" [firmware/nnet_utils/nnet_dense_latency.h:58]   --->   Operation 562 'add' 'add_ln58_90' <Predicate = true> <Delay = 0.00> <CoreInst = "TAddSub">   --->   Core 10 'TAddSub' <Latency = 0> <II = 1> <Delay = 0.33> <IPBlock> <Opcode : '' 'add' 'sub'> <InPorts = 3> <OutPorts = 1> <Sync> <CReg>
ST_1 : Operation 563 [1/1] (0.77ns)   --->   "%add_ln58_91 = add i16 %sext_ln42_9, i16 %sext_ln42_14" [firmware/nnet_utils/nnet_dense_latency.h:58]   --->   Operation 563 'add' 'add_ln58_91' <Predicate = true> <Delay = 0.77> <CoreInst = "Adder">   --->   Core 1 'Adder' <Latency = 0> <II = 1> <Delay = 0.77> <FuncUnit> <Opcode : 'add' 'sub'> <InPorts = 2> <OutPorts = 1>
ST_1 : Operation 564 [1/1] (0.67ns) (root node of TernaryAdder)   --->   "%add_ln58_92 = add i16 %add_ln58_91, i16 %add_ln58_90" [firmware/nnet_utils/nnet_dense_latency.h:58]   --->   Operation 564 'add' 'add_ln58_92' <Predicate = true> <Delay = 0.67> <CoreInst = "TAddSub">   --->   Core 10 'TAddSub' <Latency = 0> <II = 1> <Delay = 0.33> <IPBlock> <Opcode : '' 'add' 'sub'> <InPorts = 3> <OutPorts = 1> <Sync> <CReg>
ST_1 : Operation 565 [1/1] (0.00ns) (grouped into TernaryAdder)   --->   "%add_ln58_93 = add i16 %trunc_ln42_37, i16 %sext_ln42_20" [firmware/nnet_utils/nnet_dense_latency.h:58]   --->   Operation 565 'add' 'add_ln58_93' <Predicate = true> <Delay = 0.00> <CoreInst = "TAddSub">   --->   Core 10 'TAddSub' <Latency = 0> <II = 1> <Delay = 0.33> <IPBlock> <Opcode : '' 'add' 'sub'> <InPorts = 3> <OutPorts = 1> <Sync> <CReg>
ST_1 : Operation 566 [1/1] (0.78ns)   --->   "%add_ln58_94 = add i16 %trunc_ln42_53, i16 %trunc_ln42_61" [firmware/nnet_utils/nnet_dense_latency.h:58]   --->   Operation 566 'add' 'add_ln58_94' <Predicate = true> <Delay = 0.78> <CoreInst = "Adder">   --->   Core 1 'Adder' <Latency = 0> <II = 1> <Delay = 0.78> <FuncUnit> <Opcode : 'add' 'sub'> <InPorts = 2> <OutPorts = 1>
ST_1 : Operation 567 [1/1] (0.67ns) (root node of TernaryAdder)   --->   "%add_ln58_95 = add i16 %add_ln58_94, i16 %add_ln58_93" [firmware/nnet_utils/nnet_dense_latency.h:58]   --->   Operation 567 'add' 'add_ln58_95' <Predicate = true> <Delay = 0.67> <CoreInst = "TAddSub">   --->   Core 10 'TAddSub' <Latency = 0> <II = 1> <Delay = 0.33> <IPBlock> <Opcode : '' 'add' 'sub'> <InPorts = 3> <OutPorts = 1> <Sync> <CReg>
ST_1 : Operation 568 [1/1] (0.78ns)   --->   "%add_ln58_97 = add i16 %trunc_ln42_69, i16 %trunc_ln42_77" [firmware/nnet_utils/nnet_dense_latency.h:58]   --->   Operation 568 'add' 'add_ln58_97' <Predicate = true> <Delay = 0.78> <CoreInst = "Adder">   --->   Core 1 'Adder' <Latency = 0> <II = 1> <Delay = 0.78> <FuncUnit> <Opcode : 'add' 'sub'> <InPorts = 2> <OutPorts = 1>
ST_1 : Operation 569 [1/1] (0.78ns)   --->   "%add_ln58_98 = add i16 %trunc_ln42_85, i16 %sext_ln42_38" [firmware/nnet_utils/nnet_dense_latency.h:58]   --->   Operation 569 'add' 'add_ln58_98' <Predicate = true> <Delay = 0.78> <CoreInst = "Adder">   --->   Core 1 'Adder' <Latency = 0> <II = 1> <Delay = 0.78> <FuncUnit> <Opcode : 'add' 'sub'> <InPorts = 2> <OutPorts = 1>
ST_1 : Operation 570 [1/1] (0.00ns) (grouped into TernaryAdder)   --->   "%add_ln58_100 = add i16 %sext_ln42_42, i16 %trunc_ln42_109" [firmware/nnet_utils/nnet_dense_latency.h:58]   --->   Operation 570 'add' 'add_ln58_100' <Predicate = true> <Delay = 0.00> <CoreInst = "TAddSub">   --->   Core 10 'TAddSub' <Latency = 0> <II = 1> <Delay = 0.33> <IPBlock> <Opcode : '' 'add' 'sub'> <InPorts = 3> <OutPorts = 1> <Sync> <CReg>
ST_1 : Operation 571 [1/1] (0.78ns)   --->   "%add_ln58_101 = add i16 %trunc_ln42_117, i16 %trunc_ln42_125" [firmware/nnet_utils/nnet_dense_latency.h:58]   --->   Operation 571 'add' 'add_ln58_101' <Predicate = true> <Delay = 0.78> <CoreInst = "Adder">   --->   Core 1 'Adder' <Latency = 0> <II = 1> <Delay = 0.78> <FuncUnit> <Opcode : 'add' 'sub'> <InPorts = 2> <OutPorts = 1>
ST_1 : Operation 572 [1/1] (0.67ns) (root node of TernaryAdder)   --->   "%add_ln58_102 = add i16 %add_ln58_101, i16 %add_ln58_100" [firmware/nnet_utils/nnet_dense_latency.h:58]   --->   Operation 572 'add' 'add_ln58_102' <Predicate = true> <Delay = 0.67> <CoreInst = "TAddSub">   --->   Core 10 'TAddSub' <Latency = 0> <II = 1> <Delay = 0.33> <IPBlock> <Opcode : '' 'add' 'sub'> <InPorts = 3> <OutPorts = 1> <Sync> <CReg>
ST_1 : Operation 573 [1/1] (0.00ns) (grouped into TernaryAdder)   --->   "%add_ln58_105 = add i16 %sext_ln42_5, i16 %sext_ln42_3" [firmware/nnet_utils/nnet_dense_latency.h:58]   --->   Operation 573 'add' 'add_ln58_105' <Predicate = true> <Delay = 0.00> <CoreInst = "TAddSub">   --->   Core 10 'TAddSub' <Latency = 0> <II = 1> <Delay = 0.33> <IPBlock> <Opcode : '' 'add' 'sub'> <InPorts = 3> <OutPorts = 1> <Sync> <CReg>
ST_1 : Operation 574 [1/1] (0.78ns)   --->   "%add_ln58_106 = add i16 %sext_ln42_10, i16 %trunc_ln42_30" [firmware/nnet_utils/nnet_dense_latency.h:58]   --->   Operation 574 'add' 'add_ln58_106' <Predicate = true> <Delay = 0.78> <CoreInst = "Adder">   --->   Core 1 'Adder' <Latency = 0> <II = 1> <Delay = 0.78> <FuncUnit> <Opcode : 'add' 'sub'> <InPorts = 2> <OutPorts = 1>
ST_1 : Operation 575 [1/1] (0.67ns) (root node of TernaryAdder)   --->   "%add_ln58_107 = add i16 %add_ln58_106, i16 %add_ln58_105" [firmware/nnet_utils/nnet_dense_latency.h:58]   --->   Operation 575 'add' 'add_ln58_107' <Predicate = true> <Delay = 0.67> <CoreInst = "TAddSub">   --->   Core 10 'TAddSub' <Latency = 0> <II = 1> <Delay = 0.33> <IPBlock> <Opcode : '' 'add' 'sub'> <InPorts = 3> <OutPorts = 1> <Sync> <CReg>
ST_1 : Operation 576 [1/1] (0.74ns)   --->   "%add_ln58_108 = add i13 %trunc_ln42_38_cast, i13 %trunc_ln42_46_cast" [firmware/nnet_utils/nnet_dense_latency.h:58]   --->   Operation 576 'add' 'add_ln58_108' <Predicate = true> <Delay = 0.74> <CoreInst = "Adder">   --->   Core 1 'Adder' <Latency = 0> <II = 1> <Delay = 0.74> <FuncUnit> <Opcode : 'add' 'sub'> <InPorts = 2> <OutPorts = 1>
ST_1 : Operation 577 [1/1] (0.00ns)   --->   "%sext_ln58_7 = sext i13 %add_ln58_108" [firmware/nnet_utils/nnet_dense_latency.h:58]   --->   Operation 577 'sext' 'sext_ln58_7' <Predicate = true> <Delay = 0.00>
ST_1 : Operation 578 [1/1] (0.00ns) (grouped into TernaryAdder)   --->   "%add_ln58_109 = add i16 %trunc_ln42_54, i16 %trunc_ln42_62" [firmware/nnet_utils/nnet_dense_latency.h:58]   --->   Operation 578 'add' 'add_ln58_109' <Predicate = true> <Delay = 0.00> <CoreInst = "TAddSub">   --->   Core 10 'TAddSub' <Latency = 0> <II = 1> <Delay = 0.33> <IPBlock> <Opcode : '' 'add' 'sub'> <InPorts = 3> <OutPorts = 1> <Sync> <CReg>
ST_1 : Operation 579 [1/1] (0.67ns) (root node of TernaryAdder)   --->   "%add_ln58_110 = add i16 %add_ln58_109, i16 %sext_ln58_7" [firmware/nnet_utils/nnet_dense_latency.h:58]   --->   Operation 579 'add' 'add_ln58_110' <Predicate = true> <Delay = 0.67> <CoreInst = "TAddSub">   --->   Core 10 'TAddSub' <Latency = 0> <II = 1> <Delay = 0.33> <IPBlock> <Opcode : '' 'add' 'sub'> <InPorts = 3> <OutPorts = 1> <Sync> <CReg>
ST_1 : Operation 580 [1/1] (0.78ns)   --->   "%add_ln58_112 = add i16 %sext_ln42_27, i16 %trunc_ln42_78" [firmware/nnet_utils/nnet_dense_latency.h:58]   --->   Operation 580 'add' 'add_ln58_112' <Predicate = true> <Delay = 0.78> <CoreInst = "Adder">   --->   Core 1 'Adder' <Latency = 0> <II = 1> <Delay = 0.78> <FuncUnit> <Opcode : 'add' 'sub'> <InPorts = 2> <OutPorts = 1>
ST_1 : Operation 581 [1/1] (0.78ns)   --->   "%add_ln58_113 = add i16 %sext_ln42_34, i16 %trunc_ln42_94" [firmware/nnet_utils/nnet_dense_latency.h:58]   --->   Operation 581 'add' 'add_ln58_113' <Predicate = true> <Delay = 0.78> <CoreInst = "Adder">   --->   Core 1 'Adder' <Latency = 0> <II = 1> <Delay = 0.78> <FuncUnit> <Opcode : 'add' 'sub'> <InPorts = 2> <OutPorts = 1>
ST_1 : Operation 582 [1/1] (0.00ns) (grouped into TernaryAdder)   --->   "%add_ln58_115 = add i16 %trunc_ln42_102, i16 %sext_ln42_46" [firmware/nnet_utils/nnet_dense_latency.h:58]   --->   Operation 582 'add' 'add_ln58_115' <Predicate = true> <Delay = 0.00> <CoreInst = "TAddSub">   --->   Core 10 'TAddSub' <Latency = 0> <II = 1> <Delay = 0.33> <IPBlock> <Opcode : '' 'add' 'sub'> <InPorts = 3> <OutPorts = 1> <Sync> <CReg>
ST_1 : Operation 583 [1/1] (0.78ns)   --->   "%add_ln58_116 = add i16 %sext_ln42_50, i16 %trunc_ln42_126" [firmware/nnet_utils/nnet_dense_latency.h:58]   --->   Operation 583 'add' 'add_ln58_116' <Predicate = true> <Delay = 0.78> <CoreInst = "Adder">   --->   Core 1 'Adder' <Latency = 0> <II = 1> <Delay = 0.78> <FuncUnit> <Opcode : 'add' 'sub'> <InPorts = 2> <OutPorts = 1>
ST_1 : Operation 584 [1/1] (0.67ns) (root node of TernaryAdder)   --->   "%add_ln58_117 = add i16 %add_ln58_116, i16 %add_ln58_115" [firmware/nnet_utils/nnet_dense_latency.h:58]   --->   Operation 584 'add' 'add_ln58_117' <Predicate = true> <Delay = 0.67> <CoreInst = "TAddSub">   --->   Core 10 'TAddSub' <Latency = 0> <II = 1> <Delay = 0.33> <IPBlock> <Opcode : '' 'add' 'sub'> <InPorts = 3> <OutPorts = 1> <Sync> <CReg>

State 2 <SV = 1> <Delay = 1.35>
ST_2 : Operation 585 [1/1] (0.00ns)   --->   "%specpipeline_ln33 = specpipeline void @_ssdm_op_SpecPipeline, i32 1, i32 0, i32 0, i32 0, void @empty_0" [firmware/nnet_utils/nnet_dense_latency.h:33]   --->   Operation 585 'specpipeline' 'specpipeline_ln33' <Predicate = true> <Delay = 0.00>
ST_2 : Operation 586 [1/1] (0.00ns)   --->   "%specresourcelimit_ln33 = specresourcelimit void @_ssdm_op_SpecResourceLimit, i64 128, void @empty_1, void @empty_0, void @empty_0, void @empty_0" [firmware/nnet_utils/nnet_dense_latency.h:33]   --->   Operation 586 'specresourcelimit' 'specresourcelimit_ln33' <Predicate = true> <Delay = 0.00>
ST_2 : Operation 587 [1/1] (0.00ns) (grouped into TernaryAdder)   --->   "%add_ln58_6 = add i16 %add_ln58_5, i16 %add_ln58_2" [firmware/nnet_utils/nnet_dense_latency.h:58]   --->   Operation 587 'add' 'add_ln58_6' <Predicate = true> <Delay = 0.00> <CoreInst = "TAddSub">   --->   Core 10 'TAddSub' <Latency = 0> <II = 1> <Delay = 0.33> <IPBlock> <Opcode : '' 'add' 'sub'> <InPorts = 3> <OutPorts = 1> <Sync> <CReg>
ST_2 : Operation 588 [1/1] (0.00ns) (grouped into TernaryAdder)   --->   "%add_ln58_9 = add i16 %add_ln58_8, i16 %add_ln58_7" [firmware/nnet_utils/nnet_dense_latency.h:58]   --->   Operation 588 'add' 'add_ln58_9' <Predicate = true> <Delay = 0.00> <CoreInst = "TAddSub">   --->   Core 10 'TAddSub' <Latency = 0> <II = 1> <Delay = 0.33> <IPBlock> <Opcode : '' 'add' 'sub'> <InPorts = 3> <OutPorts = 1> <Sync> <CReg>
ST_2 : Operation 589 [1/1] (0.67ns) (root node of TernaryAdder)   --->   "%add_ln58_13 = add i16 %add_ln58_12, i16 %add_ln58_9" [firmware/nnet_utils/nnet_dense_latency.h:58]   --->   Operation 589 'add' 'add_ln58_13' <Predicate = true> <Delay = 0.67> <CoreInst = "TAddSub">   --->   Core 10 'TAddSub' <Latency = 0> <II = 1> <Delay = 0.33> <IPBlock> <Opcode : '' 'add' 'sub'> <InPorts = 3> <OutPorts = 1> <Sync> <CReg>
ST_2 : Operation 590 [1/1] (0.67ns) (root node of TernaryAdder)   --->   "%add_ln58_14 = add i16 %add_ln58_13, i16 %add_ln58_6" [firmware/nnet_utils/nnet_dense_latency.h:58]   --->   Operation 590 'add' 'add_ln58_14' <Predicate = true> <Delay = 0.67> <CoreInst = "TAddSub">   --->   Core 10 'TAddSub' <Latency = 0> <II = 1> <Delay = 0.33> <IPBlock> <Opcode : '' 'add' 'sub'> <InPorts = 3> <OutPorts = 1> <Sync> <CReg>
ST_2 : Operation 591 [1/1] (0.00ns) (grouped into TernaryAdder)   --->   "%add_ln58_21 = add i16 %add_ln58_20, i16 %add_ln58_17" [firmware/nnet_utils/nnet_dense_latency.h:58]   --->   Operation 591 'add' 'add_ln58_21' <Predicate = true> <Delay = 0.00> <CoreInst = "TAddSub">   --->   Core 10 'TAddSub' <Latency = 0> <II = 1> <Delay = 0.33> <IPBlock> <Opcode : '' 'add' 'sub'> <InPorts = 3> <OutPorts = 1> <Sync> <CReg>
ST_2 : Operation 592 [1/1] (0.67ns) (root node of TernaryAdder)   --->   "%add_ln58_29 = add i16 %add_ln58_28, i16 %add_ln58_21" [firmware/nnet_utils/nnet_dense_latency.h:58]   --->   Operation 592 'add' 'add_ln58_29' <Predicate = true> <Delay = 0.67> <CoreInst = "TAddSub">   --->   Core 10 'TAddSub' <Latency = 0> <II = 1> <Delay = 0.33> <IPBlock> <Opcode : '' 'add' 'sub'> <InPorts = 3> <OutPorts = 1> <Sync> <CReg>
ST_2 : Operation 593 [1/1] (0.00ns) (grouped into TernaryAdder)   --->   "%add_ln58_36 = add i16 %add_ln58_35, i16 %add_ln58_32" [firmware/nnet_utils/nnet_dense_latency.h:58]   --->   Operation 593 'add' 'add_ln58_36' <Predicate = true> <Delay = 0.00> <CoreInst = "TAddSub">   --->   Core 10 'TAddSub' <Latency = 0> <II = 1> <Delay = 0.33> <IPBlock> <Opcode : '' 'add' 'sub'> <InPorts = 3> <OutPorts = 1> <Sync> <CReg>
ST_2 : Operation 594 [1/1] (0.00ns) (grouped into TernaryAdder)   --->   "%add_ln58_39 = add i16 %add_ln58_38, i16 %add_ln58_37" [firmware/nnet_utils/nnet_dense_latency.h:58]   --->   Operation 594 'add' 'add_ln58_39' <Predicate = true> <Delay = 0.00> <CoreInst = "TAddSub">   --->   Core 10 'TAddSub' <Latency = 0> <II = 1> <Delay = 0.33> <IPBlock> <Opcode : '' 'add' 'sub'> <InPorts = 3> <OutPorts = 1> <Sync> <CReg>
ST_2 : Operation 595 [1/1] (0.67ns) (root node of TernaryAdder)   --->   "%add_ln58_43 = add i16 %add_ln58_42, i16 %add_ln58_39" [firmware/nnet_utils/nnet_dense_latency.h:58]   --->   Operation 595 'add' 'add_ln58_43' <Predicate = true> <Delay = 0.67> <CoreInst = "TAddSub">   --->   Core 10 'TAddSub' <Latency = 0> <II = 1> <Delay = 0.33> <IPBlock> <Opcode : '' 'add' 'sub'> <InPorts = 3> <OutPorts = 1> <Sync> <CReg>
ST_2 : Operation 596 [1/1] (0.67ns) (root node of TernaryAdder)   --->   "%add_ln58_44 = add i16 %add_ln58_43, i16 %add_ln58_36" [firmware/nnet_utils/nnet_dense_latency.h:58]   --->   Operation 596 'add' 'add_ln58_44' <Predicate = true> <Delay = 0.67> <CoreInst = "TAddSub">   --->   Core 10 'TAddSub' <Latency = 0> <II = 1> <Delay = 0.33> <IPBlock> <Opcode : '' 'add' 'sub'> <InPorts = 3> <OutPorts = 1> <Sync> <CReg>
ST_2 : Operation 597 [1/1] (0.00ns) (grouped into TernaryAdder)   --->   "%add_ln58_51 = add i16 %add_ln58_50, i16 %add_ln58_47" [firmware/nnet_utils/nnet_dense_latency.h:58]   --->   Operation 597 'add' 'add_ln58_51' <Predicate = true> <Delay = 0.00> <CoreInst = "TAddSub">   --->   Core 10 'TAddSub' <Latency = 0> <II = 1> <Delay = 0.33> <IPBlock> <Opcode : '' 'add' 'sub'> <InPorts = 3> <OutPorts = 1> <Sync> <CReg>
ST_2 : Operation 598 [1/1] (0.67ns) (root node of TernaryAdder)   --->   "%add_ln58_59 = add i16 %add_ln58_58, i16 %add_ln58_51" [firmware/nnet_utils/nnet_dense_latency.h:58]   --->   Operation 598 'add' 'add_ln58_59' <Predicate = true> <Delay = 0.67> <CoreInst = "TAddSub">   --->   Core 10 'TAddSub' <Latency = 0> <II = 1> <Delay = 0.33> <IPBlock> <Opcode : '' 'add' 'sub'> <InPorts = 3> <OutPorts = 1> <Sync> <CReg>
ST_2 : Operation 599 [1/1] (0.00ns) (grouped into TernaryAdder)   --->   "%add_ln58_66 = add i16 %add_ln58_65, i16 %add_ln58_62" [firmware/nnet_utils/nnet_dense_latency.h:58]   --->   Operation 599 'add' 'add_ln58_66' <Predicate = true> <Delay = 0.00> <CoreInst = "TAddSub">   --->   Core 10 'TAddSub' <Latency = 0> <II = 1> <Delay = 0.33> <IPBlock> <Opcode : '' 'add' 'sub'> <InPorts = 3> <OutPorts = 1> <Sync> <CReg>
ST_2 : Operation 600 [1/1] (0.00ns) (grouped into TernaryAdder)   --->   "%add_ln58_69 = add i16 %add_ln58_68, i16 %add_ln58_67" [firmware/nnet_utils/nnet_dense_latency.h:58]   --->   Operation 600 'add' 'add_ln58_69' <Predicate = true> <Delay = 0.00> <CoreInst = "TAddSub">   --->   Core 10 'TAddSub' <Latency = 0> <II = 1> <Delay = 0.33> <IPBlock> <Opcode : '' 'add' 'sub'> <InPorts = 3> <OutPorts = 1> <Sync> <CReg>
ST_2 : Operation 601 [1/1] (0.67ns) (root node of TernaryAdder)   --->   "%add_ln58_73 = add i16 %add_ln58_72, i16 %add_ln58_69" [firmware/nnet_utils/nnet_dense_latency.h:58]   --->   Operation 601 'add' 'add_ln58_73' <Predicate = true> <Delay = 0.67> <CoreInst = "TAddSub">   --->   Core 10 'TAddSub' <Latency = 0> <II = 1> <Delay = 0.33> <IPBlock> <Opcode : '' 'add' 'sub'> <InPorts = 3> <OutPorts = 1> <Sync> <CReg>
ST_2 : Operation 602 [1/1] (0.67ns) (root node of TernaryAdder)   --->   "%add_ln58_74 = add i16 %add_ln58_73, i16 %add_ln58_66" [firmware/nnet_utils/nnet_dense_latency.h:58]   --->   Operation 602 'add' 'add_ln58_74' <Predicate = true> <Delay = 0.67> <CoreInst = "TAddSub">   --->   Core 10 'TAddSub' <Latency = 0> <II = 1> <Delay = 0.33> <IPBlock> <Opcode : '' 'add' 'sub'> <InPorts = 3> <OutPorts = 1> <Sync> <CReg>
ST_2 : Operation 603 [1/1] (0.00ns) (grouped into TernaryAdder)   --->   "%add_ln58_81 = add i16 %add_ln58_80, i16 %add_ln58_77" [firmware/nnet_utils/nnet_dense_latency.h:58]   --->   Operation 603 'add' 'add_ln58_81' <Predicate = true> <Delay = 0.00> <CoreInst = "TAddSub">   --->   Core 10 'TAddSub' <Latency = 0> <II = 1> <Delay = 0.33> <IPBlock> <Opcode : '' 'add' 'sub'> <InPorts = 3> <OutPorts = 1> <Sync> <CReg>
ST_2 : Operation 604 [1/1] (0.00ns) (grouped into TernaryAdder)   --->   "%add_ln58_84 = add i16 %add_ln58_83, i16 %add_ln58_82" [firmware/nnet_utils/nnet_dense_latency.h:58]   --->   Operation 604 'add' 'add_ln58_84' <Predicate = true> <Delay = 0.00> <CoreInst = "TAddSub">   --->   Core 10 'TAddSub' <Latency = 0> <II = 1> <Delay = 0.33> <IPBlock> <Opcode : '' 'add' 'sub'> <InPorts = 3> <OutPorts = 1> <Sync> <CReg>
ST_2 : Operation 605 [1/1] (0.67ns) (root node of TernaryAdder)   --->   "%add_ln58_88 = add i16 %add_ln58_87, i16 %add_ln58_84" [firmware/nnet_utils/nnet_dense_latency.h:58]   --->   Operation 605 'add' 'add_ln58_88' <Predicate = true> <Delay = 0.67> <CoreInst = "TAddSub">   --->   Core 10 'TAddSub' <Latency = 0> <II = 1> <Delay = 0.33> <IPBlock> <Opcode : '' 'add' 'sub'> <InPorts = 3> <OutPorts = 1> <Sync> <CReg>
ST_2 : Operation 606 [1/1] (0.67ns) (root node of TernaryAdder)   --->   "%add_ln58_89 = add i16 %add_ln58_88, i16 %add_ln58_81" [firmware/nnet_utils/nnet_dense_latency.h:58]   --->   Operation 606 'add' 'add_ln58_89' <Predicate = true> <Delay = 0.67> <CoreInst = "TAddSub">   --->   Core 10 'TAddSub' <Latency = 0> <II = 1> <Delay = 0.33> <IPBlock> <Opcode : '' 'add' 'sub'> <InPorts = 3> <OutPorts = 1> <Sync> <CReg>
ST_2 : Operation 607 [1/1] (0.00ns) (grouped into TernaryAdder)   --->   "%add_ln58_96 = add i16 %add_ln58_95, i16 %add_ln58_92" [firmware/nnet_utils/nnet_dense_latency.h:58]   --->   Operation 607 'add' 'add_ln58_96' <Predicate = true> <Delay = 0.00> <CoreInst = "TAddSub">   --->   Core 10 'TAddSub' <Latency = 0> <II = 1> <Delay = 0.33> <IPBlock> <Opcode : '' 'add' 'sub'> <InPorts = 3> <OutPorts = 1> <Sync> <CReg>
ST_2 : Operation 608 [1/1] (0.00ns) (grouped into TernaryAdder)   --->   "%add_ln58_99 = add i16 %add_ln58_98, i16 %add_ln58_97" [firmware/nnet_utils/nnet_dense_latency.h:58]   --->   Operation 608 'add' 'add_ln58_99' <Predicate = true> <Delay = 0.00> <CoreInst = "TAddSub">   --->   Core 10 'TAddSub' <Latency = 0> <II = 1> <Delay = 0.33> <IPBlock> <Opcode : '' 'add' 'sub'> <InPorts = 3> <OutPorts = 1> <Sync> <CReg>
ST_2 : Operation 609 [1/1] (0.67ns) (root node of TernaryAdder)   --->   "%add_ln58_103 = add i16 %add_ln58_102, i16 %add_ln58_99" [firmware/nnet_utils/nnet_dense_latency.h:58]   --->   Operation 609 'add' 'add_ln58_103' <Predicate = true> <Delay = 0.67> <CoreInst = "TAddSub">   --->   Core 10 'TAddSub' <Latency = 0> <II = 1> <Delay = 0.33> <IPBlock> <Opcode : '' 'add' 'sub'> <InPorts = 3> <OutPorts = 1> <Sync> <CReg>
ST_2 : Operation 610 [1/1] (0.67ns) (root node of TernaryAdder)   --->   "%add_ln58_104 = add i16 %add_ln58_103, i16 %add_ln58_96" [firmware/nnet_utils/nnet_dense_latency.h:58]   --->   Operation 610 'add' 'add_ln58_104' <Predicate = true> <Delay = 0.67> <CoreInst = "TAddSub">   --->   Core 10 'TAddSub' <Latency = 0> <II = 1> <Delay = 0.33> <IPBlock> <Opcode : '' 'add' 'sub'> <InPorts = 3> <OutPorts = 1> <Sync> <CReg>
ST_2 : Operation 611 [1/1] (0.00ns) (grouped into TernaryAdder)   --->   "%add_ln58_111 = add i16 %add_ln58_110, i16 %add_ln58_107" [firmware/nnet_utils/nnet_dense_latency.h:58]   --->   Operation 611 'add' 'add_ln58_111' <Predicate = true> <Delay = 0.00> <CoreInst = "TAddSub">   --->   Core 10 'TAddSub' <Latency = 0> <II = 1> <Delay = 0.33> <IPBlock> <Opcode : '' 'add' 'sub'> <InPorts = 3> <OutPorts = 1> <Sync> <CReg>
ST_2 : Operation 612 [1/1] (0.00ns) (grouped into TernaryAdder)   --->   "%add_ln58_114 = add i16 %add_ln58_113, i16 %add_ln58_112" [firmware/nnet_utils/nnet_dense_latency.h:58]   --->   Operation 612 'add' 'add_ln58_114' <Predicate = true> <Delay = 0.00> <CoreInst = "TAddSub">   --->   Core 10 'TAddSub' <Latency = 0> <II = 1> <Delay = 0.33> <IPBlock> <Opcode : '' 'add' 'sub'> <InPorts = 3> <OutPorts = 1> <Sync> <CReg>
ST_2 : Operation 613 [1/1] (0.67ns) (root node of TernaryAdder)   --->   "%add_ln58_118 = add i16 %add_ln58_117, i16 %add_ln58_114" [firmware/nnet_utils/nnet_dense_latency.h:58]   --->   Operation 613 'add' 'add_ln58_118' <Predicate = true> <Delay = 0.67> <CoreInst = "TAddSub">   --->   Core 10 'TAddSub' <Latency = 0> <II = 1> <Delay = 0.33> <IPBlock> <Opcode : '' 'add' 'sub'> <InPorts = 3> <OutPorts = 1> <Sync> <CReg>
ST_2 : Operation 614 [1/1] (0.67ns) (root node of TernaryAdder)   --->   "%add_ln58_119 = add i16 %add_ln58_118, i16 %add_ln58_111" [firmware/nnet_utils/nnet_dense_latency.h:58]   --->   Operation 614 'add' 'add_ln58_119' <Predicate = true> <Delay = 0.67> <CoreInst = "TAddSub">   --->   Core 10 'TAddSub' <Latency = 0> <II = 1> <Delay = 0.33> <IPBlock> <Opcode : '' 'add' 'sub'> <InPorts = 3> <OutPorts = 1> <Sync> <CReg>
ST_2 : Operation 615 [1/1] (0.00ns)   --->   "%shl_ln = bitconcatenate i26 @_ssdm_op_BitConcatenate.i26.i16.i10, i16 %add_ln58_14, i10 0" [firmware/nnet_utils/nnet_mult.h:111->firmware/nnet_utils/nnet_dense_latency.h:66]   --->   Operation 615 'bitconcatenate' 'shl_ln' <Predicate = true> <Delay = 0.00>
ST_2 : Operation 616 [1/1] (0.00ns)   --->   "%sext_ln111 = sext i26 %shl_ln" [firmware/nnet_utils/nnet_mult.h:111->firmware/nnet_utils/nnet_dense_latency.h:66]   --->   Operation 616 'sext' 'sext_ln111' <Predicate = true> <Delay = 0.00>
ST_2 : Operation 617 [1/1] (0.00ns)   --->   "%shl_ln111_1 = bitconcatenate i26 @_ssdm_op_BitConcatenate.i26.i16.i10, i16 %add_ln58_29, i10 0" [firmware/nnet_utils/nnet_mult.h:111->firmware/nnet_utils/nnet_dense_latency.h:66]   --->   Operation 617 'bitconcatenate' 'shl_ln111_1' <Predicate = true> <Delay = 0.00>
ST_2 : Operation 618 [1/1] (0.00ns)   --->   "%sext_ln111_1 = sext i26 %shl_ln111_1" [firmware/nnet_utils/nnet_mult.h:111->firmware/nnet_utils/nnet_dense_latency.h:66]   --->   Operation 618 'sext' 'sext_ln111_1' <Predicate = true> <Delay = 0.00>
ST_2 : Operation 619 [1/1] (0.00ns)   --->   "%shl_ln111_2 = bitconcatenate i26 @_ssdm_op_BitConcatenate.i26.i16.i10, i16 %add_ln58_44, i10 0" [firmware/nnet_utils/nnet_mult.h:111->firmware/nnet_utils/nnet_dense_latency.h:66]   --->   Operation 619 'bitconcatenate' 'shl_ln111_2' <Predicate = true> <Delay = 0.00>
ST_2 : Operation 620 [1/1] (0.00ns)   --->   "%sext_ln111_2 = sext i26 %shl_ln111_2" [firmware/nnet_utils/nnet_mult.h:111->firmware/nnet_utils/nnet_dense_latency.h:66]   --->   Operation 620 'sext' 'sext_ln111_2' <Predicate = true> <Delay = 0.00>
ST_2 : Operation 621 [1/1] (0.00ns)   --->   "%shl_ln111_3 = bitconcatenate i26 @_ssdm_op_BitConcatenate.i26.i16.i10, i16 %add_ln58_59, i10 0" [firmware/nnet_utils/nnet_mult.h:111->firmware/nnet_utils/nnet_dense_latency.h:66]   --->   Operation 621 'bitconcatenate' 'shl_ln111_3' <Predicate = true> <Delay = 0.00>
ST_2 : Operation 622 [1/1] (0.00ns)   --->   "%sext_ln111_3 = sext i26 %shl_ln111_3" [firmware/nnet_utils/nnet_mult.h:111->firmware/nnet_utils/nnet_dense_latency.h:66]   --->   Operation 622 'sext' 'sext_ln111_3' <Predicate = true> <Delay = 0.00>
ST_2 : Operation 623 [1/1] (0.00ns)   --->   "%shl_ln111_4 = bitconcatenate i26 @_ssdm_op_BitConcatenate.i26.i16.i10, i16 %add_ln58_74, i10 0" [firmware/nnet_utils/nnet_mult.h:111->firmware/nnet_utils/nnet_dense_latency.h:66]   --->   Operation 623 'bitconcatenate' 'shl_ln111_4' <Predicate = true> <Delay = 0.00>
ST_2 : Operation 624 [1/1] (0.00ns)   --->   "%sext_ln111_4 = sext i26 %shl_ln111_4" [firmware/nnet_utils/nnet_mult.h:111->firmware/nnet_utils/nnet_dense_latency.h:66]   --->   Operation 624 'sext' 'sext_ln111_4' <Predicate = true> <Delay = 0.00>
ST_2 : Operation 625 [1/1] (0.00ns)   --->   "%shl_ln111_5 = bitconcatenate i26 @_ssdm_op_BitConcatenate.i26.i16.i10, i16 %add_ln58_89, i10 0" [firmware/nnet_utils/nnet_mult.h:111->firmware/nnet_utils/nnet_dense_latency.h:66]   --->   Operation 625 'bitconcatenate' 'shl_ln111_5' <Predicate = true> <Delay = 0.00>
ST_2 : Operation 626 [1/1] (0.00ns)   --->   "%sext_ln111_5 = sext i26 %shl_ln111_5" [firmware/nnet_utils/nnet_mult.h:111->firmware/nnet_utils/nnet_dense_latency.h:66]   --->   Operation 626 'sext' 'sext_ln111_5' <Predicate = true> <Delay = 0.00>
ST_2 : Operation 627 [1/1] (0.00ns)   --->   "%shl_ln111_6 = bitconcatenate i26 @_ssdm_op_BitConcatenate.i26.i16.i10, i16 %add_ln58_104, i10 0" [firmware/nnet_utils/nnet_mult.h:111->firmware/nnet_utils/nnet_dense_latency.h:66]   --->   Operation 627 'bitconcatenate' 'shl_ln111_6' <Predicate = true> <Delay = 0.00>
ST_2 : Operation 628 [1/1] (0.00ns)   --->   "%sext_ln111_6 = sext i26 %shl_ln111_6" [firmware/nnet_utils/nnet_mult.h:111->firmware/nnet_utils/nnet_dense_latency.h:66]   --->   Operation 628 'sext' 'sext_ln111_6' <Predicate = true> <Delay = 0.00>
ST_2 : Operation 629 [1/1] (0.00ns)   --->   "%shl_ln111_7 = bitconcatenate i26 @_ssdm_op_BitConcatenate.i26.i16.i10, i16 %add_ln58_119, i10 0" [firmware/nnet_utils/nnet_mult.h:111->firmware/nnet_utils/nnet_dense_latency.h:66]   --->   Operation 629 'bitconcatenate' 'shl_ln111_7' <Predicate = true> <Delay = 0.00>
ST_2 : Operation 630 [1/1] (0.00ns)   --->   "%sext_ln68 = sext i26 %shl_ln111_7" [firmware/nnet_utils/nnet_dense_latency.h:68]   --->   Operation 630 'sext' 'sext_ln68' <Predicate = true> <Delay = 0.00>
ST_2 : Operation 631 [1/1] (0.00ns)   --->   "%mrv = insertvalue i296 <undef>, i37 %sext_ln111" [firmware/nnet_utils/nnet_dense_latency.h:68]   --->   Operation 631 'insertvalue' 'mrv' <Predicate = true> <Delay = 0.00>
ST_2 : Operation 632 [1/1] (0.00ns)   --->   "%mrv_1 = insertvalue i296 %mrv, i37 %sext_ln111_1" [firmware/nnet_utils/nnet_dense_latency.h:68]   --->   Operation 632 'insertvalue' 'mrv_1' <Predicate = true> <Delay = 0.00>
ST_2 : Operation 633 [1/1] (0.00ns)   --->   "%mrv_2 = insertvalue i296 %mrv_1, i37 %sext_ln111_2" [firmware/nnet_utils/nnet_dense_latency.h:68]   --->   Operation 633 'insertvalue' 'mrv_2' <Predicate = true> <Delay = 0.00>
ST_2 : Operation 634 [1/1] (0.00ns)   --->   "%mrv_3 = insertvalue i296 %mrv_2, i37 %sext_ln111_3" [firmware/nnet_utils/nnet_dense_latency.h:68]   --->   Operation 634 'insertvalue' 'mrv_3' <Predicate = true> <Delay = 0.00>
ST_2 : Operation 635 [1/1] (0.00ns)   --->   "%mrv_4 = insertvalue i296 %mrv_3, i37 %sext_ln111_4" [firmware/nnet_utils/nnet_dense_latency.h:68]   --->   Operation 635 'insertvalue' 'mrv_4' <Predicate = true> <Delay = 0.00>
ST_2 : Operation 636 [1/1] (0.00ns)   --->   "%mrv_5 = insertvalue i296 %mrv_4, i37 %sext_ln111_5" [firmware/nnet_utils/nnet_dense_latency.h:68]   --->   Operation 636 'insertvalue' 'mrv_5' <Predicate = true> <Delay = 0.00>
ST_2 : Operation 637 [1/1] (0.00ns)   --->   "%mrv_6 = insertvalue i296 %mrv_5, i37 %sext_ln111_6" [firmware/nnet_utils/nnet_dense_latency.h:68]   --->   Operation 637 'insertvalue' 'mrv_6' <Predicate = true> <Delay = 0.00>
ST_2 : Operation 638 [1/1] (0.00ns)   --->   "%mrv_7 = insertvalue i296 %mrv_6, i37 %sext_ln68" [firmware/nnet_utils/nnet_dense_latency.h:68]   --->   Operation 638 'insertvalue' 'mrv_7' <Predicate = true> <Delay = 0.00>
ST_2 : Operation 639 [1/1] (0.00ns)   --->   "%ret_ln68 = ret i296 %mrv_7" [firmware/nnet_utils/nnet_dense_latency.h:68]   --->   Operation 639 'ret' 'ret_ln68' <Predicate = true> <Delay = 0.00>


============================================================
+ Verbose Summary: Binding
============================================================
STG Binding: 
---------------- STG Properties BEGIN ----------------
- Is combinational: 0
- Is one-state seq: 0
- Is datapath-only: 0
- Is pipelined: 1
- Is top level: 0
Port [ Return ] is wired: 1; IO mode=ap_ctrl_hs:ce=0
Port [ data_val]:  wired=1; compound=0; hidden=0; nouse=0; global=0; static=0; extern=0; dir=0; type=0; pingpong=0; private_global=0; IO mode=ap_none:ce=0
---------------- STG Properties END ------------------

---------------- Datapath Model BEGIN ----------------

<LifeTime>
<method=bitvector/>
data_val_read          (read             ) [ 000]
a                      (trunc            ) [ 000]
sext_ln70              (sext             ) [ 000]
sext_ln70_1            (sext             ) [ 000]
sext_ln70_2            (sext             ) [ 000]
mul_ln73               (mul              ) [ 000]
trunc_ln               (partselect       ) [ 000]
sext_ln42              (sext             ) [ 000]
mul_ln73_1             (mul              ) [ 000]
trunc_ln42_9           (partselect       ) [ 000]
sext_ln73              (sext             ) [ 000]
mul_ln73_2             (mul              ) [ 000]
trunc_ln42_2           (partselect       ) [ 000]
mul_ln73_3             (mul              ) [ 000]
trunc_ln42_3           (partselect       ) [ 000]
mul_ln73_4             (mul              ) [ 000]
trunc_ln42_4           (partselect       ) [ 000]
mul_ln73_5             (mul              ) [ 000]
trunc_ln42_s           (partselect       ) [ 000]
sext_ln42_1            (sext             ) [ 000]
tmp                    (bitconcatenate   ) [ 000]
sext_ln73_1            (sext             ) [ 000]
tmp_9024               (bitconcatenate   ) [ 000]
sext_ln73_2            (sext             ) [ 000]
add_ln73               (add              ) [ 000]
trunc_ln42_1           (partselect       ) [ 000]
sext_ln42_2            (sext             ) [ 000]
mul_ln73_6             (mul              ) [ 000]
trunc_ln42_5           (partselect       ) [ 000]
sext_ln42_3            (sext             ) [ 000]
a_1                    (partselect       ) [ 000]
sext_ln70_3            (sext             ) [ 000]
sext_ln70_4            (sext             ) [ 000]
sext_ln70_5            (sext             ) [ 000]
mul_ln73_7             (mul              ) [ 000]
trunc_ln42_8           (partselect       ) [ 000]
mul_ln73_8             (mul              ) [ 000]
trunc_ln42_6           (partselect       ) [ 000]
sext_ln73_3            (sext             ) [ 000]
mul_ln73_9             (mul              ) [ 000]
trunc_ln42_7           (partselect       ) [ 000]
mul_ln73_10            (mul              ) [ 000]
trunc_ln42_10          (partselect       ) [ 000]
sext_ln42_4            (sext             ) [ 000]
mul_ln73_11            (mul              ) [ 000]
trunc_ln42_11          (partselect       ) [ 000]
mul_ln73_12            (mul              ) [ 000]
trunc_ln42_12          (partselect       ) [ 000]
mul_ln73_13            (mul              ) [ 000]
trunc_ln42_13          (partselect       ) [ 000]
mul_ln73_14            (mul              ) [ 000]
trunc_ln42_14          (partselect       ) [ 000]
sext_ln42_5            (sext             ) [ 000]
a_2                    (partselect       ) [ 000]
sext_ln70_6            (sext             ) [ 000]
sext_ln70_7            (sext             ) [ 000]
sext_ln70_8            (sext             ) [ 000]
mul_ln73_15            (mul              ) [ 000]
trunc_ln42_15          (partselect       ) [ 000]
sext_ln42_6            (sext             ) [ 000]
mul_ln73_16            (mul              ) [ 000]
trunc_ln42_16          (partselect       ) [ 000]
sext_ln42_7            (sext             ) [ 000]
mul_ln73_17            (mul              ) [ 000]
trunc_ln42_17          (partselect       ) [ 000]
mul_ln73_18            (mul              ) [ 000]
trunc_ln42_18          (partselect       ) [ 000]
mul_ln73_19            (mul              ) [ 000]
trunc_ln42_19          (partselect       ) [ 000]
sext_ln42_8            (sext             ) [ 000]
mul_ln73_20            (mul              ) [ 000]
trunc_ln42_20          (partselect       ) [ 000]
mul_ln73_21            (mul              ) [ 000]
trunc_ln42_21          (partselect       ) [ 000]
sext_ln42_9            (sext             ) [ 000]
tmp_9025               (bitconcatenate   ) [ 000]
sext_ln73_4            (sext             ) [ 000]
tmp_9026               (bitconcatenate   ) [ 000]
sext_ln73_5            (sext             ) [ 000]
sub_ln73               (sub              ) [ 000]
trunc_ln42_22          (partselect       ) [ 000]
sext_ln42_10           (sext             ) [ 000]
a_3                    (partselect       ) [ 000]
sext_ln70_9            (sext             ) [ 000]
sext_ln70_10           (sext             ) [ 000]
sext_ln70_11           (sext             ) [ 000]
mul_ln73_22            (mul              ) [ 000]
trunc_ln42_23          (partselect       ) [ 000]
mul_ln73_23            (mul              ) [ 000]
trunc_ln42_24          (partselect       ) [ 000]
sext_ln42_11           (sext             ) [ 000]
mul_ln73_24            (mul              ) [ 000]
trunc_ln42_25          (partselect       ) [ 000]
sext_ln42_12           (sext             ) [ 000]
mul_ln73_25            (mul              ) [ 000]
trunc_ln42_26          (partselect       ) [ 000]
mul_ln73_26            (mul              ) [ 000]
trunc_ln42_27          (partselect       ) [ 000]
mul_ln73_27            (mul              ) [ 000]
trunc_ln42_28          (partselect       ) [ 000]
sext_ln42_13           (sext             ) [ 000]
mul_ln73_28            (mul              ) [ 000]
trunc_ln42_29          (partselect       ) [ 000]
sext_ln42_14           (sext             ) [ 000]
tmp_9027               (bitconcatenate   ) [ 000]
sext_ln73_6            (sext             ) [ 000]
tmp_9028               (bitconcatenate   ) [ 000]
sext_ln73_7            (sext             ) [ 000]
sub_ln73_1             (sub              ) [ 000]
trunc_ln42_30          (partselect       ) [ 000]
a_4                    (partselect       ) [ 000]
sext_ln70_12           (sext             ) [ 000]
sext_ln70_13           (sext             ) [ 000]
sext_ln70_14           (sext             ) [ 000]
sext_ln70_15           (sext             ) [ 000]
mul_ln73_29            (mul              ) [ 000]
trunc_ln42_31          (partselect       ) [ 000]
sext_ln73_8            (sext             ) [ 000]
mul_ln73_30            (mul              ) [ 000]
trunc_ln42_32          (partselect       ) [ 000]
mul_ln73_31            (mul              ) [ 000]
trunc_ln42_33          (partselect       ) [ 000]
sext_ln42_15           (sext             ) [ 000]
mul_ln73_32            (mul              ) [ 000]
trunc_ln42_34          (partselect       ) [ 000]
sext_ln42_16           (sext             ) [ 000]
tmp_9029               (bitconcatenate   ) [ 000]
sext_ln73_9            (sext             ) [ 000]
tmp_9030               (bitconcatenate   ) [ 000]
sext_ln73_10           (sext             ) [ 000]
sub_ln73_2             (sub              ) [ 000]
trunc_ln42_35          (partselect       ) [ 000]
mul_ln73_33            (mul              ) [ 000]
trunc_ln42_36          (partselect       ) [ 000]
mul_ln73_34            (mul              ) [ 000]
trunc_ln42_37          (partselect       ) [ 000]
tmp_9031               (bitconcatenate   ) [ 000]
sext_ln73_11           (sext             ) [ 000]
sub_ln73_3             (sub              ) [ 000]
trunc_ln42_38          (partselect       ) [ 000]
trunc_ln42_38_cast     (sext             ) [ 000]
a_5                    (partselect       ) [ 000]
sext_ln70_16           (sext             ) [ 000]
sext_ln70_17           (sext             ) [ 000]
sext_ln70_18           (sext             ) [ 000]
sext_ln70_19           (sext             ) [ 000]
mul_ln73_35            (mul              ) [ 000]
trunc_ln42_39          (partselect       ) [ 000]
sext_ln73_12           (sext             ) [ 000]
mul_ln73_36            (mul              ) [ 000]
trunc_ln42_40          (partselect       ) [ 000]
sext_ln42_17           (sext             ) [ 000]
mul_ln73_37            (mul              ) [ 000]
trunc_ln42_41          (partselect       ) [ 000]
sext_ln42_18           (sext             ) [ 000]
mul_ln73_38            (mul              ) [ 000]
trunc_ln42_42          (partselect       ) [ 000]
tmp_9032               (bitconcatenate   ) [ 000]
sext_ln73_13           (sext             ) [ 000]
tmp_9033               (bitconcatenate   ) [ 000]
sext_ln73_14           (sext             ) [ 000]
sub_ln73_4             (sub              ) [ 000]
trunc_ln42_43          (partselect       ) [ 000]
sext_ln42_19           (sext             ) [ 000]
mul_ln73_39            (mul              ) [ 000]
trunc_ln42_44          (partselect       ) [ 000]
mul_ln73_40            (mul              ) [ 000]
trunc_ln42_45          (partselect       ) [ 000]
sext_ln42_20           (sext             ) [ 000]
mul_ln73_41            (mul              ) [ 000]
trunc_ln42_46          (partselect       ) [ 000]
trunc_ln42_46_cast     (sext             ) [ 000]
a_6                    (partselect       ) [ 000]
sext_ln70_20           (sext             ) [ 000]
sext_ln70_21           (sext             ) [ 000]
sext_ln70_22           (sext             ) [ 000]
mul_ln73_42            (mul              ) [ 000]
trunc_ln42_47          (partselect       ) [ 000]
tmp_9034               (bitconcatenate   ) [ 000]
sext_ln73_15           (sext             ) [ 000]
tmp_9035               (bitconcatenate   ) [ 000]
sext_ln73_16           (sext             ) [ 000]
sub_ln73_5             (sub              ) [ 000]
trunc_ln42_48          (partselect       ) [ 000]
sext_ln73_17           (sext             ) [ 000]
mul_ln73_43            (mul              ) [ 000]
trunc_ln42_49          (partselect       ) [ 000]
sext_ln42_21           (sext             ) [ 000]
mul_ln73_44            (mul              ) [ 000]
trunc_ln42_50          (partselect       ) [ 000]
sext_ln73_18           (sext             ) [ 000]
mul_ln73_45            (mul              ) [ 000]
trunc_ln42_51          (partselect       ) [ 000]
sext_ln42_22           (sext             ) [ 000]
mul_ln73_46            (mul              ) [ 000]
trunc_ln42_52          (partselect       ) [ 000]
mul_ln73_47            (mul              ) [ 000]
trunc_ln42_53          (partselect       ) [ 000]
mul_ln73_48            (mul              ) [ 000]
trunc_ln42_54          (partselect       ) [ 000]
a_7                    (partselect       ) [ 000]
sext_ln70_23           (sext             ) [ 000]
sext_ln70_24           (sext             ) [ 000]
sext_ln70_25           (sext             ) [ 000]
sext_ln70_26           (sext             ) [ 000]
mul_ln73_49            (mul              ) [ 000]
trunc_ln42_55          (partselect       ) [ 000]
sext_ln42_23           (sext             ) [ 000]
mul_ln73_50            (mul              ) [ 000]
trunc_ln42_56          (partselect       ) [ 000]
sext_ln73_19           (sext             ) [ 000]
mul_ln73_51            (mul              ) [ 000]
trunc_ln42_57          (partselect       ) [ 000]
mul_ln73_52            (mul              ) [ 000]
trunc_ln42_58          (partselect       ) [ 000]
sext_ln73_20           (sext             ) [ 000]
mul_ln73_53            (mul              ) [ 000]
trunc_ln42_59          (partselect       ) [ 000]
sext_ln42_24           (sext             ) [ 000]
mul_ln73_54            (mul              ) [ 000]
trunc_ln42_60          (partselect       ) [ 000]
mul_ln73_55            (mul              ) [ 000]
trunc_ln42_61          (partselect       ) [ 000]
mul_ln73_56            (mul              ) [ 000]
trunc_ln42_62          (partselect       ) [ 000]
a_8                    (partselect       ) [ 000]
sext_ln70_27           (sext             ) [ 000]
sext_ln70_28           (sext             ) [ 000]
sext_ln70_29           (sext             ) [ 000]
mul_ln73_57            (mul              ) [ 000]
trunc_ln42_63          (partselect       ) [ 000]
mul_ln73_58            (mul              ) [ 000]
trunc_ln42_64          (partselect       ) [ 000]
tmp_9036               (bitconcatenate   ) [ 000]
sext_ln73_21           (sext             ) [ 000]
sub_ln73_6             (sub              ) [ 000]
tmp_9037               (bitconcatenate   ) [ 000]
sext_ln73_22           (sext             ) [ 000]
sub_ln73_7             (sub              ) [ 000]
trunc_ln42_65          (partselect       ) [ 000]
sext_ln42_25           (sext             ) [ 000]
mul_ln73_59            (mul              ) [ 000]
trunc_ln42_66          (partselect       ) [ 000]
mul_ln73_60            (mul              ) [ 000]
trunc_ln42_67          (partselect       ) [ 000]
mul_ln73_61            (mul              ) [ 000]
trunc_ln42_68          (partselect       ) [ 000]
sext_ln42_26           (sext             ) [ 000]
mul_ln73_62            (mul              ) [ 000]
trunc_ln42_69          (partselect       ) [ 000]
mul_ln73_63            (mul              ) [ 000]
trunc_ln42_70          (partselect       ) [ 000]
sext_ln42_27           (sext             ) [ 000]
a_9                    (partselect       ) [ 000]
sext_ln70_30           (sext             ) [ 000]
sext_ln70_31           (sext             ) [ 000]
mul_ln73_64            (mul              ) [ 000]
trunc_ln42_71          (partselect       ) [ 000]
mul_ln73_65            (mul              ) [ 000]
trunc_ln42_72          (partselect       ) [ 000]
mul_ln73_66            (mul              ) [ 000]
trunc_ln42_73          (partselect       ) [ 000]
tmp_9038               (bitconcatenate   ) [ 000]
sext_ln73_23           (sext             ) [ 000]
add_ln73_1             (add              ) [ 000]
trunc_ln42_74          (partselect       ) [ 000]
sext_ln42_28           (sext             ) [ 000]
tmp_9039               (bitconcatenate   ) [ 000]
sext_ln73_24           (sext             ) [ 000]
tmp_9040               (bitconcatenate   ) [ 000]
sext_ln73_25           (sext             ) [ 000]
sub_ln73_8             (sub              ) [ 000]
trunc_ln42_75          (partselect       ) [ 000]
sext_ln42_29           (sext             ) [ 000]
mul_ln73_67            (mul              ) [ 000]
trunc_ln42_76          (partselect       ) [ 000]
mul_ln73_68            (mul              ) [ 000]
trunc_ln42_77          (partselect       ) [ 000]
tmp_9041               (bitconcatenate   ) [ 000]
sext_ln73_26           (sext             ) [ 000]
sext_ln73_27           (sext             ) [ 000]
add_ln73_2             (add              ) [ 000]
trunc_ln42_78          (partselect       ) [ 000]
a_10                   (partselect       ) [ 000]
sext_ln70_32           (sext             ) [ 000]
sext_ln70_33           (sext             ) [ 000]
sext_ln70_34           (sext             ) [ 000]
sext_ln70_35           (sext             ) [ 000]
sext_ln70_36           (sext             ) [ 000]
sext_ln70_37           (sext             ) [ 000]
mul_ln73_69            (mul              ) [ 000]
trunc_ln42_79          (partselect       ) [ 000]
sext_ln42_30           (sext             ) [ 000]
tmp_9042               (bitconcatenate   ) [ 000]
sext_ln73_28           (sext             ) [ 000]
sub_ln73_9             (sub              ) [ 000]
trunc_ln42_80          (partselect       ) [ 000]
mul_ln73_70            (mul              ) [ 000]
trunc_ln42_81          (partselect       ) [ 000]
tmp_9043               (bitconcatenate   ) [ 000]
sext_ln73_29           (sext             ) [ 000]
sub_ln73_10            (sub              ) [ 000]
trunc_ln42_82          (partselect       ) [ 000]
sext_ln42_31           (sext             ) [ 000]
mul_ln73_71            (mul              ) [ 000]
trunc_ln42_83          (partselect       ) [ 000]
sext_ln42_32           (sext             ) [ 000]
mul_ln73_72            (mul              ) [ 000]
trunc_ln42_84          (partselect       ) [ 000]
sext_ln42_33           (sext             ) [ 000]
tmp_9044               (bitconcatenate   ) [ 000]
sext_ln73_30           (sext             ) [ 000]
sub_ln73_11            (sub              ) [ 000]
trunc_ln42_85          (partselect       ) [ 000]
mul_ln73_73            (mul              ) [ 000]
trunc_ln42_86          (partselect       ) [ 000]
sext_ln42_34           (sext             ) [ 000]
a_11                   (partselect       ) [ 000]
sext_ln70_38           (sext             ) [ 000]
sext_ln70_39           (sext             ) [ 000]
tmp_9045               (bitconcatenate   ) [ 000]
sext_ln73_31           (sext             ) [ 000]
sub_ln73_12            (sub              ) [ 000]
trunc_ln42_87          (partselect       ) [ 000]
sext_ln42_35           (sext             ) [ 000]
trunc_ln42_88          (partselect       ) [ 000]
sext_ln73_32           (sext             ) [ 000]
tmp_9046               (bitconcatenate   ) [ 000]
sext_ln73_33           (sext             ) [ 000]
sub_ln73_13            (sub              ) [ 000]
tmp_9047               (bitconcatenate   ) [ 000]
sext_ln73_34           (sext             ) [ 000]
sub_ln73_14            (sub              ) [ 000]
trunc_ln42_89          (partselect       ) [ 000]
sext_ln42_36           (sext             ) [ 000]
tmp_9048               (bitconcatenate   ) [ 000]
sext_ln73_35           (sext             ) [ 000]
sub_ln73_15            (sub              ) [ 000]
trunc_ln42_90          (partselect       ) [ 000]
sext_ln42_37           (sext             ) [ 000]
mul_ln73_74            (mul              ) [ 000]
trunc_ln42_91          (partselect       ) [ 000]
mul_ln73_75            (mul              ) [ 000]
trunc_ln42_92          (partselect       ) [ 000]
mul_ln73_76            (mul              ) [ 000]
trunc_ln42_93          (partselect       ) [ 000]
sext_ln42_38           (sext             ) [ 000]
mul_ln73_77            (mul              ) [ 000]
trunc_ln42_94          (partselect       ) [ 000]
a_12                   (partselect       ) [ 000]
sext_ln70_40           (sext             ) [ 000]
sext_ln70_41           (sext             ) [ 000]
sext_ln70_42           (sext             ) [ 000]
mul_ln73_78            (mul              ) [ 000]
trunc_ln42_95          (partselect       ) [ 000]
mul_ln73_79            (mul              ) [ 000]
trunc_ln42_96          (partselect       ) [ 000]
sext_ln42_39           (sext             ) [ 000]
tmp_9049               (bitconcatenate   ) [ 000]
sext_ln73_36           (sext             ) [ 000]
sub_ln73_16            (sub              ) [ 000]
trunc_ln42_97          (partselect       ) [ 000]
sext_ln42_40           (sext             ) [ 000]
mul_ln73_80            (mul              ) [ 000]
trunc_ln42_98          (partselect       ) [ 000]
sext_ln42_41           (sext             ) [ 000]
mul_ln73_81            (mul              ) [ 000]
trunc_ln42_99          (partselect       ) [ 000]
tmp_9050               (bitconcatenate   ) [ 000]
sext_ln73_37           (sext             ) [ 000]
tmp_9051               (bitconcatenate   ) [ 000]
sext_ln73_38           (sext             ) [ 000]
sub_ln73_17            (sub              ) [ 000]
trunc_ln42_100         (partselect       ) [ 000]
mul_ln73_82            (mul              ) [ 000]
trunc_ln42_101         (partselect       ) [ 000]
sext_ln42_42           (sext             ) [ 000]
mul_ln73_83            (mul              ) [ 000]
trunc_ln42_102         (partselect       ) [ 000]
a_13                   (partselect       ) [ 000]
sext_ln70_43           (sext             ) [ 000]
sext_ln70_44           (sext             ) [ 000]
mul_ln73_84            (mul              ) [ 000]
trunc_ln42_103         (partselect       ) [ 000]
sext_ln42_43           (sext             ) [ 000]
tmp_9052               (bitconcatenate   ) [ 000]
sext_ln73_39           (sext             ) [ 000]
tmp_9053               (bitconcatenate   ) [ 000]
sext_ln73_40           (sext             ) [ 000]
add_ln73_3             (add              ) [ 000]
trunc_ln42_104         (partselect       ) [ 000]
sext_ln42_44           (sext             ) [ 000]
mul_ln73_85            (mul              ) [ 000]
trunc_ln42_105         (partselect       ) [ 000]
mul_ln73_86            (mul              ) [ 000]
trunc_ln42_106         (partselect       ) [ 000]
mul_ln73_87            (mul              ) [ 000]
trunc_ln42_107         (partselect       ) [ 000]
tmp_9054               (bitconcatenate   ) [ 000]
sext_ln73_41           (sext             ) [ 000]
tmp_9055               (bitconcatenate   ) [ 000]
sext_ln73_42           (sext             ) [ 000]
add_ln73_4             (add              ) [ 000]
trunc_ln42_108         (partselect       ) [ 000]
sext_ln42_45           (sext             ) [ 000]
mul_ln73_88            (mul              ) [ 000]
trunc_ln42_109         (partselect       ) [ 000]
mul_ln73_89            (mul              ) [ 000]
trunc_ln42_110         (partselect       ) [ 000]
sext_ln42_46           (sext             ) [ 000]
a_14                   (partselect       ) [ 000]
sext_ln70_45           (sext             ) [ 000]
sext_ln70_46           (sext             ) [ 000]
sext_ln70_47           (sext             ) [ 000]
mul_ln73_90            (mul              ) [ 000]
trunc_ln42_111         (partselect       ) [ 000]
tmp_9056               (bitconcatenate   ) [ 000]
sext_ln73_43           (sext             ) [ 000]
sub_ln73_18            (sub              ) [ 000]
trunc_ln42_112         (partselect       ) [ 000]
sext_ln42_47           (sext             ) [ 000]
tmp_9057               (bitconcatenate   ) [ 000]
sext_ln73_44           (sext             ) [ 000]
tmp_9058               (bitconcatenate   ) [ 000]
sext_ln73_45           (sext             ) [ 000]
sub_ln73_19            (sub              ) [ 000]
trunc_ln42_113         (partselect       ) [ 000]
sext_ln42_48           (sext             ) [ 000]
sext_ln73_46           (sext             ) [ 000]
tmp_9059               (bitconcatenate   ) [ 000]
sext_ln73_47           (sext             ) [ 000]
sub_ln73_20            (sub              ) [ 000]
trunc_ln42_114         (partselect       ) [ 000]
sext_ln73_48           (sext             ) [ 000]
mul_ln73_91            (mul              ) [ 000]
trunc_ln42_115         (partselect       ) [ 000]
sext_ln42_49           (sext             ) [ 000]
mul_ln73_92            (mul              ) [ 000]
trunc_ln42_116         (partselect       ) [ 000]
sext_ln73_49           (sext             ) [ 000]
mul_ln73_93            (mul              ) [ 000]
trunc_ln42_117         (partselect       ) [ 000]
tmp_9060               (bitconcatenate   ) [ 000]
sext_ln73_50           (sext             ) [ 000]
sext_ln73_51           (sext             ) [ 000]
sub_ln73_21            (sub              ) [ 000]
trunc_ln42_118         (partselect       ) [ 000]
sext_ln42_50           (sext             ) [ 000]
a_15                   (partselect       ) [ 000]
sext_ln70_48           (sext             ) [ 000]
sext_ln70_49           (sext             ) [ 000]
sext_ln70_50           (sext             ) [ 000]
mul_ln73_94            (mul              ) [ 000]
trunc_ln42_119         (partselect       ) [ 000]
sext_ln42_51           (sext             ) [ 000]
tmp_9061               (bitconcatenate   ) [ 000]
sext_ln73_52           (sext             ) [ 000]
sub_ln73_22            (sub              ) [ 000]
tmp_9062               (bitconcatenate   ) [ 000]
sext_ln73_53           (sext             ) [ 000]
sub_ln73_23            (sub              ) [ 000]
trunc_ln42_120         (partselect       ) [ 000]
sext_ln73_54           (sext             ) [ 000]
mul_ln73_95            (mul              ) [ 000]
trunc_ln42_121         (partselect       ) [ 000]
sext_ln42_52           (sext             ) [ 000]
tmp_9063               (bitconcatenate   ) [ 000]
sext_ln73_55           (sext             ) [ 000]
sub_ln73_24            (sub              ) [ 000]
sext_ln73_56           (sext             ) [ 000]
sub_ln73_25            (sub              ) [ 000]
trunc_ln42_122         (partselect       ) [ 000]
sext_ln73_57           (sext             ) [ 000]
mul_ln73_96            (mul              ) [ 000]
trunc_ln42_123         (partselect       ) [ 000]
mul_ln73_97            (mul              ) [ 000]
trunc_ln42_124         (partselect       ) [ 000]
sext_ln73_58           (sext             ) [ 000]
mul_ln73_98            (mul              ) [ 000]
trunc_ln42_125         (partselect       ) [ 000]
mul_ln73_99            (mul              ) [ 000]
trunc_ln42_126         (partselect       ) [ 000]
add_ln58               (add              ) [ 000]
add_ln58_1             (add              ) [ 000]
add_ln58_2             (add              ) [ 011]
add_ln58_3             (add              ) [ 000]
sext_ln58              (sext             ) [ 000]
add_ln58_4             (add              ) [ 000]
add_ln58_5             (add              ) [ 011]
add_ln58_7             (add              ) [ 011]
add_ln58_8             (add              ) [ 011]
add_ln58_10            (add              ) [ 000]
add_ln58_11            (add              ) [ 000]
add_ln58_12            (add              ) [ 011]
add_ln58_15            (add              ) [ 000]
sext_ln58_1            (sext             ) [ 000]
add_ln58_16            (add              ) [ 000]
add_ln58_17            (add              ) [ 011]
add_ln58_18            (add              ) [ 000]
add_ln58_19            (add              ) [ 000]
sext_ln58_2            (sext             ) [ 000]
add_ln58_20            (add              ) [ 011]
add_ln58_22            (add              ) [ 000]
add_ln58_23            (add              ) [ 000]
add_ln58_24            (add              ) [ 000]
add_ln58_25            (add              ) [ 000]
add_ln58_26            (add              ) [ 000]
sext_ln58_3            (sext             ) [ 000]
add_ln58_27            (add              ) [ 000]
add_ln58_28            (add              ) [ 011]
add_ln58_30            (add              ) [ 000]
add_ln58_31            (add              ) [ 000]
add_ln58_32            (add              ) [ 011]
add_ln58_33            (add              ) [ 000]
add_ln58_34            (add              ) [ 000]
add_ln58_35            (add              ) [ 011]
add_ln58_37            (add              ) [ 011]
add_ln58_38            (add              ) [ 011]
add_ln58_40            (add              ) [ 000]
add_ln58_41            (add              ) [ 000]
add_ln58_42            (add              ) [ 011]
add_ln58_45            (add              ) [ 000]
add_ln58_46            (add              ) [ 000]
add_ln58_47            (add              ) [ 011]
add_ln58_48            (add              ) [ 000]
add_ln58_49            (add              ) [ 000]
sext_ln58_4            (sext             ) [ 000]
add_ln58_50            (add              ) [ 011]
add_ln58_52            (add              ) [ 000]
add_ln58_53            (add              ) [ 000]
add_ln58_54            (add              ) [ 000]
add_ln58_55            (add              ) [ 000]
add_ln58_56            (add              ) [ 000]
sext_ln58_5            (sext             ) [ 000]
add_ln58_57            (add              ) [ 000]
add_ln58_58            (add              ) [ 011]
add_ln58_60            (add              ) [ 000]
add_ln58_61            (add              ) [ 000]
add_ln58_62            (add              ) [ 011]
add_ln58_63            (add              ) [ 000]
add_ln58_64            (add              ) [ 000]
add_ln58_65            (add              ) [ 011]
add_ln58_67            (add              ) [ 011]
add_ln58_68            (add              ) [ 011]
add_ln58_70            (add              ) [ 000]
add_ln58_71            (add              ) [ 000]
add_ln58_72            (add              ) [ 011]
add_ln58_75            (add              ) [ 000]
add_ln58_76            (add              ) [ 000]
add_ln58_77            (add              ) [ 011]
add_ln58_78            (add              ) [ 000]
add_ln58_79            (add              ) [ 000]
add_ln58_80            (add              ) [ 011]
add_ln58_82            (add              ) [ 011]
add_ln58_83            (add              ) [ 011]
add_ln58_85            (add              ) [ 000]
add_ln58_86            (add              ) [ 000]
sext_ln58_6            (sext             ) [ 000]
add_ln58_87            (add              ) [ 011]
add_ln58_90            (add              ) [ 000]
add_ln58_91            (add              ) [ 000]
add_ln58_92            (add              ) [ 011]
add_ln58_93            (add              ) [ 000]
add_ln58_94            (add              ) [ 000]
add_ln58_95            (add              ) [ 011]
add_ln58_97            (add              ) [ 011]
add_ln58_98            (add              ) [ 011]
add_ln58_100           (add              ) [ 000]
add_ln58_101           (add              ) [ 000]
add_ln58_102           (add              ) [ 011]
add_ln58_105           (add              ) [ 000]
add_ln58_106           (add              ) [ 000]
add_ln58_107           (add              ) [ 011]
add_ln58_108           (add              ) [ 000]
sext_ln58_7            (sext             ) [ 000]
add_ln58_109           (add              ) [ 000]
add_ln58_110           (add              ) [ 011]
add_ln58_112           (add              ) [ 011]
add_ln58_113           (add              ) [ 011]
add_ln58_115           (add              ) [ 000]
add_ln58_116           (add              ) [ 000]
add_ln58_117           (add              ) [ 011]
specpipeline_ln33      (specpipeline     ) [ 000]
specresourcelimit_ln33 (specresourcelimit) [ 000]
add_ln58_6             (add              ) [ 000]
add_ln58_9             (add              ) [ 000]
add_ln58_13            (add              ) [ 000]
add_ln58_14            (add              ) [ 000]
add_ln58_21            (add              ) [ 000]
add_ln58_29            (add              ) [ 000]
add_ln58_36            (add              ) [ 000]
add_ln58_39            (add              ) [ 000]
add_ln58_43            (add              ) [ 000]
add_ln58_44            (add              ) [ 000]
add_ln58_51            (add              ) [ 000]
add_ln58_59            (add              ) [ 000]
add_ln58_66            (add              ) [ 000]
add_ln58_69            (add              ) [ 000]
add_ln58_73            (add              ) [ 000]
add_ln58_74            (add              ) [ 000]
add_ln58_81            (add              ) [ 000]
add_ln58_84            (add              ) [ 000]
add_ln58_88            (add              ) [ 000]
add_ln58_89            (add              ) [ 000]
add_ln58_96            (add              ) [ 000]
add_ln58_99            (add              ) [ 000]
add_ln58_103           (add              ) [ 000]
add_ln58_104           (add              ) [ 000]
add_ln58_111           (add              ) [ 000]
add_ln58_114           (add              ) [ 000]
add_ln58_118           (add              ) [ 000]
add_ln58_119           (add              ) [ 000]
shl_ln                 (bitconcatenate   ) [ 000]
sext_ln111             (sext             ) [ 000]
shl_ln111_1            (bitconcatenate   ) [ 000]
sext_ln111_1           (sext             ) [ 000]
shl_ln111_2            (bitconcatenate   ) [ 000]
sext_ln111_2           (sext             ) [ 000]
shl_ln111_3            (bitconcatenate   ) [ 000]
sext_ln111_3           (sext             ) [ 000]
shl_ln111_4            (bitconcatenate   ) [ 000]
sext_ln111_4           (sext             ) [ 000]
shl_ln111_5            (bitconcatenate   ) [ 000]
sext_ln111_5           (sext             ) [ 000]
shl_ln111_6            (bitconcatenate   ) [ 000]
sext_ln111_6           (sext             ) [ 000]
shl_ln111_7            (bitconcatenate   ) [ 000]
sext_ln68              (sext             ) [ 000]
mrv                    (insertvalue      ) [ 000]
mrv_1                  (insertvalue      ) [ 000]
mrv_2                  (insertvalue      ) [ 000]
mrv_3                  (insertvalue      ) [ 000]
mrv_4                  (insertvalue      ) [ 000]
mrv_5                  (insertvalue      ) [ 000]
mrv_6                  (insertvalue      ) [ 000]
mrv_7                  (insertvalue      ) [ 000]
ret_ln68               (ret              ) [ 000]
</LifeTime>

<model>

<comp_list>
<comp id="0" class="1000" name="data_val">
<pin_list>
<pin id="1" dir="1" index="0" bw="1" slack="0"/>
</pin_list>
<bind>
<StgValue><ssdm name="data_val"/></StgValue>
</bind>
</comp>

<comp id="2" class="1001" name="const_2">
<pin_list>
<pin id="3" dir="1" index="0" bw="1" slack="0"/>
</pin_list>
<bind>
<StgValue><ssdm name="_ssdm_op_Read.ap_auto.i256"/></StgValue>
</bind>
</comp>

<comp id="4" class="1001" name="const_4">
<pin_list>
<pin id="5" dir="1" index="0" bw="1" slack="0"/>
</pin_list>
<bind>
<StgValue><ssdm name=""/></StgValue>
</bind>
</comp>

<comp id="6" class="1001" name="const_6">
<pin_list>
<pin id="7" dir="1" index="0" bw="1" slack="0"/>
</pin_list>
<bind>
<StgValue><ssdm name="_ssdm_op_PartSelect.i15.i25.i32.i32"/></StgValue>
</bind>
</comp>

<comp id="8" class="1001" name="const_8">
<pin_list>
<pin id="9" dir="1" index="0" bw="1" slack="0"/>
</pin_list>
<bind>
<StgValue><ssdm name=""/></StgValue>
</bind>
</comp>

<comp id="10" class="1001" name="const_10">
<pin_list>
<pin id="11" dir="1" index="0" bw="1" slack="0"/>
</pin_list>
<bind>
<StgValue><ssdm name=""/></StgValue>
</bind>
</comp>

<comp id="12" class="1001" name="const_12">
<pin_list>
<pin id="13" dir="1" index="0" bw="1" slack="0"/>
</pin_list>
<bind>
<StgValue><ssdm name=""/></StgValue>
</bind>
</comp>

<comp id="14" class="1001" name="const_14">
<pin_list>
<pin id="15" dir="1" index="0" bw="1" slack="0"/>
</pin_list>
<bind>
<StgValue><ssdm name="_ssdm_op_PartSelect.i14.i24.i32.i32"/></StgValue>
</bind>
</comp>

<comp id="16" class="1001" name="const_16">
<pin_list>
<pin id="17" dir="1" index="0" bw="1" slack="0"/>
</pin_list>
<bind>
<StgValue><ssdm name=""/></StgValue>
</bind>
</comp>

<comp id="18" class="1001" name="const_18">
<pin_list>
<pin id="19" dir="1" index="0" bw="1" slack="0"/>
</pin_list>
<bind>
<StgValue><ssdm name=""/></StgValue>
</bind>
</comp>

<comp id="20" class="1001" name="const_20">
<pin_list>
<pin id="21" dir="1" index="0" bw="1" slack="0"/>
</pin_list>
<bind>
<StgValue><ssdm name="_ssdm_op_PartSelect.i16.i26.i32.i32"/></StgValue>
</bind>
</comp>

<comp id="22" class="1001" name="const_22">
<pin_list>
<pin id="23" dir="1" index="0" bw="1" slack="0"/>
</pin_list>
<bind>
<StgValue><ssdm name=""/></StgValue>
</bind>
</comp>

<comp id="24" class="1001" name="const_24">
<pin_list>
<pin id="25" dir="1" index="0" bw="1" slack="0"/>
</pin_list>
<bind>
<StgValue><ssdm name=""/></StgValue>
</bind>
</comp>

<comp id="26" class="1001" name="const_26">
<pin_list>
<pin id="27" dir="1" index="0" bw="1" slack="0"/>
</pin_list>
<bind>
<StgValue><ssdm name=""/></StgValue>
</bind>
</comp>

<comp id="28" class="1001" name="const_28">
<pin_list>
<pin id="29" dir="1" index="0" bw="1" slack="0"/>
</pin_list>
<bind>
<StgValue><ssdm name=""/></StgValue>
</bind>
</comp>

<comp id="30" class="1001" name="const_30">
<pin_list>
<pin id="31" dir="1" index="0" bw="1" slack="0"/>
</pin_list>
<bind>
<StgValue><ssdm name="_ssdm_op_BitConcatenate.i20.i16.i4"/></StgValue>
</bind>
</comp>

<comp id="32" class="1001" name="const_32">
<pin_list>
<pin id="33" dir="1" index="0" bw="1" slack="0"/>
</pin_list>
<bind>
<StgValue><ssdm name=""/></StgValue>
</bind>
</comp>

<comp id="34" class="1001" name="const_34">
<pin_list>
<pin id="35" dir="1" index="0" bw="1" slack="0"/>
</pin_list>
<bind>
<StgValue><ssdm name="_ssdm_op_BitConcatenate.i17.i16.i1"/></StgValue>
</bind>
</comp>

<comp id="36" class="1001" name="const_36">
<pin_list>
<pin id="37" dir="1" index="0" bw="1" slack="0"/>
</pin_list>
<bind>
<StgValue><ssdm name=""/></StgValue>
</bind>
</comp>

<comp id="38" class="1001" name="const_38">
<pin_list>
<pin id="39" dir="1" index="0" bw="1" slack="0"/>
</pin_list>
<bind>
<StgValue><ssdm name="_ssdm_op_PartSelect.i12.i22.i32.i32"/></StgValue>
</bind>
</comp>

<comp id="40" class="1001" name="const_40">
<pin_list>
<pin id="41" dir="1" index="0" bw="1" slack="0"/>
</pin_list>
<bind>
<StgValue><ssdm name=""/></StgValue>
</bind>
</comp>

<comp id="42" class="1001" name="const_42">
<pin_list>
<pin id="43" dir="1" index="0" bw="1" slack="0"/>
</pin_list>
<bind>
<StgValue><ssdm name=""/></StgValue>
</bind>
</comp>

<comp id="44" class="1001" name="const_44">
<pin_list>
<pin id="45" dir="1" index="0" bw="1" slack="0"/>
</pin_list>
<bind>
<StgValue><ssdm name="_ssdm_op_PartSelect.i16.i256.i32.i32"/></StgValue>
</bind>
</comp>

<comp id="46" class="1001" name="const_46">
<pin_list>
<pin id="47" dir="1" index="0" bw="1" slack="0"/>
</pin_list>
<bind>
<StgValue><ssdm name=""/></StgValue>
</bind>
</comp>

<comp id="48" class="1001" name="const_48">
<pin_list>
<pin id="49" dir="1" index="0" bw="1" slack="0"/>
</pin_list>
<bind>
<StgValue><ssdm name=""/></StgValue>
</bind>
</comp>

<comp id="50" class="1001" name="const_50">
<pin_list>
<pin id="51" dir="1" index="0" bw="1" slack="0"/>
</pin_list>
<bind>
<StgValue><ssdm name=""/></StgValue>
</bind>
</comp>

<comp id="52" class="1001" name="const_52">
<pin_list>
<pin id="53" dir="1" index="0" bw="1" slack="0"/>
</pin_list>
<bind>
<StgValue><ssdm name=""/></StgValue>
</bind>
</comp>

<comp id="54" class="1001" name="const_54">
<pin_list>
<pin id="55" dir="1" index="0" bw="1" slack="0"/>
</pin_list>
<bind>
<StgValue><ssdm name="_ssdm_op_PartSelect.i13.i23.i32.i32"/></StgValue>
</bind>
</comp>

<comp id="56" class="1001" name="const_56">
<pin_list>
<pin id="57" dir="1" index="0" bw="1" slack="0"/>
</pin_list>
<bind>
<StgValue><ssdm name=""/></StgValue>
</bind>
</comp>

<comp id="58" class="1001" name="const_58">
<pin_list>
<pin id="59" dir="1" index="0" bw="1" slack="0"/>
</pin_list>
<bind>
<StgValue><ssdm name=""/></StgValue>
</bind>
</comp>

<comp id="60" class="1001" name="const_60">
<pin_list>
<pin id="61" dir="1" index="0" bw="1" slack="0"/>
</pin_list>
<bind>
<StgValue><ssdm name=""/></StgValue>
</bind>
</comp>

<comp id="62" class="1001" name="const_62">
<pin_list>
<pin id="63" dir="1" index="0" bw="1" slack="0"/>
</pin_list>
<bind>
<StgValue><ssdm name=""/></StgValue>
</bind>
</comp>

<comp id="64" class="1001" name="const_64">
<pin_list>
<pin id="65" dir="1" index="0" bw="1" slack="0"/>
</pin_list>
<bind>
<StgValue><ssdm name=""/></StgValue>
</bind>
</comp>

<comp id="66" class="1001" name="const_66">
<pin_list>
<pin id="67" dir="1" index="0" bw="1" slack="0"/>
</pin_list>
<bind>
<StgValue><ssdm name=""/></StgValue>
</bind>
</comp>

<comp id="68" class="1001" name="const_68">
<pin_list>
<pin id="69" dir="1" index="0" bw="1" slack="0"/>
</pin_list>
<bind>
<StgValue><ssdm name=""/></StgValue>
</bind>
</comp>

<comp id="70" class="1001" name="const_70">
<pin_list>
<pin id="71" dir="1" index="0" bw="1" slack="0"/>
</pin_list>
<bind>
<StgValue><ssdm name=""/></StgValue>
</bind>
</comp>

<comp id="72" class="1001" name="const_72">
<pin_list>
<pin id="73" dir="1" index="0" bw="1" slack="0"/>
</pin_list>
<bind>
<StgValue><ssdm name=""/></StgValue>
</bind>
</comp>

<comp id="74" class="1001" name="const_74">
<pin_list>
<pin id="75" dir="1" index="0" bw="1" slack="0"/>
</pin_list>
<bind>
<StgValue><ssdm name=""/></StgValue>
</bind>
</comp>

<comp id="76" class="1001" name="const_76">
<pin_list>
<pin id="77" dir="1" index="0" bw="1" slack="0"/>
</pin_list>
<bind>
<StgValue><ssdm name=""/></StgValue>
</bind>
</comp>

<comp id="78" class="1001" name="const_78">
<pin_list>
<pin id="79" dir="1" index="0" bw="1" slack="0"/>
</pin_list>
<bind>
<StgValue><ssdm name=""/></StgValue>
</bind>
</comp>

<comp id="80" class="1001" name="const_80">
<pin_list>
<pin id="81" dir="1" index="0" bw="1" slack="0"/>
</pin_list>
<bind>
<StgValue><ssdm name=""/></StgValue>
</bind>
</comp>

<comp id="82" class="1001" name="const_82">
<pin_list>
<pin id="83" dir="1" index="0" bw="1" slack="0"/>
</pin_list>
<bind>
<StgValue><ssdm name=""/></StgValue>
</bind>
</comp>

<comp id="84" class="1001" name="const_84">
<pin_list>
<pin id="85" dir="1" index="0" bw="1" slack="0"/>
</pin_list>
<bind>
<StgValue><ssdm name=""/></StgValue>
</bind>
</comp>

<comp id="86" class="1001" name="const_86">
<pin_list>
<pin id="87" dir="1" index="0" bw="1" slack="0"/>
</pin_list>
<bind>
<StgValue><ssdm name=""/></StgValue>
</bind>
</comp>

<comp id="88" class="1001" name="const_88">
<pin_list>
<pin id="89" dir="1" index="0" bw="1" slack="0"/>
</pin_list>
<bind>
<StgValue><ssdm name="_ssdm_op_BitConcatenate.i21.i16.i5"/></StgValue>
</bind>
</comp>

<comp id="90" class="1001" name="const_90">
<pin_list>
<pin id="91" dir="1" index="0" bw="1" slack="0"/>
</pin_list>
<bind>
<StgValue><ssdm name=""/></StgValue>
</bind>
</comp>

<comp id="92" class="1001" name="const_92">
<pin_list>
<pin id="93" dir="1" index="0" bw="1" slack="0"/>
</pin_list>
<bind>
<StgValue><ssdm name="_ssdm_op_BitConcatenate.i19.i16.i3"/></StgValue>
</bind>
</comp>

<comp id="94" class="1001" name="const_94">
<pin_list>
<pin id="95" dir="1" index="0" bw="1" slack="0"/>
</pin_list>
<bind>
<StgValue><ssdm name=""/></StgValue>
</bind>
</comp>

<comp id="96" class="1001" name="const_96">
<pin_list>
<pin id="97" dir="1" index="0" bw="1" slack="0"/>
</pin_list>
<bind>
<StgValue><ssdm name=""/></StgValue>
</bind>
</comp>

<comp id="98" class="1001" name="const_98">
<pin_list>
<pin id="99" dir="1" index="0" bw="1" slack="0"/>
</pin_list>
<bind>
<StgValue><ssdm name=""/></StgValue>
</bind>
</comp>

<comp id="100" class="1001" name="const_100">
<pin_list>
<pin id="101" dir="1" index="0" bw="1" slack="0"/>
</pin_list>
<bind>
<StgValue><ssdm name=""/></StgValue>
</bind>
</comp>

<comp id="102" class="1001" name="const_102">
<pin_list>
<pin id="103" dir="1" index="0" bw="1" slack="0"/>
</pin_list>
<bind>
<StgValue><ssdm name=""/></StgValue>
</bind>
</comp>

<comp id="104" class="1001" name="const_104">
<pin_list>
<pin id="105" dir="1" index="0" bw="1" slack="0"/>
</pin_list>
<bind>
<StgValue><ssdm name=""/></StgValue>
</bind>
</comp>

<comp id="106" class="1001" name="const_106">
<pin_list>
<pin id="107" dir="1" index="0" bw="1" slack="0"/>
</pin_list>
<bind>
<StgValue><ssdm name=""/></StgValue>
</bind>
</comp>

<comp id="108" class="1001" name="const_108">
<pin_list>
<pin id="109" dir="1" index="0" bw="1" slack="0"/>
</pin_list>
<bind>
<StgValue><ssdm name=""/></StgValue>
</bind>
</comp>

<comp id="110" class="1001" name="const_110">
<pin_list>
<pin id="111" dir="1" index="0" bw="1" slack="0"/>
</pin_list>
<bind>
<StgValue><ssdm name=""/></StgValue>
</bind>
</comp>

<comp id="112" class="1001" name="const_112">
<pin_list>
<pin id="113" dir="1" index="0" bw="1" slack="0"/>
</pin_list>
<bind>
<StgValue><ssdm name=""/></StgValue>
</bind>
</comp>

<comp id="114" class="1001" name="const_114">
<pin_list>
<pin id="115" dir="1" index="0" bw="1" slack="0"/>
</pin_list>
<bind>
<StgValue><ssdm name="_ssdm_op_BitConcatenate.i25.i16.i9"/></StgValue>
</bind>
</comp>

<comp id="116" class="1001" name="const_116">
<pin_list>
<pin id="117" dir="1" index="0" bw="1" slack="0"/>
</pin_list>
<bind>
<StgValue><ssdm name=""/></StgValue>
</bind>
</comp>

<comp id="118" class="1001" name="const_118">
<pin_list>
<pin id="119" dir="1" index="0" bw="1" slack="0"/>
</pin_list>
<bind>
<StgValue><ssdm name=""/></StgValue>
</bind>
</comp>

<comp id="120" class="1001" name="const_120">
<pin_list>
<pin id="121" dir="1" index="0" bw="1" slack="0"/>
</pin_list>
<bind>
<StgValue><ssdm name=""/></StgValue>
</bind>
</comp>

<comp id="122" class="1001" name="const_122">
<pin_list>
<pin id="123" dir="1" index="0" bw="1" slack="0"/>
</pin_list>
<bind>
<StgValue><ssdm name=""/></StgValue>
</bind>
</comp>

<comp id="124" class="1001" name="const_124">
<pin_list>
<pin id="125" dir="1" index="0" bw="1" slack="0"/>
</pin_list>
<bind>
<StgValue><ssdm name=""/></StgValue>
</bind>
</comp>

<comp id="126" class="1001" name="const_126">
<pin_list>
<pin id="127" dir="1" index="0" bw="1" slack="0"/>
</pin_list>
<bind>
<StgValue><ssdm name=""/></StgValue>
</bind>
</comp>

<comp id="128" class="1001" name="const_128">
<pin_list>
<pin id="129" dir="1" index="0" bw="1" slack="0"/>
</pin_list>
<bind>
<StgValue><ssdm name=""/></StgValue>
</bind>
</comp>

<comp id="130" class="1001" name="const_130">
<pin_list>
<pin id="131" dir="1" index="0" bw="1" slack="0"/>
</pin_list>
<bind>
<StgValue><ssdm name=""/></StgValue>
</bind>
</comp>

<comp id="132" class="1001" name="const_132">
<pin_list>
<pin id="133" dir="1" index="0" bw="1" slack="0"/>
</pin_list>
<bind>
<StgValue><ssdm name=""/></StgValue>
</bind>
</comp>

<comp id="134" class="1001" name="const_134">
<pin_list>
<pin id="135" dir="1" index="0" bw="1" slack="0"/>
</pin_list>
<bind>
<StgValue><ssdm name="_ssdm_op_PartSelect.i11.i21.i32.i32"/></StgValue>
</bind>
</comp>

<comp id="136" class="1001" name="const_136">
<pin_list>
<pin id="137" dir="1" index="0" bw="1" slack="0"/>
</pin_list>
<bind>
<StgValue><ssdm name=""/></StgValue>
</bind>
</comp>

<comp id="138" class="1001" name="const_138">
<pin_list>
<pin id="139" dir="1" index="0" bw="1" slack="0"/>
</pin_list>
<bind>
<StgValue><ssdm name=""/></StgValue>
</bind>
</comp>

<comp id="140" class="1001" name="const_140">
<pin_list>
<pin id="141" dir="1" index="0" bw="1" slack="0"/>
</pin_list>
<bind>
<StgValue><ssdm name=""/></StgValue>
</bind>
</comp>

<comp id="142" class="1001" name="const_142">
<pin_list>
<pin id="143" dir="1" index="0" bw="1" slack="0"/>
</pin_list>
<bind>
<StgValue><ssdm name=""/></StgValue>
</bind>
</comp>

<comp id="144" class="1001" name="const_144">
<pin_list>
<pin id="145" dir="1" index="0" bw="1" slack="0"/>
</pin_list>
<bind>
<StgValue><ssdm name=""/></StgValue>
</bind>
</comp>

<comp id="146" class="1001" name="const_146">
<pin_list>
<pin id="147" dir="1" index="0" bw="1" slack="0"/>
</pin_list>
<bind>
<StgValue><ssdm name=""/></StgValue>
</bind>
</comp>

<comp id="148" class="1001" name="const_148">
<pin_list>
<pin id="149" dir="1" index="0" bw="1" slack="0"/>
</pin_list>
<bind>
<StgValue><ssdm name=""/></StgValue>
</bind>
</comp>

<comp id="150" class="1001" name="const_150">
<pin_list>
<pin id="151" dir="1" index="0" bw="1" slack="0"/>
</pin_list>
<bind>
<StgValue><ssdm name="_ssdm_op_BitConcatenate.i23.i16.i7"/></StgValue>
</bind>
</comp>

<comp id="152" class="1001" name="const_152">
<pin_list>
<pin id="153" dir="1" index="0" bw="1" slack="0"/>
</pin_list>
<bind>
<StgValue><ssdm name=""/></StgValue>
</bind>
</comp>

<comp id="154" class="1001" name="const_154">
<pin_list>
<pin id="155" dir="1" index="0" bw="1" slack="0"/>
</pin_list>
<bind>
<StgValue><ssdm name=""/></StgValue>
</bind>
</comp>

<comp id="156" class="1001" name="const_156">
<pin_list>
<pin id="157" dir="1" index="0" bw="1" slack="0"/>
</pin_list>
<bind>
<StgValue><ssdm name=""/></StgValue>
</bind>
</comp>

<comp id="158" class="1001" name="const_158">
<pin_list>
<pin id="159" dir="1" index="0" bw="1" slack="0"/>
</pin_list>
<bind>
<StgValue><ssdm name=""/></StgValue>
</bind>
</comp>

<comp id="160" class="1001" name="const_160">
<pin_list>
<pin id="161" dir="1" index="0" bw="1" slack="0"/>
</pin_list>
<bind>
<StgValue><ssdm name=""/></StgValue>
</bind>
</comp>

<comp id="162" class="1001" name="const_162">
<pin_list>
<pin id="163" dir="1" index="0" bw="1" slack="0"/>
</pin_list>
<bind>
<StgValue><ssdm name=""/></StgValue>
</bind>
</comp>

<comp id="164" class="1001" name="const_164">
<pin_list>
<pin id="165" dir="1" index="0" bw="1" slack="0"/>
</pin_list>
<bind>
<StgValue><ssdm name=""/></StgValue>
</bind>
</comp>

<comp id="166" class="1001" name="const_166">
<pin_list>
<pin id="167" dir="1" index="0" bw="1" slack="0"/>
</pin_list>
<bind>
<StgValue><ssdm name=""/></StgValue>
</bind>
</comp>

<comp id="168" class="1001" name="const_168">
<pin_list>
<pin id="169" dir="1" index="0" bw="1" slack="0"/>
</pin_list>
<bind>
<StgValue><ssdm name=""/></StgValue>
</bind>
</comp>

<comp id="170" class="1001" name="const_170">
<pin_list>
<pin id="171" dir="1" index="0" bw="1" slack="0"/>
</pin_list>
<bind>
<StgValue><ssdm name=""/></StgValue>
</bind>
</comp>

<comp id="172" class="1001" name="const_172">
<pin_list>
<pin id="173" dir="1" index="0" bw="1" slack="0"/>
</pin_list>
<bind>
<StgValue><ssdm name=""/></StgValue>
</bind>
</comp>

<comp id="174" class="1001" name="const_174">
<pin_list>
<pin id="175" dir="1" index="0" bw="1" slack="0"/>
</pin_list>
<bind>
<StgValue><ssdm name=""/></StgValue>
</bind>
</comp>

<comp id="176" class="1001" name="const_176">
<pin_list>
<pin id="177" dir="1" index="0" bw="1" slack="0"/>
</pin_list>
<bind>
<StgValue><ssdm name=""/></StgValue>
</bind>
</comp>

<comp id="178" class="1001" name="const_178">
<pin_list>
<pin id="179" dir="1" index="0" bw="1" slack="0"/>
</pin_list>
<bind>
<StgValue><ssdm name=""/></StgValue>
</bind>
</comp>

<comp id="180" class="1001" name="const_180">
<pin_list>
<pin id="181" dir="1" index="0" bw="1" slack="0"/>
</pin_list>
<bind>
<StgValue><ssdm name=""/></StgValue>
</bind>
</comp>

<comp id="182" class="1001" name="const_182">
<pin_list>
<pin id="183" dir="1" index="0" bw="1" slack="0"/>
</pin_list>
<bind>
<StgValue><ssdm name=""/></StgValue>
</bind>
</comp>

<comp id="184" class="1001" name="const_184">
<pin_list>
<pin id="185" dir="1" index="0" bw="1" slack="0"/>
</pin_list>
<bind>
<StgValue><ssdm name=""/></StgValue>
</bind>
</comp>

<comp id="186" class="1001" name="const_186">
<pin_list>
<pin id="187" dir="1" index="0" bw="1" slack="0"/>
</pin_list>
<bind>
<StgValue><ssdm name=""/></StgValue>
</bind>
</comp>

<comp id="188" class="1001" name="const_188">
<pin_list>
<pin id="189" dir="1" index="0" bw="1" slack="0"/>
</pin_list>
<bind>
<StgValue><ssdm name=""/></StgValue>
</bind>
</comp>

<comp id="190" class="1001" name="const_190">
<pin_list>
<pin id="191" dir="1" index="0" bw="1" slack="0"/>
</pin_list>
<bind>
<StgValue><ssdm name=""/></StgValue>
</bind>
</comp>

<comp id="192" class="1001" name="const_192">
<pin_list>
<pin id="193" dir="1" index="0" bw="1" slack="0"/>
</pin_list>
<bind>
<StgValue><ssdm name=""/></StgValue>
</bind>
</comp>

<comp id="194" class="1001" name="const_194">
<pin_list>
<pin id="195" dir="1" index="0" bw="1" slack="0"/>
</pin_list>
<bind>
<StgValue><ssdm name=""/></StgValue>
</bind>
</comp>

<comp id="196" class="1001" name="const_196">
<pin_list>
<pin id="197" dir="1" index="0" bw="1" slack="0"/>
</pin_list>
<bind>
<StgValue><ssdm name=""/></StgValue>
</bind>
</comp>

<comp id="198" class="1001" name="const_198">
<pin_list>
<pin id="199" dir="1" index="0" bw="1" slack="0"/>
</pin_list>
<bind>
<StgValue><ssdm name=""/></StgValue>
</bind>
</comp>

<comp id="200" class="1001" name="const_200">
<pin_list>
<pin id="201" dir="1" index="0" bw="1" slack="0"/>
</pin_list>
<bind>
<StgValue><ssdm name=""/></StgValue>
</bind>
</comp>

<comp id="202" class="1001" name="const_202">
<pin_list>
<pin id="203" dir="1" index="0" bw="1" slack="0"/>
</pin_list>
<bind>
<StgValue><ssdm name=""/></StgValue>
</bind>
</comp>

<comp id="204" class="1001" name="const_204">
<pin_list>
<pin id="205" dir="1" index="0" bw="1" slack="0"/>
</pin_list>
<bind>
<StgValue><ssdm name="_ssdm_op_BitConcatenate.i22.i16.i6"/></StgValue>
</bind>
</comp>

<comp id="206" class="1001" name="const_206">
<pin_list>
<pin id="207" dir="1" index="0" bw="1" slack="0"/>
</pin_list>
<bind>
<StgValue><ssdm name=""/></StgValue>
</bind>
</comp>

<comp id="208" class="1001" name="const_208">
<pin_list>
<pin id="209" dir="1" index="0" bw="1" slack="0"/>
</pin_list>
<bind>
<StgValue><ssdm name=""/></StgValue>
</bind>
</comp>

<comp id="210" class="1001" name="const_210">
<pin_list>
<pin id="211" dir="1" index="0" bw="1" slack="0"/>
</pin_list>
<bind>
<StgValue><ssdm name="_ssdm_op_BitConcatenate.i18.i16.i2"/></StgValue>
</bind>
</comp>

<comp id="212" class="1001" name="const_212">
<pin_list>
<pin id="213" dir="1" index="0" bw="1" slack="0"/>
</pin_list>
<bind>
<StgValue><ssdm name=""/></StgValue>
</bind>
</comp>

<comp id="214" class="1001" name="const_214">
<pin_list>
<pin id="215" dir="1" index="0" bw="1" slack="0"/>
</pin_list>
<bind>
<StgValue><ssdm name=""/></StgValue>
</bind>
</comp>

<comp id="216" class="1001" name="const_216">
<pin_list>
<pin id="217" dir="1" index="0" bw="1" slack="0"/>
</pin_list>
<bind>
<StgValue><ssdm name=""/></StgValue>
</bind>
</comp>

<comp id="218" class="1001" name="const_218">
<pin_list>
<pin id="219" dir="1" index="0" bw="1" slack="0"/>
</pin_list>
<bind>
<StgValue><ssdm name=""/></StgValue>
</bind>
</comp>

<comp id="220" class="1001" name="const_220">
<pin_list>
<pin id="221" dir="1" index="0" bw="1" slack="0"/>
</pin_list>
<bind>
<StgValue><ssdm name=""/></StgValue>
</bind>
</comp>

<comp id="222" class="1001" name="const_222">
<pin_list>
<pin id="223" dir="1" index="0" bw="1" slack="0"/>
</pin_list>
<bind>
<StgValue><ssdm name=""/></StgValue>
</bind>
</comp>

<comp id="224" class="1001" name="const_224">
<pin_list>
<pin id="225" dir="1" index="0" bw="1" slack="0"/>
</pin_list>
<bind>
<StgValue><ssdm name=""/></StgValue>
</bind>
</comp>

<comp id="226" class="1001" name="const_226">
<pin_list>
<pin id="227" dir="1" index="0" bw="1" slack="0"/>
</pin_list>
<bind>
<StgValue><ssdm name=""/></StgValue>
</bind>
</comp>

<comp id="228" class="1001" name="const_228">
<pin_list>
<pin id="229" dir="1" index="0" bw="1" slack="0"/>
</pin_list>
<bind>
<StgValue><ssdm name=""/></StgValue>
</bind>
</comp>

<comp id="230" class="1001" name="const_230">
<pin_list>
<pin id="231" dir="1" index="0" bw="1" slack="0"/>
</pin_list>
<bind>
<StgValue><ssdm name=""/></StgValue>
</bind>
</comp>

<comp id="232" class="1001" name="const_232">
<pin_list>
<pin id="233" dir="1" index="0" bw="1" slack="0"/>
</pin_list>
<bind>
<StgValue><ssdm name=""/></StgValue>
</bind>
</comp>

<comp id="234" class="1001" name="const_234">
<pin_list>
<pin id="235" dir="1" index="0" bw="1" slack="0"/>
</pin_list>
<bind>
<StgValue><ssdm name="_ssdm_op_PartSelect.i10.i20.i32.i32"/></StgValue>
</bind>
</comp>

<comp id="236" class="1001" name="const_236">
<pin_list>
<pin id="237" dir="1" index="0" bw="1" slack="0"/>
</pin_list>
<bind>
<StgValue><ssdm name=""/></StgValue>
</bind>
</comp>

<comp id="238" class="1001" name="const_238">
<pin_list>
<pin id="239" dir="1" index="0" bw="1" slack="0"/>
</pin_list>
<bind>
<StgValue><ssdm name=""/></StgValue>
</bind>
</comp>

<comp id="240" class="1001" name="const_240">
<pin_list>
<pin id="241" dir="1" index="0" bw="1" slack="0"/>
</pin_list>
<bind>
<StgValue><ssdm name=""/></StgValue>
</bind>
</comp>

<comp id="242" class="1001" name="const_242">
<pin_list>
<pin id="243" dir="1" index="0" bw="1" slack="0"/>
</pin_list>
<bind>
<StgValue><ssdm name="_ssdm_op_BitConcatenate.i24.i16.i8"/></StgValue>
</bind>
</comp>

<comp id="244" class="1001" name="const_244">
<pin_list>
<pin id="245" dir="1" index="0" bw="1" slack="0"/>
</pin_list>
<bind>
<StgValue><ssdm name=""/></StgValue>
</bind>
</comp>

<comp id="246" class="1001" name="const_246">
<pin_list>
<pin id="247" dir="1" index="0" bw="1" slack="0"/>
</pin_list>
<bind>
<StgValue><ssdm name=""/></StgValue>
</bind>
</comp>

<comp id="248" class="1001" name="const_248">
<pin_list>
<pin id="249" dir="1" index="0" bw="1" slack="0"/>
</pin_list>
<bind>
<StgValue><ssdm name=""/></StgValue>
</bind>
</comp>

<comp id="250" class="1001" name="const_250">
<pin_list>
<pin id="251" dir="1" index="0" bw="1" slack="0"/>
</pin_list>
<bind>
<StgValue><ssdm name=""/></StgValue>
</bind>
</comp>

<comp id="252" class="1001" name="const_252">
<pin_list>
<pin id="253" dir="1" index="0" bw="1" slack="0"/>
</pin_list>
<bind>
<StgValue><ssdm name=""/></StgValue>
</bind>
</comp>

<comp id="254" class="1001" name="const_254">
<pin_list>
<pin id="255" dir="1" index="0" bw="1" slack="0"/>
</pin_list>
<bind>
<StgValue><ssdm name="_ssdm_op_PartSelect.i9.i19.i32.i32"/></StgValue>
</bind>
</comp>

<comp id="256" class="1001" name="const_256">
<pin_list>
<pin id="257" dir="1" index="0" bw="1" slack="0"/>
</pin_list>
<bind>
<StgValue><ssdm name=""/></StgValue>
</bind>
</comp>

<comp id="258" class="1001" name="const_258">
<pin_list>
<pin id="259" dir="1" index="0" bw="1" slack="0"/>
</pin_list>
<bind>
<StgValue><ssdm name=""/></StgValue>
</bind>
</comp>

<comp id="260" class="1001" name="const_260">
<pin_list>
<pin id="261" dir="1" index="0" bw="1" slack="0"/>
</pin_list>
<bind>
<StgValue><ssdm name=""/></StgValue>
</bind>
</comp>

<comp id="262" class="1001" name="const_262">
<pin_list>
<pin id="263" dir="1" index="0" bw="1" slack="0"/>
</pin_list>
<bind>
<StgValue><ssdm name=""/></StgValue>
</bind>
</comp>

<comp id="264" class="1001" name="const_264">
<pin_list>
<pin id="265" dir="1" index="0" bw="1" slack="0"/>
</pin_list>
<bind>
<StgValue><ssdm name=""/></StgValue>
</bind>
</comp>

<comp id="266" class="1001" name="const_266">
<pin_list>
<pin id="267" dir="1" index="0" bw="1" slack="0"/>
</pin_list>
<bind>
<StgValue><ssdm name=""/></StgValue>
</bind>
</comp>

<comp id="268" class="1001" name="const_268">
<pin_list>
<pin id="269" dir="1" index="0" bw="1" slack="0"/>
</pin_list>
<bind>
<StgValue><ssdm name="_ssdm_op_PartSelect.i7.i256.i32.i32"/></StgValue>
</bind>
</comp>

<comp id="270" class="1001" name="const_270">
<pin_list>
<pin id="271" dir="1" index="0" bw="1" slack="0"/>
</pin_list>
<bind>
<StgValue><ssdm name=""/></StgValue>
</bind>
</comp>

<comp id="272" class="1001" name="const_272">
<pin_list>
<pin id="273" dir="1" index="0" bw="1" slack="0"/>
</pin_list>
<bind>
<StgValue><ssdm name=""/></StgValue>
</bind>
</comp>

<comp id="274" class="1001" name="const_274">
<pin_list>
<pin id="275" dir="1" index="0" bw="1" slack="0"/>
</pin_list>
<bind>
<StgValue><ssdm name=""/></StgValue>
</bind>
</comp>

<comp id="276" class="1001" name="const_276">
<pin_list>
<pin id="277" dir="1" index="0" bw="1" slack="0"/>
</pin_list>
<bind>
<StgValue><ssdm name=""/></StgValue>
</bind>
</comp>

<comp id="278" class="1001" name="const_278">
<pin_list>
<pin id="279" dir="1" index="0" bw="1" slack="0"/>
</pin_list>
<bind>
<StgValue><ssdm name=""/></StgValue>
</bind>
</comp>

<comp id="280" class="1001" name="const_280">
<pin_list>
<pin id="281" dir="1" index="0" bw="1" slack="0"/>
</pin_list>
<bind>
<StgValue><ssdm name=""/></StgValue>
</bind>
</comp>

<comp id="282" class="1001" name="const_282">
<pin_list>
<pin id="283" dir="1" index="0" bw="1" slack="0"/>
</pin_list>
<bind>
<StgValue><ssdm name=""/></StgValue>
</bind>
</comp>

<comp id="284" class="1001" name="const_284">
<pin_list>
<pin id="285" dir="1" index="0" bw="1" slack="0"/>
</pin_list>
<bind>
<StgValue><ssdm name=""/></StgValue>
</bind>
</comp>

<comp id="286" class="1001" name="const_286">
<pin_list>
<pin id="287" dir="1" index="0" bw="1" slack="0"/>
</pin_list>
<bind>
<StgValue><ssdm name=""/></StgValue>
</bind>
</comp>

<comp id="288" class="1001" name="const_288">
<pin_list>
<pin id="289" dir="1" index="0" bw="1" slack="0"/>
</pin_list>
<bind>
<StgValue><ssdm name=""/></StgValue>
</bind>
</comp>

<comp id="290" class="1001" name="const_290">
<pin_list>
<pin id="291" dir="1" index="0" bw="1" slack="0"/>
</pin_list>
<bind>
<StgValue><ssdm name=""/></StgValue>
</bind>
</comp>

<comp id="292" class="1001" name="const_292">
<pin_list>
<pin id="293" dir="1" index="0" bw="1" slack="0"/>
</pin_list>
<bind>
<StgValue><ssdm name=""/></StgValue>
</bind>
</comp>

<comp id="294" class="1001" name="const_294">
<pin_list>
<pin id="295" dir="1" index="0" bw="1" slack="0"/>
</pin_list>
<bind>
<StgValue><ssdm name=""/></StgValue>
</bind>
</comp>

<comp id="296" class="1001" name="const_296">
<pin_list>
<pin id="297" dir="1" index="0" bw="1" slack="0"/>
</pin_list>
<bind>
<StgValue><ssdm name=""/></StgValue>
</bind>
</comp>

<comp id="298" class="1001" name="const_298">
<pin_list>
<pin id="299" dir="1" index="0" bw="1" slack="0"/>
</pin_list>
<bind>
<StgValue><ssdm name=""/></StgValue>
</bind>
</comp>

<comp id="300" class="1001" name="const_300">
<pin_list>
<pin id="301" dir="1" index="0" bw="1" slack="0"/>
</pin_list>
<bind>
<StgValue><ssdm name=""/></StgValue>
</bind>
</comp>

<comp id="302" class="1001" name="const_302">
<pin_list>
<pin id="303" dir="1" index="0" bw="1" slack="0"/>
</pin_list>
<bind>
<StgValue><ssdm name=""/></StgValue>
</bind>
</comp>

<comp id="304" class="1001" name="const_304">
<pin_list>
<pin id="305" dir="1" index="0" bw="1" slack="0"/>
</pin_list>
<bind>
<StgValue><ssdm name=""/></StgValue>
</bind>
</comp>

<comp id="306" class="1001" name="const_306">
<pin_list>
<pin id="307" dir="1" index="0" bw="1" slack="0"/>
</pin_list>
<bind>
<StgValue><ssdm name=""/></StgValue>
</bind>
</comp>

<comp id="308" class="1001" name="const_308">
<pin_list>
<pin id="309" dir="1" index="0" bw="1" slack="0"/>
</pin_list>
<bind>
<StgValue><ssdm name=""/></StgValue>
</bind>
</comp>

<comp id="310" class="1001" name="const_310">
<pin_list>
<pin id="311" dir="1" index="0" bw="1" slack="0"/>
</pin_list>
<bind>
<StgValue><ssdm name=""/></StgValue>
</bind>
</comp>

<comp id="312" class="1001" name="const_312">
<pin_list>
<pin id="313" dir="1" index="0" bw="1" slack="0"/>
</pin_list>
<bind>
<StgValue><ssdm name=""/></StgValue>
</bind>
</comp>

<comp id="314" class="1001" name="const_314">
<pin_list>
<pin id="315" dir="1" index="0" bw="1" slack="0"/>
</pin_list>
<bind>
<StgValue><ssdm name=""/></StgValue>
</bind>
</comp>

<comp id="316" class="1001" name="const_316">
<pin_list>
<pin id="317" dir="1" index="0" bw="1" slack="0"/>
</pin_list>
<bind>
<StgValue><ssdm name=""/></StgValue>
</bind>
</comp>

<comp id="318" class="1001" name="const_318">
<pin_list>
<pin id="319" dir="1" index="0" bw="1" slack="0"/>
</pin_list>
<bind>
<StgValue><ssdm name=""/></StgValue>
</bind>
</comp>

<comp id="320" class="1001" name="const_320">
<pin_list>
<pin id="321" dir="1" index="0" bw="1" slack="0"/>
</pin_list>
<bind>
<StgValue><ssdm name=""/></StgValue>
</bind>
</comp>

<comp id="322" class="1001" name="const_322">
<pin_list>
<pin id="323" dir="1" index="0" bw="1" slack="0"/>
</pin_list>
<bind>
<StgValue><ssdm name=""/></StgValue>
</bind>
</comp>

<comp id="324" class="1001" name="const_324">
<pin_list>
<pin id="325" dir="1" index="0" bw="1" slack="0"/>
</pin_list>
<bind>
<StgValue><ssdm name=""/></StgValue>
</bind>
</comp>

<comp id="326" class="1001" name="const_326">
<pin_list>
<pin id="327" dir="1" index="0" bw="1" slack="0"/>
</pin_list>
<bind>
<StgValue><ssdm name=""/></StgValue>
</bind>
</comp>

<comp id="328" class="1001" name="const_328">
<pin_list>
<pin id="329" dir="1" index="0" bw="1" slack="0"/>
</pin_list>
<bind>
<StgValue><ssdm name=""/></StgValue>
</bind>
</comp>

<comp id="330" class="1001" name="const_330">
<pin_list>
<pin id="331" dir="1" index="0" bw="1" slack="0"/>
</pin_list>
<bind>
<StgValue><ssdm name=""/></StgValue>
</bind>
</comp>

<comp id="332" class="1001" name="const_332">
<pin_list>
<pin id="333" dir="1" index="0" bw="1" slack="0"/>
</pin_list>
<bind>
<StgValue><ssdm name=""/></StgValue>
</bind>
</comp>

<comp id="334" class="1001" name="const_334">
<pin_list>
<pin id="335" dir="1" index="0" bw="1" slack="0"/>
</pin_list>
<bind>
<StgValue><ssdm name=""/></StgValue>
</bind>
</comp>

<comp id="336" class="1001" name="const_336">
<pin_list>
<pin id="337" dir="1" index="0" bw="1" slack="0"/>
</pin_list>
<bind>
<StgValue><ssdm name=""/></StgValue>
</bind>
</comp>

<comp id="338" class="1001" name="const_338">
<pin_list>
<pin id="339" dir="1" index="0" bw="1" slack="2147483647"/>
</pin_list>
<bind>
<StgValue><ssdm name="_ssdm_op_SpecPipeline"/></StgValue>
</bind>
</comp>

<comp id="340" class="1001" name="const_340">
<pin_list>
<pin id="341" dir="1" index="0" bw="1" slack="2147483647"/>
</pin_list>
<bind>
<StgValue><ssdm name=""/></StgValue>
</bind>
</comp>

<comp id="342" class="1001" name="const_342">
<pin_list>
<pin id="343" dir="1" index="0" bw="1" slack="2147483647"/>
</pin_list>
<bind>
<StgValue><ssdm name=""/></StgValue>
</bind>
</comp>

<comp id="344" class="1001" name="const_344">
<pin_list>
<pin id="345" dir="1" index="0" bw="1" slack="2147483647"/>
</pin_list>
<bind>
<StgValue><ssdm name="empty_0"/></StgValue>
</bind>
</comp>

<comp id="346" class="1001" name="const_346">
<pin_list>
<pin id="347" dir="1" index="0" bw="1" slack="2147483647"/>
</pin_list>
<bind>
<StgValue><ssdm name="_ssdm_op_SpecResourceLimit"/></StgValue>
</bind>
</comp>

<comp id="348" class="1001" name="const_348">
<pin_list>
<pin id="349" dir="1" index="0" bw="1" slack="2147483647"/>
</pin_list>
<bind>
<StgValue><ssdm name=""/></StgValue>
</bind>
</comp>

<comp id="350" class="1001" name="const_350">
<pin_list>
<pin id="351" dir="1" index="0" bw="1" slack="2147483647"/>
</pin_list>
<bind>
<StgValue><ssdm name="empty_1"/></StgValue>
</bind>
</comp>

<comp id="352" class="1001" name="const_352">
<pin_list>
<pin id="353" dir="1" index="0" bw="1" slack="0"/>
</pin_list>
<bind>
<StgValue><ssdm name="_ssdm_op_BitConcatenate.i26.i16.i10"/></StgValue>
</bind>
</comp>

<comp id="354" class="1001" name="const_354">
<pin_list>
<pin id="355" dir="1" index="0" bw="1" slack="0"/>
</pin_list>
<bind>
<StgValue><ssdm name=""/></StgValue>
</bind>
</comp>

<comp id="356" class="1001" name="const_356">
<pin_list>
<pin id="357" dir="1" index="0" bw="1" slack="0"/>
</pin_list>
<bind>
<StgValue><ssdm name=""/></StgValue>
</bind>
</comp>

<comp id="358" class="1004" name="data_val_read_read_fu_358">
<pin_list>
<pin id="359" dir="0" index="0" bw="256" slack="0"/>
<pin id="360" dir="0" index="1" bw="256" slack="0"/>
<pin id="361" dir="1" index="2" bw="256" slack="0"/>
</pin_list>
<bind>
<opcode="read(1150) " fcode="read"/>
<opset="data_val_read/1 "/>
</bind>
</comp>

<comp id="365" class="1004" name="mul_ln73_59_fu_365">
<pin_list>
<pin id="51928" dir="0" index="0" bw="16" slack="0"/>
<pin id="51929" dir="0" index="1" bw="10" slack="0"/>
<pin id="51930" dir="1" index="2" bw="26" slack="0"/>
</pin_list>
<bind>
<opcode="mul(12) " fcode="mul"/>
<opset="mul_ln73_59/1 "/>
</bind>
</comp>

<comp id="366" class="1004" name="mul_ln73_46_fu_366">
<pin_list>
<pin id="51876" dir="0" index="0" bw="16" slack="0"/>
<pin id="51877" dir="0" index="1" bw="10" slack="0"/>
<pin id="51878" dir="1" index="2" bw="26" slack="0"/>
</pin_list>
<bind>
<opcode="mul(12) " fcode="mul"/>
<opset="mul_ln73_46/1 "/>
</bind>
</comp>

<comp id="367" class="1004" name="mul_ln73_90_fu_367">
<pin_list>
<pin id="52052" dir="0" index="0" bw="16" slack="0"/>
<pin id="52053" dir="0" index="1" bw="10" slack="0"/>
<pin id="52054" dir="1" index="2" bw="26" slack="0"/>
</pin_list>
<bind>
<opcode="mul(12) " fcode="mul"/>
<opset="mul_ln73_90/1 "/>
</bind>
</comp>

<comp id="368" class="1004" name="mul_ln73_91_fu_368">
<pin_list>
<pin id="52056" dir="0" index="0" bw="16" slack="0"/>
<pin id="52057" dir="0" index="1" bw="7" slack="0"/>
<pin id="52058" dir="1" index="2" bw="23" slack="0"/>
</pin_list>
<bind>
<opcode="mul(12) " fcode="mul"/>
<opset="mul_ln73_91/1 "/>
</bind>
</comp>

<comp id="371" class="1004" name="mul_ln73_51_fu_371">
<pin_list>
<pin id="51896" dir="0" index="0" bw="16" slack="0"/>
<pin id="51897" dir="0" index="1" bw="10" slack="0"/>
<pin id="51898" dir="1" index="2" bw="26" slack="0"/>
</pin_list>
<bind>
<opcode="mul(12) " fcode="mul"/>
<opset="mul_ln73_51/1 "/>
</bind>
</comp>

<comp id="373" class="1004" name="mul_ln73_3_fu_373">
<pin_list>
<pin id="51704" dir="0" index="0" bw="16" slack="0"/>
<pin id="51705" dir="0" index="1" bw="10" slack="0"/>
<pin id="51706" dir="1" index="2" bw="26" slack="0"/>
</pin_list>
<bind>
<opcode="mul(12) " fcode="mul"/>
<opset="mul_ln73_3/1 "/>
</bind>
</comp>

<comp id="374" class="1004" name="mul_ln73_fu_374">
<pin_list>
<pin id="51692" dir="0" index="0" bw="16" slack="0"/>
<pin id="51693" dir="0" index="1" bw="9" slack="0"/>
<pin id="51694" dir="1" index="2" bw="25" slack="0"/>
</pin_list>
<bind>
<opcode="mul(12) " fcode="mul"/>
<opset="mul_ln73/1 "/>
</bind>
</comp>

<comp id="377" class="1004" name="mul_ln73_17_fu_377">
<pin_list>
<pin id="51760" dir="0" index="0" bw="16" slack="0"/>
<pin id="51761" dir="0" index="1" bw="10" slack="0"/>
<pin id="51762" dir="1" index="2" bw="26" slack="0"/>
</pin_list>
<bind>
<opcode="mul(12) " fcode="mul"/>
<opset="mul_ln73_17/1 "/>
</bind>
</comp>

<comp id="378" class="1004" name="mul_ln73_13_fu_378">
<pin_list>
<pin id="51744" dir="0" index="0" bw="16" slack="0"/>
<pin id="51745" dir="0" index="1" bw="10" slack="0"/>
<pin id="51746" dir="1" index="2" bw="26" slack="0"/>
</pin_list>
<bind>
<opcode="mul(12) " fcode="mul"/>
<opset="mul_ln73_13/1 "/>
</bind>
</comp>

<comp id="379" class="1004" name="mul_ln73_36_fu_379">
<pin_list>
<pin id="51836" dir="0" index="0" bw="16" slack="0"/>
<pin id="51837" dir="0" index="1" bw="6" slack="0"/>
<pin id="51838" dir="1" index="2" bw="22" slack="0"/>
</pin_list>
<bind>
<opcode="mul(12) " fcode="mul"/>
<opset="mul_ln73_36/1 "/>
</bind>
</comp>

<comp id="382" class="1004" name="mul_ln73_48_fu_382">
<pin_list>
<pin id="51884" dir="0" index="0" bw="16" slack="0"/>
<pin id="51885" dir="0" index="1" bw="10" slack="0"/>
<pin id="51886" dir="1" index="2" bw="26" slack="0"/>
</pin_list>
<bind>
<opcode="mul(12) " fcode="mul"/>
<opset="mul_ln73_48/1 "/>
</bind>
</comp>

<comp id="383" class="1004" name="mul_ln73_27_fu_383">
<pin_list>
<pin id="51800" dir="0" index="0" bw="16" slack="0"/>
<pin id="51801" dir="0" index="1" bw="8" slack="0"/>
<pin id="51802" dir="1" index="2" bw="24" slack="0"/>
</pin_list>
<bind>
<opcode="mul(12) " fcode="mul"/>
<opset="mul_ln73_27/1 "/>
</bind>
</comp>

<comp id="384" class="1004" name="mul_ln73_28_fu_384">
<pin_list>
<pin id="51804" dir="0" index="0" bw="16" slack="0"/>
<pin id="51805" dir="0" index="1" bw="9" slack="0"/>
<pin id="51806" dir="1" index="2" bw="25" slack="0"/>
</pin_list>
<bind>
<opcode="mul(12) " fcode="mul"/>
<opset="mul_ln73_28/1 "/>
</bind>
</comp>

<comp id="385" class="1004" name="mul_ln73_60_fu_385">
<pin_list>
<pin id="51932" dir="0" index="0" bw="16" slack="0"/>
<pin id="51933" dir="0" index="1" bw="10" slack="0"/>
<pin id="51934" dir="1" index="2" bw="26" slack="0"/>
</pin_list>
<bind>
<opcode="mul(12) " fcode="mul"/>
<opset="mul_ln73_60/1 "/>
</bind>
</comp>

<comp id="386" class="1004" name="mul_ln73_83_fu_386">
<pin_list>
<pin id="52024" dir="0" index="0" bw="16" slack="0"/>
<pin id="52025" dir="0" index="1" bw="10" slack="0"/>
<pin id="52026" dir="1" index="2" bw="26" slack="0"/>
</pin_list>
<bind>
<opcode="mul(12) " fcode="mul"/>
<opset="mul_ln73_83/1 "/>
</bind>
</comp>

<comp id="387" class="1004" name="mul_ln73_84_fu_387">
<pin_list>
<pin id="52028" dir="0" index="0" bw="16" slack="0"/>
<pin id="52029" dir="0" index="1" bw="9" slack="0"/>
<pin id="52030" dir="1" index="2" bw="25" slack="0"/>
</pin_list>
<bind>
<opcode="mul(12) " fcode="mul"/>
<opset="mul_ln73_84/1 "/>
</bind>
</comp>

<comp id="389" class="1004" name="mul_ln73_95_fu_389">
<pin_list>
<pin id="52072" dir="0" index="0" bw="16" slack="0"/>
<pin id="52073" dir="0" index="1" bw="9" slack="0"/>
<pin id="52074" dir="1" index="2" bw="25" slack="0"/>
</pin_list>
<bind>
<opcode="mul(12) " fcode="mul"/>
<opset="mul_ln73_95/1 "/>
</bind>
</comp>

<comp id="390" class="1004" name="mul_ln73_96_fu_390">
<pin_list>
<pin id="52076" dir="0" index="0" bw="16" slack="0"/>
<pin id="52077" dir="0" index="1" bw="10" slack="0"/>
<pin id="52078" dir="1" index="2" bw="26" slack="0"/>
</pin_list>
<bind>
<opcode="mul(12) " fcode="mul"/>
<opset="mul_ln73_96/1 "/>
</bind>
</comp>

<comp id="391" class="1004" name="mul_ln73_97_fu_391">
<pin_list>
<pin id="52080" dir="0" index="0" bw="16" slack="0"/>
<pin id="52081" dir="0" index="1" bw="7" slack="0"/>
<pin id="52082" dir="1" index="2" bw="23" slack="0"/>
</pin_list>
<bind>
<opcode="mul(12) " fcode="mul"/>
<opset="mul_ln73_97/1 "/>
</bind>
</comp>

<comp id="392" class="1004" name="mul_ln73_14_fu_392">
<pin_list>
<pin id="51748" dir="0" index="0" bw="16" slack="0"/>
<pin id="51749" dir="0" index="1" bw="9" slack="0"/>
<pin id="51750" dir="1" index="2" bw="25" slack="0"/>
</pin_list>
<bind>
<opcode="mul(12) " fcode="mul"/>
<opset="mul_ln73_14/1 "/>
</bind>
</comp>

<comp id="393" class="1004" name="mul_ln73_92_fu_393">
<pin_list>
<pin id="52060" dir="0" index="0" bw="16" slack="0"/>
<pin id="52061" dir="0" index="1" bw="8" slack="0"/>
<pin id="52062" dir="1" index="2" bw="24" slack="0"/>
</pin_list>
<bind>
<opcode="mul(12) " fcode="mul"/>
<opset="mul_ln73_92/1 "/>
</bind>
</comp>

<comp id="394" class="1004" name="mul_ln73_32_fu_394">
<pin_list>
<pin id="51820" dir="0" index="0" bw="16" slack="0"/>
<pin id="51821" dir="0" index="1" bw="9" slack="0"/>
<pin id="51822" dir="1" index="2" bw="25" slack="0"/>
</pin_list>
<bind>
<opcode="mul(12) " fcode="mul"/>
<opset="mul_ln73_32/1 "/>
</bind>
</comp>

<comp id="397" class="1004" name="mul_ln73_6_fu_397">
<pin_list>
<pin id="51716" dir="0" index="0" bw="16" slack="0"/>
<pin id="51717" dir="0" index="1" bw="9" slack="0"/>
<pin id="51718" dir="1" index="2" bw="25" slack="0"/>
</pin_list>
<bind>
<opcode="mul(12) " fcode="mul"/>
<opset="mul_ln73_6/1 "/>
</bind>
</comp>

<comp id="398" class="1004" name="mul_ln73_7_fu_398">
<pin_list>
<pin id="51720" dir="0" index="0" bw="16" slack="0"/>
<pin id="51721" dir="0" index="1" bw="10" slack="0"/>
<pin id="51722" dir="1" index="2" bw="26" slack="0"/>
</pin_list>
<bind>
<opcode="mul(12) " fcode="mul"/>
<opset="mul_ln73_7/1 "/>
</bind>
</comp>

<comp id="399" class="1004" name="mul_ln73_8_fu_399">
<pin_list>
<pin id="51724" dir="0" index="0" bw="16" slack="0"/>
<pin id="51725" dir="0" index="1" bw="7" slack="0"/>
<pin id="51726" dir="1" index="2" bw="23" slack="0"/>
</pin_list>
<bind>
<opcode="mul(12) " fcode="mul"/>
<opset="mul_ln73_8/1 "/>
</bind>
</comp>

<comp id="400" class="1004" name="mul_ln73_22_fu_400">
<pin_list>
<pin id="51780" dir="0" index="0" bw="16" slack="0"/>
<pin id="51781" dir="0" index="1" bw="10" slack="0"/>
<pin id="51782" dir="1" index="2" bw="26" slack="0"/>
</pin_list>
<bind>
<opcode="mul(12) " fcode="mul"/>
<opset="mul_ln73_22/1 "/>
</bind>
</comp>

<comp id="401" class="1004" name="mul_ln73_19_fu_401">
<pin_list>
<pin id="51768" dir="0" index="0" bw="16" slack="0"/>
<pin id="51769" dir="0" index="1" bw="9" slack="0"/>
<pin id="51770" dir="1" index="2" bw="25" slack="0"/>
</pin_list>
<bind>
<opcode="mul(12) " fcode="mul"/>
<opset="mul_ln73_19/1 "/>
</bind>
</comp>

<comp id="403" class="1004" name="mul_ln73_21_fu_403">
<pin_list>
<pin id="51776" dir="0" index="0" bw="16" slack="0"/>
<pin id="51777" dir="0" index="1" bw="8" slack="0"/>
<pin id="51778" dir="1" index="2" bw="24" slack="0"/>
</pin_list>
<bind>
<opcode="mul(12) " fcode="mul"/>
<opset="mul_ln73_21/1 "/>
</bind>
</comp>

<comp id="404" class="1004" name="mul_ln73_75_fu_404">
<pin_list>
<pin id="51992" dir="0" index="0" bw="16" slack="0"/>
<pin id="51993" dir="0" index="1" bw="10" slack="0"/>
<pin id="51994" dir="1" index="2" bw="26" slack="0"/>
</pin_list>
<bind>
<opcode="mul(12) " fcode="mul"/>
<opset="mul_ln73_75/1 "/>
</bind>
</comp>

<comp id="405" class="1004" name="mul_ln73_44_fu_405">
<pin_list>
<pin id="51868" dir="0" index="0" bw="16" slack="0"/>
<pin id="51869" dir="0" index="1" bw="6" slack="0"/>
<pin id="51870" dir="1" index="2" bw="22" slack="0"/>
</pin_list>
<bind>
<opcode="mul(12) " fcode="mul"/>
<opset="mul_ln73_44/1 "/>
</bind>
</comp>

<comp id="406" class="1004" name="mul_ln73_77_fu_406">
<pin_list>
<pin id="52000" dir="0" index="0" bw="16" slack="0"/>
<pin id="52001" dir="0" index="1" bw="10" slack="0"/>
<pin id="52002" dir="1" index="2" bw="26" slack="0"/>
</pin_list>
<bind>
<opcode="mul(12) " fcode="mul"/>
<opset="mul_ln73_77/1 "/>
</bind>
</comp>

<comp id="407" class="1004" name="mul_ln73_78_fu_407">
<pin_list>
<pin id="52004" dir="0" index="0" bw="16" slack="0"/>
<pin id="52005" dir="0" index="1" bw="10" slack="0"/>
<pin id="52006" dir="1" index="2" bw="26" slack="0"/>
</pin_list>
<bind>
<opcode="mul(12) " fcode="mul"/>
<opset="mul_ln73_78/1 "/>
</bind>
</comp>

<comp id="408" class="1004" name="mul_ln73_88_fu_408">
<pin_list>
<pin id="52044" dir="0" index="0" bw="16" slack="0"/>
<pin id="52045" dir="0" index="1" bw="10" slack="0"/>
<pin id="52046" dir="1" index="2" bw="26" slack="0"/>
</pin_list>
<bind>
<opcode="mul(12) " fcode="mul"/>
<opset="mul_ln73_88/1 "/>
</bind>
</comp>

<comp id="409" class="1004" name="mul_ln73_30_fu_409">
<pin_list>
<pin id="51812" dir="0" index="0" bw="16" slack="0"/>
<pin id="51813" dir="0" index="1" bw="10" slack="0"/>
<pin id="51814" dir="1" index="2" bw="26" slack="0"/>
</pin_list>
<bind>
<opcode="mul(12) " fcode="mul"/>
<opset="mul_ln73_30/1 "/>
</bind>
</comp>

<comp id="410" class="1004" name="mul_ln73_2_fu_410">
<pin_list>
<pin id="51700" dir="0" index="0" bw="16" slack="0"/>
<pin id="51701" dir="0" index="1" bw="10" slack="0"/>
<pin id="51702" dir="1" index="2" bw="26" slack="0"/>
</pin_list>
<bind>
<opcode="mul(12) " fcode="mul"/>
<opset="mul_ln73_2/1 "/>
</bind>
</comp>

<comp id="411" class="1004" name="mul_ln73_72_fu_411">
<pin_list>
<pin id="51980" dir="0" index="0" bw="16" slack="0"/>
<pin id="51981" dir="0" index="1" bw="8" slack="0"/>
<pin id="51982" dir="1" index="2" bw="24" slack="0"/>
</pin_list>
<bind>
<opcode="mul(12) " fcode="mul"/>
<opset="mul_ln73_72/1 "/>
</bind>
</comp>

<comp id="412" class="1004" name="mul_ln73_37_fu_412">
<pin_list>
<pin id="51840" dir="0" index="0" bw="16" slack="0"/>
<pin id="51841" dir="0" index="1" bw="9" slack="0"/>
<pin id="51842" dir="1" index="2" bw="25" slack="0"/>
</pin_list>
<bind>
<opcode="mul(12) " fcode="mul"/>
<opset="mul_ln73_37/1 "/>
</bind>
</comp>

<comp id="414" class="1004" name="mul_ln73_4_fu_414">
<pin_list>
<pin id="51708" dir="0" index="0" bw="16" slack="0"/>
<pin id="51709" dir="0" index="1" bw="10" slack="0"/>
<pin id="51710" dir="1" index="2" bw="26" slack="0"/>
</pin_list>
<bind>
<opcode="mul(12) " fcode="mul"/>
<opset="mul_ln73_4/1 "/>
</bind>
</comp>

<comp id="415" class="1004" name="mul_ln73_79_fu_415">
<pin_list>
<pin id="52008" dir="0" index="0" bw="16" slack="0"/>
<pin id="52009" dir="0" index="1" bw="7" slack="0"/>
<pin id="52010" dir="1" index="2" bw="23" slack="0"/>
</pin_list>
<bind>
<opcode="mul(12) " fcode="mul"/>
<opset="mul_ln73_79/1 "/>
</bind>
</comp>

<comp id="416" class="1004" name="mul_ln73_66_fu_416">
<pin_list>
<pin id="51956" dir="0" index="0" bw="16" slack="0"/>
<pin id="51957" dir="0" index="1" bw="10" slack="0"/>
<pin id="51958" dir="1" index="2" bw="26" slack="0"/>
</pin_list>
<bind>
<opcode="mul(12) " fcode="mul"/>
<opset="mul_ln73_66/1 "/>
</bind>
</comp>

<comp id="417" class="1004" name="mul_ln73_53_fu_417">
<pin_list>
<pin id="51904" dir="0" index="0" bw="16" slack="0"/>
<pin id="51905" dir="0" index="1" bw="9" slack="0"/>
<pin id="51906" dir="1" index="2" bw="25" slack="0"/>
</pin_list>
<bind>
<opcode="mul(12) " fcode="mul"/>
<opset="mul_ln73_53/1 "/>
</bind>
</comp>

<comp id="418" class="1004" name="mul_ln73_1_fu_418">
<pin_list>
<pin id="51696" dir="0" index="0" bw="16" slack="0"/>
<pin id="51697" dir="0" index="1" bw="8" slack="0"/>
<pin id="51698" dir="1" index="2" bw="24" slack="0"/>
</pin_list>
<bind>
<opcode="mul(12) " fcode="mul"/>
<opset="mul_ln73_1/1 "/>
</bind>
</comp>

<comp id="419" class="1004" name="mul_ln73_55_fu_419">
<pin_list>
<pin id="51912" dir="0" index="0" bw="16" slack="0"/>
<pin id="51913" dir="0" index="1" bw="10" slack="0"/>
<pin id="51914" dir="1" index="2" bw="26" slack="0"/>
</pin_list>
<bind>
<opcode="mul(12) " fcode="mul"/>
<opset="mul_ln73_55/1 "/>
</bind>
</comp>

<comp id="420" class="1004" name="mul_ln73_34_fu_420">
<pin_list>
<pin id="51828" dir="0" index="0" bw="16" slack="0"/>
<pin id="51829" dir="0" index="1" bw="10" slack="0"/>
<pin id="51830" dir="1" index="2" bw="26" slack="0"/>
</pin_list>
<bind>
<opcode="mul(12) " fcode="mul"/>
<opset="mul_ln73_34/1 "/>
</bind>
</comp>

<comp id="421" class="1004" name="mul_ln73_64_fu_421">
<pin_list>
<pin id="51948" dir="0" index="0" bw="16" slack="0"/>
<pin id="51949" dir="0" index="1" bw="10" slack="0"/>
<pin id="51950" dir="1" index="2" bw="26" slack="0"/>
</pin_list>
<bind>
<opcode="mul(12) " fcode="mul"/>
<opset="mul_ln73_64/1 "/>
</bind>
</comp>

<comp id="422" class="1004" name="mul_ln73_89_fu_422">
<pin_list>
<pin id="52048" dir="0" index="0" bw="16" slack="0"/>
<pin id="52049" dir="0" index="1" bw="9" slack="0"/>
<pin id="52050" dir="1" index="2" bw="25" slack="0"/>
</pin_list>
<bind>
<opcode="mul(12) " fcode="mul"/>
<opset="mul_ln73_89/1 "/>
</bind>
</comp>

<comp id="423" class="1004" name="mul_ln73_99_fu_423">
<pin_list>
<pin id="52088" dir="0" index="0" bw="16" slack="0"/>
<pin id="52089" dir="0" index="1" bw="10" slack="0"/>
<pin id="52090" dir="1" index="2" bw="26" slack="0"/>
</pin_list>
<bind>
<opcode="mul(12) " fcode="mul"/>
<opset="mul_ln73_99/1 "/>
</bind>
</comp>

<comp id="424" class="1004" name="mul_ln73_47_fu_424">
<pin_list>
<pin id="51880" dir="0" index="0" bw="16" slack="0"/>
<pin id="51881" dir="0" index="1" bw="10" slack="0"/>
<pin id="51882" dir="1" index="2" bw="26" slack="0"/>
</pin_list>
<bind>
<opcode="mul(12) " fcode="mul"/>
<opset="mul_ln73_47/1 "/>
</bind>
</comp>

<comp id="425" class="1004" name="mul_ln73_50_fu_425">
<pin_list>
<pin id="51892" dir="0" index="0" bw="16" slack="0"/>
<pin id="51893" dir="0" index="1" bw="7" slack="0"/>
<pin id="51894" dir="1" index="2" bw="23" slack="0"/>
</pin_list>
<bind>
<opcode="mul(12) " fcode="mul"/>
<opset="mul_ln73_50/1 "/>
</bind>
</comp>

<comp id="426" class="1004" name="mul_ln73_49_fu_426">
<pin_list>
<pin id="51888" dir="0" index="0" bw="16" slack="0"/>
<pin id="51889" dir="0" index="1" bw="9" slack="0"/>
<pin id="51890" dir="1" index="2" bw="25" slack="0"/>
</pin_list>
<bind>
<opcode="mul(12) " fcode="mul"/>
<opset="mul_ln73_49/1 "/>
</bind>
</comp>

<comp id="427" class="1004" name="mul_ln73_39_fu_427">
<pin_list>
<pin id="51848" dir="0" index="0" bw="16" slack="0"/>
<pin id="51849" dir="0" index="1" bw="10" slack="0"/>
<pin id="51850" dir="1" index="2" bw="26" slack="0"/>
</pin_list>
<bind>
<opcode="mul(12) " fcode="mul"/>
<opset="mul_ln73_39/1 "/>
</bind>
</comp>

<comp id="428" class="1004" name="mul_ln73_82_fu_428">
<pin_list>
<pin id="52020" dir="0" index="0" bw="16" slack="0"/>
<pin id="52021" dir="0" index="1" bw="8" slack="0"/>
<pin id="52022" dir="1" index="2" bw="24" slack="0"/>
</pin_list>
<bind>
<opcode="mul(12) " fcode="mul"/>
<opset="mul_ln73_82/1 "/>
</bind>
</comp>

<comp id="429" class="1004" name="mul_ln73_61_fu_429">
<pin_list>
<pin id="51936" dir="0" index="0" bw="16" slack="0"/>
<pin id="51937" dir="0" index="1" bw="9" slack="0"/>
<pin id="51938" dir="1" index="2" bw="25" slack="0"/>
</pin_list>
<bind>
<opcode="mul(12) " fcode="mul"/>
<opset="mul_ln73_61/1 "/>
</bind>
</comp>

<comp id="432" class="1004" name="mul_ln73_33_fu_432">
<pin_list>
<pin id="51824" dir="0" index="0" bw="16" slack="0"/>
<pin id="51825" dir="0" index="1" bw="10" slack="0"/>
<pin id="51826" dir="1" index="2" bw="26" slack="0"/>
</pin_list>
<bind>
<opcode="mul(12) " fcode="mul"/>
<opset="mul_ln73_33/1 "/>
</bind>
</comp>

<comp id="433" class="1004" name="mul_ln73_56_fu_433">
<pin_list>
<pin id="51916" dir="0" index="0" bw="16" slack="0"/>
<pin id="51917" dir="0" index="1" bw="10" slack="0"/>
<pin id="51918" dir="1" index="2" bw="26" slack="0"/>
</pin_list>
<bind>
<opcode="mul(12) " fcode="mul"/>
<opset="mul_ln73_56/1 "/>
</bind>
</comp>

<comp id="435" class="1004" name="mul_ln73_24_fu_435">
<pin_list>
<pin id="51788" dir="0" index="0" bw="16" slack="0"/>
<pin id="51789" dir="0" index="1" bw="9" slack="0"/>
<pin id="51790" dir="1" index="2" bw="25" slack="0"/>
</pin_list>
<bind>
<opcode="mul(12) " fcode="mul"/>
<opset="mul_ln73_24/1 "/>
</bind>
</comp>

<comp id="436" class="1004" name="mul_ln73_11_fu_436">
<pin_list>
<pin id="51736" dir="0" index="0" bw="16" slack="0"/>
<pin id="51737" dir="0" index="1" bw="10" slack="0"/>
<pin id="51738" dir="1" index="2" bw="26" slack="0"/>
</pin_list>
<bind>
<opcode="mul(12) " fcode="mul"/>
<opset="mul_ln73_11/1 "/>
</bind>
</comp>

<comp id="437" class="1004" name="mul_ln73_69_fu_437">
<pin_list>
<pin id="51968" dir="0" index="0" bw="16" slack="0"/>
<pin id="51969" dir="0" index="1" bw="9" slack="0"/>
<pin id="51970" dir="1" index="2" bw="25" slack="0"/>
</pin_list>
<bind>
<opcode="mul(12) " fcode="mul"/>
<opset="mul_ln73_69/1 "/>
</bind>
</comp>

<comp id="438" class="1004" name="mul_ln73_26_fu_438">
<pin_list>
<pin id="51796" dir="0" index="0" bw="16" slack="0"/>
<pin id="51797" dir="0" index="1" bw="10" slack="0"/>
<pin id="51798" dir="1" index="2" bw="26" slack="0"/>
</pin_list>
<bind>
<opcode="mul(12) " fcode="mul"/>
<opset="mul_ln73_26/1 "/>
</bind>
</comp>

<comp id="439" class="1004" name="mul_ln73_5_fu_439">
<pin_list>
<pin id="51712" dir="0" index="0" bw="16" slack="0"/>
<pin id="51713" dir="0" index="1" bw="9" slack="0"/>
<pin id="51714" dir="1" index="2" bw="25" slack="0"/>
</pin_list>
<bind>
<opcode="mul(12) " fcode="mul"/>
<opset="mul_ln73_5/1 "/>
</bind>
</comp>

<comp id="443" class="1004" name="mul_ln73_65_fu_443">
<pin_list>
<pin id="51952" dir="0" index="0" bw="16" slack="0"/>
<pin id="51953" dir="0" index="1" bw="10" slack="0"/>
<pin id="51954" dir="1" index="2" bw="26" slack="0"/>
</pin_list>
<bind>
<opcode="mul(12) " fcode="mul"/>
<opset="mul_ln73_65/1 "/>
</bind>
</comp>

<comp id="444" class="1004" name="mul_ln73_52_fu_444">
<pin_list>
<pin id="51900" dir="0" index="0" bw="16" slack="0"/>
<pin id="51901" dir="0" index="1" bw="8" slack="0"/>
<pin id="51902" dir="1" index="2" bw="24" slack="0"/>
</pin_list>
<bind>
<opcode="mul(12) " fcode="mul"/>
<opset="mul_ln73_52/1 "/>
</bind>
</comp>

<comp id="445" class="1004" name="mul_ln73_42_fu_445">
<pin_list>
<pin id="51860" dir="0" index="0" bw="16" slack="0"/>
<pin id="51861" dir="0" index="1" bw="10" slack="0"/>
<pin id="51862" dir="1" index="2" bw="26" slack="0"/>
</pin_list>
<bind>
<opcode="mul(12) " fcode="mul"/>
<opset="mul_ln73_42/1 "/>
</bind>
</comp>

<comp id="446" class="1004" name="mul_ln73_29_fu_446">
<pin_list>
<pin id="51808" dir="0" index="0" bw="16" slack="0"/>
<pin id="51809" dir="0" index="1" bw="8" slack="0"/>
<pin id="51810" dir="1" index="2" bw="24" slack="0"/>
</pin_list>
<bind>
<opcode="mul(12) " fcode="mul"/>
<opset="mul_ln73_29/1 "/>
</bind>
</comp>

<comp id="448" class="1004" name="mul_ln73_54_fu_448">
<pin_list>
<pin id="51908" dir="0" index="0" bw="16" slack="0"/>
<pin id="51909" dir="0" index="1" bw="10" slack="0"/>
<pin id="51910" dir="1" index="2" bw="26" slack="0"/>
</pin_list>
<bind>
<opcode="mul(12) " fcode="mul"/>
<opset="mul_ln73_54/1 "/>
</bind>
</comp>

<comp id="449" class="1004" name="mul_ln73_73_fu_449">
<pin_list>
<pin id="51984" dir="0" index="0" bw="16" slack="0"/>
<pin id="51985" dir="0" index="1" bw="6" slack="0"/>
<pin id="51986" dir="1" index="2" bw="22" slack="0"/>
</pin_list>
<bind>
<opcode="mul(12) " fcode="mul"/>
<opset="mul_ln73_73/1 "/>
</bind>
</comp>

<comp id="450" class="1004" name="mul_ln73_98_fu_450">
<pin_list>
<pin id="52084" dir="0" index="0" bw="16" slack="0"/>
<pin id="52085" dir="0" index="1" bw="10" slack="0"/>
<pin id="52086" dir="1" index="2" bw="26" slack="0"/>
</pin_list>
<bind>
<opcode="mul(12) " fcode="mul"/>
<opset="mul_ln73_98/1 "/>
</bind>
</comp>

<comp id="451" class="1004" name="mul_ln73_18_fu_451">
<pin_list>
<pin id="51764" dir="0" index="0" bw="16" slack="0"/>
<pin id="51765" dir="0" index="1" bw="10" slack="0"/>
<pin id="51766" dir="1" index="2" bw="26" slack="0"/>
</pin_list>
<bind>
<opcode="mul(12) " fcode="mul"/>
<opset="mul_ln73_18/1 "/>
</bind>
</comp>

<comp id="452" class="1004" name="mul_ln73_93_fu_452">
<pin_list>
<pin id="52064" dir="0" index="0" bw="16" slack="0"/>
<pin id="52065" dir="0" index="1" bw="10" slack="0"/>
<pin id="52066" dir="1" index="2" bw="26" slack="0"/>
</pin_list>
<bind>
<opcode="mul(12) " fcode="mul"/>
<opset="mul_ln73_93/1 "/>
</bind>
</comp>

<comp id="453" class="1004" name="mul_ln73_23_fu_453">
<pin_list>
<pin id="51784" dir="0" index="0" bw="16" slack="0"/>
<pin id="51785" dir="0" index="1" bw="8" slack="0"/>
<pin id="51786" dir="1" index="2" bw="24" slack="0"/>
</pin_list>
<bind>
<opcode="mul(12) " fcode="mul"/>
<opset="mul_ln73_23/1 "/>
</bind>
</comp>

<comp id="455" class="1004" name="mul_ln73_57_fu_455">
<pin_list>
<pin id="51920" dir="0" index="0" bw="16" slack="0"/>
<pin id="51921" dir="0" index="1" bw="10" slack="0"/>
<pin id="51922" dir="1" index="2" bw="26" slack="0"/>
</pin_list>
<bind>
<opcode="mul(12) " fcode="mul"/>
<opset="mul_ln73_57/1 "/>
</bind>
</comp>

<comp id="457" class="1004" name="mul_ln73_87_fu_457">
<pin_list>
<pin id="52040" dir="0" index="0" bw="16" slack="0"/>
<pin id="52041" dir="0" index="1" bw="10" slack="0"/>
<pin id="52042" dir="1" index="2" bw="26" slack="0"/>
</pin_list>
<bind>
<opcode="mul(12) " fcode="mul"/>
<opset="mul_ln73_87/1 "/>
</bind>
</comp>

<comp id="459" class="1004" name="mul_ln73_12_fu_459">
<pin_list>
<pin id="51740" dir="0" index="0" bw="16" slack="0"/>
<pin id="51741" dir="0" index="1" bw="10" slack="0"/>
<pin id="51742" dir="1" index="2" bw="26" slack="0"/>
</pin_list>
<bind>
<opcode="mul(12) " fcode="mul"/>
<opset="mul_ln73_12/1 "/>
</bind>
</comp>

<comp id="460" class="1004" name="mul_ln73_16_fu_460">
<pin_list>
<pin id="51756" dir="0" index="0" bw="16" slack="0"/>
<pin id="51757" dir="0" index="1" bw="9" slack="0"/>
<pin id="51758" dir="1" index="2" bw="25" slack="0"/>
</pin_list>
<bind>
<opcode="mul(12) " fcode="mul"/>
<opset="mul_ln73_16/1 "/>
</bind>
</comp>

<comp id="463" class="1004" name="mul_ln73_10_fu_463">
<pin_list>
<pin id="51732" dir="0" index="0" bw="16" slack="0"/>
<pin id="51733" dir="0" index="1" bw="9" slack="0"/>
<pin id="51734" dir="1" index="2" bw="25" slack="0"/>
</pin_list>
<bind>
<opcode="mul(12) " fcode="mul"/>
<opset="mul_ln73_10/1 "/>
</bind>
</comp>

<comp id="464" class="1004" name="mul_ln73_35_fu_464">
<pin_list>
<pin id="51832" dir="0" index="0" bw="16" slack="0"/>
<pin id="51833" dir="0" index="1" bw="7" slack="0"/>
<pin id="51834" dir="1" index="2" bw="23" slack="0"/>
</pin_list>
<bind>
<opcode="mul(12) " fcode="mul"/>
<opset="mul_ln73_35/1 "/>
</bind>
</comp>

<comp id="465" class="1004" name="mul_ln73_67_fu_465">
<pin_list>
<pin id="51960" dir="0" index="0" bw="16" slack="0"/>
<pin id="51961" dir="0" index="1" bw="10" slack="0"/>
<pin id="51962" dir="1" index="2" bw="26" slack="0"/>
</pin_list>
<bind>
<opcode="mul(12) " fcode="mul"/>
<opset="mul_ln73_67/1 "/>
</bind>
</comp>

<comp id="466" class="1004" name="mul_ln73_68_fu_466">
<pin_list>
<pin id="51964" dir="0" index="0" bw="16" slack="0"/>
<pin id="51965" dir="0" index="1" bw="10" slack="0"/>
<pin id="51966" dir="1" index="2" bw="26" slack="0"/>
</pin_list>
<bind>
<opcode="mul(12) " fcode="mul"/>
<opset="mul_ln73_68/1 "/>
</bind>
</comp>

<comp id="467" class="1004" name="mul_ln73_9_fu_467">
<pin_list>
<pin id="51728" dir="0" index="0" bw="16" slack="0"/>
<pin id="51729" dir="0" index="1" bw="10" slack="0"/>
<pin id="51730" dir="1" index="2" bw="26" slack="0"/>
</pin_list>
<bind>
<opcode="mul(12) " fcode="mul"/>
<opset="mul_ln73_9/1 "/>
</bind>
</comp>

<comp id="468" class="1004" name="mul_ln73_70_fu_468">
<pin_list>
<pin id="51972" dir="0" index="0" bw="16" slack="0"/>
<pin id="51973" dir="0" index="1" bw="10" slack="0"/>
<pin id="51974" dir="1" index="2" bw="26" slack="0"/>
</pin_list>
<bind>
<opcode="mul(12) " fcode="mul"/>
<opset="mul_ln73_70/1 "/>
</bind>
</comp>

<comp id="469" class="1004" name="mul_ln73_43_fu_469">
<pin_list>
<pin id="51864" dir="0" index="0" bw="16" slack="0"/>
<pin id="51865" dir="0" index="1" bw="9" slack="0"/>
<pin id="51866" dir="1" index="2" bw="25" slack="0"/>
</pin_list>
<bind>
<opcode="mul(12) " fcode="mul"/>
<opset="mul_ln73_43/1 "/>
</bind>
</comp>

<comp id="470" class="1004" name="mul_ln73_81_fu_470">
<pin_list>
<pin id="52016" dir="0" index="0" bw="16" slack="0"/>
<pin id="52017" dir="0" index="1" bw="10" slack="0"/>
<pin id="52018" dir="1" index="2" bw="26" slack="0"/>
</pin_list>
<bind>
<opcode="mul(12) " fcode="mul"/>
<opset="mul_ln73_81/1 "/>
</bind>
</comp>

<comp id="471" class="1004" name="mul_ln73_80_fu_471">
<pin_list>
<pin id="52012" dir="0" index="0" bw="16" slack="0"/>
<pin id="52013" dir="0" index="1" bw="8" slack="0"/>
<pin id="52014" dir="1" index="2" bw="24" slack="0"/>
</pin_list>
<bind>
<opcode="mul(12) " fcode="mul"/>
<opset="mul_ln73_80/1 "/>
</bind>
</comp>

<comp id="472" class="1004" name="mul_ln73_38_fu_472">
<pin_list>
<pin id="51844" dir="0" index="0" bw="16" slack="0"/>
<pin id="51845" dir="0" index="1" bw="10" slack="0"/>
<pin id="51846" dir="1" index="2" bw="26" slack="0"/>
</pin_list>
<bind>
<opcode="mul(12) " fcode="mul"/>
<opset="mul_ln73_38/1 "/>
</bind>
</comp>

<comp id="473" class="1004" name="mul_ln73_62_fu_473">
<pin_list>
<pin id="51940" dir="0" index="0" bw="16" slack="0"/>
<pin id="51941" dir="0" index="1" bw="10" slack="0"/>
<pin id="51942" dir="1" index="2" bw="26" slack="0"/>
</pin_list>
<bind>
<opcode="mul(12) " fcode="mul"/>
<opset="mul_ln73_62/1 "/>
</bind>
</comp>

<comp id="474" class="1004" name="mul_ln73_85_fu_474">
<pin_list>
<pin id="52032" dir="0" index="0" bw="16" slack="0"/>
<pin id="52033" dir="0" index="1" bw="10" slack="0"/>
<pin id="52034" dir="1" index="2" bw="26" slack="0"/>
</pin_list>
<bind>
<opcode="mul(12) " fcode="mul"/>
<opset="mul_ln73_85/1 "/>
</bind>
</comp>

<comp id="475" class="1004" name="mul_ln73_58_fu_475">
<pin_list>
<pin id="51924" dir="0" index="0" bw="16" slack="0"/>
<pin id="51925" dir="0" index="1" bw="10" slack="0"/>
<pin id="51926" dir="1" index="2" bw="26" slack="0"/>
</pin_list>
<bind>
<opcode="mul(12) " fcode="mul"/>
<opset="mul_ln73_58/1 "/>
</bind>
</comp>

<comp id="476" class="1004" name="mul_ln73_45_fu_476">
<pin_list>
<pin id="51872" dir="0" index="0" bw="16" slack="0"/>
<pin id="51873" dir="0" index="1" bw="9" slack="0"/>
<pin id="51874" dir="1" index="2" bw="25" slack="0"/>
</pin_list>
<bind>
<opcode="mul(12) " fcode="mul"/>
<opset="mul_ln73_45/1 "/>
</bind>
</comp>

<comp id="477" class="1004" name="mul_ln73_15_fu_477">
<pin_list>
<pin id="51752" dir="0" index="0" bw="16" slack="0"/>
<pin id="51753" dir="0" index="1" bw="9" slack="0"/>
<pin id="51754" dir="1" index="2" bw="25" slack="0"/>
</pin_list>
<bind>
<opcode="mul(12) " fcode="mul"/>
<opset="mul_ln73_15/1 "/>
</bind>
</comp>

<comp id="478" class="1004" name="mul_ln73_71_fu_478">
<pin_list>
<pin id="51976" dir="0" index="0" bw="16" slack="0"/>
<pin id="51977" dir="0" index="1" bw="7" slack="0"/>
<pin id="51978" dir="1" index="2" bw="23" slack="0"/>
</pin_list>
<bind>
<opcode="mul(12) " fcode="mul"/>
<opset="mul_ln73_71/1 "/>
</bind>
</comp>

<comp id="479" class="1004" name="mul_ln73_31_fu_479">
<pin_list>
<pin id="51816" dir="0" index="0" bw="16" slack="0"/>
<pin id="51817" dir="0" index="1" bw="9" slack="0"/>
<pin id="51818" dir="1" index="2" bw="25" slack="0"/>
</pin_list>
<bind>
<opcode="mul(12) " fcode="mul"/>
<opset="mul_ln73_31/1 "/>
</bind>
</comp>

<comp id="480" class="1004" name="mul_ln73_25_fu_480">
<pin_list>
<pin id="51792" dir="0" index="0" bw="16" slack="0"/>
<pin id="51793" dir="0" index="1" bw="10" slack="0"/>
<pin id="51794" dir="1" index="2" bw="26" slack="0"/>
</pin_list>
<bind>
<opcode="mul(12) " fcode="mul"/>
<opset="mul_ln73_25/1 "/>
</bind>
</comp>

<comp id="484" class="1004" name="mul_ln73_86_fu_484">
<pin_list>
<pin id="52036" dir="0" index="0" bw="16" slack="0"/>
<pin id="52037" dir="0" index="1" bw="10" slack="0"/>
<pin id="52038" dir="1" index="2" bw="26" slack="0"/>
</pin_list>
<bind>
<opcode="mul(12) " fcode="mul"/>
<opset="mul_ln73_86/1 "/>
</bind>
</comp>

<comp id="485" class="1004" name="mul_ln73_63_fu_485">
<pin_list>
<pin id="51944" dir="0" index="0" bw="16" slack="0"/>
<pin id="51945" dir="0" index="1" bw="7" slack="0"/>
<pin id="51946" dir="1" index="2" bw="23" slack="0"/>
</pin_list>
<bind>
<opcode="mul(12) " fcode="mul"/>
<opset="mul_ln73_63/1 "/>
</bind>
</comp>

<comp id="486" class="1004" name="mul_ln73_40_fu_486">
<pin_list>
<pin id="51852" dir="0" index="0" bw="16" slack="0"/>
<pin id="51853" dir="0" index="1" bw="9" slack="0"/>
<pin id="51854" dir="1" index="2" bw="25" slack="0"/>
</pin_list>
<bind>
<opcode="mul(12) " fcode="mul"/>
<opset="mul_ln73_40/1 "/>
</bind>
</comp>

<comp id="487" class="1004" name="mul_ln73_41_fu_487">
<pin_list>
<pin id="51856" dir="0" index="0" bw="16" slack="0"/>
<pin id="51857" dir="0" index="1" bw="6" slack="0"/>
<pin id="51858" dir="1" index="2" bw="22" slack="0"/>
</pin_list>
<bind>
<opcode="mul(12) " fcode="mul"/>
<opset="mul_ln73_41/1 "/>
</bind>
</comp>

<comp id="488" class="1004" name="mul_ln73_20_fu_488">
<pin_list>
<pin id="51772" dir="0" index="0" bw="16" slack="0"/>
<pin id="51773" dir="0" index="1" bw="10" slack="0"/>
<pin id="51774" dir="1" index="2" bw="26" slack="0"/>
</pin_list>
<bind>
<opcode="mul(12) " fcode="mul"/>
<opset="mul_ln73_20/1 "/>
</bind>
</comp>

<comp id="489" class="1004" name="mul_ln73_74_fu_489">
<pin_list>
<pin id="51988" dir="0" index="0" bw="16" slack="0"/>
<pin id="51989" dir="0" index="1" bw="10" slack="0"/>
<pin id="51990" dir="1" index="2" bw="26" slack="0"/>
</pin_list>
<bind>
<opcode="mul(12) " fcode="mul"/>
<opset="mul_ln73_74/1 "/>
</bind>
</comp>

<comp id="490" class="1004" name="mul_ln73_94_fu_490">
<pin_list>
<pin id="52068" dir="0" index="0" bw="16" slack="0"/>
<pin id="52069" dir="0" index="1" bw="9" slack="0"/>
<pin id="52070" dir="1" index="2" bw="25" slack="0"/>
</pin_list>
<bind>
<opcode="mul(12) " fcode="mul"/>
<opset="mul_ln73_94/1 "/>
</bind>
</comp>

<comp id="491" class="1004" name="mul_ln73_76_fu_491">
<pin_list>
<pin id="51996" dir="0" index="0" bw="16" slack="0"/>
<pin id="51997" dir="0" index="1" bw="9" slack="0"/>
<pin id="51998" dir="1" index="2" bw="25" slack="0"/>
</pin_list>
<bind>
<opcode="mul(12) " fcode="mul"/>
<opset="mul_ln73_76/1 "/>
</bind>
</comp>

<comp id="52393" class="1004" name="a_fu_52393">
<pin_list>
<pin id="52394" dir="0" index="0" bw="256" slack="0"/>
<pin id="52395" dir="1" index="1" bw="16" slack="0"/>
</pin_list>
<bind>
<opcode="trunc(33) " fcode="trunc"/>
<opset="a/1 "/>
</bind>
</comp>

<comp id="52397" class="1004" name="sext_ln70_fu_52397">
<pin_list>
<pin id="52398" dir="0" index="0" bw="16" slack="0"/>
<pin id="52399" dir="1" index="1" bw="26" slack="0"/>
</pin_list>
<bind>
<opcode="sext(35) " fcode="sext"/>
<opset="sext_ln70/1 "/>
</bind>
</comp>

<comp id="52404" class="1004" name="sext_ln70_1_fu_52404">
<pin_list>
<pin id="52405" dir="0" index="0" bw="16" slack="0"/>
<pin id="52406" dir="1" index="1" bw="24" slack="0"/>
</pin_list>
<bind>
<opcode="sext(35) " fcode="sext"/>
<opset="sext_ln70_1/1 "/>
</bind>
</comp>

<comp id="52409" class="1004" name="sext_ln70_2_fu_52409">
<pin_list>
<pin id="52410" dir="0" index="0" bw="16" slack="0"/>
<pin id="52411" dir="1" index="1" bw="25" slack="0"/>
</pin_list>
<bind>
<opcode="sext(35) " fcode="sext"/>
<opset="sext_ln70_2/1 "/>
</bind>
</comp>

<comp id="52416" class="1004" name="trunc_ln_fu_52416">
<pin_list>
<pin id="52417" dir="0" index="0" bw="15" slack="0"/>
<pin id="52418" dir="0" index="1" bw="25" slack="0"/>
<pin id="52419" dir="0" index="2" bw="5" slack="0"/>
<pin id="52420" dir="0" index="3" bw="6" slack="0"/>
<pin id="52421" dir="1" index="4" bw="15" slack="0"/>
</pin_list>
<bind>
<opcode="partselect(1002) " fcode="partselect"/>
<opset="trunc_ln/1 "/>
</bind>
</comp>

<comp id="52426" class="1004" name="sext_ln42_fu_52426">
<pin_list>
<pin id="52427" dir="0" index="0" bw="15" slack="0"/>
<pin id="52428" dir="1" index="1" bw="16" slack="0"/>
</pin_list>
<bind>
<opcode="sext(35) " fcode="sext"/>
<opset="sext_ln42/1 "/>
</bind>
</comp>

<comp id="52430" class="1004" name="trunc_ln42_9_fu_52430">
<pin_list>
<pin id="52431" dir="0" index="0" bw="14" slack="0"/>
<pin id="52432" dir="0" index="1" bw="24" slack="0"/>
<pin id="52433" dir="0" index="2" bw="5" slack="0"/>
<pin id="52434" dir="0" index="3" bw="6" slack="0"/>
<pin id="52435" dir="1" index="4" bw="14" slack="0"/>
</pin_list>
<bind>
<opcode="partselect(1002) " fcode="partselect"/>
<opset="trunc_ln42_9/1 "/>
</bind>
</comp>

<comp id="52440" class="1004" name="sext_ln73_fu_52440">
<pin_list>
<pin id="52441" dir="0" index="0" bw="14" slack="0"/>
<pin id="52442" dir="1" index="1" bw="15" slack="0"/>
</pin_list>
<bind>
<opcode="sext(35) " fcode="sext"/>
<opset="sext_ln73/1 "/>
</bind>
</comp>

<comp id="52444" class="1004" name="trunc_ln42_2_fu_52444">
<pin_list>
<pin id="52445" dir="0" index="0" bw="16" slack="0"/>
<pin id="52446" dir="0" index="1" bw="26" slack="0"/>
<pin id="52447" dir="0" index="2" bw="5" slack="0"/>
<pin id="52448" dir="0" index="3" bw="6" slack="0"/>
<pin id="52449" dir="1" index="4" bw="16" slack="0"/>
</pin_list>
<bind>
<opcode="partselect(1002) " fcode="partselect"/>
<opset="trunc_ln42_2/1 "/>
</bind>
</comp>

<comp id="52454" class="1004" name="trunc_ln42_3_fu_52454">
<pin_list>
<pin id="52455" dir="0" index="0" bw="16" slack="0"/>
<pin id="52456" dir="0" index="1" bw="26" slack="0"/>
<pin id="52457" dir="0" index="2" bw="5" slack="0"/>
<pin id="52458" dir="0" index="3" bw="6" slack="0"/>
<pin id="52459" dir="1" index="4" bw="16" slack="0"/>
</pin_list>
<bind>
<opcode="partselect(1002) " fcode="partselect"/>
<opset="trunc_ln42_3/1 "/>
</bind>
</comp>

<comp id="52464" class="1004" name="trunc_ln42_4_fu_52464">
<pin_list>
<pin id="52465" dir="0" index="0" bw="16" slack="0"/>
<pin id="52466" dir="0" index="1" bw="26" slack="0"/>
<pin id="52467" dir="0" index="2" bw="5" slack="0"/>
<pin id="52468" dir="0" index="3" bw="6" slack="0"/>
<pin id="52469" dir="1" index="4" bw="16" slack="0"/>
</pin_list>
<bind>
<opcode="partselect(1002) " fcode="partselect"/>
<opset="trunc_ln42_4/1 "/>
</bind>
</comp>

<comp id="52474" class="1004" name="trunc_ln42_s_fu_52474">
<pin_list>
<pin id="52475" dir="0" index="0" bw="15" slack="0"/>
<pin id="52476" dir="0" index="1" bw="25" slack="0"/>
<pin id="52477" dir="0" index="2" bw="5" slack="0"/>
<pin id="52478" dir="0" index="3" bw="6" slack="0"/>
<pin id="52479" dir="1" index="4" bw="15" slack="0"/>
</pin_list>
<bind>
<opcode="partselect(1002) " fcode="partselect"/>
<opset="trunc_ln42_s/1 "/>
</bind>
</comp>

<comp id="52484" class="1004" name="sext_ln42_1_fu_52484">
<pin_list>
<pin id="52485" dir="0" index="0" bw="15" slack="0"/>
<pin id="52486" dir="1" index="1" bw="16" slack="0"/>
</pin_list>
<bind>
<opcode="sext(35) " fcode="sext"/>
<opset="sext_ln42_1/1 "/>
</bind>
</comp>

<comp id="52488" class="1004" name="tmp_fu_52488">
<pin_list>
<pin id="52489" dir="0" index="0" bw="20" slack="0"/>
<pin id="52490" dir="0" index="1" bw="16" slack="0"/>
<pin id="52491" dir="0" index="2" bw="1" slack="0"/>
<pin id="52492" dir="1" index="3" bw="20" slack="0"/>
</pin_list>
<bind>
<opcode="bitconcatenate(1004) " fcode="bitconcatenate"/>
<opset="tmp/1 "/>
</bind>
</comp>

<comp id="52496" class="1004" name="sext_ln73_1_fu_52496">
<pin_list>
<pin id="52497" dir="0" index="0" bw="20" slack="0"/>
<pin id="52498" dir="1" index="1" bw="22" slack="0"/>
</pin_list>
<bind>
<opcode="sext(35) " fcode="sext"/>
<opset="sext_ln73_1/1 "/>
</bind>
</comp>

<comp id="52500" class="1004" name="tmp_9024_fu_52500">
<pin_list>
<pin id="52501" dir="0" index="0" bw="17" slack="0"/>
<pin id="52502" dir="0" index="1" bw="16" slack="0"/>
<pin id="52503" dir="0" index="2" bw="1" slack="0"/>
<pin id="52504" dir="1" index="3" bw="17" slack="0"/>
</pin_list>
<bind>
<opcode="bitconcatenate(1004) " fcode="bitconcatenate"/>
<opset="tmp_9024/1 "/>
</bind>
</comp>

<comp id="52508" class="1004" name="sext_ln73_2_fu_52508">
<pin_list>
<pin id="52509" dir="0" index="0" bw="17" slack="0"/>
<pin id="52510" dir="1" index="1" bw="22" slack="0"/>
</pin_list>
<bind>
<opcode="sext(35) " fcode="sext"/>
<opset="sext_ln73_2/1 "/>
</bind>
</comp>

<comp id="52512" class="1004" name="add_ln73_fu_52512">
<pin_list>
<pin id="52513" dir="0" index="0" bw="20" slack="0"/>
<pin id="52514" dir="0" index="1" bw="17" slack="0"/>
<pin id="52515" dir="1" index="2" bw="22" slack="0"/>
</pin_list>
<bind>
<opcode="add(8) " fcode="add"/>
<opset="add_ln73/1 "/>
</bind>
</comp>

<comp id="52518" class="1004" name="trunc_ln42_1_fu_52518">
<pin_list>
<pin id="52519" dir="0" index="0" bw="12" slack="0"/>
<pin id="52520" dir="0" index="1" bw="21" slack="0"/>
<pin id="52521" dir="0" index="2" bw="5" slack="0"/>
<pin id="52522" dir="0" index="3" bw="6" slack="0"/>
<pin id="52523" dir="1" index="4" bw="12" slack="0"/>
</pin_list>
<bind>
<opcode="partselect(1002) " fcode="partselect"/>
<opset="trunc_ln42_1/1 "/>
</bind>
</comp>

<comp id="52528" class="1004" name="sext_ln42_2_fu_52528">
<pin_list>
<pin id="52529" dir="0" index="0" bw="12" slack="0"/>
<pin id="52530" dir="1" index="1" bw="16" slack="0"/>
</pin_list>
<bind>
<opcode="sext(35) " fcode="sext"/>
<opset="sext_ln42_2/1 "/>
</bind>
</comp>

<comp id="52532" class="1004" name="trunc_ln42_5_fu_52532">
<pin_list>
<pin id="52533" dir="0" index="0" bw="15" slack="0"/>
<pin id="52534" dir="0" index="1" bw="25" slack="0"/>
<pin id="52535" dir="0" index="2" bw="5" slack="0"/>
<pin id="52536" dir="0" index="3" bw="6" slack="0"/>
<pin id="52537" dir="1" index="4" bw="15" slack="0"/>
</pin_list>
<bind>
<opcode="partselect(1002) " fcode="partselect"/>
<opset="trunc_ln42_5/1 "/>
</bind>
</comp>

<comp id="52542" class="1004" name="sext_ln42_3_fu_52542">
<pin_list>
<pin id="52543" dir="0" index="0" bw="15" slack="0"/>
<pin id="52544" dir="1" index="1" bw="16" slack="0"/>
</pin_list>
<bind>
<opcode="sext(35) " fcode="sext"/>
<opset="sext_ln42_3/1 "/>
</bind>
</comp>

<comp id="52546" class="1004" name="a_1_fu_52546">
<pin_list>
<pin id="52547" dir="0" index="0" bw="16" slack="0"/>
<pin id="52548" dir="0" index="1" bw="256" slack="0"/>
<pin id="52549" dir="0" index="2" bw="6" slack="0"/>
<pin id="52550" dir="0" index="3" bw="6" slack="0"/>
<pin id="52551" dir="1" index="4" bw="16" slack="0"/>
</pin_list>
<bind>
<opcode="partselect(1002) " fcode="partselect"/>
<opset="a_1/1 "/>
</bind>
</comp>

<comp id="52556" class="1004" name="sext_ln70_3_fu_52556">
<pin_list>
<pin id="52557" dir="0" index="0" bw="16" slack="0"/>
<pin id="52558" dir="1" index="1" bw="25" slack="0"/>
</pin_list>
<bind>
<opcode="sext(35) " fcode="sext"/>
<opset="sext_ln70_3/1 "/>
</bind>
</comp>

<comp id="52562" class="1004" name="sext_ln70_4_fu_52562">
<pin_list>
<pin id="52563" dir="0" index="0" bw="16" slack="0"/>
<pin id="52564" dir="1" index="1" bw="23" slack="0"/>
</pin_list>
<bind>
<opcode="sext(35) " fcode="sext"/>
<opset="sext_ln70_4/1 "/>
</bind>
</comp>

<comp id="52567" class="1004" name="sext_ln70_5_fu_52567">
<pin_list>
<pin id="52568" dir="0" index="0" bw="16" slack="0"/>
<pin id="52569" dir="1" index="1" bw="26" slack="0"/>
</pin_list>
<bind>
<opcode="sext(35) " fcode="sext"/>
<opset="sext_ln70_5/1 "/>
</bind>
</comp>

<comp id="52576" class="1004" name="trunc_ln42_8_fu_52576">
<pin_list>
<pin id="52577" dir="0" index="0" bw="16" slack="0"/>
<pin id="52578" dir="0" index="1" bw="26" slack="0"/>
<pin id="52579" dir="0" index="2" bw="5" slack="0"/>
<pin id="52580" dir="0" index="3" bw="6" slack="0"/>
<pin id="52581" dir="1" index="4" bw="16" slack="0"/>
</pin_list>
<bind>
<opcode="partselect(1002) " fcode="partselect"/>
<opset="trunc_ln42_8/1 "/>
</bind>
</comp>

<comp id="52586" class="1004" name="trunc_ln42_6_fu_52586">
<pin_list>
<pin id="52587" dir="0" index="0" bw="13" slack="0"/>
<pin id="52588" dir="0" index="1" bw="23" slack="0"/>
<pin id="52589" dir="0" index="2" bw="5" slack="0"/>
<pin id="52590" dir="0" index="3" bw="6" slack="0"/>
<pin id="52591" dir="1" index="4" bw="13" slack="0"/>
</pin_list>
<bind>
<opcode="partselect(1002) " fcode="partselect"/>
<opset="trunc_ln42_6/1 "/>
</bind>
</comp>

<comp id="52596" class="1004" name="sext_ln73_3_fu_52596">
<pin_list>
<pin id="52597" dir="0" index="0" bw="13" slack="0"/>
<pin id="52598" dir="1" index="1" bw="15" slack="0"/>
</pin_list>
<bind>
<opcode="sext(35) " fcode="sext"/>
<opset="sext_ln73_3/1 "/>
</bind>
</comp>

<comp id="52600" class="1004" name="trunc_ln42_7_fu_52600">
<pin_list>
<pin id="52601" dir="0" index="0" bw="16" slack="0"/>
<pin id="52602" dir="0" index="1" bw="26" slack="0"/>
<pin id="52603" dir="0" index="2" bw="5" slack="0"/>
<pin id="52604" dir="0" index="3" bw="6" slack="0"/>
<pin id="52605" dir="1" index="4" bw="16" slack="0"/>
</pin_list>
<bind>
<opcode="partselect(1002) " fcode="partselect"/>
<opset="trunc_ln42_7/1 "/>
</bind>
</comp>

<comp id="52610" class="1004" name="trunc_ln42_10_fu_52610">
<pin_list>
<pin id="52611" dir="0" index="0" bw="15" slack="0"/>
<pin id="52612" dir="0" index="1" bw="25" slack="0"/>
<pin id="52613" dir="0" index="2" bw="5" slack="0"/>
<pin id="52614" dir="0" index="3" bw="6" slack="0"/>
<pin id="52615" dir="1" index="4" bw="15" slack="0"/>
</pin_list>
<bind>
<opcode="partselect(1002) " fcode="partselect"/>
<opset="trunc_ln42_10/1 "/>
</bind>
</comp>

<comp id="52620" class="1004" name="sext_ln42_4_fu_52620">
<pin_list>
<pin id="52621" dir="0" index="0" bw="15" slack="0"/>
<pin id="52622" dir="1" index="1" bw="16" slack="0"/>
</pin_list>
<bind>
<opcode="sext(35) " fcode="sext"/>
<opset="sext_ln42_4/1 "/>
</bind>
</comp>

<comp id="52624" class="1004" name="trunc_ln42_11_fu_52624">
<pin_list>
<pin id="52625" dir="0" index="0" bw="16" slack="0"/>
<pin id="52626" dir="0" index="1" bw="26" slack="0"/>
<pin id="52627" dir="0" index="2" bw="5" slack="0"/>
<pin id="52628" dir="0" index="3" bw="6" slack="0"/>
<pin id="52629" dir="1" index="4" bw="16" slack="0"/>
</pin_list>
<bind>
<opcode="partselect(1002) " fcode="partselect"/>
<opset="trunc_ln42_11/1 "/>
</bind>
</comp>

<comp id="52634" class="1004" name="trunc_ln42_12_fu_52634">
<pin_list>
<pin id="52635" dir="0" index="0" bw="16" slack="0"/>
<pin id="52636" dir="0" index="1" bw="26" slack="0"/>
<pin id="52637" dir="0" index="2" bw="5" slack="0"/>
<pin id="52638" dir="0" index="3" bw="6" slack="0"/>
<pin id="52639" dir="1" index="4" bw="16" slack="0"/>
</pin_list>
<bind>
<opcode="partselect(1002) " fcode="partselect"/>
<opset="trunc_ln42_12/1 "/>
</bind>
</comp>

<comp id="52644" class="1004" name="trunc_ln42_13_fu_52644">
<pin_list>
<pin id="52645" dir="0" index="0" bw="16" slack="0"/>
<pin id="52646" dir="0" index="1" bw="26" slack="0"/>
<pin id="52647" dir="0" index="2" bw="5" slack="0"/>
<pin id="52648" dir="0" index="3" bw="6" slack="0"/>
<pin id="52649" dir="1" index="4" bw="16" slack="0"/>
</pin_list>
<bind>
<opcode="partselect(1002) " fcode="partselect"/>
<opset="trunc_ln42_13/1 "/>
</bind>
</comp>

<comp id="52654" class="1004" name="trunc_ln42_14_fu_52654">
<pin_list>
<pin id="52655" dir="0" index="0" bw="15" slack="0"/>
<pin id="52656" dir="0" index="1" bw="25" slack="0"/>
<pin id="52657" dir="0" index="2" bw="5" slack="0"/>
<pin id="52658" dir="0" index="3" bw="6" slack="0"/>
<pin id="52659" dir="1" index="4" bw="15" slack="0"/>
</pin_list>
<bind>
<opcode="partselect(1002) " fcode="partselect"/>
<opset="trunc_ln42_14/1 "/>
</bind>
</comp>

<comp id="52664" class="1004" name="sext_ln42_5_fu_52664">
<pin_list>
<pin id="52665" dir="0" index="0" bw="15" slack="0"/>
<pin id="52666" dir="1" index="1" bw="16" slack="0"/>
</pin_list>
<bind>
<opcode="sext(35) " fcode="sext"/>
<opset="sext_ln42_5/1 "/>
</bind>
</comp>

<comp id="52668" class="1004" name="a_2_fu_52668">
<pin_list>
<pin id="52669" dir="0" index="0" bw="16" slack="0"/>
<pin id="52670" dir="0" index="1" bw="256" slack="0"/>
<pin id="52671" dir="0" index="2" bw="7" slack="0"/>
<pin id="52672" dir="0" index="3" bw="7" slack="0"/>
<pin id="52673" dir="1" index="4" bw="16" slack="0"/>
</pin_list>
<bind>
<opcode="partselect(1002) " fcode="partselect"/>
<opset="a_2/1 "/>
</bind>
</comp>

<comp id="52678" class="1004" name="sext_ln70_6_fu_52678">
<pin_list>
<pin id="52679" dir="0" index="0" bw="16" slack="0"/>
<pin id="52680" dir="1" index="1" bw="24" slack="0"/>
</pin_list>
<bind>
<opcode="sext(35) " fcode="sext"/>
<opset="sext_ln70_6/1 "/>
</bind>
</comp>

<comp id="52683" class="1004" name="sext_ln70_7_fu_52683">
<pin_list>
<pin id="52684" dir="0" index="0" bw="16" slack="0"/>
<pin id="52685" dir="1" index="1" bw="26" slack="0"/>
</pin_list>
<bind>
<opcode="sext(35) " fcode="sext"/>
<opset="sext_ln70_7/1 "/>
</bind>
</comp>

<comp id="52690" class="1004" name="sext_ln70_8_fu_52690">
<pin_list>
<pin id="52691" dir="0" index="0" bw="16" slack="0"/>
<pin id="52692" dir="1" index="1" bw="25" slack="0"/>
</pin_list>
<bind>
<opcode="sext(35) " fcode="sext"/>
<opset="sext_ln70_8/1 "/>
</bind>
</comp>

<comp id="52697" class="1004" name="trunc_ln42_15_fu_52697">
<pin_list>
<pin id="52698" dir="0" index="0" bw="15" slack="0"/>
<pin id="52699" dir="0" index="1" bw="25" slack="0"/>
<pin id="52700" dir="0" index="2" bw="5" slack="0"/>
<pin id="52701" dir="0" index="3" bw="6" slack="0"/>
<pin id="52702" dir="1" index="4" bw="15" slack="0"/>
</pin_list>
<bind>
<opcode="partselect(1002) " fcode="partselect"/>
<opset="trunc_ln42_15/1 "/>
</bind>
</comp>

<comp id="52707" class="1004" name="sext_ln42_6_fu_52707">
<pin_list>
<pin id="52708" dir="0" index="0" bw="15" slack="0"/>
<pin id="52709" dir="1" index="1" bw="16" slack="0"/>
</pin_list>
<bind>
<opcode="sext(35) " fcode="sext"/>
<opset="sext_ln42_6/1 "/>
</bind>
</comp>

<comp id="52711" class="1004" name="trunc_ln42_16_fu_52711">
<pin_list>
<pin id="52712" dir="0" index="0" bw="15" slack="0"/>
<pin id="52713" dir="0" index="1" bw="25" slack="0"/>
<pin id="52714" dir="0" index="2" bw="5" slack="0"/>
<pin id="52715" dir="0" index="3" bw="6" slack="0"/>
<pin id="52716" dir="1" index="4" bw="15" slack="0"/>
</pin_list>
<bind>
<opcode="partselect(1002) " fcode="partselect"/>
<opset="trunc_ln42_16/1 "/>
</bind>
</comp>

<comp id="52721" class="1004" name="sext_ln42_7_fu_52721">
<pin_list>
<pin id="52722" dir="0" index="0" bw="15" slack="0"/>
<pin id="52723" dir="1" index="1" bw="16" slack="0"/>
</pin_list>
<bind>
<opcode="sext(35) " fcode="sext"/>
<opset="sext_ln42_7/1 "/>
</bind>
</comp>

<comp id="52725" class="1004" name="trunc_ln42_17_fu_52725">
<pin_list>
<pin id="52726" dir="0" index="0" bw="16" slack="0"/>
<pin id="52727" dir="0" index="1" bw="26" slack="0"/>
<pin id="52728" dir="0" index="2" bw="5" slack="0"/>
<pin id="52729" dir="0" index="3" bw="6" slack="0"/>
<pin id="52730" dir="1" index="4" bw="16" slack="0"/>
</pin_list>
<bind>
<opcode="partselect(1002) " fcode="partselect"/>
<opset="trunc_ln42_17/1 "/>
</bind>
</comp>

<comp id="52735" class="1004" name="trunc_ln42_18_fu_52735">
<pin_list>
<pin id="52736" dir="0" index="0" bw="16" slack="0"/>
<pin id="52737" dir="0" index="1" bw="26" slack="0"/>
<pin id="52738" dir="0" index="2" bw="5" slack="0"/>
<pin id="52739" dir="0" index="3" bw="6" slack="0"/>
<pin id="52740" dir="1" index="4" bw="16" slack="0"/>
</pin_list>
<bind>
<opcode="partselect(1002) " fcode="partselect"/>
<opset="trunc_ln42_18/1 "/>
</bind>
</comp>

<comp id="52745" class="1004" name="trunc_ln42_19_fu_52745">
<pin_list>
<pin id="52746" dir="0" index="0" bw="15" slack="0"/>
<pin id="52747" dir="0" index="1" bw="25" slack="0"/>
<pin id="52748" dir="0" index="2" bw="5" slack="0"/>
<pin id="52749" dir="0" index="3" bw="6" slack="0"/>
<pin id="52750" dir="1" index="4" bw="15" slack="0"/>
</pin_list>
<bind>
<opcode="partselect(1002) " fcode="partselect"/>
<opset="trunc_ln42_19/1 "/>
</bind>
</comp>

<comp id="52755" class="1004" name="sext_ln42_8_fu_52755">
<pin_list>
<pin id="52756" dir="0" index="0" bw="15" slack="0"/>
<pin id="52757" dir="1" index="1" bw="16" slack="0"/>
</pin_list>
<bind>
<opcode="sext(35) " fcode="sext"/>
<opset="sext_ln42_8/1 "/>
</bind>
</comp>

<comp id="52759" class="1004" name="trunc_ln42_20_fu_52759">
<pin_list>
<pin id="52760" dir="0" index="0" bw="16" slack="0"/>
<pin id="52761" dir="0" index="1" bw="26" slack="0"/>
<pin id="52762" dir="0" index="2" bw="5" slack="0"/>
<pin id="52763" dir="0" index="3" bw="6" slack="0"/>
<pin id="52764" dir="1" index="4" bw="16" slack="0"/>
</pin_list>
<bind>
<opcode="partselect(1002) " fcode="partselect"/>
<opset="trunc_ln42_20/1 "/>
</bind>
</comp>

<comp id="52769" class="1004" name="trunc_ln42_21_fu_52769">
<pin_list>
<pin id="52770" dir="0" index="0" bw="14" slack="0"/>
<pin id="52771" dir="0" index="1" bw="24" slack="0"/>
<pin id="52772" dir="0" index="2" bw="5" slack="0"/>
<pin id="52773" dir="0" index="3" bw="6" slack="0"/>
<pin id="52774" dir="1" index="4" bw="14" slack="0"/>
</pin_list>
<bind>
<opcode="partselect(1002) " fcode="partselect"/>
<opset="trunc_ln42_21/1 "/>
</bind>
</comp>

<comp id="52779" class="1004" name="sext_ln42_9_fu_52779">
<pin_list>
<pin id="52780" dir="0" index="0" bw="14" slack="0"/>
<pin id="52781" dir="1" index="1" bw="16" slack="0"/>
</pin_list>
<bind>
<opcode="sext(35) " fcode="sext"/>
<opset="sext_ln42_9/1 "/>
</bind>
</comp>

<comp id="52783" class="1004" name="tmp_9025_fu_52783">
<pin_list>
<pin id="52784" dir="0" index="0" bw="21" slack="0"/>
<pin id="52785" dir="0" index="1" bw="16" slack="0"/>
<pin id="52786" dir="0" index="2" bw="1" slack="0"/>
<pin id="52787" dir="1" index="3" bw="21" slack="0"/>
</pin_list>
<bind>
<opcode="bitconcatenate(1004) " fcode="bitconcatenate"/>
<opset="tmp_9025/1 "/>
</bind>
</comp>

<comp id="52791" class="1004" name="sext_ln73_4_fu_52791">
<pin_list>
<pin id="52792" dir="0" index="0" bw="21" slack="0"/>
<pin id="52793" dir="1" index="1" bw="22" slack="0"/>
</pin_list>
<bind>
<opcode="sext(35) " fcode="sext"/>
<opset="sext_ln73_4/1 "/>
</bind>
</comp>

<comp id="52795" class="1004" name="tmp_9026_fu_52795">
<pin_list>
<pin id="52796" dir="0" index="0" bw="19" slack="0"/>
<pin id="52797" dir="0" index="1" bw="16" slack="0"/>
<pin id="52798" dir="0" index="2" bw="1" slack="0"/>
<pin id="52799" dir="1" index="3" bw="19" slack="0"/>
</pin_list>
<bind>
<opcode="bitconcatenate(1004) " fcode="bitconcatenate"/>
<opset="tmp_9026/1 "/>
</bind>
</comp>

<comp id="52803" class="1004" name="sext_ln73_5_fu_52803">
<pin_list>
<pin id="52804" dir="0" index="0" bw="19" slack="0"/>
<pin id="52805" dir="1" index="1" bw="22" slack="0"/>
</pin_list>
<bind>
<opcode="sext(35) " fcode="sext"/>
<opset="sext_ln73_5/1 "/>
</bind>
</comp>

<comp id="52807" class="1004" name="sub_ln73_fu_52807">
<pin_list>
<pin id="52808" dir="0" index="0" bw="19" slack="0"/>
<pin id="52809" dir="0" index="1" bw="21" slack="0"/>
<pin id="52810" dir="1" index="2" bw="22" slack="0"/>
</pin_list>
<bind>
<opcode="sub(10) " fcode="sub"/>
<opset="sub_ln73/1 "/>
</bind>
</comp>

<comp id="52813" class="1004" name="trunc_ln42_22_fu_52813">
<pin_list>
<pin id="52814" dir="0" index="0" bw="12" slack="0"/>
<pin id="52815" dir="0" index="1" bw="22" slack="0"/>
<pin id="52816" dir="0" index="2" bw="5" slack="0"/>
<pin id="52817" dir="0" index="3" bw="6" slack="0"/>
<pin id="52818" dir="1" index="4" bw="12" slack="0"/>
</pin_list>
<bind>
<opcode="partselect(1002) " fcode="partselect"/>
<opset="trunc_ln42_22/1 "/>
</bind>
</comp>

<comp id="52823" class="1004" name="sext_ln42_10_fu_52823">
<pin_list>
<pin id="52824" dir="0" index="0" bw="12" slack="0"/>
<pin id="52825" dir="1" index="1" bw="16" slack="0"/>
</pin_list>
<bind>
<opcode="sext(35) " fcode="sext"/>
<opset="sext_ln42_10/1 "/>
</bind>
</comp>

<comp id="52827" class="1004" name="a_3_fu_52827">
<pin_list>
<pin id="52828" dir="0" index="0" bw="16" slack="0"/>
<pin id="52829" dir="0" index="1" bw="256" slack="0"/>
<pin id="52830" dir="0" index="2" bw="7" slack="0"/>
<pin id="52831" dir="0" index="3" bw="7" slack="0"/>
<pin id="52832" dir="1" index="4" bw="16" slack="0"/>
</pin_list>
<bind>
<opcode="partselect(1002) " fcode="partselect"/>
<opset="a_3/1 "/>
</bind>
</comp>

<comp id="52837" class="1004" name="sext_ln70_9_fu_52837">
<pin_list>
<pin id="52838" dir="0" index="0" bw="16" slack="0"/>
<pin id="52839" dir="1" index="1" bw="25" slack="0"/>
</pin_list>
<bind>
<opcode="sext(35) " fcode="sext"/>
<opset="sext_ln70_9/1 "/>
</bind>
</comp>

<comp id="52843" class="1004" name="sext_ln70_10_fu_52843">
<pin_list>
<pin id="52844" dir="0" index="0" bw="16" slack="0"/>
<pin id="52845" dir="1" index="1" bw="24" slack="0"/>
</pin_list>
<bind>
<opcode="sext(35) " fcode="sext"/>
<opset="sext_ln70_10/1 "/>
</bind>
</comp>

<comp id="52849" class="1004" name="sext_ln70_11_fu_52849">
<pin_list>
<pin id="52850" dir="0" index="0" bw="16" slack="0"/>
<pin id="52851" dir="1" index="1" bw="26" slack="0"/>
</pin_list>
<bind>
<opcode="sext(35) " fcode="sext"/>
<opset="sext_ln70_11/1 "/>
</bind>
</comp>

<comp id="52856" class="1004" name="trunc_ln42_23_fu_52856">
<pin_list>
<pin id="52857" dir="0" index="0" bw="16" slack="0"/>
<pin id="52858" dir="0" index="1" bw="26" slack="0"/>
<pin id="52859" dir="0" index="2" bw="5" slack="0"/>
<pin id="52860" dir="0" index="3" bw="6" slack="0"/>
<pin id="52861" dir="1" index="4" bw="16" slack="0"/>
</pin_list>
<bind>
<opcode="partselect(1002) " fcode="partselect"/>
<opset="trunc_ln42_23/1 "/>
</bind>
</comp>

<comp id="52866" class="1004" name="trunc_ln42_24_fu_52866">
<pin_list>
<pin id="52867" dir="0" index="0" bw="14" slack="0"/>
<pin id="52868" dir="0" index="1" bw="24" slack="0"/>
<pin id="52869" dir="0" index="2" bw="5" slack="0"/>
<pin id="52870" dir="0" index="3" bw="6" slack="0"/>
<pin id="52871" dir="1" index="4" bw="14" slack="0"/>
</pin_list>
<bind>
<opcode="partselect(1002) " fcode="partselect"/>
<opset="trunc_ln42_24/1 "/>
</bind>
</comp>

<comp id="52876" class="1004" name="sext_ln42_11_fu_52876">
<pin_list>
<pin id="52877" dir="0" index="0" bw="14" slack="0"/>
<pin id="52878" dir="1" index="1" bw="16" slack="0"/>
</pin_list>
<bind>
<opcode="sext(35) " fcode="sext"/>
<opset="sext_ln42_11/1 "/>
</bind>
</comp>

<comp id="52880" class="1004" name="trunc_ln42_25_fu_52880">
<pin_list>
<pin id="52881" dir="0" index="0" bw="15" slack="0"/>
<pin id="52882" dir="0" index="1" bw="25" slack="0"/>
<pin id="52883" dir="0" index="2" bw="5" slack="0"/>
<pin id="52884" dir="0" index="3" bw="6" slack="0"/>
<pin id="52885" dir="1" index="4" bw="15" slack="0"/>
</pin_list>
<bind>
<opcode="partselect(1002) " fcode="partselect"/>
<opset="trunc_ln42_25/1 "/>
</bind>
</comp>

<comp id="52890" class="1004" name="sext_ln42_12_fu_52890">
<pin_list>
<pin id="52891" dir="0" index="0" bw="15" slack="0"/>
<pin id="52892" dir="1" index="1" bw="16" slack="0"/>
</pin_list>
<bind>
<opcode="sext(35) " fcode="sext"/>
<opset="sext_ln42_12/1 "/>
</bind>
</comp>

<comp id="52894" class="1004" name="trunc_ln42_26_fu_52894">
<pin_list>
<pin id="52895" dir="0" index="0" bw="16" slack="0"/>
<pin id="52896" dir="0" index="1" bw="26" slack="0"/>
<pin id="52897" dir="0" index="2" bw="5" slack="0"/>
<pin id="52898" dir="0" index="3" bw="6" slack="0"/>
<pin id="52899" dir="1" index="4" bw="16" slack="0"/>
</pin_list>
<bind>
<opcode="partselect(1002) " fcode="partselect"/>
<opset="trunc_ln42_26/1 "/>
</bind>
</comp>

<comp id="52904" class="1004" name="trunc_ln42_27_fu_52904">
<pin_list>
<pin id="52905" dir="0" index="0" bw="16" slack="0"/>
<pin id="52906" dir="0" index="1" bw="26" slack="0"/>
<pin id="52907" dir="0" index="2" bw="5" slack="0"/>
<pin id="52908" dir="0" index="3" bw="6" slack="0"/>
<pin id="52909" dir="1" index="4" bw="16" slack="0"/>
</pin_list>
<bind>
<opcode="partselect(1002) " fcode="partselect"/>
<opset="trunc_ln42_27/1 "/>
</bind>
</comp>

<comp id="52914" class="1004" name="trunc_ln42_28_fu_52914">
<pin_list>
<pin id="52915" dir="0" index="0" bw="14" slack="0"/>
<pin id="52916" dir="0" index="1" bw="24" slack="0"/>
<pin id="52917" dir="0" index="2" bw="5" slack="0"/>
<pin id="52918" dir="0" index="3" bw="6" slack="0"/>
<pin id="52919" dir="1" index="4" bw="14" slack="0"/>
</pin_list>
<bind>
<opcode="partselect(1002) " fcode="partselect"/>
<opset="trunc_ln42_28/1 "/>
</bind>
</comp>

<comp id="52924" class="1004" name="sext_ln42_13_fu_52924">
<pin_list>
<pin id="52925" dir="0" index="0" bw="14" slack="0"/>
<pin id="52926" dir="1" index="1" bw="16" slack="0"/>
</pin_list>
<bind>
<opcode="sext(35) " fcode="sext"/>
<opset="sext_ln42_13/1 "/>
</bind>
</comp>

<comp id="52928" class="1004" name="trunc_ln42_29_fu_52928">
<pin_list>
<pin id="52929" dir="0" index="0" bw="15" slack="0"/>
<pin id="52930" dir="0" index="1" bw="25" slack="0"/>
<pin id="52931" dir="0" index="2" bw="5" slack="0"/>
<pin id="52932" dir="0" index="3" bw="6" slack="0"/>
<pin id="52933" dir="1" index="4" bw="15" slack="0"/>
</pin_list>
<bind>
<opcode="partselect(1002) " fcode="partselect"/>
<opset="trunc_ln42_29/1 "/>
</bind>
</comp>

<comp id="52938" class="1004" name="sext_ln42_14_fu_52938">
<pin_list>
<pin id="52939" dir="0" index="0" bw="15" slack="0"/>
<pin id="52940" dir="1" index="1" bw="16" slack="0"/>
</pin_list>
<bind>
<opcode="sext(35) " fcode="sext"/>
<opset="sext_ln42_14/1 "/>
</bind>
</comp>

<comp id="52942" class="1004" name="tmp_9027_fu_52942">
<pin_list>
<pin id="52943" dir="0" index="0" bw="25" slack="0"/>
<pin id="52944" dir="0" index="1" bw="16" slack="0"/>
<pin id="52945" dir="0" index="2" bw="1" slack="0"/>
<pin id="52946" dir="1" index="3" bw="25" slack="0"/>
</pin_list>
<bind>
<opcode="bitconcatenate(1004) " fcode="bitconcatenate"/>
<opset="tmp_9027/1 "/>
</bind>
</comp>

<comp id="52950" class="1004" name="sext_ln73_6_fu_52950">
<pin_list>
<pin id="52951" dir="0" index="0" bw="25" slack="0"/>
<pin id="52952" dir="1" index="1" bw="26" slack="0"/>
</pin_list>
<bind>
<opcode="sext(35) " fcode="sext"/>
<opset="sext_ln73_6/1 "/>
</bind>
</comp>

<comp id="52954" class="1004" name="tmp_9028_fu_52954">
<pin_list>
<pin id="52955" dir="0" index="0" bw="21" slack="0"/>
<pin id="52956" dir="0" index="1" bw="16" slack="0"/>
<pin id="52957" dir="0" index="2" bw="1" slack="0"/>
<pin id="52958" dir="1" index="3" bw="21" slack="0"/>
</pin_list>
<bind>
<opcode="bitconcatenate(1004) " fcode="bitconcatenate"/>
<opset="tmp_9028/1 "/>
</bind>
</comp>

<comp id="52962" class="1004" name="sext_ln73_7_fu_52962">
<pin_list>
<pin id="52963" dir="0" index="0" bw="21" slack="0"/>
<pin id="52964" dir="1" index="1" bw="26" slack="0"/>
</pin_list>
<bind>
<opcode="sext(35) " fcode="sext"/>
<opset="sext_ln73_7/1 "/>
</bind>
</comp>

<comp id="52966" class="1004" name="sub_ln73_1_fu_52966">
<pin_list>
<pin id="52967" dir="0" index="0" bw="25" slack="0"/>
<pin id="52968" dir="0" index="1" bw="21" slack="0"/>
<pin id="52969" dir="1" index="2" bw="26" slack="0"/>
</pin_list>
<bind>
<opcode="sub(10) " fcode="sub"/>
<opset="sub_ln73_1/1 "/>
</bind>
</comp>

<comp id="52972" class="1004" name="trunc_ln42_30_fu_52972">
<pin_list>
<pin id="52973" dir="0" index="0" bw="16" slack="0"/>
<pin id="52974" dir="0" index="1" bw="26" slack="0"/>
<pin id="52975" dir="0" index="2" bw="5" slack="0"/>
<pin id="52976" dir="0" index="3" bw="6" slack="0"/>
<pin id="52977" dir="1" index="4" bw="16" slack="0"/>
</pin_list>
<bind>
<opcode="partselect(1002) " fcode="partselect"/>
<opset="trunc_ln42_30/1 "/>
</bind>
</comp>

<comp id="52982" class="1004" name="a_4_fu_52982">
<pin_list>
<pin id="52983" dir="0" index="0" bw="16" slack="0"/>
<pin id="52984" dir="0" index="1" bw="256" slack="0"/>
<pin id="52985" dir="0" index="2" bw="8" slack="0"/>
<pin id="52986" dir="0" index="3" bw="8" slack="0"/>
<pin id="52987" dir="1" index="4" bw="16" slack="0"/>
</pin_list>
<bind>
<opcode="partselect(1002) " fcode="partselect"/>
<opset="a_4/1 "/>
</bind>
</comp>

<comp id="52992" class="1004" name="sext_ln70_12_fu_52992">
<pin_list>
<pin id="52993" dir="0" index="0" bw="16" slack="0"/>
<pin id="52994" dir="1" index="1" bw="21" slack="0"/>
</pin_list>
<bind>
<opcode="sext(35) " fcode="sext"/>
<opset="sext_ln70_12/1 "/>
</bind>
</comp>

<comp id="52996" class="1004" name="sext_ln70_13_fu_52996">
<pin_list>
<pin id="52997" dir="0" index="0" bw="16" slack="0"/>
<pin id="52998" dir="1" index="1" bw="25" slack="0"/>
</pin_list>
<bind>
<opcode="sext(35) " fcode="sext"/>
<opset="sext_ln70_13/1 "/>
</bind>
</comp>

<comp id="53002" class="1004" name="sext_ln70_14_fu_53002">
<pin_list>
<pin id="53003" dir="0" index="0" bw="16" slack="0"/>
<pin id="53004" dir="1" index="1" bw="26" slack="0"/>
</pin_list>
<bind>
<opcode="sext(35) " fcode="sext"/>
<opset="sext_ln70_14/1 "/>
</bind>
</comp>

<comp id="53009" class="1004" name="sext_ln70_15_fu_53009">
<pin_list>
<pin id="53010" dir="0" index="0" bw="16" slack="0"/>
<pin id="53011" dir="1" index="1" bw="24" slack="0"/>
</pin_list>
<bind>
<opcode="sext(35) " fcode="sext"/>
<opset="sext_ln70_15/1 "/>
</bind>
</comp>

<comp id="53014" class="1004" name="trunc_ln42_31_fu_53014">
<pin_list>
<pin id="53015" dir="0" index="0" bw="14" slack="0"/>
<pin id="53016" dir="0" index="1" bw="24" slack="0"/>
<pin id="53017" dir="0" index="2" bw="5" slack="0"/>
<pin id="53018" dir="0" index="3" bw="6" slack="0"/>
<pin id="53019" dir="1" index="4" bw="14" slack="0"/>
</pin_list>
<bind>
<opcode="partselect(1002) " fcode="partselect"/>
<opset="trunc_ln42_31/1 "/>
</bind>
</comp>

<comp id="53024" class="1004" name="sext_ln73_8_fu_53024">
<pin_list>
<pin id="53025" dir="0" index="0" bw="14" slack="0"/>
<pin id="53026" dir="1" index="1" bw="15" slack="0"/>
</pin_list>
<bind>
<opcode="sext(35) " fcode="sext"/>
<opset="sext_ln73_8/1 "/>
</bind>
</comp>

<comp id="53028" class="1004" name="trunc_ln42_32_fu_53028">
<pin_list>
<pin id="53029" dir="0" index="0" bw="16" slack="0"/>
<pin id="53030" dir="0" index="1" bw="26" slack="0"/>
<pin id="53031" dir="0" index="2" bw="5" slack="0"/>
<pin id="53032" dir="0" index="3" bw="6" slack="0"/>
<pin id="53033" dir="1" index="4" bw="16" slack="0"/>
</pin_list>
<bind>
<opcode="partselect(1002) " fcode="partselect"/>
<opset="trunc_ln42_32/1 "/>
</bind>
</comp>

<comp id="53038" class="1004" name="trunc_ln42_33_fu_53038">
<pin_list>
<pin id="53039" dir="0" index="0" bw="15" slack="0"/>
<pin id="53040" dir="0" index="1" bw="25" slack="0"/>
<pin id="53041" dir="0" index="2" bw="5" slack="0"/>
<pin id="53042" dir="0" index="3" bw="6" slack="0"/>
<pin id="53043" dir="1" index="4" bw="15" slack="0"/>
</pin_list>
<bind>
<opcode="partselect(1002) " fcode="partselect"/>
<opset="trunc_ln42_33/1 "/>
</bind>
</comp>

<comp id="53048" class="1004" name="sext_ln42_15_fu_53048">
<pin_list>
<pin id="53049" dir="0" index="0" bw="15" slack="0"/>
<pin id="53050" dir="1" index="1" bw="16" slack="0"/>
</pin_list>
<bind>
<opcode="sext(35) " fcode="sext"/>
<opset="sext_ln42_15/1 "/>
</bind>
</comp>

<comp id="53052" class="1004" name="trunc_ln42_34_fu_53052">
<pin_list>
<pin id="53053" dir="0" index="0" bw="15" slack="0"/>
<pin id="53054" dir="0" index="1" bw="25" slack="0"/>
<pin id="53055" dir="0" index="2" bw="5" slack="0"/>
<pin id="53056" dir="0" index="3" bw="6" slack="0"/>
<pin id="53057" dir="1" index="4" bw="15" slack="0"/>
</pin_list>
<bind>
<opcode="partselect(1002) " fcode="partselect"/>
<opset="trunc_ln42_34/1 "/>
</bind>
</comp>

<comp id="53062" class="1004" name="sext_ln42_16_fu_53062">
<pin_list>
<pin id="53063" dir="0" index="0" bw="15" slack="0"/>
<pin id="53064" dir="1" index="1" bw="16" slack="0"/>
</pin_list>
<bind>
<opcode="sext(35) " fcode="sext"/>
<opset="sext_ln42_16/1 "/>
</bind>
</comp>

<comp id="53066" class="1004" name="tmp_9029_fu_53066">
<pin_list>
<pin id="53067" dir="0" index="0" bw="25" slack="0"/>
<pin id="53068" dir="0" index="1" bw="16" slack="0"/>
<pin id="53069" dir="0" index="2" bw="1" slack="0"/>
<pin id="53070" dir="1" index="3" bw="25" slack="0"/>
</pin_list>
<bind>
<opcode="bitconcatenate(1004) " fcode="bitconcatenate"/>
<opset="tmp_9029/1 "/>
</bind>
</comp>

<comp id="53074" class="1004" name="sext_ln73_9_fu_53074">
<pin_list>
<pin id="53075" dir="0" index="0" bw="25" slack="0"/>
<pin id="53076" dir="1" index="1" bw="26" slack="0"/>
</pin_list>
<bind>
<opcode="sext(35) " fcode="sext"/>
<opset="sext_ln73_9/1 "/>
</bind>
</comp>

<comp id="53078" class="1004" name="tmp_9030_fu_53078">
<pin_list>
<pin id="53079" dir="0" index="0" bw="17" slack="0"/>
<pin id="53080" dir="0" index="1" bw="16" slack="0"/>
<pin id="53081" dir="0" index="2" bw="1" slack="0"/>
<pin id="53082" dir="1" index="3" bw="17" slack="0"/>
</pin_list>
<bind>
<opcode="bitconcatenate(1004) " fcode="bitconcatenate"/>
<opset="tmp_9030/1 "/>
</bind>
</comp>

<comp id="53086" class="1004" name="sext_ln73_10_fu_53086">
<pin_list>
<pin id="53087" dir="0" index="0" bw="17" slack="0"/>
<pin id="53088" dir="1" index="1" bw="26" slack="0"/>
</pin_list>
<bind>
<opcode="sext(35) " fcode="sext"/>
<opset="sext_ln73_10/1 "/>
</bind>
</comp>

<comp id="53090" class="1004" name="sub_ln73_2_fu_53090">
<pin_list>
<pin id="53091" dir="0" index="0" bw="17" slack="0"/>
<pin id="53092" dir="0" index="1" bw="25" slack="0"/>
<pin id="53093" dir="1" index="2" bw="26" slack="0"/>
</pin_list>
<bind>
<opcode="sub(10) " fcode="sub"/>
<opset="sub_ln73_2/1 "/>
</bind>
</comp>

<comp id="53096" class="1004" name="trunc_ln42_35_fu_53096">
<pin_list>
<pin id="53097" dir="0" index="0" bw="16" slack="0"/>
<pin id="53098" dir="0" index="1" bw="26" slack="0"/>
<pin id="53099" dir="0" index="2" bw="5" slack="0"/>
<pin id="53100" dir="0" index="3" bw="6" slack="0"/>
<pin id="53101" dir="1" index="4" bw="16" slack="0"/>
</pin_list>
<bind>
<opcode="partselect(1002) " fcode="partselect"/>
<opset="trunc_ln42_35/1 "/>
</bind>
</comp>

<comp id="53106" class="1004" name="trunc_ln42_36_fu_53106">
<pin_list>
<pin id="53107" dir="0" index="0" bw="16" slack="0"/>
<pin id="53108" dir="0" index="1" bw="26" slack="0"/>
<pin id="53109" dir="0" index="2" bw="5" slack="0"/>
<pin id="53110" dir="0" index="3" bw="6" slack="0"/>
<pin id="53111" dir="1" index="4" bw="16" slack="0"/>
</pin_list>
<bind>
<opcode="partselect(1002) " fcode="partselect"/>
<opset="trunc_ln42_36/1 "/>
</bind>
</comp>

<comp id="53116" class="1004" name="trunc_ln42_37_fu_53116">
<pin_list>
<pin id="53117" dir="0" index="0" bw="16" slack="0"/>
<pin id="53118" dir="0" index="1" bw="26" slack="0"/>
<pin id="53119" dir="0" index="2" bw="5" slack="0"/>
<pin id="53120" dir="0" index="3" bw="6" slack="0"/>
<pin id="53121" dir="1" index="4" bw="16" slack="0"/>
</pin_list>
<bind>
<opcode="partselect(1002) " fcode="partselect"/>
<opset="trunc_ln42_37/1 "/>
</bind>
</comp>

<comp id="53126" class="1004" name="tmp_9031_fu_53126">
<pin_list>
<pin id="53127" dir="0" index="0" bw="20" slack="0"/>
<pin id="53128" dir="0" index="1" bw="16" slack="0"/>
<pin id="53129" dir="0" index="2" bw="1" slack="0"/>
<pin id="53130" dir="1" index="3" bw="20" slack="0"/>
</pin_list>
<bind>
<opcode="bitconcatenate(1004) " fcode="bitconcatenate"/>
<opset="tmp_9031/1 "/>
</bind>
</comp>

<comp id="53134" class="1004" name="sext_ln73_11_fu_53134">
<pin_list>
<pin id="53135" dir="0" index="0" bw="20" slack="0"/>
<pin id="53136" dir="1" index="1" bw="21" slack="0"/>
</pin_list>
<bind>
<opcode="sext(35) " fcode="sext"/>
<opset="sext_ln73_11/1 "/>
</bind>
</comp>

<comp id="53138" class="1004" name="sub_ln73_3_fu_53138">
<pin_list>
<pin id="53139" dir="0" index="0" bw="20" slack="0"/>
<pin id="53140" dir="0" index="1" bw="16" slack="0"/>
<pin id="53141" dir="1" index="2" bw="21" slack="0"/>
</pin_list>
<bind>
<opcode="sub(10) " fcode="sub"/>
<opset="sub_ln73_3/1 "/>
</bind>
</comp>

<comp id="53144" class="1004" name="trunc_ln42_38_fu_53144">
<pin_list>
<pin id="53145" dir="0" index="0" bw="11" slack="0"/>
<pin id="53146" dir="0" index="1" bw="21" slack="0"/>
<pin id="53147" dir="0" index="2" bw="5" slack="0"/>
<pin id="53148" dir="0" index="3" bw="6" slack="0"/>
<pin id="53149" dir="1" index="4" bw="11" slack="0"/>
</pin_list>
<bind>
<opcode="partselect(1002) " fcode="partselect"/>
<opset="trunc_ln42_38/1 "/>
</bind>
</comp>

<comp id="53154" class="1004" name="trunc_ln42_38_cast_fu_53154">
<pin_list>
<pin id="53155" dir="0" index="0" bw="11" slack="0"/>
<pin id="53156" dir="1" index="1" bw="13" slack="0"/>
</pin_list>
<bind>
<opcode="sext(35) " fcode="sext"/>
<opset="trunc_ln42_38_cast/1 "/>
</bind>
</comp>

<comp id="53158" class="1004" name="a_5_fu_53158">
<pin_list>
<pin id="53159" dir="0" index="0" bw="16" slack="0"/>
<pin id="53160" dir="0" index="1" bw="256" slack="0"/>
<pin id="53161" dir="0" index="2" bw="8" slack="0"/>
<pin id="53162" dir="0" index="3" bw="8" slack="0"/>
<pin id="53163" dir="1" index="4" bw="16" slack="0"/>
</pin_list>
<bind>
<opcode="partselect(1002) " fcode="partselect"/>
<opset="a_5/1 "/>
</bind>
</comp>

<comp id="53168" class="1004" name="sext_ln70_16_fu_53168">
<pin_list>
<pin id="53169" dir="0" index="0" bw="16" slack="0"/>
<pin id="53170" dir="1" index="1" bw="26" slack="0"/>
</pin_list>
<bind>
<opcode="sext(35) " fcode="sext"/>
<opset="sext_ln70_16/1 "/>
</bind>
</comp>

<comp id="53174" class="1004" name="sext_ln70_17_fu_53174">
<pin_list>
<pin id="53175" dir="0" index="0" bw="16" slack="0"/>
<pin id="53176" dir="1" index="1" bw="25" slack="0"/>
</pin_list>
<bind>
<opcode="sext(35) " fcode="sext"/>
<opset="sext_ln70_17/1 "/>
</bind>
</comp>

<comp id="53180" class="1004" name="sext_ln70_18_fu_53180">
<pin_list>
<pin id="53181" dir="0" index="0" bw="16" slack="0"/>
<pin id="53182" dir="1" index="1" bw="22" slack="0"/>
</pin_list>
<bind>
<opcode="sext(35) " fcode="sext"/>
<opset="sext_ln70_18/1 "/>
</bind>
</comp>

<comp id="53186" class="1004" name="sext_ln70_19_fu_53186">
<pin_list>
<pin id="53187" dir="0" index="0" bw="16" slack="0"/>
<pin id="53188" dir="1" index="1" bw="23" slack="0"/>
</pin_list>
<bind>
<opcode="sext(35) " fcode="sext"/>
<opset="sext_ln70_19/1 "/>
</bind>
</comp>

<comp id="53191" class="1004" name="trunc_ln42_39_fu_53191">
<pin_list>
<pin id="53192" dir="0" index="0" bw="13" slack="0"/>
<pin id="53193" dir="0" index="1" bw="23" slack="0"/>
<pin id="53194" dir="0" index="2" bw="5" slack="0"/>
<pin id="53195" dir="0" index="3" bw="6" slack="0"/>
<pin id="53196" dir="1" index="4" bw="13" slack="0"/>
</pin_list>
<bind>
<opcode="partselect(1002) " fcode="partselect"/>
<opset="trunc_ln42_39/1 "/>
</bind>
</comp>

<comp id="53201" class="1004" name="sext_ln73_12_fu_53201">
<pin_list>
<pin id="53202" dir="0" index="0" bw="13" slack="0"/>
<pin id="53203" dir="1" index="1" bw="15" slack="0"/>
</pin_list>
<bind>
<opcode="sext(35) " fcode="sext"/>
<opset="sext_ln73_12/1 "/>
</bind>
</comp>

<comp id="53205" class="1004" name="trunc_ln42_40_fu_53205">
<pin_list>
<pin id="53206" dir="0" index="0" bw="12" slack="0"/>
<pin id="53207" dir="0" index="1" bw="22" slack="0"/>
<pin id="53208" dir="0" index="2" bw="5" slack="0"/>
<pin id="53209" dir="0" index="3" bw="6" slack="0"/>
<pin id="53210" dir="1" index="4" bw="12" slack="0"/>
</pin_list>
<bind>
<opcode="partselect(1002) " fcode="partselect"/>
<opset="trunc_ln42_40/1 "/>
</bind>
</comp>

<comp id="53215" class="1004" name="sext_ln42_17_fu_53215">
<pin_list>
<pin id="53216" dir="0" index="0" bw="12" slack="0"/>
<pin id="53217" dir="1" index="1" bw="16" slack="0"/>
</pin_list>
<bind>
<opcode="sext(35) " fcode="sext"/>
<opset="sext_ln42_17/1 "/>
</bind>
</comp>

<comp id="53219" class="1004" name="trunc_ln42_41_fu_53219">
<pin_list>
<pin id="53220" dir="0" index="0" bw="15" slack="0"/>
<pin id="53221" dir="0" index="1" bw="25" slack="0"/>
<pin id="53222" dir="0" index="2" bw="5" slack="0"/>
<pin id="53223" dir="0" index="3" bw="6" slack="0"/>
<pin id="53224" dir="1" index="4" bw="15" slack="0"/>
</pin_list>
<bind>
<opcode="partselect(1002) " fcode="partselect"/>
<opset="trunc_ln42_41/1 "/>
</bind>
</comp>

<comp id="53229" class="1004" name="sext_ln42_18_fu_53229">
<pin_list>
<pin id="53230" dir="0" index="0" bw="15" slack="0"/>
<pin id="53231" dir="1" index="1" bw="16" slack="0"/>
</pin_list>
<bind>
<opcode="sext(35) " fcode="sext"/>
<opset="sext_ln42_18/1 "/>
</bind>
</comp>

<comp id="53233" class="1004" name="trunc_ln42_42_fu_53233">
<pin_list>
<pin id="53234" dir="0" index="0" bw="16" slack="0"/>
<pin id="53235" dir="0" index="1" bw="26" slack="0"/>
<pin id="53236" dir="0" index="2" bw="5" slack="0"/>
<pin id="53237" dir="0" index="3" bw="6" slack="0"/>
<pin id="53238" dir="1" index="4" bw="16" slack="0"/>
</pin_list>
<bind>
<opcode="partselect(1002) " fcode="partselect"/>
<opset="trunc_ln42_42/1 "/>
</bind>
</comp>

<comp id="53243" class="1004" name="tmp_9032_fu_53243">
<pin_list>
<pin id="53244" dir="0" index="0" bw="23" slack="0"/>
<pin id="53245" dir="0" index="1" bw="16" slack="0"/>
<pin id="53246" dir="0" index="2" bw="1" slack="0"/>
<pin id="53247" dir="1" index="3" bw="23" slack="0"/>
</pin_list>
<bind>
<opcode="bitconcatenate(1004) " fcode="bitconcatenate"/>
<opset="tmp_9032/1 "/>
</bind>
</comp>

<comp id="53251" class="1004" name="sext_ln73_13_fu_53251">
<pin_list>
<pin id="53252" dir="0" index="0" bw="23" slack="0"/>
<pin id="53253" dir="1" index="1" bw="24" slack="0"/>
</pin_list>
<bind>
<opcode="sext(35) " fcode="sext"/>
<opset="sext_ln73_13/1 "/>
</bind>
</comp>

<comp id="53255" class="1004" name="tmp_9033_fu_53255">
<pin_list>
<pin id="53256" dir="0" index="0" bw="19" slack="0"/>
<pin id="53257" dir="0" index="1" bw="16" slack="0"/>
<pin id="53258" dir="0" index="2" bw="1" slack="0"/>
<pin id="53259" dir="1" index="3" bw="19" slack="0"/>
</pin_list>
<bind>
<opcode="bitconcatenate(1004) " fcode="bitconcatenate"/>
<opset="tmp_9033/1 "/>
</bind>
</comp>

<comp id="53263" class="1004" name="sext_ln73_14_fu_53263">
<pin_list>
<pin id="53264" dir="0" index="0" bw="19" slack="0"/>
<pin id="53265" dir="1" index="1" bw="24" slack="0"/>
</pin_list>
<bind>
<opcode="sext(35) " fcode="sext"/>
<opset="sext_ln73_14/1 "/>
</bind>
</comp>

<comp id="53267" class="1004" name="sub_ln73_4_fu_53267">
<pin_list>
<pin id="53268" dir="0" index="0" bw="19" slack="0"/>
<pin id="53269" dir="0" index="1" bw="23" slack="0"/>
<pin id="53270" dir="1" index="2" bw="24" slack="0"/>
</pin_list>
<bind>
<opcode="sub(10) " fcode="sub"/>
<opset="sub_ln73_4/1 "/>
</bind>
</comp>

<comp id="53273" class="1004" name="trunc_ln42_43_fu_53273">
<pin_list>
<pin id="53274" dir="0" index="0" bw="14" slack="0"/>
<pin id="53275" dir="0" index="1" bw="24" slack="0"/>
<pin id="53276" dir="0" index="2" bw="5" slack="0"/>
<pin id="53277" dir="0" index="3" bw="6" slack="0"/>
<pin id="53278" dir="1" index="4" bw="14" slack="0"/>
</pin_list>
<bind>
<opcode="partselect(1002) " fcode="partselect"/>
<opset="trunc_ln42_43/1 "/>
</bind>
</comp>

<comp id="53283" class="1004" name="sext_ln42_19_fu_53283">
<pin_list>
<pin id="53284" dir="0" index="0" bw="14" slack="0"/>
<pin id="53285" dir="1" index="1" bw="16" slack="0"/>
</pin_list>
<bind>
<opcode="sext(35) " fcode="sext"/>
<opset="sext_ln42_19/1 "/>
</bind>
</comp>

<comp id="53287" class="1004" name="trunc_ln42_44_fu_53287">
<pin_list>
<pin id="53288" dir="0" index="0" bw="16" slack="0"/>
<pin id="53289" dir="0" index="1" bw="26" slack="0"/>
<pin id="53290" dir="0" index="2" bw="5" slack="0"/>
<pin id="53291" dir="0" index="3" bw="6" slack="0"/>
<pin id="53292" dir="1" index="4" bw="16" slack="0"/>
</pin_list>
<bind>
<opcode="partselect(1002) " fcode="partselect"/>
<opset="trunc_ln42_44/1 "/>
</bind>
</comp>

<comp id="53297" class="1004" name="trunc_ln42_45_fu_53297">
<pin_list>
<pin id="53298" dir="0" index="0" bw="15" slack="0"/>
<pin id="53299" dir="0" index="1" bw="25" slack="0"/>
<pin id="53300" dir="0" index="2" bw="5" slack="0"/>
<pin id="53301" dir="0" index="3" bw="6" slack="0"/>
<pin id="53302" dir="1" index="4" bw="15" slack="0"/>
</pin_list>
<bind>
<opcode="partselect(1002) " fcode="partselect"/>
<opset="trunc_ln42_45/1 "/>
</bind>
</comp>

<comp id="53307" class="1004" name="sext_ln42_20_fu_53307">
<pin_list>
<pin id="53308" dir="0" index="0" bw="15" slack="0"/>
<pin id="53309" dir="1" index="1" bw="16" slack="0"/>
</pin_list>
<bind>
<opcode="sext(35) " fcode="sext"/>
<opset="sext_ln42_20/1 "/>
</bind>
</comp>

<comp id="53311" class="1004" name="trunc_ln42_46_fu_53311">
<pin_list>
<pin id="53312" dir="0" index="0" bw="12" slack="0"/>
<pin id="53313" dir="0" index="1" bw="22" slack="0"/>
<pin id="53314" dir="0" index="2" bw="5" slack="0"/>
<pin id="53315" dir="0" index="3" bw="6" slack="0"/>
<pin id="53316" dir="1" index="4" bw="12" slack="0"/>
</pin_list>
<bind>
<opcode="partselect(1002) " fcode="partselect"/>
<opset="trunc_ln42_46/1 "/>
</bind>
</comp>

<comp id="53321" class="1004" name="trunc_ln42_46_cast_fu_53321">
<pin_list>
<pin id="53322" dir="0" index="0" bw="12" slack="0"/>
<pin id="53323" dir="1" index="1" bw="13" slack="0"/>
</pin_list>
<bind>
<opcode="sext(35) " fcode="sext"/>
<opset="trunc_ln42_46_cast/1 "/>
</bind>
</comp>

<comp id="53325" class="1004" name="a_6_fu_53325">
<pin_list>
<pin id="53326" dir="0" index="0" bw="16" slack="0"/>
<pin id="53327" dir="0" index="1" bw="256" slack="0"/>
<pin id="53328" dir="0" index="2" bw="8" slack="0"/>
<pin id="53329" dir="0" index="3" bw="8" slack="0"/>
<pin id="53330" dir="1" index="4" bw="16" slack="0"/>
</pin_list>
<bind>
<opcode="partselect(1002) " fcode="partselect"/>
<opset="a_6/1 "/>
</bind>
</comp>

<comp id="53335" class="1004" name="sext_ln70_20_fu_53335">
<pin_list>
<pin id="53336" dir="0" index="0" bw="16" slack="0"/>
<pin id="53337" dir="1" index="1" bw="22" slack="0"/>
</pin_list>
<bind>
<opcode="sext(35) " fcode="sext"/>
<opset="sext_ln70_20/1 "/>
</bind>
</comp>

<comp id="53340" class="1004" name="sext_ln70_21_fu_53340">
<pin_list>
<pin id="53341" dir="0" index="0" bw="16" slack="0"/>
<pin id="53342" dir="1" index="1" bw="25" slack="0"/>
</pin_list>
<bind>
<opcode="sext(35) " fcode="sext"/>
<opset="sext_ln70_21/1 "/>
</bind>
</comp>

<comp id="53346" class="1004" name="sext_ln70_22_fu_53346">
<pin_list>
<pin id="53347" dir="0" index="0" bw="16" slack="0"/>
<pin id="53348" dir="1" index="1" bw="26" slack="0"/>
</pin_list>
<bind>
<opcode="sext(35) " fcode="sext"/>
<opset="sext_ln70_22/1 "/>
</bind>
</comp>

<comp id="53354" class="1004" name="trunc_ln42_47_fu_53354">
<pin_list>
<pin id="53355" dir="0" index="0" bw="16" slack="0"/>
<pin id="53356" dir="0" index="1" bw="26" slack="0"/>
<pin id="53357" dir="0" index="2" bw="5" slack="0"/>
<pin id="53358" dir="0" index="3" bw="6" slack="0"/>
<pin id="53359" dir="1" index="4" bw="16" slack="0"/>
</pin_list>
<bind>
<opcode="partselect(1002) " fcode="partselect"/>
<opset="trunc_ln42_47/1 "/>
</bind>
</comp>

<comp id="53364" class="1004" name="tmp_9034_fu_53364">
<pin_list>
<pin id="53365" dir="0" index="0" bw="23" slack="0"/>
<pin id="53366" dir="0" index="1" bw="16" slack="0"/>
<pin id="53367" dir="0" index="2" bw="1" slack="0"/>
<pin id="53368" dir="1" index="3" bw="23" slack="0"/>
</pin_list>
<bind>
<opcode="bitconcatenate(1004) " fcode="bitconcatenate"/>
<opset="tmp_9034/1 "/>
</bind>
</comp>

<comp id="53372" class="1004" name="sext_ln73_15_fu_53372">
<pin_list>
<pin id="53373" dir="0" index="0" bw="23" slack="0"/>
<pin id="53374" dir="1" index="1" bw="24" slack="0"/>
</pin_list>
<bind>
<opcode="sext(35) " fcode="sext"/>
<opset="sext_ln73_15/1 "/>
</bind>
</comp>

<comp id="53376" class="1004" name="tmp_9035_fu_53376">
<pin_list>
<pin id="53377" dir="0" index="0" bw="20" slack="0"/>
<pin id="53378" dir="0" index="1" bw="16" slack="0"/>
<pin id="53379" dir="0" index="2" bw="1" slack="0"/>
<pin id="53380" dir="1" index="3" bw="20" slack="0"/>
</pin_list>
<bind>
<opcode="bitconcatenate(1004) " fcode="bitconcatenate"/>
<opset="tmp_9035/1 "/>
</bind>
</comp>

<comp id="53384" class="1004" name="sext_ln73_16_fu_53384">
<pin_list>
<pin id="53385" dir="0" index="0" bw="20" slack="0"/>
<pin id="53386" dir="1" index="1" bw="24" slack="0"/>
</pin_list>
<bind>
<opcode="sext(35) " fcode="sext"/>
<opset="sext_ln73_16/1 "/>
</bind>
</comp>

<comp id="53388" class="1004" name="sub_ln73_5_fu_53388">
<pin_list>
<pin id="53389" dir="0" index="0" bw="20" slack="0"/>
<pin id="53390" dir="0" index="1" bw="23" slack="0"/>
<pin id="53391" dir="1" index="2" bw="24" slack="0"/>
</pin_list>
<bind>
<opcode="sub(10) " fcode="sub"/>
<opset="sub_ln73_5/1 "/>
</bind>
</comp>

<comp id="53394" class="1004" name="trunc_ln42_48_fu_53394">
<pin_list>
<pin id="53395" dir="0" index="0" bw="14" slack="0"/>
<pin id="53396" dir="0" index="1" bw="24" slack="0"/>
<pin id="53397" dir="0" index="2" bw="5" slack="0"/>
<pin id="53398" dir="0" index="3" bw="6" slack="0"/>
<pin id="53399" dir="1" index="4" bw="14" slack="0"/>
</pin_list>
<bind>
<opcode="partselect(1002) " fcode="partselect"/>
<opset="trunc_ln42_48/1 "/>
</bind>
</comp>

<comp id="53404" class="1004" name="sext_ln73_17_fu_53404">
<pin_list>
<pin id="53405" dir="0" index="0" bw="14" slack="0"/>
<pin id="53406" dir="1" index="1" bw="15" slack="0"/>
</pin_list>
<bind>
<opcode="sext(35) " fcode="sext"/>
<opset="sext_ln73_17/1 "/>
</bind>
</comp>

<comp id="53408" class="1004" name="trunc_ln42_49_fu_53408">
<pin_list>
<pin id="53409" dir="0" index="0" bw="15" slack="0"/>
<pin id="53410" dir="0" index="1" bw="25" slack="0"/>
<pin id="53411" dir="0" index="2" bw="5" slack="0"/>
<pin id="53412" dir="0" index="3" bw="6" slack="0"/>
<pin id="53413" dir="1" index="4" bw="15" slack="0"/>
</pin_list>
<bind>
<opcode="partselect(1002) " fcode="partselect"/>
<opset="trunc_ln42_49/1 "/>
</bind>
</comp>

<comp id="53418" class="1004" name="sext_ln42_21_fu_53418">
<pin_list>
<pin id="53419" dir="0" index="0" bw="15" slack="0"/>
<pin id="53420" dir="1" index="1" bw="16" slack="0"/>
</pin_list>
<bind>
<opcode="sext(35) " fcode="sext"/>
<opset="sext_ln42_21/1 "/>
</bind>
</comp>

<comp id="53422" class="1004" name="trunc_ln42_50_fu_53422">
<pin_list>
<pin id="53423" dir="0" index="0" bw="12" slack="0"/>
<pin id="53424" dir="0" index="1" bw="22" slack="0"/>
<pin id="53425" dir="0" index="2" bw="5" slack="0"/>
<pin id="53426" dir="0" index="3" bw="6" slack="0"/>
<pin id="53427" dir="1" index="4" bw="12" slack="0"/>
</pin_list>
<bind>
<opcode="partselect(1002) " fcode="partselect"/>
<opset="trunc_ln42_50/1 "/>
</bind>
</comp>

<comp id="53432" class="1004" name="sext_ln73_18_fu_53432">
<pin_list>
<pin id="53433" dir="0" index="0" bw="12" slack="0"/>
<pin id="53434" dir="1" index="1" bw="15" slack="0"/>
</pin_list>
<bind>
<opcode="sext(35) " fcode="sext"/>
<opset="sext_ln73_18/1 "/>
</bind>
</comp>

<comp id="53436" class="1004" name="trunc_ln42_51_fu_53436">
<pin_list>
<pin id="53437" dir="0" index="0" bw="15" slack="0"/>
<pin id="53438" dir="0" index="1" bw="25" slack="0"/>
<pin id="53439" dir="0" index="2" bw="5" slack="0"/>
<pin id="53440" dir="0" index="3" bw="6" slack="0"/>
<pin id="53441" dir="1" index="4" bw="15" slack="0"/>
</pin_list>
<bind>
<opcode="partselect(1002) " fcode="partselect"/>
<opset="trunc_ln42_51/1 "/>
</bind>
</comp>

<comp id="53446" class="1004" name="sext_ln42_22_fu_53446">
<pin_list>
<pin id="53447" dir="0" index="0" bw="15" slack="0"/>
<pin id="53448" dir="1" index="1" bw="16" slack="0"/>
</pin_list>
<bind>
<opcode="sext(35) " fcode="sext"/>
<opset="sext_ln42_22/1 "/>
</bind>
</comp>

<comp id="53450" class="1004" name="trunc_ln42_52_fu_53450">
<pin_list>
<pin id="53451" dir="0" index="0" bw="16" slack="0"/>
<pin id="53452" dir="0" index="1" bw="26" slack="0"/>
<pin id="53453" dir="0" index="2" bw="5" slack="0"/>
<pin id="53454" dir="0" index="3" bw="6" slack="0"/>
<pin id="53455" dir="1" index="4" bw="16" slack="0"/>
</pin_list>
<bind>
<opcode="partselect(1002) " fcode="partselect"/>
<opset="trunc_ln42_52/1 "/>
</bind>
</comp>

<comp id="53460" class="1004" name="trunc_ln42_53_fu_53460">
<pin_list>
<pin id="53461" dir="0" index="0" bw="16" slack="0"/>
<pin id="53462" dir="0" index="1" bw="26" slack="0"/>
<pin id="53463" dir="0" index="2" bw="5" slack="0"/>
<pin id="53464" dir="0" index="3" bw="6" slack="0"/>
<pin id="53465" dir="1" index="4" bw="16" slack="0"/>
</pin_list>
<bind>
<opcode="partselect(1002) " fcode="partselect"/>
<opset="trunc_ln42_53/1 "/>
</bind>
</comp>

<comp id="53470" class="1004" name="trunc_ln42_54_fu_53470">
<pin_list>
<pin id="53471" dir="0" index="0" bw="16" slack="0"/>
<pin id="53472" dir="0" index="1" bw="26" slack="0"/>
<pin id="53473" dir="0" index="2" bw="5" slack="0"/>
<pin id="53474" dir="0" index="3" bw="6" slack="0"/>
<pin id="53475" dir="1" index="4" bw="16" slack="0"/>
</pin_list>
<bind>
<opcode="partselect(1002) " fcode="partselect"/>
<opset="trunc_ln42_54/1 "/>
</bind>
</comp>

<comp id="53480" class="1004" name="a_7_fu_53480">
<pin_list>
<pin id="53481" dir="0" index="0" bw="16" slack="0"/>
<pin id="53482" dir="0" index="1" bw="256" slack="0"/>
<pin id="53483" dir="0" index="2" bw="8" slack="0"/>
<pin id="53484" dir="0" index="3" bw="8" slack="0"/>
<pin id="53485" dir="1" index="4" bw="16" slack="0"/>
</pin_list>
<bind>
<opcode="partselect(1002) " fcode="partselect"/>
<opset="a_7/1 "/>
</bind>
</comp>

<comp id="53490" class="1004" name="sext_ln70_23_fu_53490">
<pin_list>
<pin id="53491" dir="0" index="0" bw="16" slack="0"/>
<pin id="53492" dir="1" index="1" bw="24" slack="0"/>
</pin_list>
<bind>
<opcode="sext(35) " fcode="sext"/>
<opset="sext_ln70_23/1 "/>
</bind>
</comp>

<comp id="53495" class="1004" name="sext_ln70_24_fu_53495">
<pin_list>
<pin id="53496" dir="0" index="0" bw="16" slack="0"/>
<pin id="53497" dir="1" index="1" bw="26" slack="0"/>
</pin_list>
<bind>
<opcode="sext(35) " fcode="sext"/>
<opset="sext_ln70_24/1 "/>
</bind>
</comp>

<comp id="53503" class="1004" name="sext_ln70_25_fu_53503">
<pin_list>
<pin id="53504" dir="0" index="0" bw="16" slack="0"/>
<pin id="53505" dir="1" index="1" bw="23" slack="0"/>
</pin_list>
<bind>
<opcode="sext(35) " fcode="sext"/>
<opset="sext_ln70_25/1 "/>
</bind>
</comp>

<comp id="53508" class="1004" name="sext_ln70_26_fu_53508">
<pin_list>
<pin id="53509" dir="0" index="0" bw="16" slack="0"/>
<pin id="53510" dir="1" index="1" bw="25" slack="0"/>
</pin_list>
<bind>
<opcode="sext(35) " fcode="sext"/>
<opset="sext_ln70_26/1 "/>
</bind>
</comp>

<comp id="53514" class="1004" name="trunc_ln42_55_fu_53514">
<pin_list>
<pin id="53515" dir="0" index="0" bw="15" slack="0"/>
<pin id="53516" dir="0" index="1" bw="25" slack="0"/>
<pin id="53517" dir="0" index="2" bw="5" slack="0"/>
<pin id="53518" dir="0" index="3" bw="6" slack="0"/>
<pin id="53519" dir="1" index="4" bw="15" slack="0"/>
</pin_list>
<bind>
<opcode="partselect(1002) " fcode="partselect"/>
<opset="trunc_ln42_55/1 "/>
</bind>
</comp>

<comp id="53524" class="1004" name="sext_ln42_23_fu_53524">
<pin_list>
<pin id="53525" dir="0" index="0" bw="15" slack="0"/>
<pin id="53526" dir="1" index="1" bw="16" slack="0"/>
</pin_list>
<bind>
<opcode="sext(35) " fcode="sext"/>
<opset="sext_ln42_23/1 "/>
</bind>
</comp>

<comp id="53528" class="1004" name="trunc_ln42_56_fu_53528">
<pin_list>
<pin id="53529" dir="0" index="0" bw="13" slack="0"/>
<pin id="53530" dir="0" index="1" bw="23" slack="0"/>
<pin id="53531" dir="0" index="2" bw="5" slack="0"/>
<pin id="53532" dir="0" index="3" bw="6" slack="0"/>
<pin id="53533" dir="1" index="4" bw="13" slack="0"/>
</pin_list>
<bind>
<opcode="partselect(1002) " fcode="partselect"/>
<opset="trunc_ln42_56/1 "/>
</bind>
</comp>

<comp id="53538" class="1004" name="sext_ln73_19_fu_53538">
<pin_list>
<pin id="53539" dir="0" index="0" bw="13" slack="0"/>
<pin id="53540" dir="1" index="1" bw="15" slack="0"/>
</pin_list>
<bind>
<opcode="sext(35) " fcode="sext"/>
<opset="sext_ln73_19/1 "/>
</bind>
</comp>

<comp id="53542" class="1004" name="trunc_ln42_57_fu_53542">
<pin_list>
<pin id="53543" dir="0" index="0" bw="16" slack="0"/>
<pin id="53544" dir="0" index="1" bw="26" slack="0"/>
<pin id="53545" dir="0" index="2" bw="5" slack="0"/>
<pin id="53546" dir="0" index="3" bw="6" slack="0"/>
<pin id="53547" dir="1" index="4" bw="16" slack="0"/>
</pin_list>
<bind>
<opcode="partselect(1002) " fcode="partselect"/>
<opset="trunc_ln42_57/1 "/>
</bind>
</comp>

<comp id="53552" class="1004" name="trunc_ln42_58_fu_53552">
<pin_list>
<pin id="53553" dir="0" index="0" bw="14" slack="0"/>
<pin id="53554" dir="0" index="1" bw="24" slack="0"/>
<pin id="53555" dir="0" index="2" bw="5" slack="0"/>
<pin id="53556" dir="0" index="3" bw="6" slack="0"/>
<pin id="53557" dir="1" index="4" bw="14" slack="0"/>
</pin_list>
<bind>
<opcode="partselect(1002) " fcode="partselect"/>
<opset="trunc_ln42_58/1 "/>
</bind>
</comp>

<comp id="53562" class="1004" name="sext_ln73_20_fu_53562">
<pin_list>
<pin id="53563" dir="0" index="0" bw="14" slack="0"/>
<pin id="53564" dir="1" index="1" bw="15" slack="0"/>
</pin_list>
<bind>
<opcode="sext(35) " fcode="sext"/>
<opset="sext_ln73_20/1 "/>
</bind>
</comp>

<comp id="53566" class="1004" name="trunc_ln42_59_fu_53566">
<pin_list>
<pin id="53567" dir="0" index="0" bw="15" slack="0"/>
<pin id="53568" dir="0" index="1" bw="25" slack="0"/>
<pin id="53569" dir="0" index="2" bw="5" slack="0"/>
<pin id="53570" dir="0" index="3" bw="6" slack="0"/>
<pin id="53571" dir="1" index="4" bw="15" slack="0"/>
</pin_list>
<bind>
<opcode="partselect(1002) " fcode="partselect"/>
<opset="trunc_ln42_59/1 "/>
</bind>
</comp>

<comp id="53576" class="1004" name="sext_ln42_24_fu_53576">
<pin_list>
<pin id="53577" dir="0" index="0" bw="15" slack="0"/>
<pin id="53578" dir="1" index="1" bw="16" slack="0"/>
</pin_list>
<bind>
<opcode="sext(35) " fcode="sext"/>
<opset="sext_ln42_24/1 "/>
</bind>
</comp>

<comp id="53580" class="1004" name="trunc_ln42_60_fu_53580">
<pin_list>
<pin id="53581" dir="0" index="0" bw="16" slack="0"/>
<pin id="53582" dir="0" index="1" bw="26" slack="0"/>
<pin id="53583" dir="0" index="2" bw="5" slack="0"/>
<pin id="53584" dir="0" index="3" bw="6" slack="0"/>
<pin id="53585" dir="1" index="4" bw="16" slack="0"/>
</pin_list>
<bind>
<opcode="partselect(1002) " fcode="partselect"/>
<opset="trunc_ln42_60/1 "/>
</bind>
</comp>

<comp id="53590" class="1004" name="trunc_ln42_61_fu_53590">
<pin_list>
<pin id="53591" dir="0" index="0" bw="16" slack="0"/>
<pin id="53592" dir="0" index="1" bw="26" slack="0"/>
<pin id="53593" dir="0" index="2" bw="5" slack="0"/>
<pin id="53594" dir="0" index="3" bw="6" slack="0"/>
<pin id="53595" dir="1" index="4" bw="16" slack="0"/>
</pin_list>
<bind>
<opcode="partselect(1002) " fcode="partselect"/>
<opset="trunc_ln42_61/1 "/>
</bind>
</comp>

<comp id="53600" class="1004" name="trunc_ln42_62_fu_53600">
<pin_list>
<pin id="53601" dir="0" index="0" bw="16" slack="0"/>
<pin id="53602" dir="0" index="1" bw="26" slack="0"/>
<pin id="53603" dir="0" index="2" bw="5" slack="0"/>
<pin id="53604" dir="0" index="3" bw="6" slack="0"/>
<pin id="53605" dir="1" index="4" bw="16" slack="0"/>
</pin_list>
<bind>
<opcode="partselect(1002) " fcode="partselect"/>
<opset="trunc_ln42_62/1 "/>
</bind>
</comp>

<comp id="53610" class="1004" name="a_8_fu_53610">
<pin_list>
<pin id="53611" dir="0" index="0" bw="16" slack="0"/>
<pin id="53612" dir="0" index="1" bw="256" slack="0"/>
<pin id="53613" dir="0" index="2" bw="9" slack="0"/>
<pin id="53614" dir="0" index="3" bw="9" slack="0"/>
<pin id="53615" dir="1" index="4" bw="16" slack="0"/>
</pin_list>
<bind>
<opcode="partselect(1002) " fcode="partselect"/>
<opset="a_8/1 "/>
</bind>
</comp>

<comp id="53620" class="1004" name="sext_ln70_27_fu_53620">
<pin_list>
<pin id="53621" dir="0" index="0" bw="16" slack="0"/>
<pin id="53622" dir="1" index="1" bw="23" slack="0"/>
</pin_list>
<bind>
<opcode="sext(35) " fcode="sext"/>
<opset="sext_ln70_27/1 "/>
</bind>
</comp>

<comp id="53625" class="1004" name="sext_ln70_28_fu_53625">
<pin_list>
<pin id="53626" dir="0" index="0" bw="16" slack="0"/>
<pin id="53627" dir="1" index="1" bw="25" slack="0"/>
</pin_list>
<bind>
<opcode="sext(35) " fcode="sext"/>
<opset="sext_ln70_28/1 "/>
</bind>
</comp>

<comp id="53630" class="1004" name="sext_ln70_29_fu_53630">
<pin_list>
<pin id="53631" dir="0" index="0" bw="16" slack="0"/>
<pin id="53632" dir="1" index="1" bw="26" slack="0"/>
</pin_list>
<bind>
<opcode="sext(35) " fcode="sext"/>
<opset="sext_ln70_29/1 "/>
</bind>
</comp>

<comp id="53639" class="1004" name="trunc_ln42_63_fu_53639">
<pin_list>
<pin id="53640" dir="0" index="0" bw="16" slack="0"/>
<pin id="53641" dir="0" index="1" bw="26" slack="0"/>
<pin id="53642" dir="0" index="2" bw="5" slack="0"/>
<pin id="53643" dir="0" index="3" bw="6" slack="0"/>
<pin id="53644" dir="1" index="4" bw="16" slack="0"/>
</pin_list>
<bind>
<opcode="partselect(1002) " fcode="partselect"/>
<opset="trunc_ln42_63/1 "/>
</bind>
</comp>

<comp id="53649" class="1004" name="trunc_ln42_64_fu_53649">
<pin_list>
<pin id="53650" dir="0" index="0" bw="16" slack="0"/>
<pin id="53651" dir="0" index="1" bw="26" slack="0"/>
<pin id="53652" dir="0" index="2" bw="5" slack="0"/>
<pin id="53653" dir="0" index="3" bw="6" slack="0"/>
<pin id="53654" dir="1" index="4" bw="16" slack="0"/>
</pin_list>
<bind>
<opcode="partselect(1002) " fcode="partselect"/>
<opset="trunc_ln42_64/1 "/>
</bind>
</comp>

<comp id="53659" class="1004" name="tmp_9036_fu_53659">
<pin_list>
<pin id="53660" dir="0" index="0" bw="22" slack="0"/>
<pin id="53661" dir="0" index="1" bw="16" slack="0"/>
<pin id="53662" dir="0" index="2" bw="1" slack="0"/>
<pin id="53663" dir="1" index="3" bw="22" slack="0"/>
</pin_list>
<bind>
<opcode="bitconcatenate(1004) " fcode="bitconcatenate"/>
<opset="tmp_9036/1 "/>
</bind>
</comp>

<comp id="53667" class="1004" name="sext_ln73_21_fu_53667">
<pin_list>
<pin id="53668" dir="0" index="0" bw="22" slack="0"/>
<pin id="53669" dir="1" index="1" bw="24" slack="0"/>
</pin_list>
<bind>
<opcode="sext(35) " fcode="sext"/>
<opset="sext_ln73_21/1 "/>
</bind>
</comp>

<comp id="53671" class="1004" name="sub_ln73_6_fu_53671">
<pin_list>
<pin id="53672" dir="0" index="0" bw="1" slack="0"/>
<pin id="53673" dir="0" index="1" bw="22" slack="0"/>
<pin id="53674" dir="1" index="2" bw="24" slack="0"/>
</pin_list>
<bind>
<opcode="sub(10) " fcode="sub"/>
<opset="sub_ln73_6/1 "/>
</bind>
</comp>

<comp id="53677" class="1004" name="tmp_9037_fu_53677">
<pin_list>
<pin id="53678" dir="0" index="0" bw="18" slack="0"/>
<pin id="53679" dir="0" index="1" bw="16" slack="0"/>
<pin id="53680" dir="0" index="2" bw="1" slack="0"/>
<pin id="53681" dir="1" index="3" bw="18" slack="0"/>
</pin_list>
<bind>
<opcode="bitconcatenate(1004) " fcode="bitconcatenate"/>
<opset="tmp_9037/1 "/>
</bind>
</comp>

<comp id="53685" class="1004" name="sext_ln73_22_fu_53685">
<pin_list>
<pin id="53686" dir="0" index="0" bw="18" slack="0"/>
<pin id="53687" dir="1" index="1" bw="24" slack="0"/>
</pin_list>
<bind>
<opcode="sext(35) " fcode="sext"/>
<opset="sext_ln73_22/1 "/>
</bind>
</comp>

<comp id="53689" class="1004" name="sub_ln73_7_fu_53689">
<pin_list>
<pin id="53690" dir="0" index="0" bw="24" slack="0"/>
<pin id="53691" dir="0" index="1" bw="18" slack="0"/>
<pin id="53692" dir="1" index="2" bw="24" slack="0"/>
</pin_list>
<bind>
<opcode="sub(10) " fcode="sub"/>
<opset="sub_ln73_7/1 "/>
</bind>
</comp>

<comp id="53695" class="1004" name="trunc_ln42_65_fu_53695">
<pin_list>
<pin id="53696" dir="0" index="0" bw="14" slack="0"/>
<pin id="53697" dir="0" index="1" bw="24" slack="0"/>
<pin id="53698" dir="0" index="2" bw="5" slack="0"/>
<pin id="53699" dir="0" index="3" bw="6" slack="0"/>
<pin id="53700" dir="1" index="4" bw="14" slack="0"/>
</pin_list>
<bind>
<opcode="partselect(1002) " fcode="partselect"/>
<opset="trunc_ln42_65/1 "/>
</bind>
</comp>

<comp id="53705" class="1004" name="sext_ln42_25_fu_53705">
<pin_list>
<pin id="53706" dir="0" index="0" bw="14" slack="0"/>
<pin id="53707" dir="1" index="1" bw="16" slack="0"/>
</pin_list>
<bind>
<opcode="sext(35) " fcode="sext"/>
<opset="sext_ln42_25/1 "/>
</bind>
</comp>

<comp id="53709" class="1004" name="trunc_ln42_66_fu_53709">
<pin_list>
<pin id="53710" dir="0" index="0" bw="16" slack="0"/>
<pin id="53711" dir="0" index="1" bw="26" slack="0"/>
<pin id="53712" dir="0" index="2" bw="5" slack="0"/>
<pin id="53713" dir="0" index="3" bw="6" slack="0"/>
<pin id="53714" dir="1" index="4" bw="16" slack="0"/>
</pin_list>
<bind>
<opcode="partselect(1002) " fcode="partselect"/>
<opset="trunc_ln42_66/1 "/>
</bind>
</comp>

<comp id="53719" class="1004" name="trunc_ln42_67_fu_53719">
<pin_list>
<pin id="53720" dir="0" index="0" bw="16" slack="0"/>
<pin id="53721" dir="0" index="1" bw="26" slack="0"/>
<pin id="53722" dir="0" index="2" bw="5" slack="0"/>
<pin id="53723" dir="0" index="3" bw="6" slack="0"/>
<pin id="53724" dir="1" index="4" bw="16" slack="0"/>
</pin_list>
<bind>
<opcode="partselect(1002) " fcode="partselect"/>
<opset="trunc_ln42_67/1 "/>
</bind>
</comp>

<comp id="53729" class="1004" name="trunc_ln42_68_fu_53729">
<pin_list>
<pin id="53730" dir="0" index="0" bw="15" slack="0"/>
<pin id="53731" dir="0" index="1" bw="25" slack="0"/>
<pin id="53732" dir="0" index="2" bw="5" slack="0"/>
<pin id="53733" dir="0" index="3" bw="6" slack="0"/>
<pin id="53734" dir="1" index="4" bw="15" slack="0"/>
</pin_list>
<bind>
<opcode="partselect(1002) " fcode="partselect"/>
<opset="trunc_ln42_68/1 "/>
</bind>
</comp>

<comp id="53739" class="1004" name="sext_ln42_26_fu_53739">
<pin_list>
<pin id="53740" dir="0" index="0" bw="15" slack="0"/>
<pin id="53741" dir="1" index="1" bw="16" slack="0"/>
</pin_list>
<bind>
<opcode="sext(35) " fcode="sext"/>
<opset="sext_ln42_26/1 "/>
</bind>
</comp>

<comp id="53743" class="1004" name="trunc_ln42_69_fu_53743">
<pin_list>
<pin id="53744" dir="0" index="0" bw="16" slack="0"/>
<pin id="53745" dir="0" index="1" bw="26" slack="0"/>
<pin id="53746" dir="0" index="2" bw="5" slack="0"/>
<pin id="53747" dir="0" index="3" bw="6" slack="0"/>
<pin id="53748" dir="1" index="4" bw="16" slack="0"/>
</pin_list>
<bind>
<opcode="partselect(1002) " fcode="partselect"/>
<opset="trunc_ln42_69/1 "/>
</bind>
</comp>

<comp id="53753" class="1004" name="trunc_ln42_70_fu_53753">
<pin_list>
<pin id="53754" dir="0" index="0" bw="13" slack="0"/>
<pin id="53755" dir="0" index="1" bw="23" slack="0"/>
<pin id="53756" dir="0" index="2" bw="5" slack="0"/>
<pin id="53757" dir="0" index="3" bw="6" slack="0"/>
<pin id="53758" dir="1" index="4" bw="13" slack="0"/>
</pin_list>
<bind>
<opcode="partselect(1002) " fcode="partselect"/>
<opset="trunc_ln42_70/1 "/>
</bind>
</comp>

<comp id="53763" class="1004" name="sext_ln42_27_fu_53763">
<pin_list>
<pin id="53764" dir="0" index="0" bw="13" slack="0"/>
<pin id="53765" dir="1" index="1" bw="16" slack="0"/>
</pin_list>
<bind>
<opcode="sext(35) " fcode="sext"/>
<opset="sext_ln42_27/1 "/>
</bind>
</comp>

<comp id="53767" class="1004" name="a_9_fu_53767">
<pin_list>
<pin id="53768" dir="0" index="0" bw="16" slack="0"/>
<pin id="53769" dir="0" index="1" bw="256" slack="0"/>
<pin id="53770" dir="0" index="2" bw="9" slack="0"/>
<pin id="53771" dir="0" index="3" bw="9" slack="0"/>
<pin id="53772" dir="1" index="4" bw="16" slack="0"/>
</pin_list>
<bind>
<opcode="partselect(1002) " fcode="partselect"/>
<opset="a_9/1 "/>
</bind>
</comp>

<comp id="53777" class="1004" name="sext_ln70_30_fu_53777">
<pin_list>
<pin id="53778" dir="0" index="0" bw="16" slack="0"/>
<pin id="53779" dir="1" index="1" bw="22" slack="0"/>
</pin_list>
<bind>
<opcode="sext(35) " fcode="sext"/>
<opset="sext_ln70_30/1 "/>
</bind>
</comp>

<comp id="53781" class="1004" name="sext_ln70_31_fu_53781">
<pin_list>
<pin id="53782" dir="0" index="0" bw="16" slack="0"/>
<pin id="53783" dir="1" index="1" bw="26" slack="0"/>
</pin_list>
<bind>
<opcode="sext(35) " fcode="sext"/>
<opset="sext_ln70_31/1 "/>
</bind>
</comp>

<comp id="53790" class="1004" name="trunc_ln42_71_fu_53790">
<pin_list>
<pin id="53791" dir="0" index="0" bw="16" slack="0"/>
<pin id="53792" dir="0" index="1" bw="26" slack="0"/>
<pin id="53793" dir="0" index="2" bw="5" slack="0"/>
<pin id="53794" dir="0" index="3" bw="6" slack="0"/>
<pin id="53795" dir="1" index="4" bw="16" slack="0"/>
</pin_list>
<bind>
<opcode="partselect(1002) " fcode="partselect"/>
<opset="trunc_ln42_71/1 "/>
</bind>
</comp>

<comp id="53800" class="1004" name="trunc_ln42_72_fu_53800">
<pin_list>
<pin id="53801" dir="0" index="0" bw="16" slack="0"/>
<pin id="53802" dir="0" index="1" bw="26" slack="0"/>
<pin id="53803" dir="0" index="2" bw="5" slack="0"/>
<pin id="53804" dir="0" index="3" bw="6" slack="0"/>
<pin id="53805" dir="1" index="4" bw="16" slack="0"/>
</pin_list>
<bind>
<opcode="partselect(1002) " fcode="partselect"/>
<opset="trunc_ln42_72/1 "/>
</bind>
</comp>

<comp id="53810" class="1004" name="trunc_ln42_73_fu_53810">
<pin_list>
<pin id="53811" dir="0" index="0" bw="16" slack="0"/>
<pin id="53812" dir="0" index="1" bw="26" slack="0"/>
<pin id="53813" dir="0" index="2" bw="5" slack="0"/>
<pin id="53814" dir="0" index="3" bw="6" slack="0"/>
<pin id="53815" dir="1" index="4" bw="16" slack="0"/>
</pin_list>
<bind>
<opcode="partselect(1002) " fcode="partselect"/>
<opset="trunc_ln42_73/1 "/>
</bind>
</comp>

<comp id="53820" class="1004" name="tmp_9038_fu_53820">
<pin_list>
<pin id="53821" dir="0" index="0" bw="20" slack="0"/>
<pin id="53822" dir="0" index="1" bw="16" slack="0"/>
<pin id="53823" dir="0" index="2" bw="1" slack="0"/>
<pin id="53824" dir="1" index="3" bw="20" slack="0"/>
</pin_list>
<bind>
<opcode="bitconcatenate(1004) " fcode="bitconcatenate"/>
<opset="tmp_9038/1 "/>
</bind>
</comp>

<comp id="53828" class="1004" name="sext_ln73_23_fu_53828">
<pin_list>
<pin id="53829" dir="0" index="0" bw="20" slack="0"/>
<pin id="53830" dir="1" index="1" bw="22" slack="0"/>
</pin_list>
<bind>
<opcode="sext(35) " fcode="sext"/>
<opset="sext_ln73_23/1 "/>
</bind>
</comp>

<comp id="53832" class="1004" name="add_ln73_1_fu_53832">
<pin_list>
<pin id="53833" dir="0" index="0" bw="20" slack="0"/>
<pin id="53834" dir="0" index="1" bw="16" slack="0"/>
<pin id="53835" dir="1" index="2" bw="22" slack="0"/>
</pin_list>
<bind>
<opcode="add(8) " fcode="add"/>
<opset="add_ln73_1/1 "/>
</bind>
</comp>

<comp id="53838" class="1004" name="trunc_ln42_74_fu_53838">
<pin_list>
<pin id="53839" dir="0" index="0" bw="12" slack="0"/>
<pin id="53840" dir="0" index="1" bw="21" slack="0"/>
<pin id="53841" dir="0" index="2" bw="5" slack="0"/>
<pin id="53842" dir="0" index="3" bw="6" slack="0"/>
<pin id="53843" dir="1" index="4" bw="12" slack="0"/>
</pin_list>
<bind>
<opcode="partselect(1002) " fcode="partselect"/>
<opset="trunc_ln42_74/1 "/>
</bind>
</comp>

<comp id="53848" class="1004" name="sext_ln42_28_fu_53848">
<pin_list>
<pin id="53849" dir="0" index="0" bw="12" slack="0"/>
<pin id="53850" dir="1" index="1" bw="16" slack="0"/>
</pin_list>
<bind>
<opcode="sext(35) " fcode="sext"/>
<opset="sext_ln42_28/1 "/>
</bind>
</comp>

<comp id="53852" class="1004" name="tmp_9039_fu_53852">
<pin_list>
<pin id="53853" dir="0" index="0" bw="19" slack="0"/>
<pin id="53854" dir="0" index="1" bw="16" slack="0"/>
<pin id="53855" dir="0" index="2" bw="1" slack="0"/>
<pin id="53856" dir="1" index="3" bw="19" slack="0"/>
</pin_list>
<bind>
<opcode="bitconcatenate(1004) " fcode="bitconcatenate"/>
<opset="tmp_9039/1 "/>
</bind>
</comp>

<comp id="53860" class="1004" name="sext_ln73_24_fu_53860">
<pin_list>
<pin id="53861" dir="0" index="0" bw="19" slack="0"/>
<pin id="53862" dir="1" index="1" bw="20" slack="0"/>
</pin_list>
<bind>
<opcode="sext(35) " fcode="sext"/>
<opset="sext_ln73_24/1 "/>
</bind>
</comp>

<comp id="53864" class="1004" name="tmp_9040_fu_53864">
<pin_list>
<pin id="53865" dir="0" index="0" bw="17" slack="0"/>
<pin id="53866" dir="0" index="1" bw="16" slack="0"/>
<pin id="53867" dir="0" index="2" bw="1" slack="0"/>
<pin id="53868" dir="1" index="3" bw="17" slack="0"/>
</pin_list>
<bind>
<opcode="bitconcatenate(1004) " fcode="bitconcatenate"/>
<opset="tmp_9040/1 "/>
</bind>
</comp>

<comp id="53872" class="1004" name="sext_ln73_25_fu_53872">
<pin_list>
<pin id="53873" dir="0" index="0" bw="17" slack="0"/>
<pin id="53874" dir="1" index="1" bw="20" slack="0"/>
</pin_list>
<bind>
<opcode="sext(35) " fcode="sext"/>
<opset="sext_ln73_25/1 "/>
</bind>
</comp>

<comp id="53876" class="1004" name="sub_ln73_8_fu_53876">
<pin_list>
<pin id="53877" dir="0" index="0" bw="17" slack="0"/>
<pin id="53878" dir="0" index="1" bw="19" slack="0"/>
<pin id="53879" dir="1" index="2" bw="20" slack="0"/>
</pin_list>
<bind>
<opcode="sub(10) " fcode="sub"/>
<opset="sub_ln73_8/1 "/>
</bind>
</comp>

<comp id="53882" class="1004" name="trunc_ln42_75_fu_53882">
<pin_list>
<pin id="53883" dir="0" index="0" bw="10" slack="0"/>
<pin id="53884" dir="0" index="1" bw="20" slack="0"/>
<pin id="53885" dir="0" index="2" bw="5" slack="0"/>
<pin id="53886" dir="0" index="3" bw="6" slack="0"/>
<pin id="53887" dir="1" index="4" bw="10" slack="0"/>
</pin_list>
<bind>
<opcode="partselect(1002) " fcode="partselect"/>
<opset="trunc_ln42_75/1 "/>
</bind>
</comp>

<comp id="53892" class="1004" name="sext_ln42_29_fu_53892">
<pin_list>
<pin id="53893" dir="0" index="0" bw="10" slack="0"/>
<pin id="53894" dir="1" index="1" bw="16" slack="0"/>
</pin_list>
<bind>
<opcode="sext(35) " fcode="sext"/>
<opset="sext_ln42_29/1 "/>
</bind>
</comp>

<comp id="53896" class="1004" name="trunc_ln42_76_fu_53896">
<pin_list>
<pin id="53897" dir="0" index="0" bw="16" slack="0"/>
<pin id="53898" dir="0" index="1" bw="26" slack="0"/>
<pin id="53899" dir="0" index="2" bw="5" slack="0"/>
<pin id="53900" dir="0" index="3" bw="6" slack="0"/>
<pin id="53901" dir="1" index="4" bw="16" slack="0"/>
</pin_list>
<bind>
<opcode="partselect(1002) " fcode="partselect"/>
<opset="trunc_ln42_76/1 "/>
</bind>
</comp>

<comp id="53906" class="1004" name="trunc_ln42_77_fu_53906">
<pin_list>
<pin id="53907" dir="0" index="0" bw="16" slack="0"/>
<pin id="53908" dir="0" index="1" bw="26" slack="0"/>
<pin id="53909" dir="0" index="2" bw="5" slack="0"/>
<pin id="53910" dir="0" index="3" bw="6" slack="0"/>
<pin id="53911" dir="1" index="4" bw="16" slack="0"/>
</pin_list>
<bind>
<opcode="partselect(1002) " fcode="partselect"/>
<opset="trunc_ln42_77/1 "/>
</bind>
</comp>

<comp id="53916" class="1004" name="tmp_9041_fu_53916">
<pin_list>
<pin id="53917" dir="0" index="0" bw="24" slack="0"/>
<pin id="53918" dir="0" index="1" bw="16" slack="0"/>
<pin id="53919" dir="0" index="2" bw="1" slack="0"/>
<pin id="53920" dir="1" index="3" bw="24" slack="0"/>
</pin_list>
<bind>
<opcode="bitconcatenate(1004) " fcode="bitconcatenate"/>
<opset="tmp_9041/1 "/>
</bind>
</comp>

<comp id="53924" class="1004" name="sext_ln73_26_fu_53924">
<pin_list>
<pin id="53925" dir="0" index="0" bw="24" slack="0"/>
<pin id="53926" dir="1" index="1" bw="26" slack="0"/>
</pin_list>
<bind>
<opcode="sext(35) " fcode="sext"/>
<opset="sext_ln73_26/1 "/>
</bind>
</comp>

<comp id="53928" class="1004" name="sext_ln73_27_fu_53928">
<pin_list>
<pin id="53929" dir="0" index="0" bw="17" slack="0"/>
<pin id="53930" dir="1" index="1" bw="26" slack="0"/>
</pin_list>
<bind>
<opcode="sext(35) " fcode="sext"/>
<opset="sext_ln73_27/1 "/>
</bind>
</comp>

<comp id="53932" class="1004" name="add_ln73_2_fu_53932">
<pin_list>
<pin id="53933" dir="0" index="0" bw="24" slack="0"/>
<pin id="53934" dir="0" index="1" bw="17" slack="0"/>
<pin id="53935" dir="1" index="2" bw="26" slack="0"/>
</pin_list>
<bind>
<opcode="add(8) " fcode="add"/>
<opset="add_ln73_2/1 "/>
</bind>
</comp>

<comp id="53938" class="1004" name="trunc_ln42_78_fu_53938">
<pin_list>
<pin id="53939" dir="0" index="0" bw="16" slack="0"/>
<pin id="53940" dir="0" index="1" bw="25" slack="0"/>
<pin id="53941" dir="0" index="2" bw="5" slack="0"/>
<pin id="53942" dir="0" index="3" bw="6" slack="0"/>
<pin id="53943" dir="1" index="4" bw="16" slack="0"/>
</pin_list>
<bind>
<opcode="partselect(1002) " fcode="partselect"/>
<opset="trunc_ln42_78/1 "/>
</bind>
</comp>

<comp id="53948" class="1004" name="a_10_fu_53948">
<pin_list>
<pin id="53949" dir="0" index="0" bw="16" slack="0"/>
<pin id="53950" dir="0" index="1" bw="256" slack="0"/>
<pin id="53951" dir="0" index="2" bw="9" slack="0"/>
<pin id="53952" dir="0" index="3" bw="9" slack="0"/>
<pin id="53953" dir="1" index="4" bw="16" slack="0"/>
</pin_list>
<bind>
<opcode="partselect(1002) " fcode="partselect"/>
<opset="a_10/1 "/>
</bind>
</comp>

<comp id="53958" class="1004" name="sext_ln70_32_fu_53958">
<pin_list>
<pin id="53959" dir="0" index="0" bw="16" slack="0"/>
<pin id="53960" dir="1" index="1" bw="22" slack="0"/>
</pin_list>
<bind>
<opcode="sext(35) " fcode="sext"/>
<opset="sext_ln70_32/1 "/>
</bind>
</comp>

<comp id="53963" class="1004" name="sext_ln70_33_fu_53963">
<pin_list>
<pin id="53964" dir="0" index="0" bw="16" slack="0"/>
<pin id="53965" dir="1" index="1" bw="24" slack="0"/>
</pin_list>
<bind>
<opcode="sext(35) " fcode="sext"/>
<opset="sext_ln70_33/1 "/>
</bind>
</comp>

<comp id="53968" class="1004" name="sext_ln70_34_fu_53968">
<pin_list>
<pin id="53969" dir="0" index="0" bw="16" slack="0"/>
<pin id="53970" dir="1" index="1" bw="23" slack="0"/>
</pin_list>
<bind>
<opcode="sext(35) " fcode="sext"/>
<opset="sext_ln70_34/1 "/>
</bind>
</comp>

<comp id="53973" class="1004" name="sext_ln70_35_fu_53973">
<pin_list>
<pin id="53974" dir="0" index="0" bw="16" slack="0"/>
<pin id="53975" dir="1" index="1" bw="19" slack="0"/>
</pin_list>
<bind>
<opcode="sext(35) " fcode="sext"/>
<opset="sext_ln70_35/1 "/>
</bind>
</comp>

<comp id="53977" class="1004" name="sext_ln70_36_fu_53977">
<pin_list>
<pin id="53978" dir="0" index="0" bw="16" slack="0"/>
<pin id="53979" dir="1" index="1" bw="26" slack="0"/>
</pin_list>
<bind>
<opcode="sext(35) " fcode="sext"/>
<opset="sext_ln70_36/1 "/>
</bind>
</comp>

<comp id="53982" class="1004" name="sext_ln70_37_fu_53982">
<pin_list>
<pin id="53983" dir="0" index="0" bw="16" slack="0"/>
<pin id="53984" dir="1" index="1" bw="25" slack="0"/>
</pin_list>
<bind>
<opcode="sext(35) " fcode="sext"/>
<opset="sext_ln70_37/1 "/>
</bind>
</comp>

<comp id="53987" class="1004" name="trunc_ln42_79_fu_53987">
<pin_list>
<pin id="53988" dir="0" index="0" bw="15" slack="0"/>
<pin id="53989" dir="0" index="1" bw="25" slack="0"/>
<pin id="53990" dir="0" index="2" bw="5" slack="0"/>
<pin id="53991" dir="0" index="3" bw="6" slack="0"/>
<pin id="53992" dir="1" index="4" bw="15" slack="0"/>
</pin_list>
<bind>
<opcode="partselect(1002) " fcode="partselect"/>
<opset="trunc_ln42_79/1 "/>
</bind>
</comp>

<comp id="53997" class="1004" name="sext_ln42_30_fu_53997">
<pin_list>
<pin id="53998" dir="0" index="0" bw="15" slack="0"/>
<pin id="53999" dir="1" index="1" bw="16" slack="0"/>
</pin_list>
<bind>
<opcode="sext(35) " fcode="sext"/>
<opset="sext_ln42_30/1 "/>
</bind>
</comp>

<comp id="54001" class="1004" name="tmp_9042_fu_54001">
<pin_list>
<pin id="54002" dir="0" index="0" bw="25" slack="0"/>
<pin id="54003" dir="0" index="1" bw="16" slack="0"/>
<pin id="54004" dir="0" index="2" bw="1" slack="0"/>
<pin id="54005" dir="1" index="3" bw="25" slack="0"/>
</pin_list>
<bind>
<opcode="bitconcatenate(1004) " fcode="bitconcatenate"/>
<opset="tmp_9042/1 "/>
</bind>
</comp>

<comp id="54009" class="1004" name="sext_ln73_28_fu_54009">
<pin_list>
<pin id="54010" dir="0" index="0" bw="25" slack="0"/>
<pin id="54011" dir="1" index="1" bw="26" slack="0"/>
</pin_list>
<bind>
<opcode="sext(35) " fcode="sext"/>
<opset="sext_ln73_28/1 "/>
</bind>
</comp>

<comp id="54013" class="1004" name="sub_ln73_9_fu_54013">
<pin_list>
<pin id="54014" dir="0" index="0" bw="16" slack="0"/>
<pin id="54015" dir="0" index="1" bw="25" slack="0"/>
<pin id="54016" dir="1" index="2" bw="26" slack="0"/>
</pin_list>
<bind>
<opcode="sub(10) " fcode="sub"/>
<opset="sub_ln73_9/1 "/>
</bind>
</comp>

<comp id="54019" class="1004" name="trunc_ln42_80_fu_54019">
<pin_list>
<pin id="54020" dir="0" index="0" bw="16" slack="0"/>
<pin id="54021" dir="0" index="1" bw="26" slack="0"/>
<pin id="54022" dir="0" index="2" bw="5" slack="0"/>
<pin id="54023" dir="0" index="3" bw="6" slack="0"/>
<pin id="54024" dir="1" index="4" bw="16" slack="0"/>
</pin_list>
<bind>
<opcode="partselect(1002) " fcode="partselect"/>
<opset="trunc_ln42_80/1 "/>
</bind>
</comp>

<comp id="54029" class="1004" name="trunc_ln42_81_fu_54029">
<pin_list>
<pin id="54030" dir="0" index="0" bw="16" slack="0"/>
<pin id="54031" dir="0" index="1" bw="26" slack="0"/>
<pin id="54032" dir="0" index="2" bw="5" slack="0"/>
<pin id="54033" dir="0" index="3" bw="6" slack="0"/>
<pin id="54034" dir="1" index="4" bw="16" slack="0"/>
</pin_list>
<bind>
<opcode="partselect(1002) " fcode="partselect"/>
<opset="trunc_ln42_81/1 "/>
</bind>
</comp>

<comp id="54039" class="1004" name="tmp_9043_fu_54039">
<pin_list>
<pin id="54040" dir="0" index="0" bw="18" slack="0"/>
<pin id="54041" dir="0" index="1" bw="16" slack="0"/>
<pin id="54042" dir="0" index="2" bw="1" slack="0"/>
<pin id="54043" dir="1" index="3" bw="18" slack="0"/>
</pin_list>
<bind>
<opcode="bitconcatenate(1004) " fcode="bitconcatenate"/>
<opset="tmp_9043/1 "/>
</bind>
</comp>

<comp id="54047" class="1004" name="sext_ln73_29_fu_54047">
<pin_list>
<pin id="54048" dir="0" index="0" bw="18" slack="0"/>
<pin id="54049" dir="1" index="1" bw="19" slack="0"/>
</pin_list>
<bind>
<opcode="sext(35) " fcode="sext"/>
<opset="sext_ln73_29/1 "/>
</bind>
</comp>

<comp id="54051" class="1004" name="sub_ln73_10_fu_54051">
<pin_list>
<pin id="54052" dir="0" index="0" bw="18" slack="0"/>
<pin id="54053" dir="0" index="1" bw="16" slack="0"/>
<pin id="54054" dir="1" index="2" bw="19" slack="0"/>
</pin_list>
<bind>
<opcode="sub(10) " fcode="sub"/>
<opset="sub_ln73_10/1 "/>
</bind>
</comp>

<comp id="54057" class="1004" name="trunc_ln42_82_fu_54057">
<pin_list>
<pin id="54058" dir="0" index="0" bw="9" slack="0"/>
<pin id="54059" dir="0" index="1" bw="19" slack="0"/>
<pin id="54060" dir="0" index="2" bw="5" slack="0"/>
<pin id="54061" dir="0" index="3" bw="6" slack="0"/>
<pin id="54062" dir="1" index="4" bw="9" slack="0"/>
</pin_list>
<bind>
<opcode="partselect(1002) " fcode="partselect"/>
<opset="trunc_ln42_82/1 "/>
</bind>
</comp>

<comp id="54067" class="1004" name="sext_ln42_31_fu_54067">
<pin_list>
<pin id="54068" dir="0" index="0" bw="9" slack="0"/>
<pin id="54069" dir="1" index="1" bw="16" slack="0"/>
</pin_list>
<bind>
<opcode="sext(35) " fcode="sext"/>
<opset="sext_ln42_31/1 "/>
</bind>
</comp>

<comp id="54071" class="1004" name="trunc_ln42_83_fu_54071">
<pin_list>
<pin id="54072" dir="0" index="0" bw="13" slack="0"/>
<pin id="54073" dir="0" index="1" bw="23" slack="0"/>
<pin id="54074" dir="0" index="2" bw="5" slack="0"/>
<pin id="54075" dir="0" index="3" bw="6" slack="0"/>
<pin id="54076" dir="1" index="4" bw="13" slack="0"/>
</pin_list>
<bind>
<opcode="partselect(1002) " fcode="partselect"/>
<opset="trunc_ln42_83/1 "/>
</bind>
</comp>

<comp id="54081" class="1004" name="sext_ln42_32_fu_54081">
<pin_list>
<pin id="54082" dir="0" index="0" bw="13" slack="0"/>
<pin id="54083" dir="1" index="1" bw="16" slack="0"/>
</pin_list>
<bind>
<opcode="sext(35) " fcode="sext"/>
<opset="sext_ln42_32/1 "/>
</bind>
</comp>

<comp id="54085" class="1004" name="trunc_ln42_84_fu_54085">
<pin_list>
<pin id="54086" dir="0" index="0" bw="14" slack="0"/>
<pin id="54087" dir="0" index="1" bw="24" slack="0"/>
<pin id="54088" dir="0" index="2" bw="5" slack="0"/>
<pin id="54089" dir="0" index="3" bw="6" slack="0"/>
<pin id="54090" dir="1" index="4" bw="14" slack="0"/>
</pin_list>
<bind>
<opcode="partselect(1002) " fcode="partselect"/>
<opset="trunc_ln42_84/1 "/>
</bind>
</comp>

<comp id="54095" class="1004" name="sext_ln42_33_fu_54095">
<pin_list>
<pin id="54096" dir="0" index="0" bw="14" slack="0"/>
<pin id="54097" dir="1" index="1" bw="16" slack="0"/>
</pin_list>
<bind>
<opcode="sext(35) " fcode="sext"/>
<opset="sext_ln42_33/1 "/>
</bind>
</comp>

<comp id="54099" class="1004" name="tmp_9044_fu_54099">
<pin_list>
<pin id="54100" dir="0" index="0" bw="19" slack="0"/>
<pin id="54101" dir="0" index="1" bw="16" slack="0"/>
<pin id="54102" dir="0" index="2" bw="1" slack="0"/>
<pin id="54103" dir="1" index="3" bw="19" slack="0"/>
</pin_list>
<bind>
<opcode="bitconcatenate(1004) " fcode="bitconcatenate"/>
<opset="tmp_9044/1 "/>
</bind>
</comp>

<comp id="54107" class="1004" name="sext_ln73_30_fu_54107">
<pin_list>
<pin id="54108" dir="0" index="0" bw="19" slack="0"/>
<pin id="54109" dir="1" index="1" bw="26" slack="0"/>
</pin_list>
<bind>
<opcode="sext(35) " fcode="sext"/>
<opset="sext_ln73_30/1 "/>
</bind>
</comp>

<comp id="54111" class="1004" name="sub_ln73_11_fu_54111">
<pin_list>
<pin id="54112" dir="0" index="0" bw="25" slack="0"/>
<pin id="54113" dir="0" index="1" bw="19" slack="0"/>
<pin id="54114" dir="1" index="2" bw="26" slack="0"/>
</pin_list>
<bind>
<opcode="sub(10) " fcode="sub"/>
<opset="sub_ln73_11/1 "/>
</bind>
</comp>

<comp id="54117" class="1004" name="trunc_ln42_85_fu_54117">
<pin_list>
<pin id="54118" dir="0" index="0" bw="16" slack="0"/>
<pin id="54119" dir="0" index="1" bw="26" slack="0"/>
<pin id="54120" dir="0" index="2" bw="5" slack="0"/>
<pin id="54121" dir="0" index="3" bw="6" slack="0"/>
<pin id="54122" dir="1" index="4" bw="16" slack="0"/>
</pin_list>
<bind>
<opcode="partselect(1002) " fcode="partselect"/>
<opset="trunc_ln42_85/1 "/>
</bind>
</comp>

<comp id="54127" class="1004" name="trunc_ln42_86_fu_54127">
<pin_list>
<pin id="54128" dir="0" index="0" bw="12" slack="0"/>
<pin id="54129" dir="0" index="1" bw="22" slack="0"/>
<pin id="54130" dir="0" index="2" bw="5" slack="0"/>
<pin id="54131" dir="0" index="3" bw="6" slack="0"/>
<pin id="54132" dir="1" index="4" bw="12" slack="0"/>
</pin_list>
<bind>
<opcode="partselect(1002) " fcode="partselect"/>
<opset="trunc_ln42_86/1 "/>
</bind>
</comp>

<comp id="54137" class="1004" name="sext_ln42_34_fu_54137">
<pin_list>
<pin id="54138" dir="0" index="0" bw="12" slack="0"/>
<pin id="54139" dir="1" index="1" bw="16" slack="0"/>
</pin_list>
<bind>
<opcode="sext(35) " fcode="sext"/>
<opset="sext_ln42_34/1 "/>
</bind>
</comp>

<comp id="54141" class="1004" name="a_11_fu_54141">
<pin_list>
<pin id="54142" dir="0" index="0" bw="16" slack="0"/>
<pin id="54143" dir="0" index="1" bw="256" slack="0"/>
<pin id="54144" dir="0" index="2" bw="9" slack="0"/>
<pin id="54145" dir="0" index="3" bw="9" slack="0"/>
<pin id="54146" dir="1" index="4" bw="16" slack="0"/>
</pin_list>
<bind>
<opcode="partselect(1002) " fcode="partselect"/>
<opset="a_11/1 "/>
</bind>
</comp>

<comp id="54151" class="1004" name="sext_ln70_38_fu_54151">
<pin_list>
<pin id="54152" dir="0" index="0" bw="16" slack="0"/>
<pin id="54153" dir="1" index="1" bw="26" slack="0"/>
</pin_list>
<bind>
<opcode="sext(35) " fcode="sext"/>
<opset="sext_ln70_38/1 "/>
</bind>
</comp>

<comp id="54158" class="1004" name="sext_ln70_39_fu_54158">
<pin_list>
<pin id="54159" dir="0" index="0" bw="16" slack="0"/>
<pin id="54160" dir="1" index="1" bw="25" slack="0"/>
</pin_list>
<bind>
<opcode="sext(35) " fcode="sext"/>
<opset="sext_ln70_39/1 "/>
</bind>
</comp>

<comp id="54163" class="1004" name="tmp_9045_fu_54163">
<pin_list>
<pin id="54164" dir="0" index="0" bw="24" slack="0"/>
<pin id="54165" dir="0" index="1" bw="16" slack="0"/>
<pin id="54166" dir="0" index="2" bw="1" slack="0"/>
<pin id="54167" dir="1" index="3" bw="24" slack="0"/>
</pin_list>
<bind>
<opcode="bitconcatenate(1004) " fcode="bitconcatenate"/>
<opset="tmp_9045/1 "/>
</bind>
</comp>

<comp id="54171" class="1004" name="sext_ln73_31_fu_54171">
<pin_list>
<pin id="54172" dir="0" index="0" bw="24" slack="0"/>
<pin id="54173" dir="1" index="1" bw="25" slack="0"/>
</pin_list>
<bind>
<opcode="sext(35) " fcode="sext"/>
<opset="sext_ln73_31/1 "/>
</bind>
</comp>

<comp id="54175" class="1004" name="sub_ln73_12_fu_54175">
<pin_list>
<pin id="54176" dir="0" index="0" bw="16" slack="0"/>
<pin id="54177" dir="0" index="1" bw="24" slack="0"/>
<pin id="54178" dir="1" index="2" bw="25" slack="0"/>
</pin_list>
<bind>
<opcode="sub(10) " fcode="sub"/>
<opset="sub_ln73_12/1 "/>
</bind>
</comp>

<comp id="54181" class="1004" name="trunc_ln42_87_fu_54181">
<pin_list>
<pin id="54182" dir="0" index="0" bw="15" slack="0"/>
<pin id="54183" dir="0" index="1" bw="25" slack="0"/>
<pin id="54184" dir="0" index="2" bw="5" slack="0"/>
<pin id="54185" dir="0" index="3" bw="6" slack="0"/>
<pin id="54186" dir="1" index="4" bw="15" slack="0"/>
</pin_list>
<bind>
<opcode="partselect(1002) " fcode="partselect"/>
<opset="trunc_ln42_87/1 "/>
</bind>
</comp>

<comp id="54191" class="1004" name="sext_ln42_35_fu_54191">
<pin_list>
<pin id="54192" dir="0" index="0" bw="15" slack="0"/>
<pin id="54193" dir="1" index="1" bw="16" slack="0"/>
</pin_list>
<bind>
<opcode="sext(35) " fcode="sext"/>
<opset="sext_ln42_35/1 "/>
</bind>
</comp>

<comp id="54195" class="1004" name="trunc_ln42_88_fu_54195">
<pin_list>
<pin id="54196" dir="0" index="0" bw="7" slack="0"/>
<pin id="54197" dir="0" index="1" bw="256" slack="0"/>
<pin id="54198" dir="0" index="2" bw="9" slack="0"/>
<pin id="54199" dir="0" index="3" bw="9" slack="0"/>
<pin id="54200" dir="1" index="4" bw="7" slack="0"/>
</pin_list>
<bind>
<opcode="partselect(1002) " fcode="partselect"/>
<opset="trunc_ln42_88/1 "/>
</bind>
</comp>

<comp id="54205" class="1004" name="sext_ln73_32_fu_54205">
<pin_list>
<pin id="54206" dir="0" index="0" bw="7" slack="0"/>
<pin id="54207" dir="1" index="1" bw="15" slack="0"/>
</pin_list>
<bind>
<opcode="sext(35) " fcode="sext"/>
<opset="sext_ln73_32/1 "/>
</bind>
</comp>

<comp id="54209" class="1004" name="tmp_9046_fu_54209">
<pin_list>
<pin id="54210" dir="0" index="0" bw="23" slack="0"/>
<pin id="54211" dir="0" index="1" bw="16" slack="0"/>
<pin id="54212" dir="0" index="2" bw="1" slack="0"/>
<pin id="54213" dir="1" index="3" bw="23" slack="0"/>
</pin_list>
<bind>
<opcode="bitconcatenate(1004) " fcode="bitconcatenate"/>
<opset="tmp_9046/1 "/>
</bind>
</comp>

<comp id="54217" class="1004" name="sext_ln73_33_fu_54217">
<pin_list>
<pin id="54218" dir="0" index="0" bw="23" slack="0"/>
<pin id="54219" dir="1" index="1" bw="25" slack="0"/>
</pin_list>
<bind>
<opcode="sext(35) " fcode="sext"/>
<opset="sext_ln73_33/1 "/>
</bind>
</comp>

<comp id="54221" class="1004" name="sub_ln73_13_fu_54221">
<pin_list>
<pin id="54222" dir="0" index="0" bw="1" slack="0"/>
<pin id="54223" dir="0" index="1" bw="23" slack="0"/>
<pin id="54224" dir="1" index="2" bw="25" slack="0"/>
</pin_list>
<bind>
<opcode="sub(10) " fcode="sub"/>
<opset="sub_ln73_13/1 "/>
</bind>
</comp>

<comp id="54227" class="1004" name="tmp_9047_fu_54227">
<pin_list>
<pin id="54228" dir="0" index="0" bw="20" slack="0"/>
<pin id="54229" dir="0" index="1" bw="16" slack="0"/>
<pin id="54230" dir="0" index="2" bw="1" slack="0"/>
<pin id="54231" dir="1" index="3" bw="20" slack="0"/>
</pin_list>
<bind>
<opcode="bitconcatenate(1004) " fcode="bitconcatenate"/>
<opset="tmp_9047/1 "/>
</bind>
</comp>

<comp id="54235" class="1004" name="sext_ln73_34_fu_54235">
<pin_list>
<pin id="54236" dir="0" index="0" bw="20" slack="0"/>
<pin id="54237" dir="1" index="1" bw="25" slack="0"/>
</pin_list>
<bind>
<opcode="sext(35) " fcode="sext"/>
<opset="sext_ln73_34/1 "/>
</bind>
</comp>

<comp id="54239" class="1004" name="sub_ln73_14_fu_54239">
<pin_list>
<pin id="54240" dir="0" index="0" bw="25" slack="0"/>
<pin id="54241" dir="0" index="1" bw="20" slack="0"/>
<pin id="54242" dir="1" index="2" bw="25" slack="0"/>
</pin_list>
<bind>
<opcode="sub(10) " fcode="sub"/>
<opset="sub_ln73_14/1 "/>
</bind>
</comp>

<comp id="54245" class="1004" name="trunc_ln42_89_fu_54245">
<pin_list>
<pin id="54246" dir="0" index="0" bw="15" slack="0"/>
<pin id="54247" dir="0" index="1" bw="25" slack="0"/>
<pin id="54248" dir="0" index="2" bw="5" slack="0"/>
<pin id="54249" dir="0" index="3" bw="6" slack="0"/>
<pin id="54250" dir="1" index="4" bw="15" slack="0"/>
</pin_list>
<bind>
<opcode="partselect(1002) " fcode="partselect"/>
<opset="trunc_ln42_89/1 "/>
</bind>
</comp>

<comp id="54255" class="1004" name="sext_ln42_36_fu_54255">
<pin_list>
<pin id="54256" dir="0" index="0" bw="15" slack="0"/>
<pin id="54257" dir="1" index="1" bw="16" slack="0"/>
</pin_list>
<bind>
<opcode="sext(35) " fcode="sext"/>
<opset="sext_ln42_36/1 "/>
</bind>
</comp>

<comp id="54259" class="1004" name="tmp_9048_fu_54259">
<pin_list>
<pin id="54260" dir="0" index="0" bw="21" slack="0"/>
<pin id="54261" dir="0" index="1" bw="16" slack="0"/>
<pin id="54262" dir="0" index="2" bw="1" slack="0"/>
<pin id="54263" dir="1" index="3" bw="21" slack="0"/>
</pin_list>
<bind>
<opcode="bitconcatenate(1004) " fcode="bitconcatenate"/>
<opset="tmp_9048/1 "/>
</bind>
</comp>

<comp id="54267" class="1004" name="sext_ln73_35_fu_54267">
<pin_list>
<pin id="54268" dir="0" index="0" bw="21" slack="0"/>
<pin id="54269" dir="1" index="1" bw="25" slack="0"/>
</pin_list>
<bind>
<opcode="sext(35) " fcode="sext"/>
<opset="sext_ln73_35/1 "/>
</bind>
</comp>

<comp id="54271" class="1004" name="sub_ln73_15_fu_54271">
<pin_list>
<pin id="54272" dir="0" index="0" bw="25" slack="0"/>
<pin id="54273" dir="0" index="1" bw="21" slack="0"/>
<pin id="54274" dir="1" index="2" bw="25" slack="0"/>
</pin_list>
<bind>
<opcode="sub(10) " fcode="sub"/>
<opset="sub_ln73_15/1 "/>
</bind>
</comp>

<comp id="54277" class="1004" name="trunc_ln42_90_fu_54277">
<pin_list>
<pin id="54278" dir="0" index="0" bw="15" slack="0"/>
<pin id="54279" dir="0" index="1" bw="25" slack="0"/>
<pin id="54280" dir="0" index="2" bw="5" slack="0"/>
<pin id="54281" dir="0" index="3" bw="6" slack="0"/>
<pin id="54282" dir="1" index="4" bw="15" slack="0"/>
</pin_list>
<bind>
<opcode="partselect(1002) " fcode="partselect"/>
<opset="trunc_ln42_90/1 "/>
</bind>
</comp>

<comp id="54287" class="1004" name="sext_ln42_37_fu_54287">
<pin_list>
<pin id="54288" dir="0" index="0" bw="15" slack="0"/>
<pin id="54289" dir="1" index="1" bw="16" slack="0"/>
</pin_list>
<bind>
<opcode="sext(35) " fcode="sext"/>
<opset="sext_ln42_37/1 "/>
</bind>
</comp>

<comp id="54291" class="1004" name="trunc_ln42_91_fu_54291">
<pin_list>
<pin id="54292" dir="0" index="0" bw="16" slack="0"/>
<pin id="54293" dir="0" index="1" bw="26" slack="0"/>
<pin id="54294" dir="0" index="2" bw="5" slack="0"/>
<pin id="54295" dir="0" index="3" bw="6" slack="0"/>
<pin id="54296" dir="1" index="4" bw="16" slack="0"/>
</pin_list>
<bind>
<opcode="partselect(1002) " fcode="partselect"/>
<opset="trunc_ln42_91/1 "/>
</bind>
</comp>

<comp id="54301" class="1004" name="trunc_ln42_92_fu_54301">
<pin_list>
<pin id="54302" dir="0" index="0" bw="16" slack="0"/>
<pin id="54303" dir="0" index="1" bw="26" slack="0"/>
<pin id="54304" dir="0" index="2" bw="5" slack="0"/>
<pin id="54305" dir="0" index="3" bw="6" slack="0"/>
<pin id="54306" dir="1" index="4" bw="16" slack="0"/>
</pin_list>
<bind>
<opcode="partselect(1002) " fcode="partselect"/>
<opset="trunc_ln42_92/1 "/>
</bind>
</comp>

<comp id="54311" class="1004" name="trunc_ln42_93_fu_54311">
<pin_list>
<pin id="54312" dir="0" index="0" bw="15" slack="0"/>
<pin id="54313" dir="0" index="1" bw="25" slack="0"/>
<pin id="54314" dir="0" index="2" bw="5" slack="0"/>
<pin id="54315" dir="0" index="3" bw="6" slack="0"/>
<pin id="54316" dir="1" index="4" bw="15" slack="0"/>
</pin_list>
<bind>
<opcode="partselect(1002) " fcode="partselect"/>
<opset="trunc_ln42_93/1 "/>
</bind>
</comp>

<comp id="54321" class="1004" name="sext_ln42_38_fu_54321">
<pin_list>
<pin id="54322" dir="0" index="0" bw="15" slack="0"/>
<pin id="54323" dir="1" index="1" bw="16" slack="0"/>
</pin_list>
<bind>
<opcode="sext(35) " fcode="sext"/>
<opset="sext_ln42_38/1 "/>
</bind>
</comp>

<comp id="54325" class="1004" name="trunc_ln42_94_fu_54325">
<pin_list>
<pin id="54326" dir="0" index="0" bw="16" slack="0"/>
<pin id="54327" dir="0" index="1" bw="26" slack="0"/>
<pin id="54328" dir="0" index="2" bw="5" slack="0"/>
<pin id="54329" dir="0" index="3" bw="6" slack="0"/>
<pin id="54330" dir="1" index="4" bw="16" slack="0"/>
</pin_list>
<bind>
<opcode="partselect(1002) " fcode="partselect"/>
<opset="trunc_ln42_94/1 "/>
</bind>
</comp>

<comp id="54335" class="1004" name="a_12_fu_54335">
<pin_list>
<pin id="54336" dir="0" index="0" bw="16" slack="0"/>
<pin id="54337" dir="0" index="1" bw="256" slack="0"/>
<pin id="54338" dir="0" index="2" bw="9" slack="0"/>
<pin id="54339" dir="0" index="3" bw="9" slack="0"/>
<pin id="54340" dir="1" index="4" bw="16" slack="0"/>
</pin_list>
<bind>
<opcode="partselect(1002) " fcode="partselect"/>
<opset="a_12/1 "/>
</bind>
</comp>

<comp id="54345" class="1004" name="sext_ln70_40_fu_54345">
<pin_list>
<pin id="54346" dir="0" index="0" bw="16" slack="0"/>
<pin id="54347" dir="1" index="1" bw="24" slack="0"/>
</pin_list>
<bind>
<opcode="sext(35) " fcode="sext"/>
<opset="sext_ln70_40/1 "/>
</bind>
</comp>

<comp id="54351" class="1004" name="sext_ln70_41_fu_54351">
<pin_list>
<pin id="54352" dir="0" index="0" bw="16" slack="0"/>
<pin id="54353" dir="1" index="1" bw="23" slack="0"/>
</pin_list>
<bind>
<opcode="sext(35) " fcode="sext"/>
<opset="sext_ln70_41/1 "/>
</bind>
</comp>

<comp id="54356" class="1004" name="sext_ln70_42_fu_54356">
<pin_list>
<pin id="54357" dir="0" index="0" bw="16" slack="0"/>
<pin id="54358" dir="1" index="1" bw="26" slack="0"/>
</pin_list>
<bind>
<opcode="sext(35) " fcode="sext"/>
<opset="sext_ln70_42/1 "/>
</bind>
</comp>

<comp id="54363" class="1004" name="trunc_ln42_95_fu_54363">
<pin_list>
<pin id="54364" dir="0" index="0" bw="16" slack="0"/>
<pin id="54365" dir="0" index="1" bw="26" slack="0"/>
<pin id="54366" dir="0" index="2" bw="5" slack="0"/>
<pin id="54367" dir="0" index="3" bw="6" slack="0"/>
<pin id="54368" dir="1" index="4" bw="16" slack="0"/>
</pin_list>
<bind>
<opcode="partselect(1002) " fcode="partselect"/>
<opset="trunc_ln42_95/1 "/>
</bind>
</comp>

<comp id="54373" class="1004" name="trunc_ln42_96_fu_54373">
<pin_list>
<pin id="54374" dir="0" index="0" bw="13" slack="0"/>
<pin id="54375" dir="0" index="1" bw="23" slack="0"/>
<pin id="54376" dir="0" index="2" bw="5" slack="0"/>
<pin id="54377" dir="0" index="3" bw="6" slack="0"/>
<pin id="54378" dir="1" index="4" bw="13" slack="0"/>
</pin_list>
<bind>
<opcode="partselect(1002) " fcode="partselect"/>
<opset="trunc_ln42_96/1 "/>
</bind>
</comp>

<comp id="54383" class="1004" name="sext_ln42_39_fu_54383">
<pin_list>
<pin id="54384" dir="0" index="0" bw="13" slack="0"/>
<pin id="54385" dir="1" index="1" bw="16" slack="0"/>
</pin_list>
<bind>
<opcode="sext(35) " fcode="sext"/>
<opset="sext_ln42_39/1 "/>
</bind>
</comp>

<comp id="54387" class="1004" name="tmp_9049_fu_54387">
<pin_list>
<pin id="54388" dir="0" index="0" bw="23" slack="0"/>
<pin id="54389" dir="0" index="1" bw="16" slack="0"/>
<pin id="54390" dir="0" index="2" bw="1" slack="0"/>
<pin id="54391" dir="1" index="3" bw="23" slack="0"/>
</pin_list>
<bind>
<opcode="bitconcatenate(1004) " fcode="bitconcatenate"/>
<opset="tmp_9049/1 "/>
</bind>
</comp>

<comp id="54395" class="1004" name="sext_ln73_36_fu_54395">
<pin_list>
<pin id="54396" dir="0" index="0" bw="23" slack="0"/>
<pin id="54397" dir="1" index="1" bw="24" slack="0"/>
</pin_list>
<bind>
<opcode="sext(35) " fcode="sext"/>
<opset="sext_ln73_36/1 "/>
</bind>
</comp>

<comp id="54399" class="1004" name="sub_ln73_16_fu_54399">
<pin_list>
<pin id="54400" dir="0" index="0" bw="1" slack="0"/>
<pin id="54401" dir="0" index="1" bw="23" slack="0"/>
<pin id="54402" dir="1" index="2" bw="24" slack="0"/>
</pin_list>
<bind>
<opcode="sub(10) " fcode="sub"/>
<opset="sub_ln73_16/1 "/>
</bind>
</comp>

<comp id="54405" class="1004" name="trunc_ln42_97_fu_54405">
<pin_list>
<pin id="54406" dir="0" index="0" bw="14" slack="0"/>
<pin id="54407" dir="0" index="1" bw="24" slack="0"/>
<pin id="54408" dir="0" index="2" bw="5" slack="0"/>
<pin id="54409" dir="0" index="3" bw="6" slack="0"/>
<pin id="54410" dir="1" index="4" bw="14" slack="0"/>
</pin_list>
<bind>
<opcode="partselect(1002) " fcode="partselect"/>
<opset="trunc_ln42_97/1 "/>
</bind>
</comp>

<comp id="54415" class="1004" name="sext_ln42_40_fu_54415">
<pin_list>
<pin id="54416" dir="0" index="0" bw="14" slack="0"/>
<pin id="54417" dir="1" index="1" bw="16" slack="0"/>
</pin_list>
<bind>
<opcode="sext(35) " fcode="sext"/>
<opset="sext_ln42_40/1 "/>
</bind>
</comp>

<comp id="54419" class="1004" name="trunc_ln42_98_fu_54419">
<pin_list>
<pin id="54420" dir="0" index="0" bw="14" slack="0"/>
<pin id="54421" dir="0" index="1" bw="24" slack="0"/>
<pin id="54422" dir="0" index="2" bw="5" slack="0"/>
<pin id="54423" dir="0" index="3" bw="6" slack="0"/>
<pin id="54424" dir="1" index="4" bw="14" slack="0"/>
</pin_list>
<bind>
<opcode="partselect(1002) " fcode="partselect"/>
<opset="trunc_ln42_98/1 "/>
</bind>
</comp>

<comp id="54429" class="1004" name="sext_ln42_41_fu_54429">
<pin_list>
<pin id="54430" dir="0" index="0" bw="14" slack="0"/>
<pin id="54431" dir="1" index="1" bw="16" slack="0"/>
</pin_list>
<bind>
<opcode="sext(35) " fcode="sext"/>
<opset="sext_ln42_41/1 "/>
</bind>
</comp>

<comp id="54433" class="1004" name="trunc_ln42_99_fu_54433">
<pin_list>
<pin id="54434" dir="0" index="0" bw="16" slack="0"/>
<pin id="54435" dir="0" index="1" bw="26" slack="0"/>
<pin id="54436" dir="0" index="2" bw="5" slack="0"/>
<pin id="54437" dir="0" index="3" bw="6" slack="0"/>
<pin id="54438" dir="1" index="4" bw="16" slack="0"/>
</pin_list>
<bind>
<opcode="partselect(1002) " fcode="partselect"/>
<opset="trunc_ln42_99/1 "/>
</bind>
</comp>

<comp id="54443" class="1004" name="tmp_9050_fu_54443">
<pin_list>
<pin id="54444" dir="0" index="0" bw="25" slack="0"/>
<pin id="54445" dir="0" index="1" bw="16" slack="0"/>
<pin id="54446" dir="0" index="2" bw="1" slack="0"/>
<pin id="54447" dir="1" index="3" bw="25" slack="0"/>
</pin_list>
<bind>
<opcode="bitconcatenate(1004) " fcode="bitconcatenate"/>
<opset="tmp_9050/1 "/>
</bind>
</comp>

<comp id="54451" class="1004" name="sext_ln73_37_fu_54451">
<pin_list>
<pin id="54452" dir="0" index="0" bw="25" slack="0"/>
<pin id="54453" dir="1" index="1" bw="26" slack="0"/>
</pin_list>
<bind>
<opcode="sext(35) " fcode="sext"/>
<opset="sext_ln73_37/1 "/>
</bind>
</comp>

<comp id="54455" class="1004" name="tmp_9051_fu_54455">
<pin_list>
<pin id="54456" dir="0" index="0" bw="22" slack="0"/>
<pin id="54457" dir="0" index="1" bw="16" slack="0"/>
<pin id="54458" dir="0" index="2" bw="1" slack="0"/>
<pin id="54459" dir="1" index="3" bw="22" slack="0"/>
</pin_list>
<bind>
<opcode="bitconcatenate(1004) " fcode="bitconcatenate"/>
<opset="tmp_9051/1 "/>
</bind>
</comp>

<comp id="54463" class="1004" name="sext_ln73_38_fu_54463">
<pin_list>
<pin id="54464" dir="0" index="0" bw="22" slack="0"/>
<pin id="54465" dir="1" index="1" bw="26" slack="0"/>
</pin_list>
<bind>
<opcode="sext(35) " fcode="sext"/>
<opset="sext_ln73_38/1 "/>
</bind>
</comp>

<comp id="54467" class="1004" name="sub_ln73_17_fu_54467">
<pin_list>
<pin id="54468" dir="0" index="0" bw="25" slack="0"/>
<pin id="54469" dir="0" index="1" bw="22" slack="0"/>
<pin id="54470" dir="1" index="2" bw="26" slack="0"/>
</pin_list>
<bind>
<opcode="sub(10) " fcode="sub"/>
<opset="sub_ln73_17/1 "/>
</bind>
</comp>

<comp id="54473" class="1004" name="trunc_ln42_100_fu_54473">
<pin_list>
<pin id="54474" dir="0" index="0" bw="16" slack="0"/>
<pin id="54475" dir="0" index="1" bw="26" slack="0"/>
<pin id="54476" dir="0" index="2" bw="5" slack="0"/>
<pin id="54477" dir="0" index="3" bw="6" slack="0"/>
<pin id="54478" dir="1" index="4" bw="16" slack="0"/>
</pin_list>
<bind>
<opcode="partselect(1002) " fcode="partselect"/>
<opset="trunc_ln42_100/1 "/>
</bind>
</comp>

<comp id="54483" class="1004" name="trunc_ln42_101_fu_54483">
<pin_list>
<pin id="54484" dir="0" index="0" bw="14" slack="0"/>
<pin id="54485" dir="0" index="1" bw="24" slack="0"/>
<pin id="54486" dir="0" index="2" bw="5" slack="0"/>
<pin id="54487" dir="0" index="3" bw="6" slack="0"/>
<pin id="54488" dir="1" index="4" bw="14" slack="0"/>
</pin_list>
<bind>
<opcode="partselect(1002) " fcode="partselect"/>
<opset="trunc_ln42_101/1 "/>
</bind>
</comp>

<comp id="54493" class="1004" name="sext_ln42_42_fu_54493">
<pin_list>
<pin id="54494" dir="0" index="0" bw="14" slack="0"/>
<pin id="54495" dir="1" index="1" bw="16" slack="0"/>
</pin_list>
<bind>
<opcode="sext(35) " fcode="sext"/>
<opset="sext_ln42_42/1 "/>
</bind>
</comp>

<comp id="54497" class="1004" name="trunc_ln42_102_fu_54497">
<pin_list>
<pin id="54498" dir="0" index="0" bw="16" slack="0"/>
<pin id="54499" dir="0" index="1" bw="26" slack="0"/>
<pin id="54500" dir="0" index="2" bw="5" slack="0"/>
<pin id="54501" dir="0" index="3" bw="6" slack="0"/>
<pin id="54502" dir="1" index="4" bw="16" slack="0"/>
</pin_list>
<bind>
<opcode="partselect(1002) " fcode="partselect"/>
<opset="trunc_ln42_102/1 "/>
</bind>
</comp>

<comp id="54507" class="1004" name="a_13_fu_54507">
<pin_list>
<pin id="54508" dir="0" index="0" bw="16" slack="0"/>
<pin id="54509" dir="0" index="1" bw="256" slack="0"/>
<pin id="54510" dir="0" index="2" bw="9" slack="0"/>
<pin id="54511" dir="0" index="3" bw="9" slack="0"/>
<pin id="54512" dir="1" index="4" bw="16" slack="0"/>
</pin_list>
<bind>
<opcode="partselect(1002) " fcode="partselect"/>
<opset="a_13/1 "/>
</bind>
</comp>

<comp id="54517" class="1004" name="sext_ln70_43_fu_54517">
<pin_list>
<pin id="54518" dir="0" index="0" bw="16" slack="0"/>
<pin id="54519" dir="1" index="1" bw="26" slack="0"/>
</pin_list>
<bind>
<opcode="sext(35) " fcode="sext"/>
<opset="sext_ln70_43/1 "/>
</bind>
</comp>

<comp id="54525" class="1004" name="sext_ln70_44_fu_54525">
<pin_list>
<pin id="54526" dir="0" index="0" bw="16" slack="0"/>
<pin id="54527" dir="1" index="1" bw="25" slack="0"/>
</pin_list>
<bind>
<opcode="sext(35) " fcode="sext"/>
<opset="sext_ln70_44/1 "/>
</bind>
</comp>

<comp id="54531" class="1004" name="trunc_ln42_103_fu_54531">
<pin_list>
<pin id="54532" dir="0" index="0" bw="15" slack="0"/>
<pin id="54533" dir="0" index="1" bw="25" slack="0"/>
<pin id="54534" dir="0" index="2" bw="5" slack="0"/>
<pin id="54535" dir="0" index="3" bw="6" slack="0"/>
<pin id="54536" dir="1" index="4" bw="15" slack="0"/>
</pin_list>
<bind>
<opcode="partselect(1002) " fcode="partselect"/>
<opset="trunc_ln42_103/1 "/>
</bind>
</comp>

<comp id="54541" class="1004" name="sext_ln42_43_fu_54541">
<pin_list>
<pin id="54542" dir="0" index="0" bw="15" slack="0"/>
<pin id="54543" dir="1" index="1" bw="16" slack="0"/>
</pin_list>
<bind>
<opcode="sext(35) " fcode="sext"/>
<opset="sext_ln42_43/1 "/>
</bind>
</comp>

<comp id="54545" class="1004" name="tmp_9052_fu_54545">
<pin_list>
<pin id="54546" dir="0" index="0" bw="23" slack="0"/>
<pin id="54547" dir="0" index="1" bw="16" slack="0"/>
<pin id="54548" dir="0" index="2" bw="1" slack="0"/>
<pin id="54549" dir="1" index="3" bw="23" slack="0"/>
</pin_list>
<bind>
<opcode="bitconcatenate(1004) " fcode="bitconcatenate"/>
<opset="tmp_9052/1 "/>
</bind>
</comp>

<comp id="54553" class="1004" name="sext_ln73_39_fu_54553">
<pin_list>
<pin id="54554" dir="0" index="0" bw="23" slack="0"/>
<pin id="54555" dir="1" index="1" bw="25" slack="0"/>
</pin_list>
<bind>
<opcode="sext(35) " fcode="sext"/>
<opset="sext_ln73_39/1 "/>
</bind>
</comp>

<comp id="54557" class="1004" name="tmp_9053_fu_54557">
<pin_list>
<pin id="54558" dir="0" index="0" bw="18" slack="0"/>
<pin id="54559" dir="0" index="1" bw="16" slack="0"/>
<pin id="54560" dir="0" index="2" bw="1" slack="0"/>
<pin id="54561" dir="1" index="3" bw="18" slack="0"/>
</pin_list>
<bind>
<opcode="bitconcatenate(1004) " fcode="bitconcatenate"/>
<opset="tmp_9053/1 "/>
</bind>
</comp>

<comp id="54565" class="1004" name="sext_ln73_40_fu_54565">
<pin_list>
<pin id="54566" dir="0" index="0" bw="18" slack="0"/>
<pin id="54567" dir="1" index="1" bw="25" slack="0"/>
</pin_list>
<bind>
<opcode="sext(35) " fcode="sext"/>
<opset="sext_ln73_40/1 "/>
</bind>
</comp>

<comp id="54569" class="1004" name="add_ln73_3_fu_54569">
<pin_list>
<pin id="54570" dir="0" index="0" bw="23" slack="0"/>
<pin id="54571" dir="0" index="1" bw="18" slack="0"/>
<pin id="54572" dir="1" index="2" bw="25" slack="0"/>
</pin_list>
<bind>
<opcode="add(8) " fcode="add"/>
<opset="add_ln73_3/1 "/>
</bind>
</comp>

<comp id="54575" class="1004" name="trunc_ln42_104_fu_54575">
<pin_list>
<pin id="54576" dir="0" index="0" bw="15" slack="0"/>
<pin id="54577" dir="0" index="1" bw="24" slack="0"/>
<pin id="54578" dir="0" index="2" bw="5" slack="0"/>
<pin id="54579" dir="0" index="3" bw="6" slack="0"/>
<pin id="54580" dir="1" index="4" bw="15" slack="0"/>
</pin_list>
<bind>
<opcode="partselect(1002) " fcode="partselect"/>
<opset="trunc_ln42_104/1 "/>
</bind>
</comp>

<comp id="54585" class="1004" name="sext_ln42_44_fu_54585">
<pin_list>
<pin id="54586" dir="0" index="0" bw="15" slack="0"/>
<pin id="54587" dir="1" index="1" bw="16" slack="0"/>
</pin_list>
<bind>
<opcode="sext(35) " fcode="sext"/>
<opset="sext_ln42_44/1 "/>
</bind>
</comp>

<comp id="54589" class="1004" name="trunc_ln42_105_fu_54589">
<pin_list>
<pin id="54590" dir="0" index="0" bw="16" slack="0"/>
<pin id="54591" dir="0" index="1" bw="26" slack="0"/>
<pin id="54592" dir="0" index="2" bw="5" slack="0"/>
<pin id="54593" dir="0" index="3" bw="6" slack="0"/>
<pin id="54594" dir="1" index="4" bw="16" slack="0"/>
</pin_list>
<bind>
<opcode="partselect(1002) " fcode="partselect"/>
<opset="trunc_ln42_105/1 "/>
</bind>
</comp>

<comp id="54599" class="1004" name="trunc_ln42_106_fu_54599">
<pin_list>
<pin id="54600" dir="0" index="0" bw="16" slack="0"/>
<pin id="54601" dir="0" index="1" bw="26" slack="0"/>
<pin id="54602" dir="0" index="2" bw="5" slack="0"/>
<pin id="54603" dir="0" index="3" bw="6" slack="0"/>
<pin id="54604" dir="1" index="4" bw="16" slack="0"/>
</pin_list>
<bind>
<opcode="partselect(1002) " fcode="partselect"/>
<opset="trunc_ln42_106/1 "/>
</bind>
</comp>

<comp id="54609" class="1004" name="trunc_ln42_107_fu_54609">
<pin_list>
<pin id="54610" dir="0" index="0" bw="16" slack="0"/>
<pin id="54611" dir="0" index="1" bw="26" slack="0"/>
<pin id="54612" dir="0" index="2" bw="5" slack="0"/>
<pin id="54613" dir="0" index="3" bw="6" slack="0"/>
<pin id="54614" dir="1" index="4" bw="16" slack="0"/>
</pin_list>
<bind>
<opcode="partselect(1002) " fcode="partselect"/>
<opset="trunc_ln42_107/1 "/>
</bind>
</comp>

<comp id="54619" class="1004" name="tmp_9054_fu_54619">
<pin_list>
<pin id="54620" dir="0" index="0" bw="22" slack="0"/>
<pin id="54621" dir="0" index="1" bw="16" slack="0"/>
<pin id="54622" dir="0" index="2" bw="1" slack="0"/>
<pin id="54623" dir="1" index="3" bw="22" slack="0"/>
</pin_list>
<bind>
<opcode="bitconcatenate(1004) " fcode="bitconcatenate"/>
<opset="tmp_9054/1 "/>
</bind>
</comp>

<comp id="54627" class="1004" name="sext_ln73_41_fu_54627">
<pin_list>
<pin id="54628" dir="0" index="0" bw="22" slack="0"/>
<pin id="54629" dir="1" index="1" bw="24" slack="0"/>
</pin_list>
<bind>
<opcode="sext(35) " fcode="sext"/>
<opset="sext_ln73_41/1 "/>
</bind>
</comp>

<comp id="54631" class="1004" name="tmp_9055_fu_54631">
<pin_list>
<pin id="54632" dir="0" index="0" bw="17" slack="0"/>
<pin id="54633" dir="0" index="1" bw="16" slack="0"/>
<pin id="54634" dir="0" index="2" bw="1" slack="0"/>
<pin id="54635" dir="1" index="3" bw="17" slack="0"/>
</pin_list>
<bind>
<opcode="bitconcatenate(1004) " fcode="bitconcatenate"/>
<opset="tmp_9055/1 "/>
</bind>
</comp>

<comp id="54639" class="1004" name="sext_ln73_42_fu_54639">
<pin_list>
<pin id="54640" dir="0" index="0" bw="17" slack="0"/>
<pin id="54641" dir="1" index="1" bw="24" slack="0"/>
</pin_list>
<bind>
<opcode="sext(35) " fcode="sext"/>
<opset="sext_ln73_42/1 "/>
</bind>
</comp>

<comp id="54643" class="1004" name="add_ln73_4_fu_54643">
<pin_list>
<pin id="54644" dir="0" index="0" bw="22" slack="0"/>
<pin id="54645" dir="0" index="1" bw="17" slack="0"/>
<pin id="54646" dir="1" index="2" bw="24" slack="0"/>
</pin_list>
<bind>
<opcode="add(8) " fcode="add"/>
<opset="add_ln73_4/1 "/>
</bind>
</comp>

<comp id="54649" class="1004" name="trunc_ln42_108_fu_54649">
<pin_list>
<pin id="54650" dir="0" index="0" bw="14" slack="0"/>
<pin id="54651" dir="0" index="1" bw="23" slack="0"/>
<pin id="54652" dir="0" index="2" bw="5" slack="0"/>
<pin id="54653" dir="0" index="3" bw="6" slack="0"/>
<pin id="54654" dir="1" index="4" bw="14" slack="0"/>
</pin_list>
<bind>
<opcode="partselect(1002) " fcode="partselect"/>
<opset="trunc_ln42_108/1 "/>
</bind>
</comp>

<comp id="54659" class="1004" name="sext_ln42_45_fu_54659">
<pin_list>
<pin id="54660" dir="0" index="0" bw="14" slack="0"/>
<pin id="54661" dir="1" index="1" bw="16" slack="0"/>
</pin_list>
<bind>
<opcode="sext(35) " fcode="sext"/>
<opset="sext_ln42_45/1 "/>
</bind>
</comp>

<comp id="54663" class="1004" name="trunc_ln42_109_fu_54663">
<pin_list>
<pin id="54664" dir="0" index="0" bw="16" slack="0"/>
<pin id="54665" dir="0" index="1" bw="26" slack="0"/>
<pin id="54666" dir="0" index="2" bw="5" slack="0"/>
<pin id="54667" dir="0" index="3" bw="6" slack="0"/>
<pin id="54668" dir="1" index="4" bw="16" slack="0"/>
</pin_list>
<bind>
<opcode="partselect(1002) " fcode="partselect"/>
<opset="trunc_ln42_109/1 "/>
</bind>
</comp>

<comp id="54673" class="1004" name="trunc_ln42_110_fu_54673">
<pin_list>
<pin id="54674" dir="0" index="0" bw="15" slack="0"/>
<pin id="54675" dir="0" index="1" bw="25" slack="0"/>
<pin id="54676" dir="0" index="2" bw="5" slack="0"/>
<pin id="54677" dir="0" index="3" bw="6" slack="0"/>
<pin id="54678" dir="1" index="4" bw="15" slack="0"/>
</pin_list>
<bind>
<opcode="partselect(1002) " fcode="partselect"/>
<opset="trunc_ln42_110/1 "/>
</bind>
</comp>

<comp id="54683" class="1004" name="sext_ln42_46_fu_54683">
<pin_list>
<pin id="54684" dir="0" index="0" bw="15" slack="0"/>
<pin id="54685" dir="1" index="1" bw="16" slack="0"/>
</pin_list>
<bind>
<opcode="sext(35) " fcode="sext"/>
<opset="sext_ln42_46/1 "/>
</bind>
</comp>

<comp id="54687" class="1004" name="a_14_fu_54687">
<pin_list>
<pin id="54688" dir="0" index="0" bw="16" slack="0"/>
<pin id="54689" dir="0" index="1" bw="256" slack="0"/>
<pin id="54690" dir="0" index="2" bw="9" slack="0"/>
<pin id="54691" dir="0" index="3" bw="9" slack="0"/>
<pin id="54692" dir="1" index="4" bw="16" slack="0"/>
</pin_list>
<bind>
<opcode="partselect(1002) " fcode="partselect"/>
<opset="a_14/1 "/>
</bind>
</comp>

<comp id="54697" class="1004" name="sext_ln70_45_fu_54697">
<pin_list>
<pin id="54698" dir="0" index="0" bw="16" slack="0"/>
<pin id="54699" dir="1" index="1" bw="23" slack="0"/>
</pin_list>
<bind>
<opcode="sext(35) " fcode="sext"/>
<opset="sext_ln70_45/1 "/>
</bind>
</comp>

<comp id="54702" class="1004" name="sext_ln70_46_fu_54702">
<pin_list>
<pin id="54703" dir="0" index="0" bw="16" slack="0"/>
<pin id="54704" dir="1" index="1" bw="24" slack="0"/>
</pin_list>
<bind>
<opcode="sext(35) " fcode="sext"/>
<opset="sext_ln70_46/1 "/>
</bind>
</comp>

<comp id="54707" class="1004" name="sext_ln70_47_fu_54707">
<pin_list>
<pin id="54708" dir="0" index="0" bw="16" slack="0"/>
<pin id="54709" dir="1" index="1" bw="26" slack="0"/>
</pin_list>
<bind>
<opcode="sext(35) " fcode="sext"/>
<opset="sext_ln70_47/1 "/>
</bind>
</comp>

<comp id="54713" class="1004" name="trunc_ln42_111_fu_54713">
<pin_list>
<pin id="54714" dir="0" index="0" bw="16" slack="0"/>
<pin id="54715" dir="0" index="1" bw="26" slack="0"/>
<pin id="54716" dir="0" index="2" bw="5" slack="0"/>
<pin id="54717" dir="0" index="3" bw="6" slack="0"/>
<pin id="54718" dir="1" index="4" bw="16" slack="0"/>
</pin_list>
<bind>
<opcode="partselect(1002) " fcode="partselect"/>
<opset="trunc_ln42_111/1 "/>
</bind>
</comp>

<comp id="54723" class="1004" name="tmp_9056_fu_54723">
<pin_list>
<pin id="54724" dir="0" index="0" bw="24" slack="0"/>
<pin id="54725" dir="0" index="1" bw="16" slack="0"/>
<pin id="54726" dir="0" index="2" bw="1" slack="0"/>
<pin id="54727" dir="1" index="3" bw="24" slack="0"/>
</pin_list>
<bind>
<opcode="bitconcatenate(1004) " fcode="bitconcatenate"/>
<opset="tmp_9056/1 "/>
</bind>
</comp>

<comp id="54731" class="1004" name="sext_ln73_43_fu_54731">
<pin_list>
<pin id="54732" dir="0" index="0" bw="24" slack="0"/>
<pin id="54733" dir="1" index="1" bw="25" slack="0"/>
</pin_list>
<bind>
<opcode="sext(35) " fcode="sext"/>
<opset="sext_ln73_43/1 "/>
</bind>
</comp>

<comp id="54735" class="1004" name="sub_ln73_18_fu_54735">
<pin_list>
<pin id="54736" dir="0" index="0" bw="1" slack="0"/>
<pin id="54737" dir="0" index="1" bw="24" slack="0"/>
<pin id="54738" dir="1" index="2" bw="25" slack="0"/>
</pin_list>
<bind>
<opcode="sub(10) " fcode="sub"/>
<opset="sub_ln73_18/1 "/>
</bind>
</comp>

<comp id="54741" class="1004" name="trunc_ln42_112_fu_54741">
<pin_list>
<pin id="54742" dir="0" index="0" bw="15" slack="0"/>
<pin id="54743" dir="0" index="1" bw="25" slack="0"/>
<pin id="54744" dir="0" index="2" bw="5" slack="0"/>
<pin id="54745" dir="0" index="3" bw="6" slack="0"/>
<pin id="54746" dir="1" index="4" bw="15" slack="0"/>
</pin_list>
<bind>
<opcode="partselect(1002) " fcode="partselect"/>
<opset="trunc_ln42_112/1 "/>
</bind>
</comp>

<comp id="54751" class="1004" name="sext_ln42_47_fu_54751">
<pin_list>
<pin id="54752" dir="0" index="0" bw="15" slack="0"/>
<pin id="54753" dir="1" index="1" bw="16" slack="0"/>
</pin_list>
<bind>
<opcode="sext(35) " fcode="sext"/>
<opset="sext_ln42_47/1 "/>
</bind>
</comp>

<comp id="54755" class="1004" name="tmp_9057_fu_54755">
<pin_list>
<pin id="54756" dir="0" index="0" bw="23" slack="0"/>
<pin id="54757" dir="0" index="1" bw="16" slack="0"/>
<pin id="54758" dir="0" index="2" bw="1" slack="0"/>
<pin id="54759" dir="1" index="3" bw="23" slack="0"/>
</pin_list>
<bind>
<opcode="bitconcatenate(1004) " fcode="bitconcatenate"/>
<opset="tmp_9057/1 "/>
</bind>
</comp>

<comp id="54763" class="1004" name="sext_ln73_44_fu_54763">
<pin_list>
<pin id="54764" dir="0" index="0" bw="23" slack="0"/>
<pin id="54765" dir="1" index="1" bw="24" slack="0"/>
</pin_list>
<bind>
<opcode="sext(35) " fcode="sext"/>
<opset="sext_ln73_44/1 "/>
</bind>
</comp>

<comp id="54767" class="1004" name="tmp_9058_fu_54767">
<pin_list>
<pin id="54768" dir="0" index="0" bw="21" slack="0"/>
<pin id="54769" dir="0" index="1" bw="16" slack="0"/>
<pin id="54770" dir="0" index="2" bw="1" slack="0"/>
<pin id="54771" dir="1" index="3" bw="21" slack="0"/>
</pin_list>
<bind>
<opcode="bitconcatenate(1004) " fcode="bitconcatenate"/>
<opset="tmp_9058/1 "/>
</bind>
</comp>

<comp id="54775" class="1004" name="sext_ln73_45_fu_54775">
<pin_list>
<pin id="54776" dir="0" index="0" bw="21" slack="0"/>
<pin id="54777" dir="1" index="1" bw="24" slack="0"/>
</pin_list>
<bind>
<opcode="sext(35) " fcode="sext"/>
<opset="sext_ln73_45/1 "/>
</bind>
</comp>

<comp id="54779" class="1004" name="sub_ln73_19_fu_54779">
<pin_list>
<pin id="54780" dir="0" index="0" bw="21" slack="0"/>
<pin id="54781" dir="0" index="1" bw="23" slack="0"/>
<pin id="54782" dir="1" index="2" bw="24" slack="0"/>
</pin_list>
<bind>
<opcode="sub(10) " fcode="sub"/>
<opset="sub_ln73_19/1 "/>
</bind>
</comp>

<comp id="54785" class="1004" name="trunc_ln42_113_fu_54785">
<pin_list>
<pin id="54786" dir="0" index="0" bw="14" slack="0"/>
<pin id="54787" dir="0" index="1" bw="24" slack="0"/>
<pin id="54788" dir="0" index="2" bw="5" slack="0"/>
<pin id="54789" dir="0" index="3" bw="6" slack="0"/>
<pin id="54790" dir="1" index="4" bw="14" slack="0"/>
</pin_list>
<bind>
<opcode="partselect(1002) " fcode="partselect"/>
<opset="trunc_ln42_113/1 "/>
</bind>
</comp>

<comp id="54795" class="1004" name="sext_ln42_48_fu_54795">
<pin_list>
<pin id="54796" dir="0" index="0" bw="14" slack="0"/>
<pin id="54797" dir="1" index="1" bw="16" slack="0"/>
</pin_list>
<bind>
<opcode="sext(35) " fcode="sext"/>
<opset="sext_ln42_48/1 "/>
</bind>
</comp>

<comp id="54799" class="1004" name="sext_ln73_46_fu_54799">
<pin_list>
<pin id="54800" dir="0" index="0" bw="21" slack="0"/>
<pin id="54801" dir="1" index="1" bw="22" slack="0"/>
</pin_list>
<bind>
<opcode="sext(35) " fcode="sext"/>
<opset="sext_ln73_46/1 "/>
</bind>
</comp>

<comp id="54803" class="1004" name="tmp_9059_fu_54803">
<pin_list>
<pin id="54804" dir="0" index="0" bw="17" slack="0"/>
<pin id="54805" dir="0" index="1" bw="16" slack="0"/>
<pin id="54806" dir="0" index="2" bw="1" slack="0"/>
<pin id="54807" dir="1" index="3" bw="17" slack="0"/>
</pin_list>
<bind>
<opcode="bitconcatenate(1004) " fcode="bitconcatenate"/>
<opset="tmp_9059/1 "/>
</bind>
</comp>

<comp id="54811" class="1004" name="sext_ln73_47_fu_54811">
<pin_list>
<pin id="54812" dir="0" index="0" bw="17" slack="0"/>
<pin id="54813" dir="1" index="1" bw="22" slack="0"/>
</pin_list>
<bind>
<opcode="sext(35) " fcode="sext"/>
<opset="sext_ln73_47/1 "/>
</bind>
</comp>

<comp id="54815" class="1004" name="sub_ln73_20_fu_54815">
<pin_list>
<pin id="54816" dir="0" index="0" bw="21" slack="0"/>
<pin id="54817" dir="0" index="1" bw="17" slack="0"/>
<pin id="54818" dir="1" index="2" bw="22" slack="0"/>
</pin_list>
<bind>
<opcode="sub(10) " fcode="sub"/>
<opset="sub_ln73_20/1 "/>
</bind>
</comp>

<comp id="54821" class="1004" name="trunc_ln42_114_fu_54821">
<pin_list>
<pin id="54822" dir="0" index="0" bw="12" slack="0"/>
<pin id="54823" dir="0" index="1" bw="22" slack="0"/>
<pin id="54824" dir="0" index="2" bw="5" slack="0"/>
<pin id="54825" dir="0" index="3" bw="6" slack="0"/>
<pin id="54826" dir="1" index="4" bw="12" slack="0"/>
</pin_list>
<bind>
<opcode="partselect(1002) " fcode="partselect"/>
<opset="trunc_ln42_114/1 "/>
</bind>
</comp>

<comp id="54831" class="1004" name="sext_ln73_48_fu_54831">
<pin_list>
<pin id="54832" dir="0" index="0" bw="12" slack="0"/>
<pin id="54833" dir="1" index="1" bw="13" slack="0"/>
</pin_list>
<bind>
<opcode="sext(35) " fcode="sext"/>
<opset="sext_ln73_48/1 "/>
</bind>
</comp>

<comp id="54835" class="1004" name="trunc_ln42_115_fu_54835">
<pin_list>
<pin id="54836" dir="0" index="0" bw="13" slack="0"/>
<pin id="54837" dir="0" index="1" bw="23" slack="0"/>
<pin id="54838" dir="0" index="2" bw="5" slack="0"/>
<pin id="54839" dir="0" index="3" bw="6" slack="0"/>
<pin id="54840" dir="1" index="4" bw="13" slack="0"/>
</pin_list>
<bind>
<opcode="partselect(1002) " fcode="partselect"/>
<opset="trunc_ln42_115/1 "/>
</bind>
</comp>

<comp id="54845" class="1004" name="sext_ln42_49_fu_54845">
<pin_list>
<pin id="54846" dir="0" index="0" bw="13" slack="0"/>
<pin id="54847" dir="1" index="1" bw="16" slack="0"/>
</pin_list>
<bind>
<opcode="sext(35) " fcode="sext"/>
<opset="sext_ln42_49/1 "/>
</bind>
</comp>

<comp id="54849" class="1004" name="trunc_ln42_116_fu_54849">
<pin_list>
<pin id="54850" dir="0" index="0" bw="14" slack="0"/>
<pin id="54851" dir="0" index="1" bw="24" slack="0"/>
<pin id="54852" dir="0" index="2" bw="5" slack="0"/>
<pin id="54853" dir="0" index="3" bw="6" slack="0"/>
<pin id="54854" dir="1" index="4" bw="14" slack="0"/>
</pin_list>
<bind>
<opcode="partselect(1002) " fcode="partselect"/>
<opset="trunc_ln42_116/1 "/>
</bind>
</comp>

<comp id="54859" class="1004" name="sext_ln73_49_fu_54859">
<pin_list>
<pin id="54860" dir="0" index="0" bw="14" slack="0"/>
<pin id="54861" dir="1" index="1" bw="15" slack="0"/>
</pin_list>
<bind>
<opcode="sext(35) " fcode="sext"/>
<opset="sext_ln73_49/1 "/>
</bind>
</comp>

<comp id="54863" class="1004" name="trunc_ln42_117_fu_54863">
<pin_list>
<pin id="54864" dir="0" index="0" bw="16" slack="0"/>
<pin id="54865" dir="0" index="1" bw="26" slack="0"/>
<pin id="54866" dir="0" index="2" bw="5" slack="0"/>
<pin id="54867" dir="0" index="3" bw="6" slack="0"/>
<pin id="54868" dir="1" index="4" bw="16" slack="0"/>
</pin_list>
<bind>
<opcode="partselect(1002) " fcode="partselect"/>
<opset="trunc_ln42_117/1 "/>
</bind>
</comp>

<comp id="54873" class="1004" name="tmp_9060_fu_54873">
<pin_list>
<pin id="54874" dir="0" index="0" bw="19" slack="0"/>
<pin id="54875" dir="0" index="1" bw="16" slack="0"/>
<pin id="54876" dir="0" index="2" bw="1" slack="0"/>
<pin id="54877" dir="1" index="3" bw="19" slack="0"/>
</pin_list>
<bind>
<opcode="bitconcatenate(1004) " fcode="bitconcatenate"/>
<opset="tmp_9060/1 "/>
</bind>
</comp>

<comp id="54881" class="1004" name="sext_ln73_50_fu_54881">
<pin_list>
<pin id="54882" dir="0" index="0" bw="19" slack="0"/>
<pin id="54883" dir="1" index="1" bw="20" slack="0"/>
</pin_list>
<bind>
<opcode="sext(35) " fcode="sext"/>
<opset="sext_ln73_50/1 "/>
</bind>
</comp>

<comp id="54885" class="1004" name="sext_ln73_51_fu_54885">
<pin_list>
<pin id="54886" dir="0" index="0" bw="17" slack="0"/>
<pin id="54887" dir="1" index="1" bw="20" slack="0"/>
</pin_list>
<bind>
<opcode="sext(35) " fcode="sext"/>
<opset="sext_ln73_51/1 "/>
</bind>
</comp>

<comp id="54889" class="1004" name="sub_ln73_21_fu_54889">
<pin_list>
<pin id="54890" dir="0" index="0" bw="19" slack="0"/>
<pin id="54891" dir="0" index="1" bw="17" slack="0"/>
<pin id="54892" dir="1" index="2" bw="20" slack="0"/>
</pin_list>
<bind>
<opcode="sub(10) " fcode="sub"/>
<opset="sub_ln73_21/1 "/>
</bind>
</comp>

<comp id="54895" class="1004" name="trunc_ln42_118_fu_54895">
<pin_list>
<pin id="54896" dir="0" index="0" bw="10" slack="0"/>
<pin id="54897" dir="0" index="1" bw="20" slack="0"/>
<pin id="54898" dir="0" index="2" bw="5" slack="0"/>
<pin id="54899" dir="0" index="3" bw="6" slack="0"/>
<pin id="54900" dir="1" index="4" bw="10" slack="0"/>
</pin_list>
<bind>
<opcode="partselect(1002) " fcode="partselect"/>
<opset="trunc_ln42_118/1 "/>
</bind>
</comp>

<comp id="54905" class="1004" name="sext_ln42_50_fu_54905">
<pin_list>
<pin id="54906" dir="0" index="0" bw="10" slack="0"/>
<pin id="54907" dir="1" index="1" bw="16" slack="0"/>
</pin_list>
<bind>
<opcode="sext(35) " fcode="sext"/>
<opset="sext_ln42_50/1 "/>
</bind>
</comp>

<comp id="54909" class="1004" name="a_15_fu_54909">
<pin_list>
<pin id="54910" dir="0" index="0" bw="16" slack="0"/>
<pin id="54911" dir="0" index="1" bw="256" slack="0"/>
<pin id="54912" dir="0" index="2" bw="9" slack="0"/>
<pin id="54913" dir="0" index="3" bw="9" slack="0"/>
<pin id="54914" dir="1" index="4" bw="16" slack="0"/>
</pin_list>
<bind>
<opcode="partselect(1002) " fcode="partselect"/>
<opset="a_15/1 "/>
</bind>
</comp>

<comp id="54919" class="1004" name="sext_ln70_48_fu_54919">
<pin_list>
<pin id="54920" dir="0" index="0" bw="16" slack="0"/>
<pin id="54921" dir="1" index="1" bw="23" slack="0"/>
</pin_list>
<bind>
<opcode="sext(35) " fcode="sext"/>
<opset="sext_ln70_48/1 "/>
</bind>
</comp>

<comp id="54924" class="1004" name="sext_ln70_49_fu_54924">
<pin_list>
<pin id="54925" dir="0" index="0" bw="16" slack="0"/>
<pin id="54926" dir="1" index="1" bw="26" slack="0"/>
</pin_list>
<bind>
<opcode="sext(35) " fcode="sext"/>
<opset="sext_ln70_49/1 "/>
</bind>
</comp>

<comp id="54931" class="1004" name="sext_ln70_50_fu_54931">
<pin_list>
<pin id="54932" dir="0" index="0" bw="16" slack="0"/>
<pin id="54933" dir="1" index="1" bw="25" slack="0"/>
</pin_list>
<bind>
<opcode="sext(35) " fcode="sext"/>
<opset="sext_ln70_50/1 "/>
</bind>
</comp>

<comp id="54937" class="1004" name="trunc_ln42_119_fu_54937">
<pin_list>
<pin id="54938" dir="0" index="0" bw="15" slack="0"/>
<pin id="54939" dir="0" index="1" bw="25" slack="0"/>
<pin id="54940" dir="0" index="2" bw="5" slack="0"/>
<pin id="54941" dir="0" index="3" bw="6" slack="0"/>
<pin id="54942" dir="1" index="4" bw="15" slack="0"/>
</pin_list>
<bind>
<opcode="partselect(1002) " fcode="partselect"/>
<opset="trunc_ln42_119/1 "/>
</bind>
</comp>

<comp id="54947" class="1004" name="sext_ln42_51_fu_54947">
<pin_list>
<pin id="54948" dir="0" index="0" bw="15" slack="0"/>
<pin id="54949" dir="1" index="1" bw="16" slack="0"/>
</pin_list>
<bind>
<opcode="sext(35) " fcode="sext"/>
<opset="sext_ln42_51/1 "/>
</bind>
</comp>

<comp id="54951" class="1004" name="tmp_9061_fu_54951">
<pin_list>
<pin id="54952" dir="0" index="0" bw="22" slack="0"/>
<pin id="54953" dir="0" index="1" bw="16" slack="0"/>
<pin id="54954" dir="0" index="2" bw="1" slack="0"/>
<pin id="54955" dir="1" index="3" bw="22" slack="0"/>
</pin_list>
<bind>
<opcode="bitconcatenate(1004) " fcode="bitconcatenate"/>
<opset="tmp_9061/1 "/>
</bind>
</comp>

<comp id="54959" class="1004" name="sext_ln73_52_fu_54959">
<pin_list>
<pin id="54960" dir="0" index="0" bw="22" slack="0"/>
<pin id="54961" dir="1" index="1" bw="24" slack="0"/>
</pin_list>
<bind>
<opcode="sext(35) " fcode="sext"/>
<opset="sext_ln73_52/1 "/>
</bind>
</comp>

<comp id="54963" class="1004" name="sub_ln73_22_fu_54963">
<pin_list>
<pin id="54964" dir="0" index="0" bw="1" slack="0"/>
<pin id="54965" dir="0" index="1" bw="22" slack="0"/>
<pin id="54966" dir="1" index="2" bw="24" slack="0"/>
</pin_list>
<bind>
<opcode="sub(10) " fcode="sub"/>
<opset="sub_ln73_22/1 "/>
</bind>
</comp>

<comp id="54969" class="1004" name="tmp_9062_fu_54969">
<pin_list>
<pin id="54970" dir="0" index="0" bw="18" slack="0"/>
<pin id="54971" dir="0" index="1" bw="16" slack="0"/>
<pin id="54972" dir="0" index="2" bw="1" slack="0"/>
<pin id="54973" dir="1" index="3" bw="18" slack="0"/>
</pin_list>
<bind>
<opcode="bitconcatenate(1004) " fcode="bitconcatenate"/>
<opset="tmp_9062/1 "/>
</bind>
</comp>

<comp id="54977" class="1004" name="sext_ln73_53_fu_54977">
<pin_list>
<pin id="54978" dir="0" index="0" bw="18" slack="0"/>
<pin id="54979" dir="1" index="1" bw="24" slack="0"/>
</pin_list>
<bind>
<opcode="sext(35) " fcode="sext"/>
<opset="sext_ln73_53/1 "/>
</bind>
</comp>

<comp id="54981" class="1004" name="sub_ln73_23_fu_54981">
<pin_list>
<pin id="54982" dir="0" index="0" bw="24" slack="0"/>
<pin id="54983" dir="0" index="1" bw="18" slack="0"/>
<pin id="54984" dir="1" index="2" bw="24" slack="0"/>
</pin_list>
<bind>
<opcode="sub(10) " fcode="sub"/>
<opset="sub_ln73_23/1 "/>
</bind>
</comp>

<comp id="54987" class="1004" name="trunc_ln42_120_fu_54987">
<pin_list>
<pin id="54988" dir="0" index="0" bw="14" slack="0"/>
<pin id="54989" dir="0" index="1" bw="24" slack="0"/>
<pin id="54990" dir="0" index="2" bw="5" slack="0"/>
<pin id="54991" dir="0" index="3" bw="6" slack="0"/>
<pin id="54992" dir="1" index="4" bw="14" slack="0"/>
</pin_list>
<bind>
<opcode="partselect(1002) " fcode="partselect"/>
<opset="trunc_ln42_120/1 "/>
</bind>
</comp>

<comp id="54997" class="1004" name="sext_ln73_54_fu_54997">
<pin_list>
<pin id="54998" dir="0" index="0" bw="14" slack="0"/>
<pin id="54999" dir="1" index="1" bw="15" slack="0"/>
</pin_list>
<bind>
<opcode="sext(35) " fcode="sext"/>
<opset="sext_ln73_54/1 "/>
</bind>
</comp>

<comp id="55001" class="1004" name="trunc_ln42_121_fu_55001">
<pin_list>
<pin id="55002" dir="0" index="0" bw="15" slack="0"/>
<pin id="55003" dir="0" index="1" bw="25" slack="0"/>
<pin id="55004" dir="0" index="2" bw="5" slack="0"/>
<pin id="55005" dir="0" index="3" bw="6" slack="0"/>
<pin id="55006" dir="1" index="4" bw="15" slack="0"/>
</pin_list>
<bind>
<opcode="partselect(1002) " fcode="partselect"/>
<opset="trunc_ln42_121/1 "/>
</bind>
</comp>

<comp id="55011" class="1004" name="sext_ln42_52_fu_55011">
<pin_list>
<pin id="55012" dir="0" index="0" bw="15" slack="0"/>
<pin id="55013" dir="1" index="1" bw="16" slack="0"/>
</pin_list>
<bind>
<opcode="sext(35) " fcode="sext"/>
<opset="sext_ln42_52/1 "/>
</bind>
</comp>

<comp id="55015" class="1004" name="tmp_9063_fu_55015">
<pin_list>
<pin id="55016" dir="0" index="0" bw="20" slack="0"/>
<pin id="55017" dir="0" index="1" bw="16" slack="0"/>
<pin id="55018" dir="0" index="2" bw="1" slack="0"/>
<pin id="55019" dir="1" index="3" bw="20" slack="0"/>
</pin_list>
<bind>
<opcode="bitconcatenate(1004) " fcode="bitconcatenate"/>
<opset="tmp_9063/1 "/>
</bind>
</comp>

<comp id="55023" class="1004" name="sext_ln73_55_fu_55023">
<pin_list>
<pin id="55024" dir="0" index="0" bw="20" slack="0"/>
<pin id="55025" dir="1" index="1" bw="22" slack="0"/>
</pin_list>
<bind>
<opcode="sext(35) " fcode="sext"/>
<opset="sext_ln73_55/1 "/>
</bind>
</comp>

<comp id="55027" class="1004" name="sub_ln73_24_fu_55027">
<pin_list>
<pin id="55028" dir="0" index="0" bw="1" slack="0"/>
<pin id="55029" dir="0" index="1" bw="20" slack="0"/>
<pin id="55030" dir="1" index="2" bw="22" slack="0"/>
</pin_list>
<bind>
<opcode="sub(10) " fcode="sub"/>
<opset="sub_ln73_24/1 "/>
</bind>
</comp>

<comp id="55033" class="1004" name="sext_ln73_56_fu_55033">
<pin_list>
<pin id="55034" dir="0" index="0" bw="18" slack="0"/>
<pin id="55035" dir="1" index="1" bw="22" slack="0"/>
</pin_list>
<bind>
<opcode="sext(35) " fcode="sext"/>
<opset="sext_ln73_56/1 "/>
</bind>
</comp>

<comp id="55037" class="1004" name="sub_ln73_25_fu_55037">
<pin_list>
<pin id="55038" dir="0" index="0" bw="22" slack="0"/>
<pin id="55039" dir="0" index="1" bw="18" slack="0"/>
<pin id="55040" dir="1" index="2" bw="22" slack="0"/>
</pin_list>
<bind>
<opcode="sub(10) " fcode="sub"/>
<opset="sub_ln73_25/1 "/>
</bind>
</comp>

<comp id="55043" class="1004" name="trunc_ln42_122_fu_55043">
<pin_list>
<pin id="55044" dir="0" index="0" bw="12" slack="0"/>
<pin id="55045" dir="0" index="1" bw="22" slack="0"/>
<pin id="55046" dir="0" index="2" bw="5" slack="0"/>
<pin id="55047" dir="0" index="3" bw="6" slack="0"/>
<pin id="55048" dir="1" index="4" bw="12" slack="0"/>
</pin_list>
<bind>
<opcode="partselect(1002) " fcode="partselect"/>
<opset="trunc_ln42_122/1 "/>
</bind>
</comp>

<comp id="55053" class="1004" name="sext_ln73_57_fu_55053">
<pin_list>
<pin id="55054" dir="0" index="0" bw="12" slack="0"/>
<pin id="55055" dir="1" index="1" bw="13" slack="0"/>
</pin_list>
<bind>
<opcode="sext(35) " fcode="sext"/>
<opset="sext_ln73_57/1 "/>
</bind>
</comp>

<comp id="55057" class="1004" name="trunc_ln42_123_fu_55057">
<pin_list>
<pin id="55058" dir="0" index="0" bw="16" slack="0"/>
<pin id="55059" dir="0" index="1" bw="26" slack="0"/>
<pin id="55060" dir="0" index="2" bw="5" slack="0"/>
<pin id="55061" dir="0" index="3" bw="6" slack="0"/>
<pin id="55062" dir="1" index="4" bw="16" slack="0"/>
</pin_list>
<bind>
<opcode="partselect(1002) " fcode="partselect"/>
<opset="trunc_ln42_123/1 "/>
</bind>
</comp>

<comp id="55067" class="1004" name="trunc_ln42_124_fu_55067">
<pin_list>
<pin id="55068" dir="0" index="0" bw="13" slack="0"/>
<pin id="55069" dir="0" index="1" bw="23" slack="0"/>
<pin id="55070" dir="0" index="2" bw="5" slack="0"/>
<pin id="55071" dir="0" index="3" bw="6" slack="0"/>
<pin id="55072" dir="1" index="4" bw="13" slack="0"/>
</pin_list>
<bind>
<opcode="partselect(1002) " fcode="partselect"/>
<opset="trunc_ln42_124/1 "/>
</bind>
</comp>

<comp id="55077" class="1004" name="sext_ln73_58_fu_55077">
<pin_list>
<pin id="55078" dir="0" index="0" bw="13" slack="0"/>
<pin id="55079" dir="1" index="1" bw="15" slack="0"/>
</pin_list>
<bind>
<opcode="sext(35) " fcode="sext"/>
<opset="sext_ln73_58/1 "/>
</bind>
</comp>

<comp id="55081" class="1004" name="trunc_ln42_125_fu_55081">
<pin_list>
<pin id="55082" dir="0" index="0" bw="16" slack="0"/>
<pin id="55083" dir="0" index="1" bw="26" slack="0"/>
<pin id="55084" dir="0" index="2" bw="5" slack="0"/>
<pin id="55085" dir="0" index="3" bw="6" slack="0"/>
<pin id="55086" dir="1" index="4" bw="16" slack="0"/>
</pin_list>
<bind>
<opcode="partselect(1002) " fcode="partselect"/>
<opset="trunc_ln42_125/1 "/>
</bind>
</comp>

<comp id="55091" class="1004" name="trunc_ln42_126_fu_55091">
<pin_list>
<pin id="55092" dir="0" index="0" bw="16" slack="0"/>
<pin id="55093" dir="0" index="1" bw="26" slack="0"/>
<pin id="55094" dir="0" index="2" bw="5" slack="0"/>
<pin id="55095" dir="0" index="3" bw="6" slack="0"/>
<pin id="55096" dir="1" index="4" bw="16" slack="0"/>
</pin_list>
<bind>
<opcode="partselect(1002) " fcode="partselect"/>
<opset="trunc_ln42_126/1 "/>
</bind>
</comp>

<comp id="55101" class="1004" name="add_ln58_fu_55101">
<pin_list>
<pin id="55102" dir="0" index="0" bw="16" slack="0"/>
<pin id="55103" dir="0" index="1" bw="15" slack="0"/>
<pin id="55104" dir="1" index="2" bw="16" slack="0"/>
</pin_list>
<bind>
<opcode="add(8) " fcode="add"/>
<opset="add_ln58/1 "/>
</bind>
</comp>

<comp id="55107" class="1004" name="add_ln58_1_fu_55107">
<pin_list>
<pin id="55108" dir="0" index="0" bw="15" slack="0"/>
<pin id="55109" dir="0" index="1" bw="16" slack="0"/>
<pin id="55110" dir="1" index="2" bw="16" slack="0"/>
</pin_list>
<bind>
<opcode="add(8) " fcode="add"/>
<opset="add_ln58_1/1 "/>
</bind>
</comp>

<comp id="55113" class="1004" name="add_ln58_2_fu_55113">
<pin_list>
<pin id="55114" dir="0" index="0" bw="16" slack="0"/>
<pin id="55115" dir="0" index="1" bw="16" slack="0"/>
<pin id="55116" dir="1" index="2" bw="16" slack="1"/>
</pin_list>
<bind>
<opcode="add(8) " fcode="add"/>
<opset="add_ln58_2/1 "/>
</bind>
</comp>

<comp id="55119" class="1004" name="add_ln58_3_fu_55119">
<pin_list>
<pin id="55120" dir="0" index="0" bw="14" slack="0"/>
<pin id="55121" dir="0" index="1" bw="13" slack="0"/>
<pin id="55122" dir="1" index="2" bw="15" slack="0"/>
</pin_list>
<bind>
<opcode="add(8) " fcode="add"/>
<opset="add_ln58_3/1 "/>
</bind>
</comp>

<comp id="55125" class="1004" name="sext_ln58_fu_55125">
<pin_list>
<pin id="55126" dir="0" index="0" bw="15" slack="0"/>
<pin id="55127" dir="1" index="1" bw="16" slack="0"/>
</pin_list>
<bind>
<opcode="sext(35) " fcode="sext"/>
<opset="sext_ln58/1 "/>
</bind>
</comp>

<comp id="55129" class="1004" name="add_ln58_4_fu_55129">
<pin_list>
<pin id="55130" dir="0" index="0" bw="16" slack="0"/>
<pin id="55131" dir="0" index="1" bw="15" slack="0"/>
<pin id="55132" dir="1" index="2" bw="16" slack="0"/>
</pin_list>
<bind>
<opcode="add(8) " fcode="add"/>
<opset="add_ln58_4/1 "/>
</bind>
</comp>

<comp id="55135" class="1004" name="add_ln58_5_fu_55135">
<pin_list>
<pin id="55136" dir="0" index="0" bw="16" slack="0"/>
<pin id="55137" dir="0" index="1" bw="15" slack="0"/>
<pin id="55138" dir="1" index="2" bw="16" slack="1"/>
</pin_list>
<bind>
<opcode="add(8) " fcode="add"/>
<opset="add_ln58_5/1 "/>
</bind>
</comp>

<comp id="55141" class="1004" name="add_ln58_7_fu_55141">
<pin_list>
<pin id="55142" dir="0" index="0" bw="16" slack="0"/>
<pin id="55143" dir="0" index="1" bw="16" slack="0"/>
<pin id="55144" dir="1" index="2" bw="16" slack="1"/>
</pin_list>
<bind>
<opcode="add(8) " fcode="add"/>
<opset="add_ln58_7/1 "/>
</bind>
</comp>

<comp id="55147" class="1004" name="add_ln58_8_fu_55147">
<pin_list>
<pin id="55148" dir="0" index="0" bw="15" slack="0"/>
<pin id="55149" dir="0" index="1" bw="15" slack="0"/>
<pin id="55150" dir="1" index="2" bw="16" slack="1"/>
</pin_list>
<bind>
<opcode="add(8) " fcode="add"/>
<opset="add_ln58_8/1 "/>
</bind>
</comp>

<comp id="55153" class="1004" name="add_ln58_10_fu_55153">
<pin_list>
<pin id="55154" dir="0" index="0" bw="16" slack="0"/>
<pin id="55155" dir="0" index="1" bw="15" slack="0"/>
<pin id="55156" dir="1" index="2" bw="16" slack="0"/>
</pin_list>
<bind>
<opcode="add(8) " fcode="add"/>
<opset="add_ln58_10/1 "/>
</bind>
</comp>

<comp id="55159" class="1004" name="add_ln58_11_fu_55159">
<pin_list>
<pin id="55160" dir="0" index="0" bw="16" slack="0"/>
<pin id="55161" dir="0" index="1" bw="15" slack="0"/>
<pin id="55162" dir="1" index="2" bw="16" slack="0"/>
</pin_list>
<bind>
<opcode="add(8) " fcode="add"/>
<opset="add_ln58_11/1 "/>
</bind>
</comp>

<comp id="55165" class="1004" name="add_ln58_12_fu_55165">
<pin_list>
<pin id="55166" dir="0" index="0" bw="16" slack="0"/>
<pin id="55167" dir="0" index="1" bw="16" slack="0"/>
<pin id="55168" dir="1" index="2" bw="16" slack="1"/>
</pin_list>
<bind>
<opcode="add(8) " fcode="add"/>
<opset="add_ln58_12/1 "/>
</bind>
</comp>

<comp id="55171" class="1004" name="add_ln58_15_fu_55171">
<pin_list>
<pin id="55172" dir="0" index="0" bw="13" slack="0"/>
<pin id="55173" dir="0" index="1" bw="14" slack="0"/>
<pin id="55174" dir="1" index="2" bw="15" slack="0"/>
</pin_list>
<bind>
<opcode="add(8) " fcode="add"/>
<opset="add_ln58_15/1 "/>
</bind>
</comp>

<comp id="55177" class="1004" name="sext_ln58_1_fu_55177">
<pin_list>
<pin id="55178" dir="0" index="0" bw="15" slack="0"/>
<pin id="55179" dir="1" index="1" bw="16" slack="0"/>
</pin_list>
<bind>
<opcode="sext(35) " fcode="sext"/>
<opset="sext_ln58_1/1 "/>
</bind>
</comp>

<comp id="55181" class="1004" name="add_ln58_16_fu_55181">
<pin_list>
<pin id="55182" dir="0" index="0" bw="15" slack="0"/>
<pin id="55183" dir="0" index="1" bw="14" slack="0"/>
<pin id="55184" dir="1" index="2" bw="16" slack="0"/>
</pin_list>
<bind>
<opcode="add(8) " fcode="add"/>
<opset="add_ln58_16/1 "/>
</bind>
</comp>

<comp id="55187" class="1004" name="add_ln58_17_fu_55187">
<pin_list>
<pin id="55188" dir="0" index="0" bw="16" slack="0"/>
<pin id="55189" dir="0" index="1" bw="15" slack="0"/>
<pin id="55190" dir="1" index="2" bw="16" slack="1"/>
</pin_list>
<bind>
<opcode="add(8) " fcode="add"/>
<opset="add_ln58_17/1 "/>
</bind>
</comp>

<comp id="55193" class="1004" name="add_ln58_18_fu_55193">
<pin_list>
<pin id="55194" dir="0" index="0" bw="16" slack="0"/>
<pin id="55195" dir="0" index="1" bw="12" slack="0"/>
<pin id="55196" dir="1" index="2" bw="16" slack="0"/>
</pin_list>
<bind>
<opcode="add(8) " fcode="add"/>
<opset="add_ln58_18/1 "/>
</bind>
</comp>

<comp id="55199" class="1004" name="add_ln58_19_fu_55199">
<pin_list>
<pin id="55200" dir="0" index="0" bw="14" slack="0"/>
<pin id="55201" dir="0" index="1" bw="13" slack="0"/>
<pin id="55202" dir="1" index="2" bw="15" slack="0"/>
</pin_list>
<bind>
<opcode="add(8) " fcode="add"/>
<opset="add_ln58_19/1 "/>
</bind>
</comp>

<comp id="55205" class="1004" name="sext_ln58_2_fu_55205">
<pin_list>
<pin id="55206" dir="0" index="0" bw="15" slack="0"/>
<pin id="55207" dir="1" index="1" bw="16" slack="0"/>
</pin_list>
<bind>
<opcode="sext(35) " fcode="sext"/>
<opset="sext_ln58_2/1 "/>
</bind>
</comp>

<comp id="55209" class="1004" name="add_ln58_20_fu_55209">
<pin_list>
<pin id="55210" dir="0" index="0" bw="15" slack="0"/>
<pin id="55211" dir="0" index="1" bw="16" slack="0"/>
<pin id="55212" dir="1" index="2" bw="16" slack="1"/>
</pin_list>
<bind>
<opcode="add(8) " fcode="add"/>
<opset="add_ln58_20/1 "/>
</bind>
</comp>

<comp id="55215" class="1004" name="add_ln58_22_fu_55215">
<pin_list>
<pin id="55216" dir="0" index="0" bw="16" slack="0"/>
<pin id="55217" dir="0" index="1" bw="16" slack="0"/>
<pin id="55218" dir="1" index="2" bw="16" slack="0"/>
</pin_list>
<bind>
<opcode="add(8) " fcode="add"/>
<opset="add_ln58_22/1 "/>
</bind>
</comp>

<comp id="55221" class="1004" name="add_ln58_23_fu_55221">
<pin_list>
<pin id="55222" dir="0" index="0" bw="16" slack="0"/>
<pin id="55223" dir="0" index="1" bw="13" slack="0"/>
<pin id="55224" dir="1" index="2" bw="16" slack="0"/>
</pin_list>
<bind>
<opcode="add(8) " fcode="add"/>
<opset="add_ln58_23/1 "/>
</bind>
</comp>

<comp id="55227" class="1004" name="add_ln58_24_fu_55227">
<pin_list>
<pin id="55228" dir="0" index="0" bw="16" slack="0"/>
<pin id="55229" dir="0" index="1" bw="16" slack="0"/>
<pin id="55230" dir="1" index="2" bw="16" slack="0"/>
</pin_list>
<bind>
<opcode="add(8) " fcode="add"/>
<opset="add_ln58_24/1 "/>
</bind>
</comp>

<comp id="55233" class="1004" name="add_ln58_25_fu_55233">
<pin_list>
<pin id="55234" dir="0" index="0" bw="15" slack="0"/>
<pin id="55235" dir="0" index="1" bw="15" slack="0"/>
<pin id="55236" dir="1" index="2" bw="16" slack="0"/>
</pin_list>
<bind>
<opcode="add(8) " fcode="add"/>
<opset="add_ln58_25/1 "/>
</bind>
</comp>

<comp id="55239" class="1004" name="add_ln58_26_fu_55239">
<pin_list>
<pin id="55240" dir="0" index="0" bw="14" slack="0"/>
<pin id="55241" dir="0" index="1" bw="7" slack="0"/>
<pin id="55242" dir="1" index="2" bw="15" slack="0"/>
</pin_list>
<bind>
<opcode="add(8) " fcode="add"/>
<opset="add_ln58_26/1 "/>
</bind>
</comp>

<comp id="55245" class="1004" name="sext_ln58_3_fu_55245">
<pin_list>
<pin id="55246" dir="0" index="0" bw="15" slack="0"/>
<pin id="55247" dir="1" index="1" bw="16" slack="0"/>
</pin_list>
<bind>
<opcode="sext(35) " fcode="sext"/>
<opset="sext_ln58_3/1 "/>
</bind>
</comp>

<comp id="55249" class="1004" name="add_ln58_27_fu_55249">
<pin_list>
<pin id="55250" dir="0" index="0" bw="15" slack="0"/>
<pin id="55251" dir="0" index="1" bw="16" slack="0"/>
<pin id="55252" dir="1" index="2" bw="16" slack="0"/>
</pin_list>
<bind>
<opcode="add(8) " fcode="add"/>
<opset="add_ln58_27/1 "/>
</bind>
</comp>

<comp id="55255" class="1004" name="add_ln58_28_fu_55255">
<pin_list>
<pin id="55256" dir="0" index="0" bw="16" slack="0"/>
<pin id="55257" dir="0" index="1" bw="16" slack="0"/>
<pin id="55258" dir="1" index="2" bw="16" slack="1"/>
</pin_list>
<bind>
<opcode="add(8) " fcode="add"/>
<opset="add_ln58_28/1 "/>
</bind>
</comp>

<comp id="55261" class="1004" name="add_ln58_30_fu_55261">
<pin_list>
<pin id="55262" dir="0" index="0" bw="16" slack="0"/>
<pin id="55263" dir="0" index="1" bw="16" slack="0"/>
<pin id="55264" dir="1" index="2" bw="16" slack="0"/>
</pin_list>
<bind>
<opcode="add(8) " fcode="add"/>
<opset="add_ln58_30/1 "/>
</bind>
</comp>

<comp id="55267" class="1004" name="add_ln58_31_fu_55267">
<pin_list>
<pin id="55268" dir="0" index="0" bw="16" slack="0"/>
<pin id="55269" dir="0" index="1" bw="15" slack="0"/>
<pin id="55270" dir="1" index="2" bw="16" slack="0"/>
</pin_list>
<bind>
<opcode="add(8) " fcode="add"/>
<opset="add_ln58_31/1 "/>
</bind>
</comp>

<comp id="55273" class="1004" name="add_ln58_32_fu_55273">
<pin_list>
<pin id="55274" dir="0" index="0" bw="16" slack="0"/>
<pin id="55275" dir="0" index="1" bw="16" slack="0"/>
<pin id="55276" dir="1" index="2" bw="16" slack="1"/>
</pin_list>
<bind>
<opcode="add(8) " fcode="add"/>
<opset="add_ln58_32/1 "/>
</bind>
</comp>

<comp id="55279" class="1004" name="add_ln58_33_fu_55279">
<pin_list>
<pin id="55280" dir="0" index="0" bw="15" slack="0"/>
<pin id="55281" dir="0" index="1" bw="15" slack="0"/>
<pin id="55282" dir="1" index="2" bw="16" slack="0"/>
</pin_list>
<bind>
<opcode="add(8) " fcode="add"/>
<opset="add_ln58_33/1 "/>
</bind>
</comp>

<comp id="55285" class="1004" name="add_ln58_34_fu_55285">
<pin_list>
<pin id="55286" dir="0" index="0" bw="15" slack="0"/>
<pin id="55287" dir="0" index="1" bw="16" slack="0"/>
<pin id="55288" dir="1" index="2" bw="16" slack="0"/>
</pin_list>
<bind>
<opcode="add(8) " fcode="add"/>
<opset="add_ln58_34/1 "/>
</bind>
</comp>

<comp id="55291" class="1004" name="add_ln58_35_fu_55291">
<pin_list>
<pin id="55292" dir="0" index="0" bw="16" slack="0"/>
<pin id="55293" dir="0" index="1" bw="16" slack="0"/>
<pin id="55294" dir="1" index="2" bw="16" slack="1"/>
</pin_list>
<bind>
<opcode="add(8) " fcode="add"/>
<opset="add_ln58_35/1 "/>
</bind>
</comp>

<comp id="55297" class="1004" name="add_ln58_37_fu_55297">
<pin_list>
<pin id="55298" dir="0" index="0" bw="14" slack="0"/>
<pin id="55299" dir="0" index="1" bw="16" slack="0"/>
<pin id="55300" dir="1" index="2" bw="16" slack="1"/>
</pin_list>
<bind>
<opcode="add(8) " fcode="add"/>
<opset="add_ln58_37/1 "/>
</bind>
</comp>

<comp id="55303" class="1004" name="add_ln58_38_fu_55303">
<pin_list>
<pin id="55304" dir="0" index="0" bw="16" slack="0"/>
<pin id="55305" dir="0" index="1" bw="15" slack="0"/>
<pin id="55306" dir="1" index="2" bw="16" slack="1"/>
</pin_list>
<bind>
<opcode="add(8) " fcode="add"/>
<opset="add_ln58_38/1 "/>
</bind>
</comp>

<comp id="55309" class="1004" name="add_ln58_40_fu_55309">
<pin_list>
<pin id="55310" dir="0" index="0" bw="14" slack="0"/>
<pin id="55311" dir="0" index="1" bw="16" slack="0"/>
<pin id="55312" dir="1" index="2" bw="16" slack="0"/>
</pin_list>
<bind>
<opcode="add(8) " fcode="add"/>
<opset="add_ln58_40/1 "/>
</bind>
</comp>

<comp id="55315" class="1004" name="add_ln58_41_fu_55315">
<pin_list>
<pin id="55316" dir="0" index="0" bw="14" slack="0"/>
<pin id="55317" dir="0" index="1" bw="15" slack="0"/>
<pin id="55318" dir="1" index="2" bw="16" slack="0"/>
</pin_list>
<bind>
<opcode="add(8) " fcode="add"/>
<opset="add_ln58_41/1 "/>
</bind>
</comp>

<comp id="55321" class="1004" name="add_ln58_42_fu_55321">
<pin_list>
<pin id="55322" dir="0" index="0" bw="16" slack="0"/>
<pin id="55323" dir="0" index="1" bw="16" slack="0"/>
<pin id="55324" dir="1" index="2" bw="16" slack="1"/>
</pin_list>
<bind>
<opcode="add(8) " fcode="add"/>
<opset="add_ln58_42/1 "/>
</bind>
</comp>

<comp id="55327" class="1004" name="add_ln58_45_fu_55327">
<pin_list>
<pin id="55328" dir="0" index="0" bw="15" slack="0"/>
<pin id="55329" dir="0" index="1" bw="16" slack="0"/>
<pin id="55330" dir="1" index="2" bw="16" slack="0"/>
</pin_list>
<bind>
<opcode="add(8) " fcode="add"/>
<opset="add_ln58_45/1 "/>
</bind>
</comp>

<comp id="55333" class="1004" name="add_ln58_46_fu_55333">
<pin_list>
<pin id="55334" dir="0" index="0" bw="16" slack="0"/>
<pin id="55335" dir="0" index="1" bw="16" slack="0"/>
<pin id="55336" dir="1" index="2" bw="16" slack="0"/>
</pin_list>
<bind>
<opcode="add(8) " fcode="add"/>
<opset="add_ln58_46/1 "/>
</bind>
</comp>

<comp id="55339" class="1004" name="add_ln58_47_fu_55339">
<pin_list>
<pin id="55340" dir="0" index="0" bw="16" slack="0"/>
<pin id="55341" dir="0" index="1" bw="16" slack="0"/>
<pin id="55342" dir="1" index="2" bw="16" slack="1"/>
</pin_list>
<bind>
<opcode="add(8) " fcode="add"/>
<opset="add_ln58_47/1 "/>
</bind>
</comp>

<comp id="55345" class="1004" name="add_ln58_48_fu_55345">
<pin_list>
<pin id="55346" dir="0" index="0" bw="15" slack="0"/>
<pin id="55347" dir="0" index="1" bw="16" slack="0"/>
<pin id="55348" dir="1" index="2" bw="16" slack="0"/>
</pin_list>
<bind>
<opcode="add(8) " fcode="add"/>
<opset="add_ln58_48/1 "/>
</bind>
</comp>

<comp id="55351" class="1004" name="add_ln58_49_fu_55351">
<pin_list>
<pin id="55352" dir="0" index="0" bw="12" slack="0"/>
<pin id="55353" dir="0" index="1" bw="14" slack="0"/>
<pin id="55354" dir="1" index="2" bw="15" slack="0"/>
</pin_list>
<bind>
<opcode="add(8) " fcode="add"/>
<opset="add_ln58_49/1 "/>
</bind>
</comp>

<comp id="55357" class="1004" name="sext_ln58_4_fu_55357">
<pin_list>
<pin id="55358" dir="0" index="0" bw="15" slack="0"/>
<pin id="55359" dir="1" index="1" bw="16" slack="0"/>
</pin_list>
<bind>
<opcode="sext(35) " fcode="sext"/>
<opset="sext_ln58_4/1 "/>
</bind>
</comp>

<comp id="55361" class="1004" name="add_ln58_50_fu_55361">
<pin_list>
<pin id="55362" dir="0" index="0" bw="15" slack="0"/>
<pin id="55363" dir="0" index="1" bw="16" slack="0"/>
<pin id="55364" dir="1" index="2" bw="16" slack="1"/>
</pin_list>
<bind>
<opcode="add(8) " fcode="add"/>
<opset="add_ln58_50/1 "/>
</bind>
</comp>

<comp id="55367" class="1004" name="add_ln58_52_fu_55367">
<pin_list>
<pin id="55368" dir="0" index="0" bw="16" slack="0"/>
<pin id="55369" dir="0" index="1" bw="12" slack="0"/>
<pin id="55370" dir="1" index="2" bw="16" slack="0"/>
</pin_list>
<bind>
<opcode="add(8) " fcode="add"/>
<opset="add_ln58_52/1 "/>
</bind>
</comp>

<comp id="55373" class="1004" name="add_ln58_53_fu_55373">
<pin_list>
<pin id="55374" dir="0" index="0" bw="9" slack="0"/>
<pin id="55375" dir="0" index="1" bw="15" slack="0"/>
<pin id="55376" dir="1" index="2" bw="16" slack="0"/>
</pin_list>
<bind>
<opcode="add(8) " fcode="add"/>
<opset="add_ln58_53/1 "/>
</bind>
</comp>

<comp id="55379" class="1004" name="add_ln58_54_fu_55379">
<pin_list>
<pin id="55380" dir="0" index="0" bw="16" slack="0"/>
<pin id="55381" dir="0" index="1" bw="16" slack="0"/>
<pin id="55382" dir="1" index="2" bw="16" slack="0"/>
</pin_list>
<bind>
<opcode="add(8) " fcode="add"/>
<opset="add_ln58_54/1 "/>
</bind>
</comp>

<comp id="55385" class="1004" name="add_ln58_55_fu_55385">
<pin_list>
<pin id="55386" dir="0" index="0" bw="14" slack="0"/>
<pin id="55387" dir="0" index="1" bw="16" slack="0"/>
<pin id="55388" dir="1" index="2" bw="16" slack="0"/>
</pin_list>
<bind>
<opcode="add(8) " fcode="add"/>
<opset="add_ln58_55/1 "/>
</bind>
</comp>

<comp id="55391" class="1004" name="add_ln58_56_fu_55391">
<pin_list>
<pin id="55392" dir="0" index="0" bw="12" slack="0"/>
<pin id="55393" dir="0" index="1" bw="12" slack="0"/>
<pin id="55394" dir="1" index="2" bw="13" slack="0"/>
</pin_list>
<bind>
<opcode="add(8) " fcode="add"/>
<opset="add_ln58_56/1 "/>
</bind>
</comp>

<comp id="55397" class="1004" name="sext_ln58_5_fu_55397">
<pin_list>
<pin id="55398" dir="0" index="0" bw="13" slack="0"/>
<pin id="55399" dir="1" index="1" bw="16" slack="0"/>
</pin_list>
<bind>
<opcode="sext(35) " fcode="sext"/>
<opset="sext_ln58_5/1 "/>
</bind>
</comp>

<comp id="55401" class="1004" name="add_ln58_57_fu_55401">
<pin_list>
<pin id="55402" dir="0" index="0" bw="13" slack="0"/>
<pin id="55403" dir="0" index="1" bw="16" slack="0"/>
<pin id="55404" dir="1" index="2" bw="16" slack="0"/>
</pin_list>
<bind>
<opcode="add(8) " fcode="add"/>
<opset="add_ln58_57/1 "/>
</bind>
</comp>

<comp id="55407" class="1004" name="add_ln58_58_fu_55407">
<pin_list>
<pin id="55408" dir="0" index="0" bw="16" slack="0"/>
<pin id="55409" dir="0" index="1" bw="16" slack="0"/>
<pin id="55410" dir="1" index="2" bw="16" slack="1"/>
</pin_list>
<bind>
<opcode="add(8) " fcode="add"/>
<opset="add_ln58_58/1 "/>
</bind>
</comp>

<comp id="55413" class="1004" name="add_ln58_60_fu_55413">
<pin_list>
<pin id="55414" dir="0" index="0" bw="16" slack="0"/>
<pin id="55415" dir="0" index="1" bw="16" slack="0"/>
<pin id="55416" dir="1" index="2" bw="16" slack="0"/>
</pin_list>
<bind>
<opcode="add(8) " fcode="add"/>
<opset="add_ln58_60/1 "/>
</bind>
</comp>

<comp id="55419" class="1004" name="add_ln58_61_fu_55419">
<pin_list>
<pin id="55420" dir="0" index="0" bw="15" slack="0"/>
<pin id="55421" dir="0" index="1" bw="16" slack="0"/>
<pin id="55422" dir="1" index="2" bw="16" slack="0"/>
</pin_list>
<bind>
<opcode="add(8) " fcode="add"/>
<opset="add_ln58_61/1 "/>
</bind>
</comp>

<comp id="55425" class="1004" name="add_ln58_62_fu_55425">
<pin_list>
<pin id="55426" dir="0" index="0" bw="16" slack="0"/>
<pin id="55427" dir="0" index="1" bw="16" slack="0"/>
<pin id="55428" dir="1" index="2" bw="16" slack="1"/>
</pin_list>
<bind>
<opcode="add(8) " fcode="add"/>
<opset="add_ln58_62/1 "/>
</bind>
</comp>

<comp id="55431" class="1004" name="add_ln58_63_fu_55431">
<pin_list>
<pin id="55432" dir="0" index="0" bw="16" slack="0"/>
<pin id="55433" dir="0" index="1" bw="14" slack="0"/>
<pin id="55434" dir="1" index="2" bw="16" slack="0"/>
</pin_list>
<bind>
<opcode="add(8) " fcode="add"/>
<opset="add_ln58_63/1 "/>
</bind>
</comp>

<comp id="55437" class="1004" name="add_ln58_64_fu_55437">
<pin_list>
<pin id="55438" dir="0" index="0" bw="15" slack="0"/>
<pin id="55439" dir="0" index="1" bw="15" slack="0"/>
<pin id="55440" dir="1" index="2" bw="16" slack="0"/>
</pin_list>
<bind>
<opcode="add(8) " fcode="add"/>
<opset="add_ln58_64/1 "/>
</bind>
</comp>

<comp id="55443" class="1004" name="add_ln58_65_fu_55443">
<pin_list>
<pin id="55444" dir="0" index="0" bw="16" slack="0"/>
<pin id="55445" dir="0" index="1" bw="16" slack="0"/>
<pin id="55446" dir="1" index="2" bw="16" slack="1"/>
</pin_list>
<bind>
<opcode="add(8) " fcode="add"/>
<opset="add_ln58_65/1 "/>
</bind>
</comp>

<comp id="55449" class="1004" name="add_ln58_67_fu_55449">
<pin_list>
<pin id="55450" dir="0" index="0" bw="16" slack="0"/>
<pin id="55451" dir="0" index="1" bw="10" slack="0"/>
<pin id="55452" dir="1" index="2" bw="16" slack="1"/>
</pin_list>
<bind>
<opcode="add(8) " fcode="add"/>
<opset="add_ln58_67/1 "/>
</bind>
</comp>

<comp id="55455" class="1004" name="add_ln58_68_fu_55455">
<pin_list>
<pin id="55456" dir="0" index="0" bw="13" slack="0"/>
<pin id="55457" dir="0" index="1" bw="16" slack="0"/>
<pin id="55458" dir="1" index="2" bw="16" slack="1"/>
</pin_list>
<bind>
<opcode="add(8) " fcode="add"/>
<opset="add_ln58_68/1 "/>
</bind>
</comp>

<comp id="55461" class="1004" name="add_ln58_70_fu_55461">
<pin_list>
<pin id="55462" dir="0" index="0" bw="16" slack="0"/>
<pin id="55463" dir="0" index="1" bw="16" slack="0"/>
<pin id="55464" dir="1" index="2" bw="16" slack="0"/>
</pin_list>
<bind>
<opcode="add(8) " fcode="add"/>
<opset="add_ln58_70/1 "/>
</bind>
</comp>

<comp id="55467" class="1004" name="add_ln58_71_fu_55467">
<pin_list>
<pin id="55468" dir="0" index="0" bw="13" slack="0"/>
<pin id="55469" dir="0" index="1" bw="16" slack="0"/>
<pin id="55470" dir="1" index="2" bw="16" slack="0"/>
</pin_list>
<bind>
<opcode="add(8) " fcode="add"/>
<opset="add_ln58_71/1 "/>
</bind>
</comp>

<comp id="55473" class="1004" name="add_ln58_72_fu_55473">
<pin_list>
<pin id="55474" dir="0" index="0" bw="16" slack="0"/>
<pin id="55475" dir="0" index="1" bw="16" slack="0"/>
<pin id="55476" dir="1" index="2" bw="16" slack="1"/>
</pin_list>
<bind>
<opcode="add(8) " fcode="add"/>
<opset="add_ln58_72/1 "/>
</bind>
</comp>

<comp id="55479" class="1004" name="add_ln58_75_fu_55479">
<pin_list>
<pin id="55480" dir="0" index="0" bw="16" slack="0"/>
<pin id="55481" dir="0" index="1" bw="15" slack="0"/>
<pin id="55482" dir="1" index="2" bw="16" slack="0"/>
</pin_list>
<bind>
<opcode="add(8) " fcode="add"/>
<opset="add_ln58_75/1 "/>
</bind>
</comp>

<comp id="55485" class="1004" name="add_ln58_76_fu_55485">
<pin_list>
<pin id="55486" dir="0" index="0" bw="16" slack="0"/>
<pin id="55487" dir="0" index="1" bw="14" slack="0"/>
<pin id="55488" dir="1" index="2" bw="16" slack="0"/>
</pin_list>
<bind>
<opcode="add(8) " fcode="add"/>
<opset="add_ln58_76/1 "/>
</bind>
</comp>

<comp id="55491" class="1004" name="add_ln58_77_fu_55491">
<pin_list>
<pin id="55492" dir="0" index="0" bw="16" slack="0"/>
<pin id="55493" dir="0" index="1" bw="16" slack="0"/>
<pin id="55494" dir="1" index="2" bw="16" slack="1"/>
</pin_list>
<bind>
<opcode="add(8) " fcode="add"/>
<opset="add_ln58_77/1 "/>
</bind>
</comp>

<comp id="55497" class="1004" name="add_ln58_78_fu_55497">
<pin_list>
<pin id="55498" dir="0" index="0" bw="16" slack="0"/>
<pin id="55499" dir="0" index="1" bw="16" slack="0"/>
<pin id="55500" dir="1" index="2" bw="16" slack="0"/>
</pin_list>
<bind>
<opcode="add(8) " fcode="add"/>
<opset="add_ln58_78/1 "/>
</bind>
</comp>

<comp id="55503" class="1004" name="add_ln58_79_fu_55503">
<pin_list>
<pin id="55504" dir="0" index="0" bw="16" slack="0"/>
<pin id="55505" dir="0" index="1" bw="16" slack="0"/>
<pin id="55506" dir="1" index="2" bw="16" slack="0"/>
</pin_list>
<bind>
<opcode="add(8) " fcode="add"/>
<opset="add_ln58_79/1 "/>
</bind>
</comp>

<comp id="55509" class="1004" name="add_ln58_80_fu_55509">
<pin_list>
<pin id="55510" dir="0" index="0" bw="16" slack="0"/>
<pin id="55511" dir="0" index="1" bw="16" slack="0"/>
<pin id="55512" dir="1" index="2" bw="16" slack="1"/>
</pin_list>
<bind>
<opcode="add(8) " fcode="add"/>
<opset="add_ln58_80/1 "/>
</bind>
</comp>

<comp id="55515" class="1004" name="add_ln58_82_fu_55515">
<pin_list>
<pin id="55516" dir="0" index="0" bw="15" slack="0"/>
<pin id="55517" dir="0" index="1" bw="16" slack="0"/>
<pin id="55518" dir="1" index="2" bw="16" slack="1"/>
</pin_list>
<bind>
<opcode="add(8) " fcode="add"/>
<opset="add_ln58_82/1 "/>
</bind>
</comp>

<comp id="55521" class="1004" name="add_ln58_83_fu_55521">
<pin_list>
<pin id="55522" dir="0" index="0" bw="14" slack="0"/>
<pin id="55523" dir="0" index="1" bw="16" slack="0"/>
<pin id="55524" dir="1" index="2" bw="16" slack="1"/>
</pin_list>
<bind>
<opcode="add(8) " fcode="add"/>
<opset="add_ln58_83/1 "/>
</bind>
</comp>

<comp id="55527" class="1004" name="add_ln58_85_fu_55527">
<pin_list>
<pin id="55528" dir="0" index="0" bw="16" slack="0"/>
<pin id="55529" dir="0" index="1" bw="14" slack="0"/>
<pin id="55530" dir="1" index="2" bw="16" slack="0"/>
</pin_list>
<bind>
<opcode="add(8) " fcode="add"/>
<opset="add_ln58_85/1 "/>
</bind>
</comp>

<comp id="55533" class="1004" name="add_ln58_86_fu_55533">
<pin_list>
<pin id="55534" dir="0" index="0" bw="14" slack="0"/>
<pin id="55535" dir="0" index="1" bw="13" slack="0"/>
<pin id="55536" dir="1" index="2" bw="15" slack="0"/>
</pin_list>
<bind>
<opcode="add(8) " fcode="add"/>
<opset="add_ln58_86/1 "/>
</bind>
</comp>

<comp id="55539" class="1004" name="sext_ln58_6_fu_55539">
<pin_list>
<pin id="55540" dir="0" index="0" bw="15" slack="0"/>
<pin id="55541" dir="1" index="1" bw="16" slack="0"/>
</pin_list>
<bind>
<opcode="sext(35) " fcode="sext"/>
<opset="sext_ln58_6/1 "/>
</bind>
</comp>

<comp id="55543" class="1004" name="add_ln58_87_fu_55543">
<pin_list>
<pin id="55544" dir="0" index="0" bw="15" slack="0"/>
<pin id="55545" dir="0" index="1" bw="16" slack="0"/>
<pin id="55546" dir="1" index="2" bw="16" slack="1"/>
</pin_list>
<bind>
<opcode="add(8) " fcode="add"/>
<opset="add_ln58_87/1 "/>
</bind>
</comp>

<comp id="55549" class="1004" name="add_ln58_90_fu_55549">
<pin_list>
<pin id="55550" dir="0" index="0" bw="16" slack="0"/>
<pin id="55551" dir="0" index="1" bw="12" slack="0"/>
<pin id="55552" dir="1" index="2" bw="16" slack="0"/>
</pin_list>
<bind>
<opcode="add(8) " fcode="add"/>
<opset="add_ln58_90/1 "/>
</bind>
</comp>

<comp id="55555" class="1004" name="add_ln58_91_fu_55555">
<pin_list>
<pin id="55556" dir="0" index="0" bw="14" slack="0"/>
<pin id="55557" dir="0" index="1" bw="15" slack="0"/>
<pin id="55558" dir="1" index="2" bw="16" slack="0"/>
</pin_list>
<bind>
<opcode="add(8) " fcode="add"/>
<opset="add_ln58_91/1 "/>
</bind>
</comp>

<comp id="55561" class="1004" name="add_ln58_92_fu_55561">
<pin_list>
<pin id="55562" dir="0" index="0" bw="16" slack="0"/>
<pin id="55563" dir="0" index="1" bw="16" slack="0"/>
<pin id="55564" dir="1" index="2" bw="16" slack="1"/>
</pin_list>
<bind>
<opcode="add(8) " fcode="add"/>
<opset="add_ln58_92/1 "/>
</bind>
</comp>

<comp id="55567" class="1004" name="add_ln58_93_fu_55567">
<pin_list>
<pin id="55568" dir="0" index="0" bw="16" slack="0"/>
<pin id="55569" dir="0" index="1" bw="15" slack="0"/>
<pin id="55570" dir="1" index="2" bw="16" slack="0"/>
</pin_list>
<bind>
<opcode="add(8) " fcode="add"/>
<opset="add_ln58_93/1 "/>
</bind>
</comp>

<comp id="55573" class="1004" name="add_ln58_94_fu_55573">
<pin_list>
<pin id="55574" dir="0" index="0" bw="16" slack="0"/>
<pin id="55575" dir="0" index="1" bw="16" slack="0"/>
<pin id="55576" dir="1" index="2" bw="16" slack="0"/>
</pin_list>
<bind>
<opcode="add(8) " fcode="add"/>
<opset="add_ln58_94/1 "/>
</bind>
</comp>

<comp id="55579" class="1004" name="add_ln58_95_fu_55579">
<pin_list>
<pin id="55580" dir="0" index="0" bw="16" slack="0"/>
<pin id="55581" dir="0" index="1" bw="16" slack="0"/>
<pin id="55582" dir="1" index="2" bw="16" slack="1"/>
</pin_list>
<bind>
<opcode="add(8) " fcode="add"/>
<opset="add_ln58_95/1 "/>
</bind>
</comp>

<comp id="55585" class="1004" name="add_ln58_97_fu_55585">
<pin_list>
<pin id="55586" dir="0" index="0" bw="16" slack="0"/>
<pin id="55587" dir="0" index="1" bw="16" slack="0"/>
<pin id="55588" dir="1" index="2" bw="16" slack="1"/>
</pin_list>
<bind>
<opcode="add(8) " fcode="add"/>
<opset="add_ln58_97/1 "/>
</bind>
</comp>

<comp id="55591" class="1004" name="add_ln58_98_fu_55591">
<pin_list>
<pin id="55592" dir="0" index="0" bw="16" slack="0"/>
<pin id="55593" dir="0" index="1" bw="15" slack="0"/>
<pin id="55594" dir="1" index="2" bw="16" slack="1"/>
</pin_list>
<bind>
<opcode="add(8) " fcode="add"/>
<opset="add_ln58_98/1 "/>
</bind>
</comp>

<comp id="55597" class="1004" name="add_ln58_100_fu_55597">
<pin_list>
<pin id="55598" dir="0" index="0" bw="14" slack="0"/>
<pin id="55599" dir="0" index="1" bw="16" slack="0"/>
<pin id="55600" dir="1" index="2" bw="16" slack="0"/>
</pin_list>
<bind>
<opcode="add(8) " fcode="add"/>
<opset="add_ln58_100/1 "/>
</bind>
</comp>

<comp id="55603" class="1004" name="add_ln58_101_fu_55603">
<pin_list>
<pin id="55604" dir="0" index="0" bw="16" slack="0"/>
<pin id="55605" dir="0" index="1" bw="16" slack="0"/>
<pin id="55606" dir="1" index="2" bw="16" slack="0"/>
</pin_list>
<bind>
<opcode="add(8) " fcode="add"/>
<opset="add_ln58_101/1 "/>
</bind>
</comp>

<comp id="55609" class="1004" name="add_ln58_102_fu_55609">
<pin_list>
<pin id="55610" dir="0" index="0" bw="16" slack="0"/>
<pin id="55611" dir="0" index="1" bw="16" slack="0"/>
<pin id="55612" dir="1" index="2" bw="16" slack="1"/>
</pin_list>
<bind>
<opcode="add(8) " fcode="add"/>
<opset="add_ln58_102/1 "/>
</bind>
</comp>

<comp id="55615" class="1004" name="add_ln58_105_fu_55615">
<pin_list>
<pin id="55616" dir="0" index="0" bw="15" slack="0"/>
<pin id="55617" dir="0" index="1" bw="15" slack="0"/>
<pin id="55618" dir="1" index="2" bw="16" slack="0"/>
</pin_list>
<bind>
<opcode="add(8) " fcode="add"/>
<opset="add_ln58_105/1 "/>
</bind>
</comp>

<comp id="55621" class="1004" name="add_ln58_106_fu_55621">
<pin_list>
<pin id="55622" dir="0" index="0" bw="12" slack="0"/>
<pin id="55623" dir="0" index="1" bw="16" slack="0"/>
<pin id="55624" dir="1" index="2" bw="16" slack="0"/>
</pin_list>
<bind>
<opcode="add(8) " fcode="add"/>
<opset="add_ln58_106/1 "/>
</bind>
</comp>

<comp id="55627" class="1004" name="add_ln58_107_fu_55627">
<pin_list>
<pin id="55628" dir="0" index="0" bw="16" slack="0"/>
<pin id="55629" dir="0" index="1" bw="16" slack="0"/>
<pin id="55630" dir="1" index="2" bw="16" slack="1"/>
</pin_list>
<bind>
<opcode="add(8) " fcode="add"/>
<opset="add_ln58_107/1 "/>
</bind>
</comp>

<comp id="55633" class="1004" name="add_ln58_108_fu_55633">
<pin_list>
<pin id="55634" dir="0" index="0" bw="11" slack="0"/>
<pin id="55635" dir="0" index="1" bw="12" slack="0"/>
<pin id="55636" dir="1" index="2" bw="13" slack="0"/>
</pin_list>
<bind>
<opcode="add(8) " fcode="add"/>
<opset="add_ln58_108/1 "/>
</bind>
</comp>

<comp id="55639" class="1004" name="sext_ln58_7_fu_55639">
<pin_list>
<pin id="55640" dir="0" index="0" bw="13" slack="0"/>
<pin id="55641" dir="1" index="1" bw="16" slack="0"/>
</pin_list>
<bind>
<opcode="sext(35) " fcode="sext"/>
<opset="sext_ln58_7/1 "/>
</bind>
</comp>

<comp id="55643" class="1004" name="add_ln58_109_fu_55643">
<pin_list>
<pin id="55644" dir="0" index="0" bw="16" slack="0"/>
<pin id="55645" dir="0" index="1" bw="16" slack="0"/>
<pin id="55646" dir="1" index="2" bw="16" slack="0"/>
</pin_list>
<bind>
<opcode="add(8) " fcode="add"/>
<opset="add_ln58_109/1 "/>
</bind>
</comp>

<comp id="55649" class="1004" name="add_ln58_110_fu_55649">
<pin_list>
<pin id="55650" dir="0" index="0" bw="16" slack="0"/>
<pin id="55651" dir="0" index="1" bw="13" slack="0"/>
<pin id="55652" dir="1" index="2" bw="16" slack="1"/>
</pin_list>
<bind>
<opcode="add(8) " fcode="add"/>
<opset="add_ln58_110/1 "/>
</bind>
</comp>

<comp id="55655" class="1004" name="add_ln58_112_fu_55655">
<pin_list>
<pin id="55656" dir="0" index="0" bw="13" slack="0"/>
<pin id="55657" dir="0" index="1" bw="16" slack="0"/>
<pin id="55658" dir="1" index="2" bw="16" slack="1"/>
</pin_list>
<bind>
<opcode="add(8) " fcode="add"/>
<opset="add_ln58_112/1 "/>
</bind>
</comp>

<comp id="55661" class="1004" name="add_ln58_113_fu_55661">
<pin_list>
<pin id="55662" dir="0" index="0" bw="12" slack="0"/>
<pin id="55663" dir="0" index="1" bw="16" slack="0"/>
<pin id="55664" dir="1" index="2" bw="16" slack="1"/>
</pin_list>
<bind>
<opcode="add(8) " fcode="add"/>
<opset="add_ln58_113/1 "/>
</bind>
</comp>

<comp id="55667" class="1004" name="add_ln58_115_fu_55667">
<pin_list>
<pin id="55668" dir="0" index="0" bw="16" slack="0"/>
<pin id="55669" dir="0" index="1" bw="15" slack="0"/>
<pin id="55670" dir="1" index="2" bw="16" slack="0"/>
</pin_list>
<bind>
<opcode="add(8) " fcode="add"/>
<opset="add_ln58_115/1 "/>
</bind>
</comp>

<comp id="55673" class="1004" name="add_ln58_116_fu_55673">
<pin_list>
<pin id="55674" dir="0" index="0" bw="10" slack="0"/>
<pin id="55675" dir="0" index="1" bw="16" slack="0"/>
<pin id="55676" dir="1" index="2" bw="16" slack="0"/>
</pin_list>
<bind>
<opcode="add(8) " fcode="add"/>
<opset="add_ln58_116/1 "/>
</bind>
</comp>

<comp id="55679" class="1004" name="add_ln58_117_fu_55679">
<pin_list>
<pin id="55680" dir="0" index="0" bw="16" slack="0"/>
<pin id="55681" dir="0" index="1" bw="16" slack="0"/>
<pin id="55682" dir="1" index="2" bw="16" slack="1"/>
</pin_list>
<bind>
<opcode="add(8) " fcode="add"/>
<opset="add_ln58_117/1 "/>
</bind>
</comp>

<comp id="55685" class="1004" name="add_ln58_6_fu_55685">
<pin_list>
<pin id="55686" dir="0" index="0" bw="16" slack="1"/>
<pin id="55687" dir="0" index="1" bw="16" slack="1"/>
<pin id="55688" dir="1" index="2" bw="16" slack="0"/>
</pin_list>
<bind>
<opcode="add(8) " fcode="add"/>
<opset="add_ln58_6/2 "/>
</bind>
</comp>

<comp id="55689" class="1004" name="add_ln58_9_fu_55689">
<pin_list>
<pin id="55690" dir="0" index="0" bw="16" slack="1"/>
<pin id="55691" dir="0" index="1" bw="16" slack="1"/>
<pin id="55692" dir="1" index="2" bw="16" slack="0"/>
</pin_list>
<bind>
<opcode="add(8) " fcode="add"/>
<opset="add_ln58_9/2 "/>
</bind>
</comp>

<comp id="55693" class="1004" name="add_ln58_13_fu_55693">
<pin_list>
<pin id="55694" dir="0" index="0" bw="16" slack="1"/>
<pin id="55695" dir="0" index="1" bw="16" slack="0"/>
<pin id="55696" dir="1" index="2" bw="16" slack="0"/>
</pin_list>
<bind>
<opcode="add(8) " fcode="add"/>
<opset="add_ln58_13/2 "/>
</bind>
</comp>

<comp id="55698" class="1004" name="add_ln58_14_fu_55698">
<pin_list>
<pin id="55699" dir="0" index="0" bw="16" slack="0"/>
<pin id="55700" dir="0" index="1" bw="16" slack="0"/>
<pin id="55701" dir="1" index="2" bw="16" slack="0"/>
</pin_list>
<bind>
<opcode="add(8) " fcode="add"/>
<opset="add_ln58_14/2 "/>
</bind>
</comp>

<comp id="55704" class="1004" name="add_ln58_21_fu_55704">
<pin_list>
<pin id="55705" dir="0" index="0" bw="16" slack="1"/>
<pin id="55706" dir="0" index="1" bw="16" slack="1"/>
<pin id="55707" dir="1" index="2" bw="16" slack="0"/>
</pin_list>
<bind>
<opcode="add(8) " fcode="add"/>
<opset="add_ln58_21/2 "/>
</bind>
</comp>

<comp id="55708" class="1004" name="add_ln58_29_fu_55708">
<pin_list>
<pin id="55709" dir="0" index="0" bw="16" slack="1"/>
<pin id="55710" dir="0" index="1" bw="16" slack="0"/>
<pin id="55711" dir="1" index="2" bw="16" slack="0"/>
</pin_list>
<bind>
<opcode="add(8) " fcode="add"/>
<opset="add_ln58_29/2 "/>
</bind>
</comp>

<comp id="55713" class="1004" name="add_ln58_36_fu_55713">
<pin_list>
<pin id="55714" dir="0" index="0" bw="16" slack="1"/>
<pin id="55715" dir="0" index="1" bw="16" slack="1"/>
<pin id="55716" dir="1" index="2" bw="16" slack="0"/>
</pin_list>
<bind>
<opcode="add(8) " fcode="add"/>
<opset="add_ln58_36/2 "/>
</bind>
</comp>

<comp id="55717" class="1004" name="add_ln58_39_fu_55717">
<pin_list>
<pin id="55718" dir="0" index="0" bw="16" slack="1"/>
<pin id="55719" dir="0" index="1" bw="16" slack="1"/>
<pin id="55720" dir="1" index="2" bw="16" slack="0"/>
</pin_list>
<bind>
<opcode="add(8) " fcode="add"/>
<opset="add_ln58_39/2 "/>
</bind>
</comp>

<comp id="55721" class="1004" name="add_ln58_43_fu_55721">
<pin_list>
<pin id="55722" dir="0" index="0" bw="16" slack="1"/>
<pin id="55723" dir="0" index="1" bw="16" slack="0"/>
<pin id="55724" dir="1" index="2" bw="16" slack="0"/>
</pin_list>
<bind>
<opcode="add(8) " fcode="add"/>
<opset="add_ln58_43/2 "/>
</bind>
</comp>

<comp id="55726" class="1004" name="add_ln58_44_fu_55726">
<pin_list>
<pin id="55727" dir="0" index="0" bw="16" slack="0"/>
<pin id="55728" dir="0" index="1" bw="16" slack="0"/>
<pin id="55729" dir="1" index="2" bw="16" slack="0"/>
</pin_list>
<bind>
<opcode="add(8) " fcode="add"/>
<opset="add_ln58_44/2 "/>
</bind>
</comp>

<comp id="55732" class="1004" name="add_ln58_51_fu_55732">
<pin_list>
<pin id="55733" dir="0" index="0" bw="16" slack="1"/>
<pin id="55734" dir="0" index="1" bw="16" slack="1"/>
<pin id="55735" dir="1" index="2" bw="16" slack="0"/>
</pin_list>
<bind>
<opcode="add(8) " fcode="add"/>
<opset="add_ln58_51/2 "/>
</bind>
</comp>

<comp id="55736" class="1004" name="add_ln58_59_fu_55736">
<pin_list>
<pin id="55737" dir="0" index="0" bw="16" slack="1"/>
<pin id="55738" dir="0" index="1" bw="16" slack="0"/>
<pin id="55739" dir="1" index="2" bw="16" slack="0"/>
</pin_list>
<bind>
<opcode="add(8) " fcode="add"/>
<opset="add_ln58_59/2 "/>
</bind>
</comp>

<comp id="55741" class="1004" name="add_ln58_66_fu_55741">
<pin_list>
<pin id="55742" dir="0" index="0" bw="16" slack="1"/>
<pin id="55743" dir="0" index="1" bw="16" slack="1"/>
<pin id="55744" dir="1" index="2" bw="16" slack="0"/>
</pin_list>
<bind>
<opcode="add(8) " fcode="add"/>
<opset="add_ln58_66/2 "/>
</bind>
</comp>

<comp id="55745" class="1004" name="add_ln58_69_fu_55745">
<pin_list>
<pin id="55746" dir="0" index="0" bw="16" slack="1"/>
<pin id="55747" dir="0" index="1" bw="16" slack="1"/>
<pin id="55748" dir="1" index="2" bw="16" slack="0"/>
</pin_list>
<bind>
<opcode="add(8) " fcode="add"/>
<opset="add_ln58_69/2 "/>
</bind>
</comp>

<comp id="55749" class="1004" name="add_ln58_73_fu_55749">
<pin_list>
<pin id="55750" dir="0" index="0" bw="16" slack="1"/>
<pin id="55751" dir="0" index="1" bw="16" slack="0"/>
<pin id="55752" dir="1" index="2" bw="16" slack="0"/>
</pin_list>
<bind>
<opcode="add(8) " fcode="add"/>
<opset="add_ln58_73/2 "/>
</bind>
</comp>

<comp id="55754" class="1004" name="add_ln58_74_fu_55754">
<pin_list>
<pin id="55755" dir="0" index="0" bw="16" slack="0"/>
<pin id="55756" dir="0" index="1" bw="16" slack="0"/>
<pin id="55757" dir="1" index="2" bw="16" slack="0"/>
</pin_list>
<bind>
<opcode="add(8) " fcode="add"/>
<opset="add_ln58_74/2 "/>
</bind>
</comp>

<comp id="55760" class="1004" name="add_ln58_81_fu_55760">
<pin_list>
<pin id="55761" dir="0" index="0" bw="16" slack="1"/>
<pin id="55762" dir="0" index="1" bw="16" slack="1"/>
<pin id="55763" dir="1" index="2" bw="16" slack="0"/>
</pin_list>
<bind>
<opcode="add(8) " fcode="add"/>
<opset="add_ln58_81/2 "/>
</bind>
</comp>

<comp id="55764" class="1004" name="add_ln58_84_fu_55764">
<pin_list>
<pin id="55765" dir="0" index="0" bw="16" slack="1"/>
<pin id="55766" dir="0" index="1" bw="16" slack="1"/>
<pin id="55767" dir="1" index="2" bw="16" slack="0"/>
</pin_list>
<bind>
<opcode="add(8) " fcode="add"/>
<opset="add_ln58_84/2 "/>
</bind>
</comp>

<comp id="55768" class="1004" name="add_ln58_88_fu_55768">
<pin_list>
<pin id="55769" dir="0" index="0" bw="16" slack="1"/>
<pin id="55770" dir="0" index="1" bw="16" slack="0"/>
<pin id="55771" dir="1" index="2" bw="16" slack="0"/>
</pin_list>
<bind>
<opcode="add(8) " fcode="add"/>
<opset="add_ln58_88/2 "/>
</bind>
</comp>

<comp id="55773" class="1004" name="add_ln58_89_fu_55773">
<pin_list>
<pin id="55774" dir="0" index="0" bw="16" slack="0"/>
<pin id="55775" dir="0" index="1" bw="16" slack="0"/>
<pin id="55776" dir="1" index="2" bw="16" slack="0"/>
</pin_list>
<bind>
<opcode="add(8) " fcode="add"/>
<opset="add_ln58_89/2 "/>
</bind>
</comp>

<comp id="55779" class="1004" name="add_ln58_96_fu_55779">
<pin_list>
<pin id="55780" dir="0" index="0" bw="16" slack="1"/>
<pin id="55781" dir="0" index="1" bw="16" slack="1"/>
<pin id="55782" dir="1" index="2" bw="16" slack="0"/>
</pin_list>
<bind>
<opcode="add(8) " fcode="add"/>
<opset="add_ln58_96/2 "/>
</bind>
</comp>

<comp id="55783" class="1004" name="add_ln58_99_fu_55783">
<pin_list>
<pin id="55784" dir="0" index="0" bw="16" slack="1"/>
<pin id="55785" dir="0" index="1" bw="16" slack="1"/>
<pin id="55786" dir="1" index="2" bw="16" slack="0"/>
</pin_list>
<bind>
<opcode="add(8) " fcode="add"/>
<opset="add_ln58_99/2 "/>
</bind>
</comp>

<comp id="55787" class="1004" name="add_ln58_103_fu_55787">
<pin_list>
<pin id="55788" dir="0" index="0" bw="16" slack="1"/>
<pin id="55789" dir="0" index="1" bw="16" slack="0"/>
<pin id="55790" dir="1" index="2" bw="16" slack="0"/>
</pin_list>
<bind>
<opcode="add(8) " fcode="add"/>
<opset="add_ln58_103/2 "/>
</bind>
</comp>

<comp id="55792" class="1004" name="add_ln58_104_fu_55792">
<pin_list>
<pin id="55793" dir="0" index="0" bw="16" slack="0"/>
<pin id="55794" dir="0" index="1" bw="16" slack="0"/>
<pin id="55795" dir="1" index="2" bw="16" slack="0"/>
</pin_list>
<bind>
<opcode="add(8) " fcode="add"/>
<opset="add_ln58_104/2 "/>
</bind>
</comp>

<comp id="55798" class="1004" name="add_ln58_111_fu_55798">
<pin_list>
<pin id="55799" dir="0" index="0" bw="16" slack="1"/>
<pin id="55800" dir="0" index="1" bw="16" slack="1"/>
<pin id="55801" dir="1" index="2" bw="16" slack="0"/>
</pin_list>
<bind>
<opcode="add(8) " fcode="add"/>
<opset="add_ln58_111/2 "/>
</bind>
</comp>

<comp id="55802" class="1004" name="add_ln58_114_fu_55802">
<pin_list>
<pin id="55803" dir="0" index="0" bw="16" slack="1"/>
<pin id="55804" dir="0" index="1" bw="16" slack="1"/>
<pin id="55805" dir="1" index="2" bw="16" slack="0"/>
</pin_list>
<bind>
<opcode="add(8) " fcode="add"/>
<opset="add_ln58_114/2 "/>
</bind>
</comp>

<comp id="55806" class="1004" name="add_ln58_118_fu_55806">
<pin_list>
<pin id="55807" dir="0" index="0" bw="16" slack="1"/>
<pin id="55808" dir="0" index="1" bw="16" slack="0"/>
<pin id="55809" dir="1" index="2" bw="16" slack="0"/>
</pin_list>
<bind>
<opcode="add(8) " fcode="add"/>
<opset="add_ln58_118/2 "/>
</bind>
</comp>

<comp id="55811" class="1004" name="add_ln58_119_fu_55811">
<pin_list>
<pin id="55812" dir="0" index="0" bw="16" slack="0"/>
<pin id="55813" dir="0" index="1" bw="16" slack="0"/>
<pin id="55814" dir="1" index="2" bw="16" slack="0"/>
</pin_list>
<bind>
<opcode="add(8) " fcode="add"/>
<opset="add_ln58_119/2 "/>
</bind>
</comp>

<comp id="55817" class="1004" name="shl_ln_fu_55817">
<pin_list>
<pin id="55818" dir="0" index="0" bw="26" slack="0"/>
<pin id="55819" dir="0" index="1" bw="16" slack="0"/>
<pin id="55820" dir="0" index="2" bw="1" slack="0"/>
<pin id="55821" dir="1" index="3" bw="26" slack="0"/>
</pin_list>
<bind>
<opcode="bitconcatenate(1004) " fcode="bitconcatenate"/>
<opset="shl_ln/2 "/>
</bind>
</comp>

<comp id="55825" class="1004" name="sext_ln111_fu_55825">
<pin_list>
<pin id="55826" dir="0" index="0" bw="26" slack="0"/>
<pin id="55827" dir="1" index="1" bw="37" slack="0"/>
</pin_list>
<bind>
<opcode="sext(35) " fcode="sext"/>
<opset="sext_ln111/2 "/>
</bind>
</comp>

<comp id="55829" class="1004" name="shl_ln111_1_fu_55829">
<pin_list>
<pin id="55830" dir="0" index="0" bw="26" slack="0"/>
<pin id="55831" dir="0" index="1" bw="16" slack="0"/>
<pin id="55832" dir="0" index="2" bw="1" slack="0"/>
<pin id="55833" dir="1" index="3" bw="26" slack="0"/>
</pin_list>
<bind>
<opcode="bitconcatenate(1004) " fcode="bitconcatenate"/>
<opset="shl_ln111_1/2 "/>
</bind>
</comp>

<comp id="55837" class="1004" name="sext_ln111_1_fu_55837">
<pin_list>
<pin id="55838" dir="0" index="0" bw="26" slack="0"/>
<pin id="55839" dir="1" index="1" bw="37" slack="0"/>
</pin_list>
<bind>
<opcode="sext(35) " fcode="sext"/>
<opset="sext_ln111_1/2 "/>
</bind>
</comp>

<comp id="55841" class="1004" name="shl_ln111_2_fu_55841">
<pin_list>
<pin id="55842" dir="0" index="0" bw="26" slack="0"/>
<pin id="55843" dir="0" index="1" bw="16" slack="0"/>
<pin id="55844" dir="0" index="2" bw="1" slack="0"/>
<pin id="55845" dir="1" index="3" bw="26" slack="0"/>
</pin_list>
<bind>
<opcode="bitconcatenate(1004) " fcode="bitconcatenate"/>
<opset="shl_ln111_2/2 "/>
</bind>
</comp>

<comp id="55849" class="1004" name="sext_ln111_2_fu_55849">
<pin_list>
<pin id="55850" dir="0" index="0" bw="26" slack="0"/>
<pin id="55851" dir="1" index="1" bw="37" slack="0"/>
</pin_list>
<bind>
<opcode="sext(35) " fcode="sext"/>
<opset="sext_ln111_2/2 "/>
</bind>
</comp>

<comp id="55853" class="1004" name="shl_ln111_3_fu_55853">
<pin_list>
<pin id="55854" dir="0" index="0" bw="26" slack="0"/>
<pin id="55855" dir="0" index="1" bw="16" slack="0"/>
<pin id="55856" dir="0" index="2" bw="1" slack="0"/>
<pin id="55857" dir="1" index="3" bw="26" slack="0"/>
</pin_list>
<bind>
<opcode="bitconcatenate(1004) " fcode="bitconcatenate"/>
<opset="shl_ln111_3/2 "/>
</bind>
</comp>

<comp id="55861" class="1004" name="sext_ln111_3_fu_55861">
<pin_list>
<pin id="55862" dir="0" index="0" bw="26" slack="0"/>
<pin id="55863" dir="1" index="1" bw="37" slack="0"/>
</pin_list>
<bind>
<opcode="sext(35) " fcode="sext"/>
<opset="sext_ln111_3/2 "/>
</bind>
</comp>

<comp id="55865" class="1004" name="shl_ln111_4_fu_55865">
<pin_list>
<pin id="55866" dir="0" index="0" bw="26" slack="0"/>
<pin id="55867" dir="0" index="1" bw="16" slack="0"/>
<pin id="55868" dir="0" index="2" bw="1" slack="0"/>
<pin id="55869" dir="1" index="3" bw="26" slack="0"/>
</pin_list>
<bind>
<opcode="bitconcatenate(1004) " fcode="bitconcatenate"/>
<opset="shl_ln111_4/2 "/>
</bind>
</comp>

<comp id="55873" class="1004" name="sext_ln111_4_fu_55873">
<pin_list>
<pin id="55874" dir="0" index="0" bw="26" slack="0"/>
<pin id="55875" dir="1" index="1" bw="37" slack="0"/>
</pin_list>
<bind>
<opcode="sext(35) " fcode="sext"/>
<opset="sext_ln111_4/2 "/>
</bind>
</comp>

<comp id="55877" class="1004" name="shl_ln111_5_fu_55877">
<pin_list>
<pin id="55878" dir="0" index="0" bw="26" slack="0"/>
<pin id="55879" dir="0" index="1" bw="16" slack="0"/>
<pin id="55880" dir="0" index="2" bw="1" slack="0"/>
<pin id="55881" dir="1" index="3" bw="26" slack="0"/>
</pin_list>
<bind>
<opcode="bitconcatenate(1004) " fcode="bitconcatenate"/>
<opset="shl_ln111_5/2 "/>
</bind>
</comp>

<comp id="55885" class="1004" name="sext_ln111_5_fu_55885">
<pin_list>
<pin id="55886" dir="0" index="0" bw="26" slack="0"/>
<pin id="55887" dir="1" index="1" bw="37" slack="0"/>
</pin_list>
<bind>
<opcode="sext(35) " fcode="sext"/>
<opset="sext_ln111_5/2 "/>
</bind>
</comp>

<comp id="55889" class="1004" name="shl_ln111_6_fu_55889">
<pin_list>
<pin id="55890" dir="0" index="0" bw="26" slack="0"/>
<pin id="55891" dir="0" index="1" bw="16" slack="0"/>
<pin id="55892" dir="0" index="2" bw="1" slack="0"/>
<pin id="55893" dir="1" index="3" bw="26" slack="0"/>
</pin_list>
<bind>
<opcode="bitconcatenate(1004) " fcode="bitconcatenate"/>
<opset="shl_ln111_6/2 "/>
</bind>
</comp>

<comp id="55897" class="1004" name="sext_ln111_6_fu_55897">
<pin_list>
<pin id="55898" dir="0" index="0" bw="26" slack="0"/>
<pin id="55899" dir="1" index="1" bw="37" slack="0"/>
</pin_list>
<bind>
<opcode="sext(35) " fcode="sext"/>
<opset="sext_ln111_6/2 "/>
</bind>
</comp>

<comp id="55901" class="1004" name="shl_ln111_7_fu_55901">
<pin_list>
<pin id="55902" dir="0" index="0" bw="26" slack="0"/>
<pin id="55903" dir="0" index="1" bw="16" slack="0"/>
<pin id="55904" dir="0" index="2" bw="1" slack="0"/>
<pin id="55905" dir="1" index="3" bw="26" slack="0"/>
</pin_list>
<bind>
<opcode="bitconcatenate(1004) " fcode="bitconcatenate"/>
<opset="shl_ln111_7/2 "/>
</bind>
</comp>

<comp id="55909" class="1004" name="sext_ln68_fu_55909">
<pin_list>
<pin id="55910" dir="0" index="0" bw="26" slack="0"/>
<pin id="55911" dir="1" index="1" bw="37" slack="0"/>
</pin_list>
<bind>
<opcode="sext(35) " fcode="sext"/>
<opset="sext_ln68/2 "/>
</bind>
</comp>

<comp id="55913" class="1004" name="mrv_fu_55913">
<pin_list>
<pin id="55914" dir="0" index="0" bw="296" slack="0"/>
<pin id="55915" dir="0" index="1" bw="26" slack="0"/>
<pin id="55916" dir="1" index="2" bw="296" slack="0"/>
</pin_list>
<bind>
<opcode="insertvalue(57) " fcode="insertvalue"/>
<opset="mrv/2 "/>
</bind>
</comp>

<comp id="55919" class="1004" name="mrv_1_fu_55919">
<pin_list>
<pin id="55920" dir="0" index="0" bw="296" slack="0"/>
<pin id="55921" dir="0" index="1" bw="26" slack="0"/>
<pin id="55922" dir="1" index="2" bw="296" slack="0"/>
</pin_list>
<bind>
<opcode="insertvalue(57) " fcode="insertvalue"/>
<opset="mrv_1/2 "/>
</bind>
</comp>

<comp id="55925" class="1004" name="mrv_2_fu_55925">
<pin_list>
<pin id="55926" dir="0" index="0" bw="296" slack="0"/>
<pin id="55927" dir="0" index="1" bw="26" slack="0"/>
<pin id="55928" dir="1" index="2" bw="296" slack="0"/>
</pin_list>
<bind>
<opcode="insertvalue(57) " fcode="insertvalue"/>
<opset="mrv_2/2 "/>
</bind>
</comp>

<comp id="55931" class="1004" name="mrv_3_fu_55931">
<pin_list>
<pin id="55932" dir="0" index="0" bw="296" slack="0"/>
<pin id="55933" dir="0" index="1" bw="26" slack="0"/>
<pin id="55934" dir="1" index="2" bw="296" slack="0"/>
</pin_list>
<bind>
<opcode="insertvalue(57) " fcode="insertvalue"/>
<opset="mrv_3/2 "/>
</bind>
</comp>

<comp id="55937" class="1004" name="mrv_4_fu_55937">
<pin_list>
<pin id="55938" dir="0" index="0" bw="296" slack="0"/>
<pin id="55939" dir="0" index="1" bw="26" slack="0"/>
<pin id="55940" dir="1" index="2" bw="296" slack="0"/>
</pin_list>
<bind>
<opcode="insertvalue(57) " fcode="insertvalue"/>
<opset="mrv_4/2 "/>
</bind>
</comp>

<comp id="55943" class="1004" name="mrv_5_fu_55943">
<pin_list>
<pin id="55944" dir="0" index="0" bw="296" slack="0"/>
<pin id="55945" dir="0" index="1" bw="26" slack="0"/>
<pin id="55946" dir="1" index="2" bw="296" slack="0"/>
</pin_list>
<bind>
<opcode="insertvalue(57) " fcode="insertvalue"/>
<opset="mrv_5/2 "/>
</bind>
</comp>

<comp id="55949" class="1004" name="mrv_6_fu_55949">
<pin_list>
<pin id="55950" dir="0" index="0" bw="296" slack="0"/>
<pin id="55951" dir="0" index="1" bw="26" slack="0"/>
<pin id="55952" dir="1" index="2" bw="296" slack="0"/>
</pin_list>
<bind>
<opcode="insertvalue(57) " fcode="insertvalue"/>
<opset="mrv_6/2 "/>
</bind>
</comp>

<comp id="55955" class="1004" name="mrv_7_fu_55955">
<pin_list>
<pin id="55956" dir="0" index="0" bw="296" slack="0"/>
<pin id="55957" dir="0" index="1" bw="26" slack="0"/>
<pin id="55958" dir="1" index="2" bw="296" slack="2147483647"/>
</pin_list>
<bind>
<opcode="insertvalue(57) " fcode="insertvalue"/>
<opset="mrv_7/2 "/>
</bind>
</comp>

<comp id="55961" class="1005" name="add_ln58_2_reg_55961">
<pin_list>
<pin id="55962" dir="0" index="0" bw="16" slack="1"/>
<pin id="55963" dir="1" index="1" bw="16" slack="1"/>
</pin_list>
<bind>
<opset="add_ln58_2 "/>
</bind>
</comp>

<comp id="55966" class="1005" name="add_ln58_5_reg_55966">
<pin_list>
<pin id="55967" dir="0" index="0" bw="16" slack="1"/>
<pin id="55968" dir="1" index="1" bw="16" slack="1"/>
</pin_list>
<bind>
<opset="add_ln58_5 "/>
</bind>
</comp>

<comp id="55971" class="1005" name="add_ln58_7_reg_55971">
<pin_list>
<pin id="55972" dir="0" index="0" bw="16" slack="1"/>
<pin id="55973" dir="1" index="1" bw="16" slack="1"/>
</pin_list>
<bind>
<opset="add_ln58_7 "/>
</bind>
</comp>

<comp id="55976" class="1005" name="add_ln58_8_reg_55976">
<pin_list>
<pin id="55977" dir="0" index="0" bw="16" slack="1"/>
<pin id="55978" dir="1" index="1" bw="16" slack="1"/>
</pin_list>
<bind>
<opset="add_ln58_8 "/>
</bind>
</comp>

<comp id="55981" class="1005" name="add_ln58_12_reg_55981">
<pin_list>
<pin id="55982" dir="0" index="0" bw="16" slack="1"/>
<pin id="55983" dir="1" index="1" bw="16" slack="1"/>
</pin_list>
<bind>
<opset="add_ln58_12 "/>
</bind>
</comp>

<comp id="55986" class="1005" name="add_ln58_17_reg_55986">
<pin_list>
<pin id="55987" dir="0" index="0" bw="16" slack="1"/>
<pin id="55988" dir="1" index="1" bw="16" slack="1"/>
</pin_list>
<bind>
<opset="add_ln58_17 "/>
</bind>
</comp>

<comp id="55991" class="1005" name="add_ln58_20_reg_55991">
<pin_list>
<pin id="55992" dir="0" index="0" bw="16" slack="1"/>
<pin id="55993" dir="1" index="1" bw="16" slack="1"/>
</pin_list>
<bind>
<opset="add_ln58_20 "/>
</bind>
</comp>

<comp id="55996" class="1005" name="add_ln58_28_reg_55996">
<pin_list>
<pin id="55997" dir="0" index="0" bw="16" slack="1"/>
<pin id="55998" dir="1" index="1" bw="16" slack="1"/>
</pin_list>
<bind>
<opset="add_ln58_28 "/>
</bind>
</comp>

<comp id="56001" class="1005" name="add_ln58_32_reg_56001">
<pin_list>
<pin id="56002" dir="0" index="0" bw="16" slack="1"/>
<pin id="56003" dir="1" index="1" bw="16" slack="1"/>
</pin_list>
<bind>
<opset="add_ln58_32 "/>
</bind>
</comp>

<comp id="56006" class="1005" name="add_ln58_35_reg_56006">
<pin_list>
<pin id="56007" dir="0" index="0" bw="16" slack="1"/>
<pin id="56008" dir="1" index="1" bw="16" slack="1"/>
</pin_list>
<bind>
<opset="add_ln58_35 "/>
</bind>
</comp>

<comp id="56011" class="1005" name="add_ln58_37_reg_56011">
<pin_list>
<pin id="56012" dir="0" index="0" bw="16" slack="1"/>
<pin id="56013" dir="1" index="1" bw="16" slack="1"/>
</pin_list>
<bind>
<opset="add_ln58_37 "/>
</bind>
</comp>

<comp id="56016" class="1005" name="add_ln58_38_reg_56016">
<pin_list>
<pin id="56017" dir="0" index="0" bw="16" slack="1"/>
<pin id="56018" dir="1" index="1" bw="16" slack="1"/>
</pin_list>
<bind>
<opset="add_ln58_38 "/>
</bind>
</comp>

<comp id="56021" class="1005" name="add_ln58_42_reg_56021">
<pin_list>
<pin id="56022" dir="0" index="0" bw="16" slack="1"/>
<pin id="56023" dir="1" index="1" bw="16" slack="1"/>
</pin_list>
<bind>
<opset="add_ln58_42 "/>
</bind>
</comp>

<comp id="56026" class="1005" name="add_ln58_47_reg_56026">
<pin_list>
<pin id="56027" dir="0" index="0" bw="16" slack="1"/>
<pin id="56028" dir="1" index="1" bw="16" slack="1"/>
</pin_list>
<bind>
<opset="add_ln58_47 "/>
</bind>
</comp>

<comp id="56031" class="1005" name="add_ln58_50_reg_56031">
<pin_list>
<pin id="56032" dir="0" index="0" bw="16" slack="1"/>
<pin id="56033" dir="1" index="1" bw="16" slack="1"/>
</pin_list>
<bind>
<opset="add_ln58_50 "/>
</bind>
</comp>

<comp id="56036" class="1005" name="add_ln58_58_reg_56036">
<pin_list>
<pin id="56037" dir="0" index="0" bw="16" slack="1"/>
<pin id="56038" dir="1" index="1" bw="16" slack="1"/>
</pin_list>
<bind>
<opset="add_ln58_58 "/>
</bind>
</comp>

<comp id="56041" class="1005" name="add_ln58_62_reg_56041">
<pin_list>
<pin id="56042" dir="0" index="0" bw="16" slack="1"/>
<pin id="56043" dir="1" index="1" bw="16" slack="1"/>
</pin_list>
<bind>
<opset="add_ln58_62 "/>
</bind>
</comp>

<comp id="56046" class="1005" name="add_ln58_65_reg_56046">
<pin_list>
<pin id="56047" dir="0" index="0" bw="16" slack="1"/>
<pin id="56048" dir="1" index="1" bw="16" slack="1"/>
</pin_list>
<bind>
<opset="add_ln58_65 "/>
</bind>
</comp>

<comp id="56051" class="1005" name="add_ln58_67_reg_56051">
<pin_list>
<pin id="56052" dir="0" index="0" bw="16" slack="1"/>
<pin id="56053" dir="1" index="1" bw="16" slack="1"/>
</pin_list>
<bind>
<opset="add_ln58_67 "/>
</bind>
</comp>

<comp id="56056" class="1005" name="add_ln58_68_reg_56056">
<pin_list>
<pin id="56057" dir="0" index="0" bw="16" slack="1"/>
<pin id="56058" dir="1" index="1" bw="16" slack="1"/>
</pin_list>
<bind>
<opset="add_ln58_68 "/>
</bind>
</comp>

<comp id="56061" class="1005" name="add_ln58_72_reg_56061">
<pin_list>
<pin id="56062" dir="0" index="0" bw="16" slack="1"/>
<pin id="56063" dir="1" index="1" bw="16" slack="1"/>
</pin_list>
<bind>
<opset="add_ln58_72 "/>
</bind>
</comp>

<comp id="56066" class="1005" name="add_ln58_77_reg_56066">
<pin_list>
<pin id="56067" dir="0" index="0" bw="16" slack="1"/>
<pin id="56068" dir="1" index="1" bw="16" slack="1"/>
</pin_list>
<bind>
<opset="add_ln58_77 "/>
</bind>
</comp>

<comp id="56071" class="1005" name="add_ln58_80_reg_56071">
<pin_list>
<pin id="56072" dir="0" index="0" bw="16" slack="1"/>
<pin id="56073" dir="1" index="1" bw="16" slack="1"/>
</pin_list>
<bind>
<opset="add_ln58_80 "/>
</bind>
</comp>

<comp id="56076" class="1005" name="add_ln58_82_reg_56076">
<pin_list>
<pin id="56077" dir="0" index="0" bw="16" slack="1"/>
<pin id="56078" dir="1" index="1" bw="16" slack="1"/>
</pin_list>
<bind>
<opset="add_ln58_82 "/>
</bind>
</comp>

<comp id="56081" class="1005" name="add_ln58_83_reg_56081">
<pin_list>
<pin id="56082" dir="0" index="0" bw="16" slack="1"/>
<pin id="56083" dir="1" index="1" bw="16" slack="1"/>
</pin_list>
<bind>
<opset="add_ln58_83 "/>
</bind>
</comp>

<comp id="56086" class="1005" name="add_ln58_87_reg_56086">
<pin_list>
<pin id="56087" dir="0" index="0" bw="16" slack="1"/>
<pin id="56088" dir="1" index="1" bw="16" slack="1"/>
</pin_list>
<bind>
<opset="add_ln58_87 "/>
</bind>
</comp>

<comp id="56091" class="1005" name="add_ln58_92_reg_56091">
<pin_list>
<pin id="56092" dir="0" index="0" bw="16" slack="1"/>
<pin id="56093" dir="1" index="1" bw="16" slack="1"/>
</pin_list>
<bind>
<opset="add_ln58_92 "/>
</bind>
</comp>

<comp id="56096" class="1005" name="add_ln58_95_reg_56096">
<pin_list>
<pin id="56097" dir="0" index="0" bw="16" slack="1"/>
<pin id="56098" dir="1" index="1" bw="16" slack="1"/>
</pin_list>
<bind>
<opset="add_ln58_95 "/>
</bind>
</comp>

<comp id="56101" class="1005" name="add_ln58_97_reg_56101">
<pin_list>
<pin id="56102" dir="0" index="0" bw="16" slack="1"/>
<pin id="56103" dir="1" index="1" bw="16" slack="1"/>
</pin_list>
<bind>
<opset="add_ln58_97 "/>
</bind>
</comp>

<comp id="56106" class="1005" name="add_ln58_98_reg_56106">
<pin_list>
<pin id="56107" dir="0" index="0" bw="16" slack="1"/>
<pin id="56108" dir="1" index="1" bw="16" slack="1"/>
</pin_list>
<bind>
<opset="add_ln58_98 "/>
</bind>
</comp>

<comp id="56111" class="1005" name="add_ln58_102_reg_56111">
<pin_list>
<pin id="56112" dir="0" index="0" bw="16" slack="1"/>
<pin id="56113" dir="1" index="1" bw="16" slack="1"/>
</pin_list>
<bind>
<opset="add_ln58_102 "/>
</bind>
</comp>

<comp id="56116" class="1005" name="add_ln58_107_reg_56116">
<pin_list>
<pin id="56117" dir="0" index="0" bw="16" slack="1"/>
<pin id="56118" dir="1" index="1" bw="16" slack="1"/>
</pin_list>
<bind>
<opset="add_ln58_107 "/>
</bind>
</comp>

<comp id="56121" class="1005" name="add_ln58_110_reg_56121">
<pin_list>
<pin id="56122" dir="0" index="0" bw="16" slack="1"/>
<pin id="56123" dir="1" index="1" bw="16" slack="1"/>
</pin_list>
<bind>
<opset="add_ln58_110 "/>
</bind>
</comp>

<comp id="56126" class="1005" name="add_ln58_112_reg_56126">
<pin_list>
<pin id="56127" dir="0" index="0" bw="16" slack="1"/>
<pin id="56128" dir="1" index="1" bw="16" slack="1"/>
</pin_list>
<bind>
<opset="add_ln58_112 "/>
</bind>
</comp>

<comp id="56131" class="1005" name="add_ln58_113_reg_56131">
<pin_list>
<pin id="56132" dir="0" index="0" bw="16" slack="1"/>
<pin id="56133" dir="1" index="1" bw="16" slack="1"/>
</pin_list>
<bind>
<opset="add_ln58_113 "/>
</bind>
</comp>

<comp id="56136" class="1005" name="add_ln58_117_reg_56136">
<pin_list>
<pin id="56137" dir="0" index="0" bw="16" slack="1"/>
<pin id="56138" dir="1" index="1" bw="16" slack="1"/>
</pin_list>
<bind>
<opset="add_ln58_117 "/>
</bind>
</comp>

</comp_list>

<net_list>
<net id="362"><net_src comp="2" pin="0"/><net_sink comp="358" pin=0"/></net>

<net id="363"><net_src comp="0" pin="0"/><net_sink comp="358" pin=1"/></net>

<net id="51695"><net_src comp="4" pin="0"/><net_sink comp="374" pin=1"/></net>

<net id="51699"><net_src comp="12" pin="0"/><net_sink comp="418" pin=1"/></net>

<net id="51703"><net_src comp="18" pin="0"/><net_sink comp="410" pin=1"/></net>

<net id="51707"><net_src comp="24" pin="0"/><net_sink comp="373" pin=1"/></net>

<net id="51711"><net_src comp="26" pin="0"/><net_sink comp="414" pin=1"/></net>

<net id="51715"><net_src comp="28" pin="0"/><net_sink comp="439" pin=1"/></net>

<net id="51719"><net_src comp="42" pin="0"/><net_sink comp="397" pin=1"/></net>

<net id="51723"><net_src comp="50" pin="0"/><net_sink comp="398" pin=1"/></net>

<net id="51727"><net_src comp="52" pin="0"/><net_sink comp="399" pin=1"/></net>

<net id="51731"><net_src comp="58" pin="0"/><net_sink comp="467" pin=1"/></net>

<net id="51735"><net_src comp="60" pin="0"/><net_sink comp="463" pin=1"/></net>

<net id="51739"><net_src comp="62" pin="0"/><net_sink comp="436" pin=1"/></net>

<net id="51743"><net_src comp="64" pin="0"/><net_sink comp="459" pin=1"/></net>

<net id="51747"><net_src comp="66" pin="0"/><net_sink comp="378" pin=1"/></net>

<net id="51751"><net_src comp="68" pin="0"/><net_sink comp="392" pin=1"/></net>

<net id="51755"><net_src comp="74" pin="0"/><net_sink comp="477" pin=1"/></net>

<net id="51759"><net_src comp="76" pin="0"/><net_sink comp="460" pin=1"/></net>

<net id="51763"><net_src comp="78" pin="0"/><net_sink comp="377" pin=1"/></net>

<net id="51767"><net_src comp="80" pin="0"/><net_sink comp="451" pin=1"/></net>

<net id="51771"><net_src comp="82" pin="0"/><net_sink comp="401" pin=1"/></net>

<net id="51775"><net_src comp="84" pin="0"/><net_sink comp="488" pin=1"/></net>

<net id="51779"><net_src comp="86" pin="0"/><net_sink comp="403" pin=1"/></net>

<net id="51783"><net_src comp="100" pin="0"/><net_sink comp="400" pin=1"/></net>

<net id="51787"><net_src comp="102" pin="0"/><net_sink comp="453" pin=1"/></net>

<net id="51791"><net_src comp="104" pin="0"/><net_sink comp="435" pin=1"/></net>

<net id="51795"><net_src comp="106" pin="0"/><net_sink comp="480" pin=1"/></net>

<net id="51799"><net_src comp="108" pin="0"/><net_sink comp="438" pin=1"/></net>

<net id="51803"><net_src comp="110" pin="0"/><net_sink comp="383" pin=1"/></net>

<net id="51807"><net_src comp="112" pin="0"/><net_sink comp="384" pin=1"/></net>

<net id="51811"><net_src comp="122" pin="0"/><net_sink comp="446" pin=1"/></net>

<net id="51815"><net_src comp="124" pin="0"/><net_sink comp="409" pin=1"/></net>

<net id="51819"><net_src comp="126" pin="0"/><net_sink comp="479" pin=1"/></net>

<net id="51823"><net_src comp="128" pin="0"/><net_sink comp="394" pin=1"/></net>

<net id="51827"><net_src comp="130" pin="0"/><net_sink comp="432" pin=1"/></net>

<net id="51831"><net_src comp="132" pin="0"/><net_sink comp="420" pin=1"/></net>

<net id="51835"><net_src comp="142" pin="0"/><net_sink comp="464" pin=1"/></net>

<net id="51839"><net_src comp="144" pin="0"/><net_sink comp="379" pin=1"/></net>

<net id="51843"><net_src comp="146" pin="0"/><net_sink comp="412" pin=1"/></net>

<net id="51847"><net_src comp="148" pin="0"/><net_sink comp="472" pin=1"/></net>

<net id="51851"><net_src comp="154" pin="0"/><net_sink comp="427" pin=1"/></net>

<net id="51855"><net_src comp="156" pin="0"/><net_sink comp="486" pin=1"/></net>

<net id="51859"><net_src comp="158" pin="0"/><net_sink comp="487" pin=1"/></net>

<net id="51863"><net_src comp="164" pin="0"/><net_sink comp="445" pin=1"/></net>

<net id="51867"><net_src comp="166" pin="0"/><net_sink comp="469" pin=1"/></net>

<net id="51871"><net_src comp="168" pin="0"/><net_sink comp="405" pin=1"/></net>

<net id="51875"><net_src comp="170" pin="0"/><net_sink comp="476" pin=1"/></net>

<net id="51879"><net_src comp="172" pin="0"/><net_sink comp="366" pin=1"/></net>

<net id="51883"><net_src comp="174" pin="0"/><net_sink comp="424" pin=1"/></net>

<net id="51887"><net_src comp="176" pin="0"/><net_sink comp="382" pin=1"/></net>

<net id="51891"><net_src comp="182" pin="0"/><net_sink comp="426" pin=1"/></net>

<net id="51895"><net_src comp="184" pin="0"/><net_sink comp="425" pin=1"/></net>

<net id="51899"><net_src comp="186" pin="0"/><net_sink comp="371" pin=1"/></net>

<net id="51903"><net_src comp="188" pin="0"/><net_sink comp="444" pin=1"/></net>

<net id="51907"><net_src comp="190" pin="0"/><net_sink comp="417" pin=1"/></net>

<net id="51911"><net_src comp="192" pin="0"/><net_sink comp="448" pin=1"/></net>

<net id="51915"><net_src comp="194" pin="0"/><net_sink comp="419" pin=1"/></net>

<net id="51919"><net_src comp="196" pin="0"/><net_sink comp="433" pin=1"/></net>

<net id="51923"><net_src comp="192" pin="0"/><net_sink comp="455" pin=1"/></net>

<net id="51927"><net_src comp="202" pin="0"/><net_sink comp="475" pin=1"/></net>

<net id="51931"><net_src comp="214" pin="0"/><net_sink comp="365" pin=1"/></net>

<net id="51935"><net_src comp="216" pin="0"/><net_sink comp="385" pin=1"/></net>

<net id="51939"><net_src comp="218" pin="0"/><net_sink comp="429" pin=1"/></net>

<net id="51943"><net_src comp="220" pin="0"/><net_sink comp="473" pin=1"/></net>

<net id="51947"><net_src comp="222" pin="0"/><net_sink comp="485" pin=1"/></net>

<net id="51951"><net_src comp="228" pin="0"/><net_sink comp="421" pin=1"/></net>

<net id="51955"><net_src comp="230" pin="0"/><net_sink comp="443" pin=1"/></net>

<net id="51959"><net_src comp="232" pin="0"/><net_sink comp="416" pin=1"/></net>

<net id="51963"><net_src comp="238" pin="0"/><net_sink comp="465" pin=1"/></net>

<net id="51967"><net_src comp="240" pin="0"/><net_sink comp="466" pin=1"/></net>

<net id="51971"><net_src comp="250" pin="0"/><net_sink comp="437" pin=1"/></net>

<net id="51975"><net_src comp="252" pin="0"/><net_sink comp="468" pin=1"/></net>

<net id="51979"><net_src comp="258" pin="0"/><net_sink comp="478" pin=1"/></net>

<net id="51983"><net_src comp="260" pin="0"/><net_sink comp="411" pin=1"/></net>

<net id="51987"><net_src comp="262" pin="0"/><net_sink comp="449" pin=1"/></net>

<net id="51991"><net_src comp="274" pin="0"/><net_sink comp="489" pin=1"/></net>

<net id="51995"><net_src comp="276" pin="0"/><net_sink comp="404" pin=1"/></net>

<net id="51999"><net_src comp="278" pin="0"/><net_sink comp="491" pin=1"/></net>

<net id="52003"><net_src comp="280" pin="0"/><net_sink comp="406" pin=1"/></net>

<net id="52007"><net_src comp="286" pin="0"/><net_sink comp="407" pin=1"/></net>

<net id="52011"><net_src comp="288" pin="0"/><net_sink comp="415" pin=1"/></net>

<net id="52015"><net_src comp="290" pin="0"/><net_sink comp="471" pin=1"/></net>

<net id="52019"><net_src comp="292" pin="0"/><net_sink comp="470" pin=1"/></net>

<net id="52023"><net_src comp="294" pin="0"/><net_sink comp="428" pin=1"/></net>

<net id="52027"><net_src comp="296" pin="0"/><net_sink comp="386" pin=1"/></net>

<net id="52031"><net_src comp="302" pin="0"/><net_sink comp="387" pin=1"/></net>

<net id="52035"><net_src comp="304" pin="0"/><net_sink comp="474" pin=1"/></net>

<net id="52039"><net_src comp="26" pin="0"/><net_sink comp="484" pin=1"/></net>

<net id="52043"><net_src comp="306" pin="0"/><net_sink comp="457" pin=1"/></net>

<net id="52047"><net_src comp="308" pin="0"/><net_sink comp="408" pin=1"/></net>

<net id="52051"><net_src comp="310" pin="0"/><net_sink comp="422" pin=1"/></net>

<net id="52055"><net_src comp="316" pin="0"/><net_sink comp="367" pin=1"/></net>

<net id="52059"><net_src comp="318" pin="0"/><net_sink comp="368" pin=1"/></net>

<net id="52063"><net_src comp="320" pin="0"/><net_sink comp="393" pin=1"/></net>

<net id="52067"><net_src comp="322" pin="0"/><net_sink comp="452" pin=1"/></net>

<net id="52071"><net_src comp="328" pin="0"/><net_sink comp="490" pin=1"/></net>

<net id="52075"><net_src comp="28" pin="0"/><net_sink comp="389" pin=1"/></net>

<net id="52079"><net_src comp="332" pin="0"/><net_sink comp="390" pin=1"/></net>

<net id="52083"><net_src comp="288" pin="0"/><net_sink comp="391" pin=1"/></net>

<net id="52087"><net_src comp="334" pin="0"/><net_sink comp="450" pin=1"/></net>

<net id="52091"><net_src comp="336" pin="0"/><net_sink comp="423" pin=1"/></net>

<net id="52396"><net_src comp="358" pin="2"/><net_sink comp="52393" pin=0"/></net>

<net id="52400"><net_src comp="52393" pin="1"/><net_sink comp="52397" pin=0"/></net>

<net id="52401"><net_src comp="52397" pin="1"/><net_sink comp="410" pin=0"/></net>

<net id="52402"><net_src comp="52397" pin="1"/><net_sink comp="373" pin=0"/></net>

<net id="52403"><net_src comp="52397" pin="1"/><net_sink comp="414" pin=0"/></net>

<net id="52407"><net_src comp="52393" pin="1"/><net_sink comp="52404" pin=0"/></net>

<net id="52408"><net_src comp="52404" pin="1"/><net_sink comp="418" pin=0"/></net>

<net id="52412"><net_src comp="52393" pin="1"/><net_sink comp="52409" pin=0"/></net>

<net id="52413"><net_src comp="52409" pin="1"/><net_sink comp="374" pin=0"/></net>

<net id="52414"><net_src comp="52409" pin="1"/><net_sink comp="439" pin=0"/></net>

<net id="52415"><net_src comp="52409" pin="1"/><net_sink comp="397" pin=0"/></net>

<net id="52422"><net_src comp="6" pin="0"/><net_sink comp="52416" pin=0"/></net>

<net id="52423"><net_src comp="374" pin="2"/><net_sink comp="52416" pin=1"/></net>

<net id="52424"><net_src comp="8" pin="0"/><net_sink comp="52416" pin=2"/></net>

<net id="52425"><net_src comp="10" pin="0"/><net_sink comp="52416" pin=3"/></net>

<net id="52429"><net_src comp="52416" pin="4"/><net_sink comp="52426" pin=0"/></net>

<net id="52436"><net_src comp="14" pin="0"/><net_sink comp="52430" pin=0"/></net>

<net id="52437"><net_src comp="418" pin="2"/><net_sink comp="52430" pin=1"/></net>

<net id="52438"><net_src comp="8" pin="0"/><net_sink comp="52430" pin=2"/></net>

<net id="52439"><net_src comp="16" pin="0"/><net_sink comp="52430" pin=3"/></net>

<net id="52443"><net_src comp="52430" pin="4"/><net_sink comp="52440" pin=0"/></net>

<net id="52450"><net_src comp="20" pin="0"/><net_sink comp="52444" pin=0"/></net>

<net id="52451"><net_src comp="410" pin="2"/><net_sink comp="52444" pin=1"/></net>

<net id="52452"><net_src comp="8" pin="0"/><net_sink comp="52444" pin=2"/></net>

<net id="52453"><net_src comp="22" pin="0"/><net_sink comp="52444" pin=3"/></net>

<net id="52460"><net_src comp="20" pin="0"/><net_sink comp="52454" pin=0"/></net>

<net id="52461"><net_src comp="373" pin="2"/><net_sink comp="52454" pin=1"/></net>

<net id="52462"><net_src comp="8" pin="0"/><net_sink comp="52454" pin=2"/></net>

<net id="52463"><net_src comp="22" pin="0"/><net_sink comp="52454" pin=3"/></net>

<net id="52470"><net_src comp="20" pin="0"/><net_sink comp="52464" pin=0"/></net>

<net id="52471"><net_src comp="414" pin="2"/><net_sink comp="52464" pin=1"/></net>

<net id="52472"><net_src comp="8" pin="0"/><net_sink comp="52464" pin=2"/></net>

<net id="52473"><net_src comp="22" pin="0"/><net_sink comp="52464" pin=3"/></net>

<net id="52480"><net_src comp="6" pin="0"/><net_sink comp="52474" pin=0"/></net>

<net id="52481"><net_src comp="439" pin="2"/><net_sink comp="52474" pin=1"/></net>

<net id="52482"><net_src comp="8" pin="0"/><net_sink comp="52474" pin=2"/></net>

<net id="52483"><net_src comp="10" pin="0"/><net_sink comp="52474" pin=3"/></net>

<net id="52487"><net_src comp="52474" pin="4"/><net_sink comp="52484" pin=0"/></net>

<net id="52493"><net_src comp="30" pin="0"/><net_sink comp="52488" pin=0"/></net>

<net id="52494"><net_src comp="52393" pin="1"/><net_sink comp="52488" pin=1"/></net>

<net id="52495"><net_src comp="32" pin="0"/><net_sink comp="52488" pin=2"/></net>

<net id="52499"><net_src comp="52488" pin="3"/><net_sink comp="52496" pin=0"/></net>

<net id="52505"><net_src comp="34" pin="0"/><net_sink comp="52500" pin=0"/></net>

<net id="52506"><net_src comp="52393" pin="1"/><net_sink comp="52500" pin=1"/></net>

<net id="52507"><net_src comp="36" pin="0"/><net_sink comp="52500" pin=2"/></net>

<net id="52511"><net_src comp="52500" pin="3"/><net_sink comp="52508" pin=0"/></net>

<net id="52516"><net_src comp="52496" pin="1"/><net_sink comp="52512" pin=0"/></net>

<net id="52517"><net_src comp="52508" pin="1"/><net_sink comp="52512" pin=1"/></net>

<net id="52524"><net_src comp="38" pin="0"/><net_sink comp="52518" pin=0"/></net>

<net id="52525"><net_src comp="52512" pin="2"/><net_sink comp="52518" pin=1"/></net>

<net id="52526"><net_src comp="8" pin="0"/><net_sink comp="52518" pin=2"/></net>

<net id="52527"><net_src comp="40" pin="0"/><net_sink comp="52518" pin=3"/></net>

<net id="52531"><net_src comp="52518" pin="4"/><net_sink comp="52528" pin=0"/></net>

<net id="52538"><net_src comp="6" pin="0"/><net_sink comp="52532" pin=0"/></net>

<net id="52539"><net_src comp="397" pin="2"/><net_sink comp="52532" pin=1"/></net>

<net id="52540"><net_src comp="8" pin="0"/><net_sink comp="52532" pin=2"/></net>

<net id="52541"><net_src comp="10" pin="0"/><net_sink comp="52532" pin=3"/></net>

<net id="52545"><net_src comp="52532" pin="4"/><net_sink comp="52542" pin=0"/></net>

<net id="52552"><net_src comp="44" pin="0"/><net_sink comp="52546" pin=0"/></net>

<net id="52553"><net_src comp="358" pin="2"/><net_sink comp="52546" pin=1"/></net>

<net id="52554"><net_src comp="46" pin="0"/><net_sink comp="52546" pin=2"/></net>

<net id="52555"><net_src comp="48" pin="0"/><net_sink comp="52546" pin=3"/></net>

<net id="52559"><net_src comp="52546" pin="4"/><net_sink comp="52556" pin=0"/></net>

<net id="52560"><net_src comp="52556" pin="1"/><net_sink comp="463" pin=0"/></net>

<net id="52561"><net_src comp="52556" pin="1"/><net_sink comp="392" pin=0"/></net>

<net id="52565"><net_src comp="52546" pin="4"/><net_sink comp="52562" pin=0"/></net>

<net id="52566"><net_src comp="52562" pin="1"/><net_sink comp="399" pin=0"/></net>

<net id="52570"><net_src comp="52546" pin="4"/><net_sink comp="52567" pin=0"/></net>

<net id="52571"><net_src comp="52567" pin="1"/><net_sink comp="398" pin=0"/></net>

<net id="52572"><net_src comp="52567" pin="1"/><net_sink comp="467" pin=0"/></net>

<net id="52573"><net_src comp="52567" pin="1"/><net_sink comp="436" pin=0"/></net>

<net id="52574"><net_src comp="52567" pin="1"/><net_sink comp="459" pin=0"/></net>

<net id="52575"><net_src comp="52567" pin="1"/><net_sink comp="378" pin=0"/></net>

<net id="52582"><net_src comp="20" pin="0"/><net_sink comp="52576" pin=0"/></net>

<net id="52583"><net_src comp="398" pin="2"/><net_sink comp="52576" pin=1"/></net>

<net id="52584"><net_src comp="8" pin="0"/><net_sink comp="52576" pin=2"/></net>

<net id="52585"><net_src comp="22" pin="0"/><net_sink comp="52576" pin=3"/></net>

<net id="52592"><net_src comp="54" pin="0"/><net_sink comp="52586" pin=0"/></net>

<net id="52593"><net_src comp="399" pin="2"/><net_sink comp="52586" pin=1"/></net>

<net id="52594"><net_src comp="8" pin="0"/><net_sink comp="52586" pin=2"/></net>

<net id="52595"><net_src comp="56" pin="0"/><net_sink comp="52586" pin=3"/></net>

<net id="52599"><net_src comp="52586" pin="4"/><net_sink comp="52596" pin=0"/></net>

<net id="52606"><net_src comp="20" pin="0"/><net_sink comp="52600" pin=0"/></net>

<net id="52607"><net_src comp="467" pin="2"/><net_sink comp="52600" pin=1"/></net>

<net id="52608"><net_src comp="8" pin="0"/><net_sink comp="52600" pin=2"/></net>

<net id="52609"><net_src comp="22" pin="0"/><net_sink comp="52600" pin=3"/></net>

<net id="52616"><net_src comp="6" pin="0"/><net_sink comp="52610" pin=0"/></net>

<net id="52617"><net_src comp="463" pin="2"/><net_sink comp="52610" pin=1"/></net>

<net id="52618"><net_src comp="8" pin="0"/><net_sink comp="52610" pin=2"/></net>

<net id="52619"><net_src comp="10" pin="0"/><net_sink comp="52610" pin=3"/></net>

<net id="52623"><net_src comp="52610" pin="4"/><net_sink comp="52620" pin=0"/></net>

<net id="52630"><net_src comp="20" pin="0"/><net_sink comp="52624" pin=0"/></net>

<net id="52631"><net_src comp="436" pin="2"/><net_sink comp="52624" pin=1"/></net>

<net id="52632"><net_src comp="8" pin="0"/><net_sink comp="52624" pin=2"/></net>

<net id="52633"><net_src comp="22" pin="0"/><net_sink comp="52624" pin=3"/></net>

<net id="52640"><net_src comp="20" pin="0"/><net_sink comp="52634" pin=0"/></net>

<net id="52641"><net_src comp="459" pin="2"/><net_sink comp="52634" pin=1"/></net>

<net id="52642"><net_src comp="8" pin="0"/><net_sink comp="52634" pin=2"/></net>

<net id="52643"><net_src comp="22" pin="0"/><net_sink comp="52634" pin=3"/></net>

<net id="52650"><net_src comp="20" pin="0"/><net_sink comp="52644" pin=0"/></net>

<net id="52651"><net_src comp="378" pin="2"/><net_sink comp="52644" pin=1"/></net>

<net id="52652"><net_src comp="8" pin="0"/><net_sink comp="52644" pin=2"/></net>

<net id="52653"><net_src comp="22" pin="0"/><net_sink comp="52644" pin=3"/></net>

<net id="52660"><net_src comp="6" pin="0"/><net_sink comp="52654" pin=0"/></net>

<net id="52661"><net_src comp="392" pin="2"/><net_sink comp="52654" pin=1"/></net>

<net id="52662"><net_src comp="8" pin="0"/><net_sink comp="52654" pin=2"/></net>

<net id="52663"><net_src comp="10" pin="0"/><net_sink comp="52654" pin=3"/></net>

<net id="52667"><net_src comp="52654" pin="4"/><net_sink comp="52664" pin=0"/></net>

<net id="52674"><net_src comp="44" pin="0"/><net_sink comp="52668" pin=0"/></net>

<net id="52675"><net_src comp="358" pin="2"/><net_sink comp="52668" pin=1"/></net>

<net id="52676"><net_src comp="70" pin="0"/><net_sink comp="52668" pin=2"/></net>

<net id="52677"><net_src comp="72" pin="0"/><net_sink comp="52668" pin=3"/></net>

<net id="52681"><net_src comp="52668" pin="4"/><net_sink comp="52678" pin=0"/></net>

<net id="52682"><net_src comp="52678" pin="1"/><net_sink comp="403" pin=0"/></net>

<net id="52686"><net_src comp="52668" pin="4"/><net_sink comp="52683" pin=0"/></net>

<net id="52687"><net_src comp="52683" pin="1"/><net_sink comp="377" pin=0"/></net>

<net id="52688"><net_src comp="52683" pin="1"/><net_sink comp="451" pin=0"/></net>

<net id="52689"><net_src comp="52683" pin="1"/><net_sink comp="488" pin=0"/></net>

<net id="52693"><net_src comp="52668" pin="4"/><net_sink comp="52690" pin=0"/></net>

<net id="52694"><net_src comp="52690" pin="1"/><net_sink comp="477" pin=0"/></net>

<net id="52695"><net_src comp="52690" pin="1"/><net_sink comp="460" pin=0"/></net>

<net id="52696"><net_src comp="52690" pin="1"/><net_sink comp="401" pin=0"/></net>

<net id="52703"><net_src comp="6" pin="0"/><net_sink comp="52697" pin=0"/></net>

<net id="52704"><net_src comp="477" pin="2"/><net_sink comp="52697" pin=1"/></net>

<net id="52705"><net_src comp="8" pin="0"/><net_sink comp="52697" pin=2"/></net>

<net id="52706"><net_src comp="10" pin="0"/><net_sink comp="52697" pin=3"/></net>

<net id="52710"><net_src comp="52697" pin="4"/><net_sink comp="52707" pin=0"/></net>

<net id="52717"><net_src comp="6" pin="0"/><net_sink comp="52711" pin=0"/></net>

<net id="52718"><net_src comp="460" pin="2"/><net_sink comp="52711" pin=1"/></net>

<net id="52719"><net_src comp="8" pin="0"/><net_sink comp="52711" pin=2"/></net>

<net id="52720"><net_src comp="10" pin="0"/><net_sink comp="52711" pin=3"/></net>

<net id="52724"><net_src comp="52711" pin="4"/><net_sink comp="52721" pin=0"/></net>

<net id="52731"><net_src comp="20" pin="0"/><net_sink comp="52725" pin=0"/></net>

<net id="52732"><net_src comp="377" pin="2"/><net_sink comp="52725" pin=1"/></net>

<net id="52733"><net_src comp="8" pin="0"/><net_sink comp="52725" pin=2"/></net>

<net id="52734"><net_src comp="22" pin="0"/><net_sink comp="52725" pin=3"/></net>

<net id="52741"><net_src comp="20" pin="0"/><net_sink comp="52735" pin=0"/></net>

<net id="52742"><net_src comp="451" pin="2"/><net_sink comp="52735" pin=1"/></net>

<net id="52743"><net_src comp="8" pin="0"/><net_sink comp="52735" pin=2"/></net>

<net id="52744"><net_src comp="22" pin="0"/><net_sink comp="52735" pin=3"/></net>

<net id="52751"><net_src comp="6" pin="0"/><net_sink comp="52745" pin=0"/></net>

<net id="52752"><net_src comp="401" pin="2"/><net_sink comp="52745" pin=1"/></net>

<net id="52753"><net_src comp="8" pin="0"/><net_sink comp="52745" pin=2"/></net>

<net id="52754"><net_src comp="10" pin="0"/><net_sink comp="52745" pin=3"/></net>

<net id="52758"><net_src comp="52745" pin="4"/><net_sink comp="52755" pin=0"/></net>

<net id="52765"><net_src comp="20" pin="0"/><net_sink comp="52759" pin=0"/></net>

<net id="52766"><net_src comp="488" pin="2"/><net_sink comp="52759" pin=1"/></net>

<net id="52767"><net_src comp="8" pin="0"/><net_sink comp="52759" pin=2"/></net>

<net id="52768"><net_src comp="22" pin="0"/><net_sink comp="52759" pin=3"/></net>

<net id="52775"><net_src comp="14" pin="0"/><net_sink comp="52769" pin=0"/></net>

<net id="52776"><net_src comp="403" pin="2"/><net_sink comp="52769" pin=1"/></net>

<net id="52777"><net_src comp="8" pin="0"/><net_sink comp="52769" pin=2"/></net>

<net id="52778"><net_src comp="16" pin="0"/><net_sink comp="52769" pin=3"/></net>

<net id="52782"><net_src comp="52769" pin="4"/><net_sink comp="52779" pin=0"/></net>

<net id="52788"><net_src comp="88" pin="0"/><net_sink comp="52783" pin=0"/></net>

<net id="52789"><net_src comp="52668" pin="4"/><net_sink comp="52783" pin=1"/></net>

<net id="52790"><net_src comp="90" pin="0"/><net_sink comp="52783" pin=2"/></net>

<net id="52794"><net_src comp="52783" pin="3"/><net_sink comp="52791" pin=0"/></net>

<net id="52800"><net_src comp="92" pin="0"/><net_sink comp="52795" pin=0"/></net>

<net id="52801"><net_src comp="52668" pin="4"/><net_sink comp="52795" pin=1"/></net>

<net id="52802"><net_src comp="94" pin="0"/><net_sink comp="52795" pin=2"/></net>

<net id="52806"><net_src comp="52795" pin="3"/><net_sink comp="52803" pin=0"/></net>

<net id="52811"><net_src comp="52803" pin="1"/><net_sink comp="52807" pin=0"/></net>

<net id="52812"><net_src comp="52791" pin="1"/><net_sink comp="52807" pin=1"/></net>

<net id="52819"><net_src comp="38" pin="0"/><net_sink comp="52813" pin=0"/></net>

<net id="52820"><net_src comp="52807" pin="2"/><net_sink comp="52813" pin=1"/></net>

<net id="52821"><net_src comp="8" pin="0"/><net_sink comp="52813" pin=2"/></net>

<net id="52822"><net_src comp="40" pin="0"/><net_sink comp="52813" pin=3"/></net>

<net id="52826"><net_src comp="52813" pin="4"/><net_sink comp="52823" pin=0"/></net>

<net id="52833"><net_src comp="44" pin="0"/><net_sink comp="52827" pin=0"/></net>

<net id="52834"><net_src comp="358" pin="2"/><net_sink comp="52827" pin=1"/></net>

<net id="52835"><net_src comp="96" pin="0"/><net_sink comp="52827" pin=2"/></net>

<net id="52836"><net_src comp="98" pin="0"/><net_sink comp="52827" pin=3"/></net>

<net id="52840"><net_src comp="52827" pin="4"/><net_sink comp="52837" pin=0"/></net>

<net id="52841"><net_src comp="52837" pin="1"/><net_sink comp="435" pin=0"/></net>

<net id="52842"><net_src comp="52837" pin="1"/><net_sink comp="384" pin=0"/></net>

<net id="52846"><net_src comp="52827" pin="4"/><net_sink comp="52843" pin=0"/></net>

<net id="52847"><net_src comp="52843" pin="1"/><net_sink comp="453" pin=0"/></net>

<net id="52848"><net_src comp="52843" pin="1"/><net_sink comp="383" pin=0"/></net>

<net id="52852"><net_src comp="52827" pin="4"/><net_sink comp="52849" pin=0"/></net>

<net id="52853"><net_src comp="52849" pin="1"/><net_sink comp="400" pin=0"/></net>

<net id="52854"><net_src comp="52849" pin="1"/><net_sink comp="480" pin=0"/></net>

<net id="52855"><net_src comp="52849" pin="1"/><net_sink comp="438" pin=0"/></net>

<net id="52862"><net_src comp="20" pin="0"/><net_sink comp="52856" pin=0"/></net>

<net id="52863"><net_src comp="400" pin="2"/><net_sink comp="52856" pin=1"/></net>

<net id="52864"><net_src comp="8" pin="0"/><net_sink comp="52856" pin=2"/></net>

<net id="52865"><net_src comp="22" pin="0"/><net_sink comp="52856" pin=3"/></net>

<net id="52872"><net_src comp="14" pin="0"/><net_sink comp="52866" pin=0"/></net>

<net id="52873"><net_src comp="453" pin="2"/><net_sink comp="52866" pin=1"/></net>

<net id="52874"><net_src comp="8" pin="0"/><net_sink comp="52866" pin=2"/></net>

<net id="52875"><net_src comp="16" pin="0"/><net_sink comp="52866" pin=3"/></net>

<net id="52879"><net_src comp="52866" pin="4"/><net_sink comp="52876" pin=0"/></net>

<net id="52886"><net_src comp="6" pin="0"/><net_sink comp="52880" pin=0"/></net>

<net id="52887"><net_src comp="435" pin="2"/><net_sink comp="52880" pin=1"/></net>

<net id="52888"><net_src comp="8" pin="0"/><net_sink comp="52880" pin=2"/></net>

<net id="52889"><net_src comp="10" pin="0"/><net_sink comp="52880" pin=3"/></net>

<net id="52893"><net_src comp="52880" pin="4"/><net_sink comp="52890" pin=0"/></net>

<net id="52900"><net_src comp="20" pin="0"/><net_sink comp="52894" pin=0"/></net>

<net id="52901"><net_src comp="480" pin="2"/><net_sink comp="52894" pin=1"/></net>

<net id="52902"><net_src comp="8" pin="0"/><net_sink comp="52894" pin=2"/></net>

<net id="52903"><net_src comp="22" pin="0"/><net_sink comp="52894" pin=3"/></net>

<net id="52910"><net_src comp="20" pin="0"/><net_sink comp="52904" pin=0"/></net>

<net id="52911"><net_src comp="438" pin="2"/><net_sink comp="52904" pin=1"/></net>

<net id="52912"><net_src comp="8" pin="0"/><net_sink comp="52904" pin=2"/></net>

<net id="52913"><net_src comp="22" pin="0"/><net_sink comp="52904" pin=3"/></net>

<net id="52920"><net_src comp="14" pin="0"/><net_sink comp="52914" pin=0"/></net>

<net id="52921"><net_src comp="383" pin="2"/><net_sink comp="52914" pin=1"/></net>

<net id="52922"><net_src comp="8" pin="0"/><net_sink comp="52914" pin=2"/></net>

<net id="52923"><net_src comp="16" pin="0"/><net_sink comp="52914" pin=3"/></net>

<net id="52927"><net_src comp="52914" pin="4"/><net_sink comp="52924" pin=0"/></net>

<net id="52934"><net_src comp="6" pin="0"/><net_sink comp="52928" pin=0"/></net>

<net id="52935"><net_src comp="384" pin="2"/><net_sink comp="52928" pin=1"/></net>

<net id="52936"><net_src comp="8" pin="0"/><net_sink comp="52928" pin=2"/></net>

<net id="52937"><net_src comp="10" pin="0"/><net_sink comp="52928" pin=3"/></net>

<net id="52941"><net_src comp="52928" pin="4"/><net_sink comp="52938" pin=0"/></net>

<net id="52947"><net_src comp="114" pin="0"/><net_sink comp="52942" pin=0"/></net>

<net id="52948"><net_src comp="52827" pin="4"/><net_sink comp="52942" pin=1"/></net>

<net id="52949"><net_src comp="116" pin="0"/><net_sink comp="52942" pin=2"/></net>

<net id="52953"><net_src comp="52942" pin="3"/><net_sink comp="52950" pin=0"/></net>

<net id="52959"><net_src comp="88" pin="0"/><net_sink comp="52954" pin=0"/></net>

<net id="52960"><net_src comp="52827" pin="4"/><net_sink comp="52954" pin=1"/></net>

<net id="52961"><net_src comp="90" pin="0"/><net_sink comp="52954" pin=2"/></net>

<net id="52965"><net_src comp="52954" pin="3"/><net_sink comp="52962" pin=0"/></net>

<net id="52970"><net_src comp="52950" pin="1"/><net_sink comp="52966" pin=0"/></net>

<net id="52971"><net_src comp="52962" pin="1"/><net_sink comp="52966" pin=1"/></net>

<net id="52978"><net_src comp="20" pin="0"/><net_sink comp="52972" pin=0"/></net>

<net id="52979"><net_src comp="52966" pin="2"/><net_sink comp="52972" pin=1"/></net>

<net id="52980"><net_src comp="8" pin="0"/><net_sink comp="52972" pin=2"/></net>

<net id="52981"><net_src comp="22" pin="0"/><net_sink comp="52972" pin=3"/></net>

<net id="52988"><net_src comp="44" pin="0"/><net_sink comp="52982" pin=0"/></net>

<net id="52989"><net_src comp="358" pin="2"/><net_sink comp="52982" pin=1"/></net>

<net id="52990"><net_src comp="118" pin="0"/><net_sink comp="52982" pin=2"/></net>

<net id="52991"><net_src comp="120" pin="0"/><net_sink comp="52982" pin=3"/></net>

<net id="52995"><net_src comp="52982" pin="4"/><net_sink comp="52992" pin=0"/></net>

<net id="52999"><net_src comp="52982" pin="4"/><net_sink comp="52996" pin=0"/></net>

<net id="53000"><net_src comp="52996" pin="1"/><net_sink comp="479" pin=0"/></net>

<net id="53001"><net_src comp="52996" pin="1"/><net_sink comp="394" pin=0"/></net>

<net id="53005"><net_src comp="52982" pin="4"/><net_sink comp="53002" pin=0"/></net>

<net id="53006"><net_src comp="53002" pin="1"/><net_sink comp="409" pin=0"/></net>

<net id="53007"><net_src comp="53002" pin="1"/><net_sink comp="432" pin=0"/></net>

<net id="53008"><net_src comp="53002" pin="1"/><net_sink comp="420" pin=0"/></net>

<net id="53012"><net_src comp="52982" pin="4"/><net_sink comp="53009" pin=0"/></net>

<net id="53013"><net_src comp="53009" pin="1"/><net_sink comp="446" pin=0"/></net>

<net id="53020"><net_src comp="14" pin="0"/><net_sink comp="53014" pin=0"/></net>

<net id="53021"><net_src comp="446" pin="2"/><net_sink comp="53014" pin=1"/></net>

<net id="53022"><net_src comp="8" pin="0"/><net_sink comp="53014" pin=2"/></net>

<net id="53023"><net_src comp="16" pin="0"/><net_sink comp="53014" pin=3"/></net>

<net id="53027"><net_src comp="53014" pin="4"/><net_sink comp="53024" pin=0"/></net>

<net id="53034"><net_src comp="20" pin="0"/><net_sink comp="53028" pin=0"/></net>

<net id="53035"><net_src comp="409" pin="2"/><net_sink comp="53028" pin=1"/></net>

<net id="53036"><net_src comp="8" pin="0"/><net_sink comp="53028" pin=2"/></net>

<net id="53037"><net_src comp="22" pin="0"/><net_sink comp="53028" pin=3"/></net>

<net id="53044"><net_src comp="6" pin="0"/><net_sink comp="53038" pin=0"/></net>

<net id="53045"><net_src comp="479" pin="2"/><net_sink comp="53038" pin=1"/></net>

<net id="53046"><net_src comp="8" pin="0"/><net_sink comp="53038" pin=2"/></net>

<net id="53047"><net_src comp="10" pin="0"/><net_sink comp="53038" pin=3"/></net>

<net id="53051"><net_src comp="53038" pin="4"/><net_sink comp="53048" pin=0"/></net>

<net id="53058"><net_src comp="6" pin="0"/><net_sink comp="53052" pin=0"/></net>

<net id="53059"><net_src comp="394" pin="2"/><net_sink comp="53052" pin=1"/></net>

<net id="53060"><net_src comp="8" pin="0"/><net_sink comp="53052" pin=2"/></net>

<net id="53061"><net_src comp="10" pin="0"/><net_sink comp="53052" pin=3"/></net>

<net id="53065"><net_src comp="53052" pin="4"/><net_sink comp="53062" pin=0"/></net>

<net id="53071"><net_src comp="114" pin="0"/><net_sink comp="53066" pin=0"/></net>

<net id="53072"><net_src comp="52982" pin="4"/><net_sink comp="53066" pin=1"/></net>

<net id="53073"><net_src comp="116" pin="0"/><net_sink comp="53066" pin=2"/></net>

<net id="53077"><net_src comp="53066" pin="3"/><net_sink comp="53074" pin=0"/></net>

<net id="53083"><net_src comp="34" pin="0"/><net_sink comp="53078" pin=0"/></net>

<net id="53084"><net_src comp="52982" pin="4"/><net_sink comp="53078" pin=1"/></net>

<net id="53085"><net_src comp="36" pin="0"/><net_sink comp="53078" pin=2"/></net>

<net id="53089"><net_src comp="53078" pin="3"/><net_sink comp="53086" pin=0"/></net>

<net id="53094"><net_src comp="53086" pin="1"/><net_sink comp="53090" pin=0"/></net>

<net id="53095"><net_src comp="53074" pin="1"/><net_sink comp="53090" pin=1"/></net>

<net id="53102"><net_src comp="20" pin="0"/><net_sink comp="53096" pin=0"/></net>

<net id="53103"><net_src comp="53090" pin="2"/><net_sink comp="53096" pin=1"/></net>

<net id="53104"><net_src comp="8" pin="0"/><net_sink comp="53096" pin=2"/></net>

<net id="53105"><net_src comp="22" pin="0"/><net_sink comp="53096" pin=3"/></net>

<net id="53112"><net_src comp="20" pin="0"/><net_sink comp="53106" pin=0"/></net>

<net id="53113"><net_src comp="432" pin="2"/><net_sink comp="53106" pin=1"/></net>

<net id="53114"><net_src comp="8" pin="0"/><net_sink comp="53106" pin=2"/></net>

<net id="53115"><net_src comp="22" pin="0"/><net_sink comp="53106" pin=3"/></net>

<net id="53122"><net_src comp="20" pin="0"/><net_sink comp="53116" pin=0"/></net>

<net id="53123"><net_src comp="420" pin="2"/><net_sink comp="53116" pin=1"/></net>

<net id="53124"><net_src comp="8" pin="0"/><net_sink comp="53116" pin=2"/></net>

<net id="53125"><net_src comp="22" pin="0"/><net_sink comp="53116" pin=3"/></net>

<net id="53131"><net_src comp="30" pin="0"/><net_sink comp="53126" pin=0"/></net>

<net id="53132"><net_src comp="52982" pin="4"/><net_sink comp="53126" pin=1"/></net>

<net id="53133"><net_src comp="32" pin="0"/><net_sink comp="53126" pin=2"/></net>

<net id="53137"><net_src comp="53126" pin="3"/><net_sink comp="53134" pin=0"/></net>

<net id="53142"><net_src comp="53134" pin="1"/><net_sink comp="53138" pin=0"/></net>

<net id="53143"><net_src comp="52992" pin="1"/><net_sink comp="53138" pin=1"/></net>

<net id="53150"><net_src comp="134" pin="0"/><net_sink comp="53144" pin=0"/></net>

<net id="53151"><net_src comp="53138" pin="2"/><net_sink comp="53144" pin=1"/></net>

<net id="53152"><net_src comp="8" pin="0"/><net_sink comp="53144" pin=2"/></net>

<net id="53153"><net_src comp="136" pin="0"/><net_sink comp="53144" pin=3"/></net>

<net id="53157"><net_src comp="53144" pin="4"/><net_sink comp="53154" pin=0"/></net>

<net id="53164"><net_src comp="44" pin="0"/><net_sink comp="53158" pin=0"/></net>

<net id="53165"><net_src comp="358" pin="2"/><net_sink comp="53158" pin=1"/></net>

<net id="53166"><net_src comp="138" pin="0"/><net_sink comp="53158" pin=2"/></net>

<net id="53167"><net_src comp="140" pin="0"/><net_sink comp="53158" pin=3"/></net>

<net id="53171"><net_src comp="53158" pin="4"/><net_sink comp="53168" pin=0"/></net>

<net id="53172"><net_src comp="53168" pin="1"/><net_sink comp="472" pin=0"/></net>

<net id="53173"><net_src comp="53168" pin="1"/><net_sink comp="427" pin=0"/></net>

<net id="53177"><net_src comp="53158" pin="4"/><net_sink comp="53174" pin=0"/></net>

<net id="53178"><net_src comp="53174" pin="1"/><net_sink comp="412" pin=0"/></net>

<net id="53179"><net_src comp="53174" pin="1"/><net_sink comp="486" pin=0"/></net>

<net id="53183"><net_src comp="53158" pin="4"/><net_sink comp="53180" pin=0"/></net>

<net id="53184"><net_src comp="53180" pin="1"/><net_sink comp="379" pin=0"/></net>

<net id="53185"><net_src comp="53180" pin="1"/><net_sink comp="487" pin=0"/></net>

<net id="53189"><net_src comp="53158" pin="4"/><net_sink comp="53186" pin=0"/></net>

<net id="53190"><net_src comp="53186" pin="1"/><net_sink comp="464" pin=0"/></net>

<net id="53197"><net_src comp="54" pin="0"/><net_sink comp="53191" pin=0"/></net>

<net id="53198"><net_src comp="464" pin="2"/><net_sink comp="53191" pin=1"/></net>

<net id="53199"><net_src comp="8" pin="0"/><net_sink comp="53191" pin=2"/></net>

<net id="53200"><net_src comp="56" pin="0"/><net_sink comp="53191" pin=3"/></net>

<net id="53204"><net_src comp="53191" pin="4"/><net_sink comp="53201" pin=0"/></net>

<net id="53211"><net_src comp="38" pin="0"/><net_sink comp="53205" pin=0"/></net>

<net id="53212"><net_src comp="379" pin="2"/><net_sink comp="53205" pin=1"/></net>

<net id="53213"><net_src comp="8" pin="0"/><net_sink comp="53205" pin=2"/></net>

<net id="53214"><net_src comp="40" pin="0"/><net_sink comp="53205" pin=3"/></net>

<net id="53218"><net_src comp="53205" pin="4"/><net_sink comp="53215" pin=0"/></net>

<net id="53225"><net_src comp="6" pin="0"/><net_sink comp="53219" pin=0"/></net>

<net id="53226"><net_src comp="412" pin="2"/><net_sink comp="53219" pin=1"/></net>

<net id="53227"><net_src comp="8" pin="0"/><net_sink comp="53219" pin=2"/></net>

<net id="53228"><net_src comp="10" pin="0"/><net_sink comp="53219" pin=3"/></net>

<net id="53232"><net_src comp="53219" pin="4"/><net_sink comp="53229" pin=0"/></net>

<net id="53239"><net_src comp="20" pin="0"/><net_sink comp="53233" pin=0"/></net>

<net id="53240"><net_src comp="472" pin="2"/><net_sink comp="53233" pin=1"/></net>

<net id="53241"><net_src comp="8" pin="0"/><net_sink comp="53233" pin=2"/></net>

<net id="53242"><net_src comp="22" pin="0"/><net_sink comp="53233" pin=3"/></net>

<net id="53248"><net_src comp="150" pin="0"/><net_sink comp="53243" pin=0"/></net>

<net id="53249"><net_src comp="53158" pin="4"/><net_sink comp="53243" pin=1"/></net>

<net id="53250"><net_src comp="152" pin="0"/><net_sink comp="53243" pin=2"/></net>

<net id="53254"><net_src comp="53243" pin="3"/><net_sink comp="53251" pin=0"/></net>

<net id="53260"><net_src comp="92" pin="0"/><net_sink comp="53255" pin=0"/></net>

<net id="53261"><net_src comp="53158" pin="4"/><net_sink comp="53255" pin=1"/></net>

<net id="53262"><net_src comp="94" pin="0"/><net_sink comp="53255" pin=2"/></net>

<net id="53266"><net_src comp="53255" pin="3"/><net_sink comp="53263" pin=0"/></net>

<net id="53271"><net_src comp="53263" pin="1"/><net_sink comp="53267" pin=0"/></net>

<net id="53272"><net_src comp="53251" pin="1"/><net_sink comp="53267" pin=1"/></net>

<net id="53279"><net_src comp="14" pin="0"/><net_sink comp="53273" pin=0"/></net>

<net id="53280"><net_src comp="53267" pin="2"/><net_sink comp="53273" pin=1"/></net>

<net id="53281"><net_src comp="8" pin="0"/><net_sink comp="53273" pin=2"/></net>

<net id="53282"><net_src comp="16" pin="0"/><net_sink comp="53273" pin=3"/></net>

<net id="53286"><net_src comp="53273" pin="4"/><net_sink comp="53283" pin=0"/></net>

<net id="53293"><net_src comp="20" pin="0"/><net_sink comp="53287" pin=0"/></net>

<net id="53294"><net_src comp="427" pin="2"/><net_sink comp="53287" pin=1"/></net>

<net id="53295"><net_src comp="8" pin="0"/><net_sink comp="53287" pin=2"/></net>

<net id="53296"><net_src comp="22" pin="0"/><net_sink comp="53287" pin=3"/></net>

<net id="53303"><net_src comp="6" pin="0"/><net_sink comp="53297" pin=0"/></net>

<net id="53304"><net_src comp="486" pin="2"/><net_sink comp="53297" pin=1"/></net>

<net id="53305"><net_src comp="8" pin="0"/><net_sink comp="53297" pin=2"/></net>

<net id="53306"><net_src comp="10" pin="0"/><net_sink comp="53297" pin=3"/></net>

<net id="53310"><net_src comp="53297" pin="4"/><net_sink comp="53307" pin=0"/></net>

<net id="53317"><net_src comp="38" pin="0"/><net_sink comp="53311" pin=0"/></net>

<net id="53318"><net_src comp="487" pin="2"/><net_sink comp="53311" pin=1"/></net>

<net id="53319"><net_src comp="8" pin="0"/><net_sink comp="53311" pin=2"/></net>

<net id="53320"><net_src comp="40" pin="0"/><net_sink comp="53311" pin=3"/></net>

<net id="53324"><net_src comp="53311" pin="4"/><net_sink comp="53321" pin=0"/></net>

<net id="53331"><net_src comp="44" pin="0"/><net_sink comp="53325" pin=0"/></net>

<net id="53332"><net_src comp="358" pin="2"/><net_sink comp="53325" pin=1"/></net>

<net id="53333"><net_src comp="160" pin="0"/><net_sink comp="53325" pin=2"/></net>

<net id="53334"><net_src comp="162" pin="0"/><net_sink comp="53325" pin=3"/></net>

<net id="53338"><net_src comp="53325" pin="4"/><net_sink comp="53335" pin=0"/></net>

<net id="53339"><net_src comp="53335" pin="1"/><net_sink comp="405" pin=0"/></net>

<net id="53343"><net_src comp="53325" pin="4"/><net_sink comp="53340" pin=0"/></net>

<net id="53344"><net_src comp="53340" pin="1"/><net_sink comp="469" pin=0"/></net>

<net id="53345"><net_src comp="53340" pin="1"/><net_sink comp="476" pin=0"/></net>

<net id="53349"><net_src comp="53325" pin="4"/><net_sink comp="53346" pin=0"/></net>

<net id="53350"><net_src comp="53346" pin="1"/><net_sink comp="445" pin=0"/></net>

<net id="53351"><net_src comp="53346" pin="1"/><net_sink comp="366" pin=0"/></net>

<net id="53352"><net_src comp="53346" pin="1"/><net_sink comp="424" pin=0"/></net>

<net id="53353"><net_src comp="53346" pin="1"/><net_sink comp="382" pin=0"/></net>

<net id="53360"><net_src comp="20" pin="0"/><net_sink comp="53354" pin=0"/></net>

<net id="53361"><net_src comp="445" pin="2"/><net_sink comp="53354" pin=1"/></net>

<net id="53362"><net_src comp="8" pin="0"/><net_sink comp="53354" pin=2"/></net>

<net id="53363"><net_src comp="22" pin="0"/><net_sink comp="53354" pin=3"/></net>

<net id="53369"><net_src comp="150" pin="0"/><net_sink comp="53364" pin=0"/></net>

<net id="53370"><net_src comp="53325" pin="4"/><net_sink comp="53364" pin=1"/></net>

<net id="53371"><net_src comp="152" pin="0"/><net_sink comp="53364" pin=2"/></net>

<net id="53375"><net_src comp="53364" pin="3"/><net_sink comp="53372" pin=0"/></net>

<net id="53381"><net_src comp="30" pin="0"/><net_sink comp="53376" pin=0"/></net>

<net id="53382"><net_src comp="53325" pin="4"/><net_sink comp="53376" pin=1"/></net>

<net id="53383"><net_src comp="32" pin="0"/><net_sink comp="53376" pin=2"/></net>

<net id="53387"><net_src comp="53376" pin="3"/><net_sink comp="53384" pin=0"/></net>

<net id="53392"><net_src comp="53384" pin="1"/><net_sink comp="53388" pin=0"/></net>

<net id="53393"><net_src comp="53372" pin="1"/><net_sink comp="53388" pin=1"/></net>

<net id="53400"><net_src comp="14" pin="0"/><net_sink comp="53394" pin=0"/></net>

<net id="53401"><net_src comp="53388" pin="2"/><net_sink comp="53394" pin=1"/></net>

<net id="53402"><net_src comp="8" pin="0"/><net_sink comp="53394" pin=2"/></net>

<net id="53403"><net_src comp="16" pin="0"/><net_sink comp="53394" pin=3"/></net>

<net id="53407"><net_src comp="53394" pin="4"/><net_sink comp="53404" pin=0"/></net>

<net id="53414"><net_src comp="6" pin="0"/><net_sink comp="53408" pin=0"/></net>

<net id="53415"><net_src comp="469" pin="2"/><net_sink comp="53408" pin=1"/></net>

<net id="53416"><net_src comp="8" pin="0"/><net_sink comp="53408" pin=2"/></net>

<net id="53417"><net_src comp="10" pin="0"/><net_sink comp="53408" pin=3"/></net>

<net id="53421"><net_src comp="53408" pin="4"/><net_sink comp="53418" pin=0"/></net>

<net id="53428"><net_src comp="38" pin="0"/><net_sink comp="53422" pin=0"/></net>

<net id="53429"><net_src comp="405" pin="2"/><net_sink comp="53422" pin=1"/></net>

<net id="53430"><net_src comp="8" pin="0"/><net_sink comp="53422" pin=2"/></net>

<net id="53431"><net_src comp="40" pin="0"/><net_sink comp="53422" pin=3"/></net>

<net id="53435"><net_src comp="53422" pin="4"/><net_sink comp="53432" pin=0"/></net>

<net id="53442"><net_src comp="6" pin="0"/><net_sink comp="53436" pin=0"/></net>

<net id="53443"><net_src comp="476" pin="2"/><net_sink comp="53436" pin=1"/></net>

<net id="53444"><net_src comp="8" pin="0"/><net_sink comp="53436" pin=2"/></net>

<net id="53445"><net_src comp="10" pin="0"/><net_sink comp="53436" pin=3"/></net>

<net id="53449"><net_src comp="53436" pin="4"/><net_sink comp="53446" pin=0"/></net>

<net id="53456"><net_src comp="20" pin="0"/><net_sink comp="53450" pin=0"/></net>

<net id="53457"><net_src comp="366" pin="2"/><net_sink comp="53450" pin=1"/></net>

<net id="53458"><net_src comp="8" pin="0"/><net_sink comp="53450" pin=2"/></net>

<net id="53459"><net_src comp="22" pin="0"/><net_sink comp="53450" pin=3"/></net>

<net id="53466"><net_src comp="20" pin="0"/><net_sink comp="53460" pin=0"/></net>

<net id="53467"><net_src comp="424" pin="2"/><net_sink comp="53460" pin=1"/></net>

<net id="53468"><net_src comp="8" pin="0"/><net_sink comp="53460" pin=2"/></net>

<net id="53469"><net_src comp="22" pin="0"/><net_sink comp="53460" pin=3"/></net>

<net id="53476"><net_src comp="20" pin="0"/><net_sink comp="53470" pin=0"/></net>

<net id="53477"><net_src comp="382" pin="2"/><net_sink comp="53470" pin=1"/></net>

<net id="53478"><net_src comp="8" pin="0"/><net_sink comp="53470" pin=2"/></net>

<net id="53479"><net_src comp="22" pin="0"/><net_sink comp="53470" pin=3"/></net>

<net id="53486"><net_src comp="44" pin="0"/><net_sink comp="53480" pin=0"/></net>

<net id="53487"><net_src comp="358" pin="2"/><net_sink comp="53480" pin=1"/></net>

<net id="53488"><net_src comp="178" pin="0"/><net_sink comp="53480" pin=2"/></net>

<net id="53489"><net_src comp="180" pin="0"/><net_sink comp="53480" pin=3"/></net>

<net id="53493"><net_src comp="53480" pin="4"/><net_sink comp="53490" pin=0"/></net>

<net id="53494"><net_src comp="53490" pin="1"/><net_sink comp="444" pin=0"/></net>

<net id="53498"><net_src comp="53480" pin="4"/><net_sink comp="53495" pin=0"/></net>

<net id="53499"><net_src comp="53495" pin="1"/><net_sink comp="371" pin=0"/></net>

<net id="53500"><net_src comp="53495" pin="1"/><net_sink comp="448" pin=0"/></net>

<net id="53501"><net_src comp="53495" pin="1"/><net_sink comp="419" pin=0"/></net>

<net id="53502"><net_src comp="53495" pin="1"/><net_sink comp="433" pin=0"/></net>

<net id="53506"><net_src comp="53480" pin="4"/><net_sink comp="53503" pin=0"/></net>

<net id="53507"><net_src comp="53503" pin="1"/><net_sink comp="425" pin=0"/></net>

<net id="53511"><net_src comp="53480" pin="4"/><net_sink comp="53508" pin=0"/></net>

<net id="53512"><net_src comp="53508" pin="1"/><net_sink comp="426" pin=0"/></net>

<net id="53513"><net_src comp="53508" pin="1"/><net_sink comp="417" pin=0"/></net>

<net id="53520"><net_src comp="6" pin="0"/><net_sink comp="53514" pin=0"/></net>

<net id="53521"><net_src comp="426" pin="2"/><net_sink comp="53514" pin=1"/></net>

<net id="53522"><net_src comp="8" pin="0"/><net_sink comp="53514" pin=2"/></net>

<net id="53523"><net_src comp="10" pin="0"/><net_sink comp="53514" pin=3"/></net>

<net id="53527"><net_src comp="53514" pin="4"/><net_sink comp="53524" pin=0"/></net>

<net id="53534"><net_src comp="54" pin="0"/><net_sink comp="53528" pin=0"/></net>

<net id="53535"><net_src comp="425" pin="2"/><net_sink comp="53528" pin=1"/></net>

<net id="53536"><net_src comp="8" pin="0"/><net_sink comp="53528" pin=2"/></net>

<net id="53537"><net_src comp="56" pin="0"/><net_sink comp="53528" pin=3"/></net>

<net id="53541"><net_src comp="53528" pin="4"/><net_sink comp="53538" pin=0"/></net>

<net id="53548"><net_src comp="20" pin="0"/><net_sink comp="53542" pin=0"/></net>

<net id="53549"><net_src comp="371" pin="2"/><net_sink comp="53542" pin=1"/></net>

<net id="53550"><net_src comp="8" pin="0"/><net_sink comp="53542" pin=2"/></net>

<net id="53551"><net_src comp="22" pin="0"/><net_sink comp="53542" pin=3"/></net>

<net id="53558"><net_src comp="14" pin="0"/><net_sink comp="53552" pin=0"/></net>

<net id="53559"><net_src comp="444" pin="2"/><net_sink comp="53552" pin=1"/></net>

<net id="53560"><net_src comp="8" pin="0"/><net_sink comp="53552" pin=2"/></net>

<net id="53561"><net_src comp="16" pin="0"/><net_sink comp="53552" pin=3"/></net>

<net id="53565"><net_src comp="53552" pin="4"/><net_sink comp="53562" pin=0"/></net>

<net id="53572"><net_src comp="6" pin="0"/><net_sink comp="53566" pin=0"/></net>

<net id="53573"><net_src comp="417" pin="2"/><net_sink comp="53566" pin=1"/></net>

<net id="53574"><net_src comp="8" pin="0"/><net_sink comp="53566" pin=2"/></net>

<net id="53575"><net_src comp="10" pin="0"/><net_sink comp="53566" pin=3"/></net>

<net id="53579"><net_src comp="53566" pin="4"/><net_sink comp="53576" pin=0"/></net>

<net id="53586"><net_src comp="20" pin="0"/><net_sink comp="53580" pin=0"/></net>

<net id="53587"><net_src comp="448" pin="2"/><net_sink comp="53580" pin=1"/></net>

<net id="53588"><net_src comp="8" pin="0"/><net_sink comp="53580" pin=2"/></net>

<net id="53589"><net_src comp="22" pin="0"/><net_sink comp="53580" pin=3"/></net>

<net id="53596"><net_src comp="20" pin="0"/><net_sink comp="53590" pin=0"/></net>

<net id="53597"><net_src comp="419" pin="2"/><net_sink comp="53590" pin=1"/></net>

<net id="53598"><net_src comp="8" pin="0"/><net_sink comp="53590" pin=2"/></net>

<net id="53599"><net_src comp="22" pin="0"/><net_sink comp="53590" pin=3"/></net>

<net id="53606"><net_src comp="20" pin="0"/><net_sink comp="53600" pin=0"/></net>

<net id="53607"><net_src comp="433" pin="2"/><net_sink comp="53600" pin=1"/></net>

<net id="53608"><net_src comp="8" pin="0"/><net_sink comp="53600" pin=2"/></net>

<net id="53609"><net_src comp="22" pin="0"/><net_sink comp="53600" pin=3"/></net>

<net id="53616"><net_src comp="44" pin="0"/><net_sink comp="53610" pin=0"/></net>

<net id="53617"><net_src comp="358" pin="2"/><net_sink comp="53610" pin=1"/></net>

<net id="53618"><net_src comp="198" pin="0"/><net_sink comp="53610" pin=2"/></net>

<net id="53619"><net_src comp="200" pin="0"/><net_sink comp="53610" pin=3"/></net>

<net id="53623"><net_src comp="53610" pin="4"/><net_sink comp="53620" pin=0"/></net>

<net id="53624"><net_src comp="53620" pin="1"/><net_sink comp="485" pin=0"/></net>

<net id="53628"><net_src comp="53610" pin="4"/><net_sink comp="53625" pin=0"/></net>

<net id="53629"><net_src comp="53625" pin="1"/><net_sink comp="429" pin=0"/></net>

<net id="53633"><net_src comp="53610" pin="4"/><net_sink comp="53630" pin=0"/></net>

<net id="53634"><net_src comp="53630" pin="1"/><net_sink comp="455" pin=0"/></net>

<net id="53635"><net_src comp="53630" pin="1"/><net_sink comp="475" pin=0"/></net>

<net id="53636"><net_src comp="53630" pin="1"/><net_sink comp="365" pin=0"/></net>

<net id="53637"><net_src comp="53630" pin="1"/><net_sink comp="385" pin=0"/></net>

<net id="53638"><net_src comp="53630" pin="1"/><net_sink comp="473" pin=0"/></net>

<net id="53645"><net_src comp="20" pin="0"/><net_sink comp="53639" pin=0"/></net>

<net id="53646"><net_src comp="455" pin="2"/><net_sink comp="53639" pin=1"/></net>

<net id="53647"><net_src comp="8" pin="0"/><net_sink comp="53639" pin=2"/></net>

<net id="53648"><net_src comp="22" pin="0"/><net_sink comp="53639" pin=3"/></net>

<net id="53655"><net_src comp="20" pin="0"/><net_sink comp="53649" pin=0"/></net>

<net id="53656"><net_src comp="475" pin="2"/><net_sink comp="53649" pin=1"/></net>

<net id="53657"><net_src comp="8" pin="0"/><net_sink comp="53649" pin=2"/></net>

<net id="53658"><net_src comp="22" pin="0"/><net_sink comp="53649" pin=3"/></net>

<net id="53664"><net_src comp="204" pin="0"/><net_sink comp="53659" pin=0"/></net>

<net id="53665"><net_src comp="53610" pin="4"/><net_sink comp="53659" pin=1"/></net>

<net id="53666"><net_src comp="206" pin="0"/><net_sink comp="53659" pin=2"/></net>

<net id="53670"><net_src comp="53659" pin="3"/><net_sink comp="53667" pin=0"/></net>

<net id="53675"><net_src comp="208" pin="0"/><net_sink comp="53671" pin=0"/></net>

<net id="53676"><net_src comp="53667" pin="1"/><net_sink comp="53671" pin=1"/></net>

<net id="53682"><net_src comp="210" pin="0"/><net_sink comp="53677" pin=0"/></net>

<net id="53683"><net_src comp="53610" pin="4"/><net_sink comp="53677" pin=1"/></net>

<net id="53684"><net_src comp="212" pin="0"/><net_sink comp="53677" pin=2"/></net>

<net id="53688"><net_src comp="53677" pin="3"/><net_sink comp="53685" pin=0"/></net>

<net id="53693"><net_src comp="53671" pin="2"/><net_sink comp="53689" pin=0"/></net>

<net id="53694"><net_src comp="53685" pin="1"/><net_sink comp="53689" pin=1"/></net>

<net id="53701"><net_src comp="14" pin="0"/><net_sink comp="53695" pin=0"/></net>

<net id="53702"><net_src comp="53689" pin="2"/><net_sink comp="53695" pin=1"/></net>

<net id="53703"><net_src comp="8" pin="0"/><net_sink comp="53695" pin=2"/></net>

<net id="53704"><net_src comp="16" pin="0"/><net_sink comp="53695" pin=3"/></net>

<net id="53708"><net_src comp="53695" pin="4"/><net_sink comp="53705" pin=0"/></net>

<net id="53715"><net_src comp="20" pin="0"/><net_sink comp="53709" pin=0"/></net>

<net id="53716"><net_src comp="365" pin="2"/><net_sink comp="53709" pin=1"/></net>

<net id="53717"><net_src comp="8" pin="0"/><net_sink comp="53709" pin=2"/></net>

<net id="53718"><net_src comp="22" pin="0"/><net_sink comp="53709" pin=3"/></net>

<net id="53725"><net_src comp="20" pin="0"/><net_sink comp="53719" pin=0"/></net>

<net id="53726"><net_src comp="385" pin="2"/><net_sink comp="53719" pin=1"/></net>

<net id="53727"><net_src comp="8" pin="0"/><net_sink comp="53719" pin=2"/></net>

<net id="53728"><net_src comp="22" pin="0"/><net_sink comp="53719" pin=3"/></net>

<net id="53735"><net_src comp="6" pin="0"/><net_sink comp="53729" pin=0"/></net>

<net id="53736"><net_src comp="429" pin="2"/><net_sink comp="53729" pin=1"/></net>

<net id="53737"><net_src comp="8" pin="0"/><net_sink comp="53729" pin=2"/></net>

<net id="53738"><net_src comp="10" pin="0"/><net_sink comp="53729" pin=3"/></net>

<net id="53742"><net_src comp="53729" pin="4"/><net_sink comp="53739" pin=0"/></net>

<net id="53749"><net_src comp="20" pin="0"/><net_sink comp="53743" pin=0"/></net>

<net id="53750"><net_src comp="473" pin="2"/><net_sink comp="53743" pin=1"/></net>

<net id="53751"><net_src comp="8" pin="0"/><net_sink comp="53743" pin=2"/></net>

<net id="53752"><net_src comp="22" pin="0"/><net_sink comp="53743" pin=3"/></net>

<net id="53759"><net_src comp="54" pin="0"/><net_sink comp="53753" pin=0"/></net>

<net id="53760"><net_src comp="485" pin="2"/><net_sink comp="53753" pin=1"/></net>

<net id="53761"><net_src comp="8" pin="0"/><net_sink comp="53753" pin=2"/></net>

<net id="53762"><net_src comp="56" pin="0"/><net_sink comp="53753" pin=3"/></net>

<net id="53766"><net_src comp="53753" pin="4"/><net_sink comp="53763" pin=0"/></net>

<net id="53773"><net_src comp="44" pin="0"/><net_sink comp="53767" pin=0"/></net>

<net id="53774"><net_src comp="358" pin="2"/><net_sink comp="53767" pin=1"/></net>

<net id="53775"><net_src comp="224" pin="0"/><net_sink comp="53767" pin=2"/></net>

<net id="53776"><net_src comp="226" pin="0"/><net_sink comp="53767" pin=3"/></net>

<net id="53780"><net_src comp="53767" pin="4"/><net_sink comp="53777" pin=0"/></net>

<net id="53784"><net_src comp="53767" pin="4"/><net_sink comp="53781" pin=0"/></net>

<net id="53785"><net_src comp="53781" pin="1"/><net_sink comp="421" pin=0"/></net>

<net id="53786"><net_src comp="53781" pin="1"/><net_sink comp="443" pin=0"/></net>

<net id="53787"><net_src comp="53781" pin="1"/><net_sink comp="416" pin=0"/></net>

<net id="53788"><net_src comp="53781" pin="1"/><net_sink comp="465" pin=0"/></net>

<net id="53789"><net_src comp="53781" pin="1"/><net_sink comp="466" pin=0"/></net>

<net id="53796"><net_src comp="20" pin="0"/><net_sink comp="53790" pin=0"/></net>

<net id="53797"><net_src comp="421" pin="2"/><net_sink comp="53790" pin=1"/></net>

<net id="53798"><net_src comp="8" pin="0"/><net_sink comp="53790" pin=2"/></net>

<net id="53799"><net_src comp="22" pin="0"/><net_sink comp="53790" pin=3"/></net>

<net id="53806"><net_src comp="20" pin="0"/><net_sink comp="53800" pin=0"/></net>

<net id="53807"><net_src comp="443" pin="2"/><net_sink comp="53800" pin=1"/></net>

<net id="53808"><net_src comp="8" pin="0"/><net_sink comp="53800" pin=2"/></net>

<net id="53809"><net_src comp="22" pin="0"/><net_sink comp="53800" pin=3"/></net>

<net id="53816"><net_src comp="20" pin="0"/><net_sink comp="53810" pin=0"/></net>

<net id="53817"><net_src comp="416" pin="2"/><net_sink comp="53810" pin=1"/></net>

<net id="53818"><net_src comp="8" pin="0"/><net_sink comp="53810" pin=2"/></net>

<net id="53819"><net_src comp="22" pin="0"/><net_sink comp="53810" pin=3"/></net>

<net id="53825"><net_src comp="30" pin="0"/><net_sink comp="53820" pin=0"/></net>

<net id="53826"><net_src comp="53767" pin="4"/><net_sink comp="53820" pin=1"/></net>

<net id="53827"><net_src comp="32" pin="0"/><net_sink comp="53820" pin=2"/></net>

<net id="53831"><net_src comp="53820" pin="3"/><net_sink comp="53828" pin=0"/></net>

<net id="53836"><net_src comp="53828" pin="1"/><net_sink comp="53832" pin=0"/></net>

<net id="53837"><net_src comp="53777" pin="1"/><net_sink comp="53832" pin=1"/></net>

<net id="53844"><net_src comp="38" pin="0"/><net_sink comp="53838" pin=0"/></net>

<net id="53845"><net_src comp="53832" pin="2"/><net_sink comp="53838" pin=1"/></net>

<net id="53846"><net_src comp="8" pin="0"/><net_sink comp="53838" pin=2"/></net>

<net id="53847"><net_src comp="40" pin="0"/><net_sink comp="53838" pin=3"/></net>

<net id="53851"><net_src comp="53838" pin="4"/><net_sink comp="53848" pin=0"/></net>

<net id="53857"><net_src comp="92" pin="0"/><net_sink comp="53852" pin=0"/></net>

<net id="53858"><net_src comp="53767" pin="4"/><net_sink comp="53852" pin=1"/></net>

<net id="53859"><net_src comp="94" pin="0"/><net_sink comp="53852" pin=2"/></net>

<net id="53863"><net_src comp="53852" pin="3"/><net_sink comp="53860" pin=0"/></net>

<net id="53869"><net_src comp="34" pin="0"/><net_sink comp="53864" pin=0"/></net>

<net id="53870"><net_src comp="53767" pin="4"/><net_sink comp="53864" pin=1"/></net>

<net id="53871"><net_src comp="36" pin="0"/><net_sink comp="53864" pin=2"/></net>

<net id="53875"><net_src comp="53864" pin="3"/><net_sink comp="53872" pin=0"/></net>

<net id="53880"><net_src comp="53872" pin="1"/><net_sink comp="53876" pin=0"/></net>

<net id="53881"><net_src comp="53860" pin="1"/><net_sink comp="53876" pin=1"/></net>

<net id="53888"><net_src comp="234" pin="0"/><net_sink comp="53882" pin=0"/></net>

<net id="53889"><net_src comp="53876" pin="2"/><net_sink comp="53882" pin=1"/></net>

<net id="53890"><net_src comp="8" pin="0"/><net_sink comp="53882" pin=2"/></net>

<net id="53891"><net_src comp="236" pin="0"/><net_sink comp="53882" pin=3"/></net>

<net id="53895"><net_src comp="53882" pin="4"/><net_sink comp="53892" pin=0"/></net>

<net id="53902"><net_src comp="20" pin="0"/><net_sink comp="53896" pin=0"/></net>

<net id="53903"><net_src comp="465" pin="2"/><net_sink comp="53896" pin=1"/></net>

<net id="53904"><net_src comp="8" pin="0"/><net_sink comp="53896" pin=2"/></net>

<net id="53905"><net_src comp="22" pin="0"/><net_sink comp="53896" pin=3"/></net>

<net id="53912"><net_src comp="20" pin="0"/><net_sink comp="53906" pin=0"/></net>

<net id="53913"><net_src comp="466" pin="2"/><net_sink comp="53906" pin=1"/></net>

<net id="53914"><net_src comp="8" pin="0"/><net_sink comp="53906" pin=2"/></net>

<net id="53915"><net_src comp="22" pin="0"/><net_sink comp="53906" pin=3"/></net>

<net id="53921"><net_src comp="242" pin="0"/><net_sink comp="53916" pin=0"/></net>

<net id="53922"><net_src comp="53767" pin="4"/><net_sink comp="53916" pin=1"/></net>

<net id="53923"><net_src comp="244" pin="0"/><net_sink comp="53916" pin=2"/></net>

<net id="53927"><net_src comp="53916" pin="3"/><net_sink comp="53924" pin=0"/></net>

<net id="53931"><net_src comp="53864" pin="3"/><net_sink comp="53928" pin=0"/></net>

<net id="53936"><net_src comp="53924" pin="1"/><net_sink comp="53932" pin=0"/></net>

<net id="53937"><net_src comp="53928" pin="1"/><net_sink comp="53932" pin=1"/></net>

<net id="53944"><net_src comp="20" pin="0"/><net_sink comp="53938" pin=0"/></net>

<net id="53945"><net_src comp="53932" pin="2"/><net_sink comp="53938" pin=1"/></net>

<net id="53946"><net_src comp="8" pin="0"/><net_sink comp="53938" pin=2"/></net>

<net id="53947"><net_src comp="22" pin="0"/><net_sink comp="53938" pin=3"/></net>

<net id="53954"><net_src comp="44" pin="0"/><net_sink comp="53948" pin=0"/></net>

<net id="53955"><net_src comp="358" pin="2"/><net_sink comp="53948" pin=1"/></net>

<net id="53956"><net_src comp="246" pin="0"/><net_sink comp="53948" pin=2"/></net>

<net id="53957"><net_src comp="248" pin="0"/><net_sink comp="53948" pin=3"/></net>

<net id="53961"><net_src comp="53948" pin="4"/><net_sink comp="53958" pin=0"/></net>

<net id="53962"><net_src comp="53958" pin="1"/><net_sink comp="449" pin=0"/></net>

<net id="53966"><net_src comp="53948" pin="4"/><net_sink comp="53963" pin=0"/></net>

<net id="53967"><net_src comp="53963" pin="1"/><net_sink comp="411" pin=0"/></net>

<net id="53971"><net_src comp="53948" pin="4"/><net_sink comp="53968" pin=0"/></net>

<net id="53972"><net_src comp="53968" pin="1"/><net_sink comp="478" pin=0"/></net>

<net id="53976"><net_src comp="53948" pin="4"/><net_sink comp="53973" pin=0"/></net>

<net id="53980"><net_src comp="53948" pin="4"/><net_sink comp="53977" pin=0"/></net>

<net id="53981"><net_src comp="53977" pin="1"/><net_sink comp="468" pin=0"/></net>

<net id="53985"><net_src comp="53948" pin="4"/><net_sink comp="53982" pin=0"/></net>

<net id="53986"><net_src comp="53982" pin="1"/><net_sink comp="437" pin=0"/></net>

<net id="53993"><net_src comp="6" pin="0"/><net_sink comp="53987" pin=0"/></net>

<net id="53994"><net_src comp="437" pin="2"/><net_sink comp="53987" pin=1"/></net>

<net id="53995"><net_src comp="8" pin="0"/><net_sink comp="53987" pin=2"/></net>

<net id="53996"><net_src comp="10" pin="0"/><net_sink comp="53987" pin=3"/></net>

<net id="54000"><net_src comp="53987" pin="4"/><net_sink comp="53997" pin=0"/></net>

<net id="54006"><net_src comp="114" pin="0"/><net_sink comp="54001" pin=0"/></net>

<net id="54007"><net_src comp="53948" pin="4"/><net_sink comp="54001" pin=1"/></net>

<net id="54008"><net_src comp="116" pin="0"/><net_sink comp="54001" pin=2"/></net>

<net id="54012"><net_src comp="54001" pin="3"/><net_sink comp="54009" pin=0"/></net>

<net id="54017"><net_src comp="53977" pin="1"/><net_sink comp="54013" pin=0"/></net>

<net id="54018"><net_src comp="54009" pin="1"/><net_sink comp="54013" pin=1"/></net>

<net id="54025"><net_src comp="20" pin="0"/><net_sink comp="54019" pin=0"/></net>

<net id="54026"><net_src comp="54013" pin="2"/><net_sink comp="54019" pin=1"/></net>

<net id="54027"><net_src comp="8" pin="0"/><net_sink comp="54019" pin=2"/></net>

<net id="54028"><net_src comp="22" pin="0"/><net_sink comp="54019" pin=3"/></net>

<net id="54035"><net_src comp="20" pin="0"/><net_sink comp="54029" pin=0"/></net>

<net id="54036"><net_src comp="468" pin="2"/><net_sink comp="54029" pin=1"/></net>

<net id="54037"><net_src comp="8" pin="0"/><net_sink comp="54029" pin=2"/></net>

<net id="54038"><net_src comp="22" pin="0"/><net_sink comp="54029" pin=3"/></net>

<net id="54044"><net_src comp="210" pin="0"/><net_sink comp="54039" pin=0"/></net>

<net id="54045"><net_src comp="53948" pin="4"/><net_sink comp="54039" pin=1"/></net>

<net id="54046"><net_src comp="212" pin="0"/><net_sink comp="54039" pin=2"/></net>

<net id="54050"><net_src comp="54039" pin="3"/><net_sink comp="54047" pin=0"/></net>

<net id="54055"><net_src comp="54047" pin="1"/><net_sink comp="54051" pin=0"/></net>

<net id="54056"><net_src comp="53973" pin="1"/><net_sink comp="54051" pin=1"/></net>

<net id="54063"><net_src comp="254" pin="0"/><net_sink comp="54057" pin=0"/></net>

<net id="54064"><net_src comp="54051" pin="2"/><net_sink comp="54057" pin=1"/></net>

<net id="54065"><net_src comp="8" pin="0"/><net_sink comp="54057" pin=2"/></net>

<net id="54066"><net_src comp="256" pin="0"/><net_sink comp="54057" pin=3"/></net>

<net id="54070"><net_src comp="54057" pin="4"/><net_sink comp="54067" pin=0"/></net>

<net id="54077"><net_src comp="54" pin="0"/><net_sink comp="54071" pin=0"/></net>

<net id="54078"><net_src comp="478" pin="2"/><net_sink comp="54071" pin=1"/></net>

<net id="54079"><net_src comp="8" pin="0"/><net_sink comp="54071" pin=2"/></net>

<net id="54080"><net_src comp="56" pin="0"/><net_sink comp="54071" pin=3"/></net>

<net id="54084"><net_src comp="54071" pin="4"/><net_sink comp="54081" pin=0"/></net>

<net id="54091"><net_src comp="14" pin="0"/><net_sink comp="54085" pin=0"/></net>

<net id="54092"><net_src comp="411" pin="2"/><net_sink comp="54085" pin=1"/></net>

<net id="54093"><net_src comp="8" pin="0"/><net_sink comp="54085" pin=2"/></net>

<net id="54094"><net_src comp="16" pin="0"/><net_sink comp="54085" pin=3"/></net>

<net id="54098"><net_src comp="54085" pin="4"/><net_sink comp="54095" pin=0"/></net>

<net id="54104"><net_src comp="92" pin="0"/><net_sink comp="54099" pin=0"/></net>

<net id="54105"><net_src comp="53948" pin="4"/><net_sink comp="54099" pin=1"/></net>

<net id="54106"><net_src comp="94" pin="0"/><net_sink comp="54099" pin=2"/></net>

<net id="54110"><net_src comp="54099" pin="3"/><net_sink comp="54107" pin=0"/></net>

<net id="54115"><net_src comp="54009" pin="1"/><net_sink comp="54111" pin=0"/></net>

<net id="54116"><net_src comp="54107" pin="1"/><net_sink comp="54111" pin=1"/></net>

<net id="54123"><net_src comp="20" pin="0"/><net_sink comp="54117" pin=0"/></net>

<net id="54124"><net_src comp="54111" pin="2"/><net_sink comp="54117" pin=1"/></net>

<net id="54125"><net_src comp="8" pin="0"/><net_sink comp="54117" pin=2"/></net>

<net id="54126"><net_src comp="22" pin="0"/><net_sink comp="54117" pin=3"/></net>

<net id="54133"><net_src comp="38" pin="0"/><net_sink comp="54127" pin=0"/></net>

<net id="54134"><net_src comp="449" pin="2"/><net_sink comp="54127" pin=1"/></net>

<net id="54135"><net_src comp="8" pin="0"/><net_sink comp="54127" pin=2"/></net>

<net id="54136"><net_src comp="40" pin="0"/><net_sink comp="54127" pin=3"/></net>

<net id="54140"><net_src comp="54127" pin="4"/><net_sink comp="54137" pin=0"/></net>

<net id="54147"><net_src comp="44" pin="0"/><net_sink comp="54141" pin=0"/></net>

<net id="54148"><net_src comp="358" pin="2"/><net_sink comp="54141" pin=1"/></net>

<net id="54149"><net_src comp="264" pin="0"/><net_sink comp="54141" pin=2"/></net>

<net id="54150"><net_src comp="266" pin="0"/><net_sink comp="54141" pin=3"/></net>

<net id="54154"><net_src comp="54141" pin="4"/><net_sink comp="54151" pin=0"/></net>

<net id="54155"><net_src comp="54151" pin="1"/><net_sink comp="489" pin=0"/></net>

<net id="54156"><net_src comp="54151" pin="1"/><net_sink comp="404" pin=0"/></net>

<net id="54157"><net_src comp="54151" pin="1"/><net_sink comp="406" pin=0"/></net>

<net id="54161"><net_src comp="54141" pin="4"/><net_sink comp="54158" pin=0"/></net>

<net id="54162"><net_src comp="54158" pin="1"/><net_sink comp="491" pin=0"/></net>

<net id="54168"><net_src comp="242" pin="0"/><net_sink comp="54163" pin=0"/></net>

<net id="54169"><net_src comp="54141" pin="4"/><net_sink comp="54163" pin=1"/></net>

<net id="54170"><net_src comp="244" pin="0"/><net_sink comp="54163" pin=2"/></net>

<net id="54174"><net_src comp="54163" pin="3"/><net_sink comp="54171" pin=0"/></net>

<net id="54179"><net_src comp="54158" pin="1"/><net_sink comp="54175" pin=0"/></net>

<net id="54180"><net_src comp="54171" pin="1"/><net_sink comp="54175" pin=1"/></net>

<net id="54187"><net_src comp="6" pin="0"/><net_sink comp="54181" pin=0"/></net>

<net id="54188"><net_src comp="54175" pin="2"/><net_sink comp="54181" pin=1"/></net>

<net id="54189"><net_src comp="8" pin="0"/><net_sink comp="54181" pin=2"/></net>

<net id="54190"><net_src comp="10" pin="0"/><net_sink comp="54181" pin=3"/></net>

<net id="54194"><net_src comp="54181" pin="4"/><net_sink comp="54191" pin=0"/></net>

<net id="54201"><net_src comp="268" pin="0"/><net_sink comp="54195" pin=0"/></net>

<net id="54202"><net_src comp="358" pin="2"/><net_sink comp="54195" pin=1"/></net>

<net id="54203"><net_src comp="270" pin="0"/><net_sink comp="54195" pin=2"/></net>

<net id="54204"><net_src comp="266" pin="0"/><net_sink comp="54195" pin=3"/></net>

<net id="54208"><net_src comp="54195" pin="4"/><net_sink comp="54205" pin=0"/></net>

<net id="54214"><net_src comp="150" pin="0"/><net_sink comp="54209" pin=0"/></net>

<net id="54215"><net_src comp="54141" pin="4"/><net_sink comp="54209" pin=1"/></net>

<net id="54216"><net_src comp="152" pin="0"/><net_sink comp="54209" pin=2"/></net>

<net id="54220"><net_src comp="54209" pin="3"/><net_sink comp="54217" pin=0"/></net>

<net id="54225"><net_src comp="272" pin="0"/><net_sink comp="54221" pin=0"/></net>

<net id="54226"><net_src comp="54217" pin="1"/><net_sink comp="54221" pin=1"/></net>

<net id="54232"><net_src comp="30" pin="0"/><net_sink comp="54227" pin=0"/></net>

<net id="54233"><net_src comp="54141" pin="4"/><net_sink comp="54227" pin=1"/></net>

<net id="54234"><net_src comp="32" pin="0"/><net_sink comp="54227" pin=2"/></net>

<net id="54238"><net_src comp="54227" pin="3"/><net_sink comp="54235" pin=0"/></net>

<net id="54243"><net_src comp="54221" pin="2"/><net_sink comp="54239" pin=0"/></net>

<net id="54244"><net_src comp="54235" pin="1"/><net_sink comp="54239" pin=1"/></net>

<net id="54251"><net_src comp="6" pin="0"/><net_sink comp="54245" pin=0"/></net>

<net id="54252"><net_src comp="54239" pin="2"/><net_sink comp="54245" pin=1"/></net>

<net id="54253"><net_src comp="8" pin="0"/><net_sink comp="54245" pin=2"/></net>

<net id="54254"><net_src comp="10" pin="0"/><net_sink comp="54245" pin=3"/></net>

<net id="54258"><net_src comp="54245" pin="4"/><net_sink comp="54255" pin=0"/></net>

<net id="54264"><net_src comp="88" pin="0"/><net_sink comp="54259" pin=0"/></net>

<net id="54265"><net_src comp="54141" pin="4"/><net_sink comp="54259" pin=1"/></net>

<net id="54266"><net_src comp="90" pin="0"/><net_sink comp="54259" pin=2"/></net>

<net id="54270"><net_src comp="54259" pin="3"/><net_sink comp="54267" pin=0"/></net>

<net id="54275"><net_src comp="54221" pin="2"/><net_sink comp="54271" pin=0"/></net>

<net id="54276"><net_src comp="54267" pin="1"/><net_sink comp="54271" pin=1"/></net>

<net id="54283"><net_src comp="6" pin="0"/><net_sink comp="54277" pin=0"/></net>

<net id="54284"><net_src comp="54271" pin="2"/><net_sink comp="54277" pin=1"/></net>

<net id="54285"><net_src comp="8" pin="0"/><net_sink comp="54277" pin=2"/></net>

<net id="54286"><net_src comp="10" pin="0"/><net_sink comp="54277" pin=3"/></net>

<net id="54290"><net_src comp="54277" pin="4"/><net_sink comp="54287" pin=0"/></net>

<net id="54297"><net_src comp="20" pin="0"/><net_sink comp="54291" pin=0"/></net>

<net id="54298"><net_src comp="489" pin="2"/><net_sink comp="54291" pin=1"/></net>

<net id="54299"><net_src comp="8" pin="0"/><net_sink comp="54291" pin=2"/></net>

<net id="54300"><net_src comp="22" pin="0"/><net_sink comp="54291" pin=3"/></net>

<net id="54307"><net_src comp="20" pin="0"/><net_sink comp="54301" pin=0"/></net>

<net id="54308"><net_src comp="404" pin="2"/><net_sink comp="54301" pin=1"/></net>

<net id="54309"><net_src comp="8" pin="0"/><net_sink comp="54301" pin=2"/></net>

<net id="54310"><net_src comp="22" pin="0"/><net_sink comp="54301" pin=3"/></net>

<net id="54317"><net_src comp="6" pin="0"/><net_sink comp="54311" pin=0"/></net>

<net id="54318"><net_src comp="491" pin="2"/><net_sink comp="54311" pin=1"/></net>

<net id="54319"><net_src comp="8" pin="0"/><net_sink comp="54311" pin=2"/></net>

<net id="54320"><net_src comp="10" pin="0"/><net_sink comp="54311" pin=3"/></net>

<net id="54324"><net_src comp="54311" pin="4"/><net_sink comp="54321" pin=0"/></net>

<net id="54331"><net_src comp="20" pin="0"/><net_sink comp="54325" pin=0"/></net>

<net id="54332"><net_src comp="406" pin="2"/><net_sink comp="54325" pin=1"/></net>

<net id="54333"><net_src comp="8" pin="0"/><net_sink comp="54325" pin=2"/></net>

<net id="54334"><net_src comp="22" pin="0"/><net_sink comp="54325" pin=3"/></net>

<net id="54341"><net_src comp="44" pin="0"/><net_sink comp="54335" pin=0"/></net>

<net id="54342"><net_src comp="358" pin="2"/><net_sink comp="54335" pin=1"/></net>

<net id="54343"><net_src comp="282" pin="0"/><net_sink comp="54335" pin=2"/></net>

<net id="54344"><net_src comp="284" pin="0"/><net_sink comp="54335" pin=3"/></net>

<net id="54348"><net_src comp="54335" pin="4"/><net_sink comp="54345" pin=0"/></net>

<net id="54349"><net_src comp="54345" pin="1"/><net_sink comp="471" pin=0"/></net>

<net id="54350"><net_src comp="54345" pin="1"/><net_sink comp="428" pin=0"/></net>

<net id="54354"><net_src comp="54335" pin="4"/><net_sink comp="54351" pin=0"/></net>

<net id="54355"><net_src comp="54351" pin="1"/><net_sink comp="415" pin=0"/></net>

<net id="54359"><net_src comp="54335" pin="4"/><net_sink comp="54356" pin=0"/></net>

<net id="54360"><net_src comp="54356" pin="1"/><net_sink comp="407" pin=0"/></net>

<net id="54361"><net_src comp="54356" pin="1"/><net_sink comp="470" pin=0"/></net>

<net id="54362"><net_src comp="54356" pin="1"/><net_sink comp="386" pin=0"/></net>

<net id="54369"><net_src comp="20" pin="0"/><net_sink comp="54363" pin=0"/></net>

<net id="54370"><net_src comp="407" pin="2"/><net_sink comp="54363" pin=1"/></net>

<net id="54371"><net_src comp="8" pin="0"/><net_sink comp="54363" pin=2"/></net>

<net id="54372"><net_src comp="22" pin="0"/><net_sink comp="54363" pin=3"/></net>

<net id="54379"><net_src comp="54" pin="0"/><net_sink comp="54373" pin=0"/></net>

<net id="54380"><net_src comp="415" pin="2"/><net_sink comp="54373" pin=1"/></net>

<net id="54381"><net_src comp="8" pin="0"/><net_sink comp="54373" pin=2"/></net>

<net id="54382"><net_src comp="56" pin="0"/><net_sink comp="54373" pin=3"/></net>

<net id="54386"><net_src comp="54373" pin="4"/><net_sink comp="54383" pin=0"/></net>

<net id="54392"><net_src comp="150" pin="0"/><net_sink comp="54387" pin=0"/></net>

<net id="54393"><net_src comp="54335" pin="4"/><net_sink comp="54387" pin=1"/></net>

<net id="54394"><net_src comp="152" pin="0"/><net_sink comp="54387" pin=2"/></net>

<net id="54398"><net_src comp="54387" pin="3"/><net_sink comp="54395" pin=0"/></net>

<net id="54403"><net_src comp="208" pin="0"/><net_sink comp="54399" pin=0"/></net>

<net id="54404"><net_src comp="54395" pin="1"/><net_sink comp="54399" pin=1"/></net>

<net id="54411"><net_src comp="14" pin="0"/><net_sink comp="54405" pin=0"/></net>

<net id="54412"><net_src comp="54399" pin="2"/><net_sink comp="54405" pin=1"/></net>

<net id="54413"><net_src comp="8" pin="0"/><net_sink comp="54405" pin=2"/></net>

<net id="54414"><net_src comp="16" pin="0"/><net_sink comp="54405" pin=3"/></net>

<net id="54418"><net_src comp="54405" pin="4"/><net_sink comp="54415" pin=0"/></net>

<net id="54425"><net_src comp="14" pin="0"/><net_sink comp="54419" pin=0"/></net>

<net id="54426"><net_src comp="471" pin="2"/><net_sink comp="54419" pin=1"/></net>

<net id="54427"><net_src comp="8" pin="0"/><net_sink comp="54419" pin=2"/></net>

<net id="54428"><net_src comp="16" pin="0"/><net_sink comp="54419" pin=3"/></net>

<net id="54432"><net_src comp="54419" pin="4"/><net_sink comp="54429" pin=0"/></net>

<net id="54439"><net_src comp="20" pin="0"/><net_sink comp="54433" pin=0"/></net>

<net id="54440"><net_src comp="470" pin="2"/><net_sink comp="54433" pin=1"/></net>

<net id="54441"><net_src comp="8" pin="0"/><net_sink comp="54433" pin=2"/></net>

<net id="54442"><net_src comp="22" pin="0"/><net_sink comp="54433" pin=3"/></net>

<net id="54448"><net_src comp="114" pin="0"/><net_sink comp="54443" pin=0"/></net>

<net id="54449"><net_src comp="54335" pin="4"/><net_sink comp="54443" pin=1"/></net>

<net id="54450"><net_src comp="116" pin="0"/><net_sink comp="54443" pin=2"/></net>

<net id="54454"><net_src comp="54443" pin="3"/><net_sink comp="54451" pin=0"/></net>

<net id="54460"><net_src comp="204" pin="0"/><net_sink comp="54455" pin=0"/></net>

<net id="54461"><net_src comp="54335" pin="4"/><net_sink comp="54455" pin=1"/></net>

<net id="54462"><net_src comp="206" pin="0"/><net_sink comp="54455" pin=2"/></net>

<net id="54466"><net_src comp="54455" pin="3"/><net_sink comp="54463" pin=0"/></net>

<net id="54471"><net_src comp="54451" pin="1"/><net_sink comp="54467" pin=0"/></net>

<net id="54472"><net_src comp="54463" pin="1"/><net_sink comp="54467" pin=1"/></net>

<net id="54479"><net_src comp="20" pin="0"/><net_sink comp="54473" pin=0"/></net>

<net id="54480"><net_src comp="54467" pin="2"/><net_sink comp="54473" pin=1"/></net>

<net id="54481"><net_src comp="8" pin="0"/><net_sink comp="54473" pin=2"/></net>

<net id="54482"><net_src comp="22" pin="0"/><net_sink comp="54473" pin=3"/></net>

<net id="54489"><net_src comp="14" pin="0"/><net_sink comp="54483" pin=0"/></net>

<net id="54490"><net_src comp="428" pin="2"/><net_sink comp="54483" pin=1"/></net>

<net id="54491"><net_src comp="8" pin="0"/><net_sink comp="54483" pin=2"/></net>

<net id="54492"><net_src comp="16" pin="0"/><net_sink comp="54483" pin=3"/></net>

<net id="54496"><net_src comp="54483" pin="4"/><net_sink comp="54493" pin=0"/></net>

<net id="54503"><net_src comp="20" pin="0"/><net_sink comp="54497" pin=0"/></net>

<net id="54504"><net_src comp="386" pin="2"/><net_sink comp="54497" pin=1"/></net>

<net id="54505"><net_src comp="8" pin="0"/><net_sink comp="54497" pin=2"/></net>

<net id="54506"><net_src comp="22" pin="0"/><net_sink comp="54497" pin=3"/></net>

<net id="54513"><net_src comp="44" pin="0"/><net_sink comp="54507" pin=0"/></net>

<net id="54514"><net_src comp="358" pin="2"/><net_sink comp="54507" pin=1"/></net>

<net id="54515"><net_src comp="298" pin="0"/><net_sink comp="54507" pin=2"/></net>

<net id="54516"><net_src comp="300" pin="0"/><net_sink comp="54507" pin=3"/></net>

<net id="54520"><net_src comp="54507" pin="4"/><net_sink comp="54517" pin=0"/></net>

<net id="54521"><net_src comp="54517" pin="1"/><net_sink comp="474" pin=0"/></net>

<net id="54522"><net_src comp="54517" pin="1"/><net_sink comp="484" pin=0"/></net>

<net id="54523"><net_src comp="54517" pin="1"/><net_sink comp="457" pin=0"/></net>

<net id="54524"><net_src comp="54517" pin="1"/><net_sink comp="408" pin=0"/></net>

<net id="54528"><net_src comp="54507" pin="4"/><net_sink comp="54525" pin=0"/></net>

<net id="54529"><net_src comp="54525" pin="1"/><net_sink comp="387" pin=0"/></net>

<net id="54530"><net_src comp="54525" pin="1"/><net_sink comp="422" pin=0"/></net>

<net id="54537"><net_src comp="6" pin="0"/><net_sink comp="54531" pin=0"/></net>

<net id="54538"><net_src comp="387" pin="2"/><net_sink comp="54531" pin=1"/></net>

<net id="54539"><net_src comp="8" pin="0"/><net_sink comp="54531" pin=2"/></net>

<net id="54540"><net_src comp="10" pin="0"/><net_sink comp="54531" pin=3"/></net>

<net id="54544"><net_src comp="54531" pin="4"/><net_sink comp="54541" pin=0"/></net>

<net id="54550"><net_src comp="150" pin="0"/><net_sink comp="54545" pin=0"/></net>

<net id="54551"><net_src comp="54507" pin="4"/><net_sink comp="54545" pin=1"/></net>

<net id="54552"><net_src comp="152" pin="0"/><net_sink comp="54545" pin=2"/></net>

<net id="54556"><net_src comp="54545" pin="3"/><net_sink comp="54553" pin=0"/></net>

<net id="54562"><net_src comp="210" pin="0"/><net_sink comp="54557" pin=0"/></net>

<net id="54563"><net_src comp="54507" pin="4"/><net_sink comp="54557" pin=1"/></net>

<net id="54564"><net_src comp="212" pin="0"/><net_sink comp="54557" pin=2"/></net>

<net id="54568"><net_src comp="54557" pin="3"/><net_sink comp="54565" pin=0"/></net>

<net id="54573"><net_src comp="54553" pin="1"/><net_sink comp="54569" pin=0"/></net>

<net id="54574"><net_src comp="54565" pin="1"/><net_sink comp="54569" pin=1"/></net>

<net id="54581"><net_src comp="6" pin="0"/><net_sink comp="54575" pin=0"/></net>

<net id="54582"><net_src comp="54569" pin="2"/><net_sink comp="54575" pin=1"/></net>

<net id="54583"><net_src comp="8" pin="0"/><net_sink comp="54575" pin=2"/></net>

<net id="54584"><net_src comp="10" pin="0"/><net_sink comp="54575" pin=3"/></net>

<net id="54588"><net_src comp="54575" pin="4"/><net_sink comp="54585" pin=0"/></net>

<net id="54595"><net_src comp="20" pin="0"/><net_sink comp="54589" pin=0"/></net>

<net id="54596"><net_src comp="474" pin="2"/><net_sink comp="54589" pin=1"/></net>

<net id="54597"><net_src comp="8" pin="0"/><net_sink comp="54589" pin=2"/></net>

<net id="54598"><net_src comp="22" pin="0"/><net_sink comp="54589" pin=3"/></net>

<net id="54605"><net_src comp="20" pin="0"/><net_sink comp="54599" pin=0"/></net>

<net id="54606"><net_src comp="484" pin="2"/><net_sink comp="54599" pin=1"/></net>

<net id="54607"><net_src comp="8" pin="0"/><net_sink comp="54599" pin=2"/></net>

<net id="54608"><net_src comp="22" pin="0"/><net_sink comp="54599" pin=3"/></net>

<net id="54615"><net_src comp="20" pin="0"/><net_sink comp="54609" pin=0"/></net>

<net id="54616"><net_src comp="457" pin="2"/><net_sink comp="54609" pin=1"/></net>

<net id="54617"><net_src comp="8" pin="0"/><net_sink comp="54609" pin=2"/></net>

<net id="54618"><net_src comp="22" pin="0"/><net_sink comp="54609" pin=3"/></net>

<net id="54624"><net_src comp="204" pin="0"/><net_sink comp="54619" pin=0"/></net>

<net id="54625"><net_src comp="54507" pin="4"/><net_sink comp="54619" pin=1"/></net>

<net id="54626"><net_src comp="206" pin="0"/><net_sink comp="54619" pin=2"/></net>

<net id="54630"><net_src comp="54619" pin="3"/><net_sink comp="54627" pin=0"/></net>

<net id="54636"><net_src comp="34" pin="0"/><net_sink comp="54631" pin=0"/></net>

<net id="54637"><net_src comp="54507" pin="4"/><net_sink comp="54631" pin=1"/></net>

<net id="54638"><net_src comp="36" pin="0"/><net_sink comp="54631" pin=2"/></net>

<net id="54642"><net_src comp="54631" pin="3"/><net_sink comp="54639" pin=0"/></net>

<net id="54647"><net_src comp="54627" pin="1"/><net_sink comp="54643" pin=0"/></net>

<net id="54648"><net_src comp="54639" pin="1"/><net_sink comp="54643" pin=1"/></net>

<net id="54655"><net_src comp="14" pin="0"/><net_sink comp="54649" pin=0"/></net>

<net id="54656"><net_src comp="54643" pin="2"/><net_sink comp="54649" pin=1"/></net>

<net id="54657"><net_src comp="8" pin="0"/><net_sink comp="54649" pin=2"/></net>

<net id="54658"><net_src comp="16" pin="0"/><net_sink comp="54649" pin=3"/></net>

<net id="54662"><net_src comp="54649" pin="4"/><net_sink comp="54659" pin=0"/></net>

<net id="54669"><net_src comp="20" pin="0"/><net_sink comp="54663" pin=0"/></net>

<net id="54670"><net_src comp="408" pin="2"/><net_sink comp="54663" pin=1"/></net>

<net id="54671"><net_src comp="8" pin="0"/><net_sink comp="54663" pin=2"/></net>

<net id="54672"><net_src comp="22" pin="0"/><net_sink comp="54663" pin=3"/></net>

<net id="54679"><net_src comp="6" pin="0"/><net_sink comp="54673" pin=0"/></net>

<net id="54680"><net_src comp="422" pin="2"/><net_sink comp="54673" pin=1"/></net>

<net id="54681"><net_src comp="8" pin="0"/><net_sink comp="54673" pin=2"/></net>

<net id="54682"><net_src comp="10" pin="0"/><net_sink comp="54673" pin=3"/></net>

<net id="54686"><net_src comp="54673" pin="4"/><net_sink comp="54683" pin=0"/></net>

<net id="54693"><net_src comp="44" pin="0"/><net_sink comp="54687" pin=0"/></net>

<net id="54694"><net_src comp="358" pin="2"/><net_sink comp="54687" pin=1"/></net>

<net id="54695"><net_src comp="312" pin="0"/><net_sink comp="54687" pin=2"/></net>

<net id="54696"><net_src comp="314" pin="0"/><net_sink comp="54687" pin=3"/></net>

<net id="54700"><net_src comp="54687" pin="4"/><net_sink comp="54697" pin=0"/></net>

<net id="54701"><net_src comp="54697" pin="1"/><net_sink comp="368" pin=0"/></net>

<net id="54705"><net_src comp="54687" pin="4"/><net_sink comp="54702" pin=0"/></net>

<net id="54706"><net_src comp="54702" pin="1"/><net_sink comp="393" pin=0"/></net>

<net id="54710"><net_src comp="54687" pin="4"/><net_sink comp="54707" pin=0"/></net>

<net id="54711"><net_src comp="54707" pin="1"/><net_sink comp="367" pin=0"/></net>

<net id="54712"><net_src comp="54707" pin="1"/><net_sink comp="452" pin=0"/></net>

<net id="54719"><net_src comp="20" pin="0"/><net_sink comp="54713" pin=0"/></net>

<net id="54720"><net_src comp="367" pin="2"/><net_sink comp="54713" pin=1"/></net>

<net id="54721"><net_src comp="8" pin="0"/><net_sink comp="54713" pin=2"/></net>

<net id="54722"><net_src comp="22" pin="0"/><net_sink comp="54713" pin=3"/></net>

<net id="54728"><net_src comp="242" pin="0"/><net_sink comp="54723" pin=0"/></net>

<net id="54729"><net_src comp="54687" pin="4"/><net_sink comp="54723" pin=1"/></net>

<net id="54730"><net_src comp="244" pin="0"/><net_sink comp="54723" pin=2"/></net>

<net id="54734"><net_src comp="54723" pin="3"/><net_sink comp="54731" pin=0"/></net>

<net id="54739"><net_src comp="272" pin="0"/><net_sink comp="54735" pin=0"/></net>

<net id="54740"><net_src comp="54731" pin="1"/><net_sink comp="54735" pin=1"/></net>

<net id="54747"><net_src comp="6" pin="0"/><net_sink comp="54741" pin=0"/></net>

<net id="54748"><net_src comp="54735" pin="2"/><net_sink comp="54741" pin=1"/></net>

<net id="54749"><net_src comp="8" pin="0"/><net_sink comp="54741" pin=2"/></net>

<net id="54750"><net_src comp="10" pin="0"/><net_sink comp="54741" pin=3"/></net>

<net id="54754"><net_src comp="54741" pin="4"/><net_sink comp="54751" pin=0"/></net>

<net id="54760"><net_src comp="150" pin="0"/><net_sink comp="54755" pin=0"/></net>

<net id="54761"><net_src comp="54687" pin="4"/><net_sink comp="54755" pin=1"/></net>

<net id="54762"><net_src comp="152" pin="0"/><net_sink comp="54755" pin=2"/></net>

<net id="54766"><net_src comp="54755" pin="3"/><net_sink comp="54763" pin=0"/></net>

<net id="54772"><net_src comp="88" pin="0"/><net_sink comp="54767" pin=0"/></net>

<net id="54773"><net_src comp="54687" pin="4"/><net_sink comp="54767" pin=1"/></net>

<net id="54774"><net_src comp="90" pin="0"/><net_sink comp="54767" pin=2"/></net>

<net id="54778"><net_src comp="54767" pin="3"/><net_sink comp="54775" pin=0"/></net>

<net id="54783"><net_src comp="54775" pin="1"/><net_sink comp="54779" pin=0"/></net>

<net id="54784"><net_src comp="54763" pin="1"/><net_sink comp="54779" pin=1"/></net>

<net id="54791"><net_src comp="14" pin="0"/><net_sink comp="54785" pin=0"/></net>

<net id="54792"><net_src comp="54779" pin="2"/><net_sink comp="54785" pin=1"/></net>

<net id="54793"><net_src comp="8" pin="0"/><net_sink comp="54785" pin=2"/></net>

<net id="54794"><net_src comp="16" pin="0"/><net_sink comp="54785" pin=3"/></net>

<net id="54798"><net_src comp="54785" pin="4"/><net_sink comp="54795" pin=0"/></net>

<net id="54802"><net_src comp="54767" pin="3"/><net_sink comp="54799" pin=0"/></net>

<net id="54808"><net_src comp="34" pin="0"/><net_sink comp="54803" pin=0"/></net>

<net id="54809"><net_src comp="54687" pin="4"/><net_sink comp="54803" pin=1"/></net>

<net id="54810"><net_src comp="36" pin="0"/><net_sink comp="54803" pin=2"/></net>

<net id="54814"><net_src comp="54803" pin="3"/><net_sink comp="54811" pin=0"/></net>

<net id="54819"><net_src comp="54799" pin="1"/><net_sink comp="54815" pin=0"/></net>

<net id="54820"><net_src comp="54811" pin="1"/><net_sink comp="54815" pin=1"/></net>

<net id="54827"><net_src comp="38" pin="0"/><net_sink comp="54821" pin=0"/></net>

<net id="54828"><net_src comp="54815" pin="2"/><net_sink comp="54821" pin=1"/></net>

<net id="54829"><net_src comp="8" pin="0"/><net_sink comp="54821" pin=2"/></net>

<net id="54830"><net_src comp="40" pin="0"/><net_sink comp="54821" pin=3"/></net>

<net id="54834"><net_src comp="54821" pin="4"/><net_sink comp="54831" pin=0"/></net>

<net id="54841"><net_src comp="54" pin="0"/><net_sink comp="54835" pin=0"/></net>

<net id="54842"><net_src comp="368" pin="2"/><net_sink comp="54835" pin=1"/></net>

<net id="54843"><net_src comp="8" pin="0"/><net_sink comp="54835" pin=2"/></net>

<net id="54844"><net_src comp="56" pin="0"/><net_sink comp="54835" pin=3"/></net>

<net id="54848"><net_src comp="54835" pin="4"/><net_sink comp="54845" pin=0"/></net>

<net id="54855"><net_src comp="14" pin="0"/><net_sink comp="54849" pin=0"/></net>

<net id="54856"><net_src comp="393" pin="2"/><net_sink comp="54849" pin=1"/></net>

<net id="54857"><net_src comp="8" pin="0"/><net_sink comp="54849" pin=2"/></net>

<net id="54858"><net_src comp="16" pin="0"/><net_sink comp="54849" pin=3"/></net>

<net id="54862"><net_src comp="54849" pin="4"/><net_sink comp="54859" pin=0"/></net>

<net id="54869"><net_src comp="20" pin="0"/><net_sink comp="54863" pin=0"/></net>

<net id="54870"><net_src comp="452" pin="2"/><net_sink comp="54863" pin=1"/></net>

<net id="54871"><net_src comp="8" pin="0"/><net_sink comp="54863" pin=2"/></net>

<net id="54872"><net_src comp="22" pin="0"/><net_sink comp="54863" pin=3"/></net>

<net id="54878"><net_src comp="92" pin="0"/><net_sink comp="54873" pin=0"/></net>

<net id="54879"><net_src comp="54687" pin="4"/><net_sink comp="54873" pin=1"/></net>

<net id="54880"><net_src comp="94" pin="0"/><net_sink comp="54873" pin=2"/></net>

<net id="54884"><net_src comp="54873" pin="3"/><net_sink comp="54881" pin=0"/></net>

<net id="54888"><net_src comp="54803" pin="3"/><net_sink comp="54885" pin=0"/></net>

<net id="54893"><net_src comp="54881" pin="1"/><net_sink comp="54889" pin=0"/></net>

<net id="54894"><net_src comp="54885" pin="1"/><net_sink comp="54889" pin=1"/></net>

<net id="54901"><net_src comp="234" pin="0"/><net_sink comp="54895" pin=0"/></net>

<net id="54902"><net_src comp="54889" pin="2"/><net_sink comp="54895" pin=1"/></net>

<net id="54903"><net_src comp="8" pin="0"/><net_sink comp="54895" pin=2"/></net>

<net id="54904"><net_src comp="236" pin="0"/><net_sink comp="54895" pin=3"/></net>

<net id="54908"><net_src comp="54895" pin="4"/><net_sink comp="54905" pin=0"/></net>

<net id="54915"><net_src comp="44" pin="0"/><net_sink comp="54909" pin=0"/></net>

<net id="54916"><net_src comp="358" pin="2"/><net_sink comp="54909" pin=1"/></net>

<net id="54917"><net_src comp="324" pin="0"/><net_sink comp="54909" pin=2"/></net>

<net id="54918"><net_src comp="326" pin="0"/><net_sink comp="54909" pin=3"/></net>

<net id="54922"><net_src comp="54909" pin="4"/><net_sink comp="54919" pin=0"/></net>

<net id="54923"><net_src comp="54919" pin="1"/><net_sink comp="391" pin=0"/></net>

<net id="54927"><net_src comp="54909" pin="4"/><net_sink comp="54924" pin=0"/></net>

<net id="54928"><net_src comp="54924" pin="1"/><net_sink comp="390" pin=0"/></net>

<net id="54929"><net_src comp="54924" pin="1"/><net_sink comp="450" pin=0"/></net>

<net id="54930"><net_src comp="54924" pin="1"/><net_sink comp="423" pin=0"/></net>

<net id="54934"><net_src comp="54909" pin="4"/><net_sink comp="54931" pin=0"/></net>

<net id="54935"><net_src comp="54931" pin="1"/><net_sink comp="490" pin=0"/></net>

<net id="54936"><net_src comp="54931" pin="1"/><net_sink comp="389" pin=0"/></net>

<net id="54943"><net_src comp="6" pin="0"/><net_sink comp="54937" pin=0"/></net>

<net id="54944"><net_src comp="490" pin="2"/><net_sink comp="54937" pin=1"/></net>

<net id="54945"><net_src comp="8" pin="0"/><net_sink comp="54937" pin=2"/></net>

<net id="54946"><net_src comp="10" pin="0"/><net_sink comp="54937" pin=3"/></net>

<net id="54950"><net_src comp="54937" pin="4"/><net_sink comp="54947" pin=0"/></net>

<net id="54956"><net_src comp="204" pin="0"/><net_sink comp="54951" pin=0"/></net>

<net id="54957"><net_src comp="54909" pin="4"/><net_sink comp="54951" pin=1"/></net>

<net id="54958"><net_src comp="206" pin="0"/><net_sink comp="54951" pin=2"/></net>

<net id="54962"><net_src comp="54951" pin="3"/><net_sink comp="54959" pin=0"/></net>

<net id="54967"><net_src comp="208" pin="0"/><net_sink comp="54963" pin=0"/></net>

<net id="54968"><net_src comp="54959" pin="1"/><net_sink comp="54963" pin=1"/></net>

<net id="54974"><net_src comp="210" pin="0"/><net_sink comp="54969" pin=0"/></net>

<net id="54975"><net_src comp="54909" pin="4"/><net_sink comp="54969" pin=1"/></net>

<net id="54976"><net_src comp="212" pin="0"/><net_sink comp="54969" pin=2"/></net>

<net id="54980"><net_src comp="54969" pin="3"/><net_sink comp="54977" pin=0"/></net>

<net id="54985"><net_src comp="54963" pin="2"/><net_sink comp="54981" pin=0"/></net>

<net id="54986"><net_src comp="54977" pin="1"/><net_sink comp="54981" pin=1"/></net>

<net id="54993"><net_src comp="14" pin="0"/><net_sink comp="54987" pin=0"/></net>

<net id="54994"><net_src comp="54981" pin="2"/><net_sink comp="54987" pin=1"/></net>

<net id="54995"><net_src comp="8" pin="0"/><net_sink comp="54987" pin=2"/></net>

<net id="54996"><net_src comp="16" pin="0"/><net_sink comp="54987" pin=3"/></net>

<net id="55000"><net_src comp="54987" pin="4"/><net_sink comp="54997" pin=0"/></net>

<net id="55007"><net_src comp="6" pin="0"/><net_sink comp="55001" pin=0"/></net>

<net id="55008"><net_src comp="389" pin="2"/><net_sink comp="55001" pin=1"/></net>

<net id="55009"><net_src comp="8" pin="0"/><net_sink comp="55001" pin=2"/></net>

<net id="55010"><net_src comp="10" pin="0"/><net_sink comp="55001" pin=3"/></net>

<net id="55014"><net_src comp="55001" pin="4"/><net_sink comp="55011" pin=0"/></net>

<net id="55020"><net_src comp="30" pin="0"/><net_sink comp="55015" pin=0"/></net>

<net id="55021"><net_src comp="54909" pin="4"/><net_sink comp="55015" pin=1"/></net>

<net id="55022"><net_src comp="32" pin="0"/><net_sink comp="55015" pin=2"/></net>

<net id="55026"><net_src comp="55015" pin="3"/><net_sink comp="55023" pin=0"/></net>

<net id="55031"><net_src comp="330" pin="0"/><net_sink comp="55027" pin=0"/></net>

<net id="55032"><net_src comp="55023" pin="1"/><net_sink comp="55027" pin=1"/></net>

<net id="55036"><net_src comp="54969" pin="3"/><net_sink comp="55033" pin=0"/></net>

<net id="55041"><net_src comp="55027" pin="2"/><net_sink comp="55037" pin=0"/></net>

<net id="55042"><net_src comp="55033" pin="1"/><net_sink comp="55037" pin=1"/></net>

<net id="55049"><net_src comp="38" pin="0"/><net_sink comp="55043" pin=0"/></net>

<net id="55050"><net_src comp="55037" pin="2"/><net_sink comp="55043" pin=1"/></net>

<net id="55051"><net_src comp="8" pin="0"/><net_sink comp="55043" pin=2"/></net>

<net id="55052"><net_src comp="40" pin="0"/><net_sink comp="55043" pin=3"/></net>

<net id="55056"><net_src comp="55043" pin="4"/><net_sink comp="55053" pin=0"/></net>

<net id="55063"><net_src comp="20" pin="0"/><net_sink comp="55057" pin=0"/></net>

<net id="55064"><net_src comp="390" pin="2"/><net_sink comp="55057" pin=1"/></net>

<net id="55065"><net_src comp="8" pin="0"/><net_sink comp="55057" pin=2"/></net>

<net id="55066"><net_src comp="22" pin="0"/><net_sink comp="55057" pin=3"/></net>

<net id="55073"><net_src comp="54" pin="0"/><net_sink comp="55067" pin=0"/></net>

<net id="55074"><net_src comp="391" pin="2"/><net_sink comp="55067" pin=1"/></net>

<net id="55075"><net_src comp="8" pin="0"/><net_sink comp="55067" pin=2"/></net>

<net id="55076"><net_src comp="56" pin="0"/><net_sink comp="55067" pin=3"/></net>

<net id="55080"><net_src comp="55067" pin="4"/><net_sink comp="55077" pin=0"/></net>

<net id="55087"><net_src comp="20" pin="0"/><net_sink comp="55081" pin=0"/></net>

<net id="55088"><net_src comp="450" pin="2"/><net_sink comp="55081" pin=1"/></net>

<net id="55089"><net_src comp="8" pin="0"/><net_sink comp="55081" pin=2"/></net>

<net id="55090"><net_src comp="22" pin="0"/><net_sink comp="55081" pin=3"/></net>

<net id="55097"><net_src comp="20" pin="0"/><net_sink comp="55091" pin=0"/></net>

<net id="55098"><net_src comp="423" pin="2"/><net_sink comp="55091" pin=1"/></net>

<net id="55099"><net_src comp="8" pin="0"/><net_sink comp="55091" pin=2"/></net>

<net id="55100"><net_src comp="22" pin="0"/><net_sink comp="55091" pin=3"/></net>

<net id="55105"><net_src comp="52576" pin="4"/><net_sink comp="55101" pin=0"/></net>

<net id="55106"><net_src comp="52426" pin="1"/><net_sink comp="55101" pin=1"/></net>

<net id="55111"><net_src comp="52707" pin="1"/><net_sink comp="55107" pin=0"/></net>

<net id="55112"><net_src comp="52856" pin="4"/><net_sink comp="55107" pin=1"/></net>

<net id="55117"><net_src comp="55107" pin="2"/><net_sink comp="55113" pin=0"/></net>

<net id="55118"><net_src comp="55101" pin="2"/><net_sink comp="55113" pin=1"/></net>

<net id="55123"><net_src comp="53024" pin="1"/><net_sink comp="55119" pin=0"/></net>

<net id="55124"><net_src comp="53201" pin="1"/><net_sink comp="55119" pin=1"/></net>

<net id="55128"><net_src comp="55119" pin="2"/><net_sink comp="55125" pin=0"/></net>

<net id="55133"><net_src comp="53354" pin="4"/><net_sink comp="55129" pin=0"/></net>

<net id="55134"><net_src comp="53524" pin="1"/><net_sink comp="55129" pin=1"/></net>

<net id="55139"><net_src comp="55129" pin="2"/><net_sink comp="55135" pin=0"/></net>

<net id="55140"><net_src comp="55125" pin="1"/><net_sink comp="55135" pin=1"/></net>

<net id="55145"><net_src comp="53639" pin="4"/><net_sink comp="55141" pin=0"/></net>

<net id="55146"><net_src comp="53790" pin="4"/><net_sink comp="55141" pin=1"/></net>

<net id="55151"><net_src comp="53997" pin="1"/><net_sink comp="55147" pin=0"/></net>

<net id="55152"><net_src comp="54191" pin="1"/><net_sink comp="55147" pin=1"/></net>

<net id="55157"><net_src comp="54363" pin="4"/><net_sink comp="55153" pin=0"/></net>

<net id="55158"><net_src comp="54541" pin="1"/><net_sink comp="55153" pin=1"/></net>

<net id="55163"><net_src comp="54713" pin="4"/><net_sink comp="55159" pin=0"/></net>

<net id="55164"><net_src comp="54947" pin="1"/><net_sink comp="55159" pin=1"/></net>

<net id="55169"><net_src comp="55159" pin="2"/><net_sink comp="55165" pin=0"/></net>

<net id="55170"><net_src comp="55153" pin="2"/><net_sink comp="55165" pin=1"/></net>

<net id="55175"><net_src comp="52596" pin="1"/><net_sink comp="55171" pin=0"/></net>

<net id="55176"><net_src comp="52440" pin="1"/><net_sink comp="55171" pin=1"/></net>

<net id="55180"><net_src comp="55171" pin="2"/><net_sink comp="55177" pin=0"/></net>

<net id="55185"><net_src comp="52721" pin="1"/><net_sink comp="55181" pin=0"/></net>

<net id="55186"><net_src comp="52876" pin="1"/><net_sink comp="55181" pin=1"/></net>

<net id="55191"><net_src comp="55181" pin="2"/><net_sink comp="55187" pin=0"/></net>

<net id="55192"><net_src comp="55177" pin="1"/><net_sink comp="55187" pin=1"/></net>

<net id="55197"><net_src comp="53028" pin="4"/><net_sink comp="55193" pin=0"/></net>

<net id="55198"><net_src comp="53215" pin="1"/><net_sink comp="55193" pin=1"/></net>

<net id="55203"><net_src comp="53404" pin="1"/><net_sink comp="55199" pin=0"/></net>

<net id="55204"><net_src comp="53538" pin="1"/><net_sink comp="55199" pin=1"/></net>

<net id="55208"><net_src comp="55199" pin="2"/><net_sink comp="55205" pin=0"/></net>

<net id="55213"><net_src comp="55205" pin="1"/><net_sink comp="55209" pin=0"/></net>

<net id="55214"><net_src comp="55193" pin="2"/><net_sink comp="55209" pin=1"/></net>

<net id="55219"><net_src comp="53649" pin="4"/><net_sink comp="55215" pin=0"/></net>

<net id="55220"><net_src comp="53800" pin="4"/><net_sink comp="55215" pin=1"/></net>

<net id="55225"><net_src comp="54019" pin="4"/><net_sink comp="55221" pin=0"/></net>

<net id="55226"><net_src comp="54383" pin="1"/><net_sink comp="55221" pin=1"/></net>

<net id="55231"><net_src comp="55221" pin="2"/><net_sink comp="55227" pin=0"/></net>

<net id="55232"><net_src comp="55215" pin="2"/><net_sink comp="55227" pin=1"/></net>

<net id="55237"><net_src comp="54585" pin="1"/><net_sink comp="55233" pin=0"/></net>

<net id="55238"><net_src comp="54751" pin="1"/><net_sink comp="55233" pin=1"/></net>

<net id="55243"><net_src comp="54997" pin="1"/><net_sink comp="55239" pin=0"/></net>

<net id="55244"><net_src comp="54205" pin="1"/><net_sink comp="55239" pin=1"/></net>

<net id="55248"><net_src comp="55239" pin="2"/><net_sink comp="55245" pin=0"/></net>

<net id="55253"><net_src comp="55245" pin="1"/><net_sink comp="55249" pin=0"/></net>

<net id="55254"><net_src comp="55233" pin="2"/><net_sink comp="55249" pin=1"/></net>

<net id="55259"><net_src comp="55249" pin="2"/><net_sink comp="55255" pin=0"/></net>

<net id="55260"><net_src comp="55227" pin="2"/><net_sink comp="55255" pin=1"/></net>

<net id="55265"><net_src comp="52600" pin="4"/><net_sink comp="55261" pin=0"/></net>

<net id="55266"><net_src comp="52444" pin="4"/><net_sink comp="55261" pin=1"/></net>

<net id="55271"><net_src comp="52725" pin="4"/><net_sink comp="55267" pin=0"/></net>

<net id="55272"><net_src comp="52890" pin="1"/><net_sink comp="55267" pin=1"/></net>

<net id="55277"><net_src comp="55267" pin="2"/><net_sink comp="55273" pin=0"/></net>

<net id="55278"><net_src comp="55261" pin="2"/><net_sink comp="55273" pin=1"/></net>

<net id="55283"><net_src comp="53048" pin="1"/><net_sink comp="55279" pin=0"/></net>

<net id="55284"><net_src comp="53229" pin="1"/><net_sink comp="55279" pin=1"/></net>

<net id="55289"><net_src comp="53418" pin="1"/><net_sink comp="55285" pin=0"/></net>

<net id="55290"><net_src comp="53542" pin="4"/><net_sink comp="55285" pin=1"/></net>

<net id="55295"><net_src comp="55285" pin="2"/><net_sink comp="55291" pin=0"/></net>

<net id="55296"><net_src comp="55279" pin="2"/><net_sink comp="55291" pin=1"/></net>

<net id="55301"><net_src comp="53705" pin="1"/><net_sink comp="55297" pin=0"/></net>

<net id="55302"><net_src comp="53810" pin="4"/><net_sink comp="55297" pin=1"/></net>

<net id="55307"><net_src comp="54029" pin="4"/><net_sink comp="55303" pin=0"/></net>

<net id="55308"><net_src comp="54255" pin="1"/><net_sink comp="55303" pin=1"/></net>

<net id="55313"><net_src comp="54415" pin="1"/><net_sink comp="55309" pin=0"/></net>

<net id="55314"><net_src comp="54589" pin="4"/><net_sink comp="55309" pin=1"/></net>

<net id="55319"><net_src comp="54795" pin="1"/><net_sink comp="55315" pin=0"/></net>

<net id="55320"><net_src comp="55011" pin="1"/><net_sink comp="55315" pin=1"/></net>

<net id="55325"><net_src comp="55315" pin="2"/><net_sink comp="55321" pin=0"/></net>

<net id="55326"><net_src comp="55309" pin="2"/><net_sink comp="55321" pin=1"/></net>

<net id="55331"><net_src comp="52620" pin="1"/><net_sink comp="55327" pin=0"/></net>

<net id="55332"><net_src comp="52454" pin="4"/><net_sink comp="55327" pin=1"/></net>

<net id="55337"><net_src comp="52735" pin="4"/><net_sink comp="55333" pin=0"/></net>

<net id="55338"><net_src comp="52894" pin="4"/><net_sink comp="55333" pin=1"/></net>

<net id="55343"><net_src comp="55333" pin="2"/><net_sink comp="55339" pin=0"/></net>

<net id="55344"><net_src comp="55327" pin="2"/><net_sink comp="55339" pin=1"/></net>

<net id="55349"><net_src comp="53062" pin="1"/><net_sink comp="55345" pin=0"/></net>

<net id="55350"><net_src comp="53233" pin="4"/><net_sink comp="55345" pin=1"/></net>

<net id="55355"><net_src comp="53432" pin="1"/><net_sink comp="55351" pin=0"/></net>

<net id="55356"><net_src comp="53562" pin="1"/><net_sink comp="55351" pin=1"/></net>

<net id="55360"><net_src comp="55351" pin="2"/><net_sink comp="55357" pin=0"/></net>

<net id="55365"><net_src comp="55357" pin="1"/><net_sink comp="55361" pin=0"/></net>

<net id="55366"><net_src comp="55345" pin="2"/><net_sink comp="55361" pin=1"/></net>

<net id="55371"><net_src comp="53709" pin="4"/><net_sink comp="55367" pin=0"/></net>

<net id="55372"><net_src comp="53848" pin="1"/><net_sink comp="55367" pin=1"/></net>

<net id="55377"><net_src comp="54067" pin="1"/><net_sink comp="55373" pin=0"/></net>

<net id="55378"><net_src comp="54287" pin="1"/><net_sink comp="55373" pin=1"/></net>

<net id="55383"><net_src comp="55373" pin="2"/><net_sink comp="55379" pin=0"/></net>

<net id="55384"><net_src comp="55367" pin="2"/><net_sink comp="55379" pin=1"/></net>

<net id="55389"><net_src comp="54429" pin="1"/><net_sink comp="55385" pin=0"/></net>

<net id="55390"><net_src comp="54599" pin="4"/><net_sink comp="55385" pin=1"/></net>

<net id="55395"><net_src comp="54831" pin="1"/><net_sink comp="55391" pin=0"/></net>

<net id="55396"><net_src comp="55053" pin="1"/><net_sink comp="55391" pin=1"/></net>

<net id="55400"><net_src comp="55391" pin="2"/><net_sink comp="55397" pin=0"/></net>

<net id="55405"><net_src comp="55397" pin="1"/><net_sink comp="55401" pin=0"/></net>

<net id="55406"><net_src comp="55385" pin="2"/><net_sink comp="55401" pin=1"/></net>

<net id="55411"><net_src comp="55401" pin="2"/><net_sink comp="55407" pin=0"/></net>

<net id="55412"><net_src comp="55379" pin="2"/><net_sink comp="55407" pin=1"/></net>

<net id="55417"><net_src comp="52624" pin="4"/><net_sink comp="55413" pin=0"/></net>

<net id="55418"><net_src comp="52464" pin="4"/><net_sink comp="55413" pin=1"/></net>

<net id="55423"><net_src comp="52755" pin="1"/><net_sink comp="55419" pin=0"/></net>

<net id="55424"><net_src comp="52904" pin="4"/><net_sink comp="55419" pin=1"/></net>

<net id="55429"><net_src comp="55419" pin="2"/><net_sink comp="55425" pin=0"/></net>

<net id="55430"><net_src comp="55413" pin="2"/><net_sink comp="55425" pin=1"/></net>

<net id="55435"><net_src comp="53096" pin="4"/><net_sink comp="55431" pin=0"/></net>

<net id="55436"><net_src comp="53283" pin="1"/><net_sink comp="55431" pin=1"/></net>

<net id="55441"><net_src comp="53446" pin="1"/><net_sink comp="55437" pin=0"/></net>

<net id="55442"><net_src comp="53576" pin="1"/><net_sink comp="55437" pin=1"/></net>

<net id="55447"><net_src comp="55437" pin="2"/><net_sink comp="55443" pin=0"/></net>

<net id="55448"><net_src comp="55431" pin="2"/><net_sink comp="55443" pin=1"/></net>

<net id="55453"><net_src comp="53719" pin="4"/><net_sink comp="55449" pin=0"/></net>

<net id="55454"><net_src comp="53892" pin="1"/><net_sink comp="55449" pin=1"/></net>

<net id="55459"><net_src comp="54081" pin="1"/><net_sink comp="55455" pin=0"/></net>

<net id="55460"><net_src comp="54291" pin="4"/><net_sink comp="55455" pin=1"/></net>

<net id="55465"><net_src comp="54433" pin="4"/><net_sink comp="55461" pin=0"/></net>

<net id="55466"><net_src comp="54609" pin="4"/><net_sink comp="55461" pin=1"/></net>

<net id="55471"><net_src comp="54845" pin="1"/><net_sink comp="55467" pin=0"/></net>

<net id="55472"><net_src comp="55057" pin="4"/><net_sink comp="55467" pin=1"/></net>

<net id="55477"><net_src comp="55467" pin="2"/><net_sink comp="55473" pin=0"/></net>

<net id="55478"><net_src comp="55461" pin="2"/><net_sink comp="55473" pin=1"/></net>

<net id="55483"><net_src comp="52634" pin="4"/><net_sink comp="55479" pin=0"/></net>

<net id="55484"><net_src comp="52484" pin="1"/><net_sink comp="55479" pin=1"/></net>

<net id="55489"><net_src comp="52759" pin="4"/><net_sink comp="55485" pin=0"/></net>

<net id="55490"><net_src comp="52924" pin="1"/><net_sink comp="55485" pin=1"/></net>

<net id="55495"><net_src comp="55485" pin="2"/><net_sink comp="55491" pin=0"/></net>

<net id="55496"><net_src comp="55479" pin="2"/><net_sink comp="55491" pin=1"/></net>

<net id="55501"><net_src comp="53106" pin="4"/><net_sink comp="55497" pin=0"/></net>

<net id="55502"><net_src comp="53287" pin="4"/><net_sink comp="55497" pin=1"/></net>

<net id="55507"><net_src comp="53450" pin="4"/><net_sink comp="55503" pin=0"/></net>

<net id="55508"><net_src comp="53580" pin="4"/><net_sink comp="55503" pin=1"/></net>

<net id="55513"><net_src comp="55503" pin="2"/><net_sink comp="55509" pin=0"/></net>

<net id="55514"><net_src comp="55497" pin="2"/><net_sink comp="55509" pin=1"/></net>

<net id="55519"><net_src comp="53739" pin="1"/><net_sink comp="55515" pin=0"/></net>

<net id="55520"><net_src comp="53896" pin="4"/><net_sink comp="55515" pin=1"/></net>

<net id="55525"><net_src comp="54095" pin="1"/><net_sink comp="55521" pin=0"/></net>

<net id="55526"><net_src comp="54301" pin="4"/><net_sink comp="55521" pin=1"/></net>

<net id="55531"><net_src comp="54473" pin="4"/><net_sink comp="55527" pin=0"/></net>

<net id="55532"><net_src comp="54659" pin="1"/><net_sink comp="55527" pin=1"/></net>

<net id="55537"><net_src comp="54859" pin="1"/><net_sink comp="55533" pin=0"/></net>

<net id="55538"><net_src comp="55077" pin="1"/><net_sink comp="55533" pin=1"/></net>

<net id="55542"><net_src comp="55533" pin="2"/><net_sink comp="55539" pin=0"/></net>

<net id="55547"><net_src comp="55539" pin="1"/><net_sink comp="55543" pin=0"/></net>

<net id="55548"><net_src comp="55527" pin="2"/><net_sink comp="55543" pin=1"/></net>

<net id="55553"><net_src comp="52644" pin="4"/><net_sink comp="55549" pin=0"/></net>

<net id="55554"><net_src comp="52528" pin="1"/><net_sink comp="55549" pin=1"/></net>

<net id="55559"><net_src comp="52779" pin="1"/><net_sink comp="55555" pin=0"/></net>

<net id="55560"><net_src comp="52938" pin="1"/><net_sink comp="55555" pin=1"/></net>

<net id="55565"><net_src comp="55555" pin="2"/><net_sink comp="55561" pin=0"/></net>

<net id="55566"><net_src comp="55549" pin="2"/><net_sink comp="55561" pin=1"/></net>

<net id="55571"><net_src comp="53116" pin="4"/><net_sink comp="55567" pin=0"/></net>

<net id="55572"><net_src comp="53307" pin="1"/><net_sink comp="55567" pin=1"/></net>

<net id="55577"><net_src comp="53460" pin="4"/><net_sink comp="55573" pin=0"/></net>

<net id="55578"><net_src comp="53590" pin="4"/><net_sink comp="55573" pin=1"/></net>

<net id="55583"><net_src comp="55573" pin="2"/><net_sink comp="55579" pin=0"/></net>

<net id="55584"><net_src comp="55567" pin="2"/><net_sink comp="55579" pin=1"/></net>

<net id="55589"><net_src comp="53743" pin="4"/><net_sink comp="55585" pin=0"/></net>

<net id="55590"><net_src comp="53906" pin="4"/><net_sink comp="55585" pin=1"/></net>

<net id="55595"><net_src comp="54117" pin="4"/><net_sink comp="55591" pin=0"/></net>

<net id="55596"><net_src comp="54321" pin="1"/><net_sink comp="55591" pin=1"/></net>

<net id="55601"><net_src comp="54493" pin="1"/><net_sink comp="55597" pin=0"/></net>

<net id="55602"><net_src comp="54663" pin="4"/><net_sink comp="55597" pin=1"/></net>

<net id="55607"><net_src comp="54863" pin="4"/><net_sink comp="55603" pin=0"/></net>

<net id="55608"><net_src comp="55081" pin="4"/><net_sink comp="55603" pin=1"/></net>

<net id="55613"><net_src comp="55603" pin="2"/><net_sink comp="55609" pin=0"/></net>

<net id="55614"><net_src comp="55597" pin="2"/><net_sink comp="55609" pin=1"/></net>

<net id="55619"><net_src comp="52664" pin="1"/><net_sink comp="55615" pin=0"/></net>

<net id="55620"><net_src comp="52542" pin="1"/><net_sink comp="55615" pin=1"/></net>

<net id="55625"><net_src comp="52823" pin="1"/><net_sink comp="55621" pin=0"/></net>

<net id="55626"><net_src comp="52972" pin="4"/><net_sink comp="55621" pin=1"/></net>

<net id="55631"><net_src comp="55621" pin="2"/><net_sink comp="55627" pin=0"/></net>

<net id="55632"><net_src comp="55615" pin="2"/><net_sink comp="55627" pin=1"/></net>

<net id="55637"><net_src comp="53154" pin="1"/><net_sink comp="55633" pin=0"/></net>

<net id="55638"><net_src comp="53321" pin="1"/><net_sink comp="55633" pin=1"/></net>

<net id="55642"><net_src comp="55633" pin="2"/><net_sink comp="55639" pin=0"/></net>

<net id="55647"><net_src comp="53470" pin="4"/><net_sink comp="55643" pin=0"/></net>

<net id="55648"><net_src comp="53600" pin="4"/><net_sink comp="55643" pin=1"/></net>

<net id="55653"><net_src comp="55643" pin="2"/><net_sink comp="55649" pin=0"/></net>

<net id="55654"><net_src comp="55639" pin="1"/><net_sink comp="55649" pin=1"/></net>

<net id="55659"><net_src comp="53763" pin="1"/><net_sink comp="55655" pin=0"/></net>

<net id="55660"><net_src comp="53938" pin="4"/><net_sink comp="55655" pin=1"/></net>

<net id="55665"><net_src comp="54137" pin="1"/><net_sink comp="55661" pin=0"/></net>

<net id="55666"><net_src comp="54325" pin="4"/><net_sink comp="55661" pin=1"/></net>

<net id="55671"><net_src comp="54497" pin="4"/><net_sink comp="55667" pin=0"/></net>

<net id="55672"><net_src comp="54683" pin="1"/><net_sink comp="55667" pin=1"/></net>

<net id="55677"><net_src comp="54905" pin="1"/><net_sink comp="55673" pin=0"/></net>

<net id="55678"><net_src comp="55091" pin="4"/><net_sink comp="55673" pin=1"/></net>

<net id="55683"><net_src comp="55673" pin="2"/><net_sink comp="55679" pin=0"/></net>

<net id="55684"><net_src comp="55667" pin="2"/><net_sink comp="55679" pin=1"/></net>

<net id="55697"><net_src comp="55689" pin="2"/><net_sink comp="55693" pin=1"/></net>

<net id="55702"><net_src comp="55693" pin="2"/><net_sink comp="55698" pin=0"/></net>

<net id="55703"><net_src comp="55685" pin="2"/><net_sink comp="55698" pin=1"/></net>

<net id="55712"><net_src comp="55704" pin="2"/><net_sink comp="55708" pin=1"/></net>

<net id="55725"><net_src comp="55717" pin="2"/><net_sink comp="55721" pin=1"/></net>

<net id="55730"><net_src comp="55721" pin="2"/><net_sink comp="55726" pin=0"/></net>

<net id="55731"><net_src comp="55713" pin="2"/><net_sink comp="55726" pin=1"/></net>

<net id="55740"><net_src comp="55732" pin="2"/><net_sink comp="55736" pin=1"/></net>

<net id="55753"><net_src comp="55745" pin="2"/><net_sink comp="55749" pin=1"/></net>

<net id="55758"><net_src comp="55749" pin="2"/><net_sink comp="55754" pin=0"/></net>

<net id="55759"><net_src comp="55741" pin="2"/><net_sink comp="55754" pin=1"/></net>

<net id="55772"><net_src comp="55764" pin="2"/><net_sink comp="55768" pin=1"/></net>

<net id="55777"><net_src comp="55768" pin="2"/><net_sink comp="55773" pin=0"/></net>

<net id="55778"><net_src comp="55760" pin="2"/><net_sink comp="55773" pin=1"/></net>

<net id="55791"><net_src comp="55783" pin="2"/><net_sink comp="55787" pin=1"/></net>

<net id="55796"><net_src comp="55787" pin="2"/><net_sink comp="55792" pin=0"/></net>

<net id="55797"><net_src comp="55779" pin="2"/><net_sink comp="55792" pin=1"/></net>

<net id="55810"><net_src comp="55802" pin="2"/><net_sink comp="55806" pin=1"/></net>

<net id="55815"><net_src comp="55806" pin="2"/><net_sink comp="55811" pin=0"/></net>

<net id="55816"><net_src comp="55798" pin="2"/><net_sink comp="55811" pin=1"/></net>

<net id="55822"><net_src comp="352" pin="0"/><net_sink comp="55817" pin=0"/></net>

<net id="55823"><net_src comp="55698" pin="2"/><net_sink comp="55817" pin=1"/></net>

<net id="55824"><net_src comp="354" pin="0"/><net_sink comp="55817" pin=2"/></net>

<net id="55828"><net_src comp="55817" pin="3"/><net_sink comp="55825" pin=0"/></net>

<net id="55834"><net_src comp="352" pin="0"/><net_sink comp="55829" pin=0"/></net>

<net id="55835"><net_src comp="55708" pin="2"/><net_sink comp="55829" pin=1"/></net>

<net id="55836"><net_src comp="354" pin="0"/><net_sink comp="55829" pin=2"/></net>

<net id="55840"><net_src comp="55829" pin="3"/><net_sink comp="55837" pin=0"/></net>

<net id="55846"><net_src comp="352" pin="0"/><net_sink comp="55841" pin=0"/></net>

<net id="55847"><net_src comp="55726" pin="2"/><net_sink comp="55841" pin=1"/></net>

<net id="55848"><net_src comp="354" pin="0"/><net_sink comp="55841" pin=2"/></net>

<net id="55852"><net_src comp="55841" pin="3"/><net_sink comp="55849" pin=0"/></net>

<net id="55858"><net_src comp="352" pin="0"/><net_sink comp="55853" pin=0"/></net>

<net id="55859"><net_src comp="55736" pin="2"/><net_sink comp="55853" pin=1"/></net>

<net id="55860"><net_src comp="354" pin="0"/><net_sink comp="55853" pin=2"/></net>

<net id="55864"><net_src comp="55853" pin="3"/><net_sink comp="55861" pin=0"/></net>

<net id="55870"><net_src comp="352" pin="0"/><net_sink comp="55865" pin=0"/></net>

<net id="55871"><net_src comp="55754" pin="2"/><net_sink comp="55865" pin=1"/></net>

<net id="55872"><net_src comp="354" pin="0"/><net_sink comp="55865" pin=2"/></net>

<net id="55876"><net_src comp="55865" pin="3"/><net_sink comp="55873" pin=0"/></net>

<net id="55882"><net_src comp="352" pin="0"/><net_sink comp="55877" pin=0"/></net>

<net id="55883"><net_src comp="55773" pin="2"/><net_sink comp="55877" pin=1"/></net>

<net id="55884"><net_src comp="354" pin="0"/><net_sink comp="55877" pin=2"/></net>

<net id="55888"><net_src comp="55877" pin="3"/><net_sink comp="55885" pin=0"/></net>

<net id="55894"><net_src comp="352" pin="0"/><net_sink comp="55889" pin=0"/></net>

<net id="55895"><net_src comp="55792" pin="2"/><net_sink comp="55889" pin=1"/></net>

<net id="55896"><net_src comp="354" pin="0"/><net_sink comp="55889" pin=2"/></net>

<net id="55900"><net_src comp="55889" pin="3"/><net_sink comp="55897" pin=0"/></net>

<net id="55906"><net_src comp="352" pin="0"/><net_sink comp="55901" pin=0"/></net>

<net id="55907"><net_src comp="55811" pin="2"/><net_sink comp="55901" pin=1"/></net>

<net id="55908"><net_src comp="354" pin="0"/><net_sink comp="55901" pin=2"/></net>

<net id="55912"><net_src comp="55901" pin="3"/><net_sink comp="55909" pin=0"/></net>

<net id="55917"><net_src comp="356" pin="0"/><net_sink comp="55913" pin=0"/></net>

<net id="55918"><net_src comp="55825" pin="1"/><net_sink comp="55913" pin=1"/></net>

<net id="55923"><net_src comp="55913" pin="2"/><net_sink comp="55919" pin=0"/></net>

<net id="55924"><net_src comp="55837" pin="1"/><net_sink comp="55919" pin=1"/></net>

<net id="55929"><net_src comp="55919" pin="2"/><net_sink comp="55925" pin=0"/></net>

<net id="55930"><net_src comp="55849" pin="1"/><net_sink comp="55925" pin=1"/></net>

<net id="55935"><net_src comp="55925" pin="2"/><net_sink comp="55931" pin=0"/></net>

<net id="55936"><net_src comp="55861" pin="1"/><net_sink comp="55931" pin=1"/></net>

<net id="55941"><net_src comp="55931" pin="2"/><net_sink comp="55937" pin=0"/></net>

<net id="55942"><net_src comp="55873" pin="1"/><net_sink comp="55937" pin=1"/></net>

<net id="55947"><net_src comp="55937" pin="2"/><net_sink comp="55943" pin=0"/></net>

<net id="55948"><net_src comp="55885" pin="1"/><net_sink comp="55943" pin=1"/></net>

<net id="55953"><net_src comp="55943" pin="2"/><net_sink comp="55949" pin=0"/></net>

<net id="55954"><net_src comp="55897" pin="1"/><net_sink comp="55949" pin=1"/></net>

<net id="55959"><net_src comp="55949" pin="2"/><net_sink comp="55955" pin=0"/></net>

<net id="55960"><net_src comp="55909" pin="1"/><net_sink comp="55955" pin=1"/></net>

<net id="55964"><net_src comp="55113" pin="2"/><net_sink comp="55961" pin=0"/></net>

<net id="55965"><net_src comp="55961" pin="1"/><net_sink comp="55685" pin=1"/></net>

<net id="55969"><net_src comp="55135" pin="2"/><net_sink comp="55966" pin=0"/></net>

<net id="55970"><net_src comp="55966" pin="1"/><net_sink comp="55685" pin=0"/></net>

<net id="55974"><net_src comp="55141" pin="2"/><net_sink comp="55971" pin=0"/></net>

<net id="55975"><net_src comp="55971" pin="1"/><net_sink comp="55689" pin=1"/></net>

<net id="55979"><net_src comp="55147" pin="2"/><net_sink comp="55976" pin=0"/></net>

<net id="55980"><net_src comp="55976" pin="1"/><net_sink comp="55689" pin=0"/></net>

<net id="55984"><net_src comp="55165" pin="2"/><net_sink comp="55981" pin=0"/></net>

<net id="55985"><net_src comp="55981" pin="1"/><net_sink comp="55693" pin=0"/></net>

<net id="55989"><net_src comp="55187" pin="2"/><net_sink comp="55986" pin=0"/></net>

<net id="55990"><net_src comp="55986" pin="1"/><net_sink comp="55704" pin=1"/></net>

<net id="55994"><net_src comp="55209" pin="2"/><net_sink comp="55991" pin=0"/></net>

<net id="55995"><net_src comp="55991" pin="1"/><net_sink comp="55704" pin=0"/></net>

<net id="55999"><net_src comp="55255" pin="2"/><net_sink comp="55996" pin=0"/></net>

<net id="56000"><net_src comp="55996" pin="1"/><net_sink comp="55708" pin=0"/></net>

<net id="56004"><net_src comp="55273" pin="2"/><net_sink comp="56001" pin=0"/></net>

<net id="56005"><net_src comp="56001" pin="1"/><net_sink comp="55713" pin=1"/></net>

<net id="56009"><net_src comp="55291" pin="2"/><net_sink comp="56006" pin=0"/></net>

<net id="56010"><net_src comp="56006" pin="1"/><net_sink comp="55713" pin=0"/></net>

<net id="56014"><net_src comp="55297" pin="2"/><net_sink comp="56011" pin=0"/></net>

<net id="56015"><net_src comp="56011" pin="1"/><net_sink comp="55717" pin=1"/></net>

<net id="56019"><net_src comp="55303" pin="2"/><net_sink comp="56016" pin=0"/></net>

<net id="56020"><net_src comp="56016" pin="1"/><net_sink comp="55717" pin=0"/></net>

<net id="56024"><net_src comp="55321" pin="2"/><net_sink comp="56021" pin=0"/></net>

<net id="56025"><net_src comp="56021" pin="1"/><net_sink comp="55721" pin=0"/></net>

<net id="56029"><net_src comp="55339" pin="2"/><net_sink comp="56026" pin=0"/></net>

<net id="56030"><net_src comp="56026" pin="1"/><net_sink comp="55732" pin=1"/></net>

<net id="56034"><net_src comp="55361" pin="2"/><net_sink comp="56031" pin=0"/></net>

<net id="56035"><net_src comp="56031" pin="1"/><net_sink comp="55732" pin=0"/></net>

<net id="56039"><net_src comp="55407" pin="2"/><net_sink comp="56036" pin=0"/></net>

<net id="56040"><net_src comp="56036" pin="1"/><net_sink comp="55736" pin=0"/></net>

<net id="56044"><net_src comp="55425" pin="2"/><net_sink comp="56041" pin=0"/></net>

<net id="56045"><net_src comp="56041" pin="1"/><net_sink comp="55741" pin=1"/></net>

<net id="56049"><net_src comp="55443" pin="2"/><net_sink comp="56046" pin=0"/></net>

<net id="56050"><net_src comp="56046" pin="1"/><net_sink comp="55741" pin=0"/></net>

<net id="56054"><net_src comp="55449" pin="2"/><net_sink comp="56051" pin=0"/></net>

<net id="56055"><net_src comp="56051" pin="1"/><net_sink comp="55745" pin=1"/></net>

<net id="56059"><net_src comp="55455" pin="2"/><net_sink comp="56056" pin=0"/></net>

<net id="56060"><net_src comp="56056" pin="1"/><net_sink comp="55745" pin=0"/></net>

<net id="56064"><net_src comp="55473" pin="2"/><net_sink comp="56061" pin=0"/></net>

<net id="56065"><net_src comp="56061" pin="1"/><net_sink comp="55749" pin=0"/></net>

<net id="56069"><net_src comp="55491" pin="2"/><net_sink comp="56066" pin=0"/></net>

<net id="56070"><net_src comp="56066" pin="1"/><net_sink comp="55760" pin=1"/></net>

<net id="56074"><net_src comp="55509" pin="2"/><net_sink comp="56071" pin=0"/></net>

<net id="56075"><net_src comp="56071" pin="1"/><net_sink comp="55760" pin=0"/></net>

<net id="56079"><net_src comp="55515" pin="2"/><net_sink comp="56076" pin=0"/></net>

<net id="56080"><net_src comp="56076" pin="1"/><net_sink comp="55764" pin=1"/></net>

<net id="56084"><net_src comp="55521" pin="2"/><net_sink comp="56081" pin=0"/></net>

<net id="56085"><net_src comp="56081" pin="1"/><net_sink comp="55764" pin=0"/></net>

<net id="56089"><net_src comp="55543" pin="2"/><net_sink comp="56086" pin=0"/></net>

<net id="56090"><net_src comp="56086" pin="1"/><net_sink comp="55768" pin=0"/></net>

<net id="56094"><net_src comp="55561" pin="2"/><net_sink comp="56091" pin=0"/></net>

<net id="56095"><net_src comp="56091" pin="1"/><net_sink comp="55779" pin=1"/></net>

<net id="56099"><net_src comp="55579" pin="2"/><net_sink comp="56096" pin=0"/></net>

<net id="56100"><net_src comp="56096" pin="1"/><net_sink comp="55779" pin=0"/></net>

<net id="56104"><net_src comp="55585" pin="2"/><net_sink comp="56101" pin=0"/></net>

<net id="56105"><net_src comp="56101" pin="1"/><net_sink comp="55783" pin=1"/></net>

<net id="56109"><net_src comp="55591" pin="2"/><net_sink comp="56106" pin=0"/></net>

<net id="56110"><net_src comp="56106" pin="1"/><net_sink comp="55783" pin=0"/></net>

<net id="56114"><net_src comp="55609" pin="2"/><net_sink comp="56111" pin=0"/></net>

<net id="56115"><net_src comp="56111" pin="1"/><net_sink comp="55787" pin=0"/></net>

<net id="56119"><net_src comp="55627" pin="2"/><net_sink comp="56116" pin=0"/></net>

<net id="56120"><net_src comp="56116" pin="1"/><net_sink comp="55798" pin=1"/></net>

<net id="56124"><net_src comp="55649" pin="2"/><net_sink comp="56121" pin=0"/></net>

<net id="56125"><net_src comp="56121" pin="1"/><net_sink comp="55798" pin=0"/></net>

<net id="56129"><net_src comp="55655" pin="2"/><net_sink comp="56126" pin=0"/></net>

<net id="56130"><net_src comp="56126" pin="1"/><net_sink comp="55802" pin=1"/></net>

<net id="56134"><net_src comp="55661" pin="2"/><net_sink comp="56131" pin=0"/></net>

<net id="56135"><net_src comp="56131" pin="1"/><net_sink comp="55802" pin=0"/></net>

<net id="56139"><net_src comp="55679" pin="2"/><net_sink comp="56136" pin=0"/></net>

<net id="56140"><net_src comp="56136" pin="1"/><net_sink comp="55806" pin=0"/></net>

</net_list>

</model> 
---------------- Datapath Model END ------------------

* FSMD analyzer results:
  - Output states:
 - Input state : 
	Port: dense_latency<ap_fixed<16, 6, 5, 3, 0>, ap_fixed<37, 17, 5, 3, 0>, config2> : data_val | {1 }
  - Chain level:
	State 1
		sext_ln70 : 1
		sext_ln70_1 : 1
		sext_ln70_2 : 1
		mul_ln73 : 2
		trunc_ln : 3
		sext_ln42 : 4
		mul_ln73_1 : 2
		trunc_ln42_9 : 3
		sext_ln73 : 4
		mul_ln73_2 : 2
		trunc_ln42_2 : 3
		mul_ln73_3 : 2
		trunc_ln42_3 : 3
		mul_ln73_4 : 2
		trunc_ln42_4 : 3
		mul_ln73_5 : 2
		trunc_ln42_s : 3
		sext_ln42_1 : 4
		tmp : 1
		sext_ln73_1 : 2
		tmp_9024 : 1
		sext_ln73_2 : 2
		add_ln73 : 3
		trunc_ln42_1 : 4
		sext_ln42_2 : 5
		mul_ln73_6 : 2
		trunc_ln42_5 : 3
		sext_ln42_3 : 4
		sext_ln70_3 : 1
		sext_ln70_4 : 1
		sext_ln70_5 : 1
		mul_ln73_7 : 2
		trunc_ln42_8 : 3
		mul_ln73_8 : 2
		trunc_ln42_6 : 3
		sext_ln73_3 : 4
		mul_ln73_9 : 2
		trunc_ln42_7 : 3
		mul_ln73_10 : 2
		trunc_ln42_10 : 3
		sext_ln42_4 : 4
		mul_ln73_11 : 2
		trunc_ln42_11 : 3
		mul_ln73_12 : 2
		trunc_ln42_12 : 3
		mul_ln73_13 : 2
		trunc_ln42_13 : 3
		mul_ln73_14 : 2
		trunc_ln42_14 : 3
		sext_ln42_5 : 4
		sext_ln70_6 : 1
		sext_ln70_7 : 1
		sext_ln70_8 : 1
		mul_ln73_15 : 2
		trunc_ln42_15 : 3
		sext_ln42_6 : 4
		mul_ln73_16 : 2
		trunc_ln42_16 : 3
		sext_ln42_7 : 4
		mul_ln73_17 : 2
		trunc_ln42_17 : 3
		mul_ln73_18 : 2
		trunc_ln42_18 : 3
		mul_ln73_19 : 2
		trunc_ln42_19 : 3
		sext_ln42_8 : 4
		mul_ln73_20 : 2
		trunc_ln42_20 : 3
		mul_ln73_21 : 2
		trunc_ln42_21 : 3
		sext_ln42_9 : 4
		tmp_9025 : 1
		sext_ln73_4 : 2
		tmp_9026 : 1
		sext_ln73_5 : 2
		sub_ln73 : 3
		trunc_ln42_22 : 4
		sext_ln42_10 : 5
		sext_ln70_9 : 1
		sext_ln70_10 : 1
		sext_ln70_11 : 1
		mul_ln73_22 : 2
		trunc_ln42_23 : 3
		mul_ln73_23 : 2
		trunc_ln42_24 : 3
		sext_ln42_11 : 4
		mul_ln73_24 : 2
		trunc_ln42_25 : 3
		sext_ln42_12 : 4
		mul_ln73_25 : 2
		trunc_ln42_26 : 3
		mul_ln73_26 : 2
		trunc_ln42_27 : 3
		mul_ln73_27 : 2
		trunc_ln42_28 : 3
		sext_ln42_13 : 4
		mul_ln73_28 : 2
		trunc_ln42_29 : 3
		sext_ln42_14 : 4
		tmp_9027 : 1
		sext_ln73_6 : 2
		tmp_9028 : 1
		sext_ln73_7 : 2
		sub_ln73_1 : 3
		trunc_ln42_30 : 4
		sext_ln70_12 : 1
		sext_ln70_13 : 1
		sext_ln70_14 : 1
		sext_ln70_15 : 1
		mul_ln73_29 : 2
		trunc_ln42_31 : 3
		sext_ln73_8 : 4
		mul_ln73_30 : 2
		trunc_ln42_32 : 3
		mul_ln73_31 : 2
		trunc_ln42_33 : 3
		sext_ln42_15 : 4
		mul_ln73_32 : 2
		trunc_ln42_34 : 3
		sext_ln42_16 : 4
		tmp_9029 : 1
		sext_ln73_9 : 2
		tmp_9030 : 1
		sext_ln73_10 : 2
		sub_ln73_2 : 3
		trunc_ln42_35 : 4
		mul_ln73_33 : 2
		trunc_ln42_36 : 3
		mul_ln73_34 : 2
		trunc_ln42_37 : 3
		tmp_9031 : 1
		sext_ln73_11 : 2
		sub_ln73_3 : 3
		trunc_ln42_38 : 4
		trunc_ln42_38_cast : 5
		sext_ln70_16 : 1
		sext_ln70_17 : 1
		sext_ln70_18 : 1
		sext_ln70_19 : 1
		mul_ln73_35 : 2
		trunc_ln42_39 : 3
		sext_ln73_12 : 4
		mul_ln73_36 : 2
		trunc_ln42_40 : 3
		sext_ln42_17 : 4
		mul_ln73_37 : 2
		trunc_ln42_41 : 3
		sext_ln42_18 : 4
		mul_ln73_38 : 2
		trunc_ln42_42 : 3
		tmp_9032 : 1
		sext_ln73_13 : 2
		tmp_9033 : 1
		sext_ln73_14 : 2
		sub_ln73_4 : 3
		trunc_ln42_43 : 4
		sext_ln42_19 : 5
		mul_ln73_39 : 2
		trunc_ln42_44 : 3
		mul_ln73_40 : 2
		trunc_ln42_45 : 3
		sext_ln42_20 : 4
		mul_ln73_41 : 2
		trunc_ln42_46 : 3
		trunc_ln42_46_cast : 4
		sext_ln70_20 : 1
		sext_ln70_21 : 1
		sext_ln70_22 : 1
		mul_ln73_42 : 2
		trunc_ln42_47 : 3
		tmp_9034 : 1
		sext_ln73_15 : 2
		tmp_9035 : 1
		sext_ln73_16 : 2
		sub_ln73_5 : 3
		trunc_ln42_48 : 4
		sext_ln73_17 : 5
		mul_ln73_43 : 2
		trunc_ln42_49 : 3
		sext_ln42_21 : 4
		mul_ln73_44 : 2
		trunc_ln42_50 : 3
		sext_ln73_18 : 4
		mul_ln73_45 : 2
		trunc_ln42_51 : 3
		sext_ln42_22 : 4
		mul_ln73_46 : 2
		trunc_ln42_52 : 3
		mul_ln73_47 : 2
		trunc_ln42_53 : 3
		mul_ln73_48 : 2
		trunc_ln42_54 : 3
		sext_ln70_23 : 1
		sext_ln70_24 : 1
		sext_ln70_25 : 1
		sext_ln70_26 : 1
		mul_ln73_49 : 2
		trunc_ln42_55 : 3
		sext_ln42_23 : 4
		mul_ln73_50 : 2
		trunc_ln42_56 : 3
		sext_ln73_19 : 4
		mul_ln73_51 : 2
		trunc_ln42_57 : 3
		mul_ln73_52 : 2
		trunc_ln42_58 : 3
		sext_ln73_20 : 4
		mul_ln73_53 : 2
		trunc_ln42_59 : 3
		sext_ln42_24 : 4
		mul_ln73_54 : 2
		trunc_ln42_60 : 3
		mul_ln73_55 : 2
		trunc_ln42_61 : 3
		mul_ln73_56 : 2
		trunc_ln42_62 : 3
		sext_ln70_27 : 1
		sext_ln70_28 : 1
		sext_ln70_29 : 1
		mul_ln73_57 : 2
		trunc_ln42_63 : 3
		mul_ln73_58 : 2
		trunc_ln42_64 : 3
		tmp_9036 : 1
		sext_ln73_21 : 2
		sub_ln73_6 : 3
		tmp_9037 : 1
		sext_ln73_22 : 2
		sub_ln73_7 : 4
		trunc_ln42_65 : 5
		sext_ln42_25 : 6
		mul_ln73_59 : 2
		trunc_ln42_66 : 3
		mul_ln73_60 : 2
		trunc_ln42_67 : 3
		mul_ln73_61 : 2
		trunc_ln42_68 : 3
		sext_ln42_26 : 4
		mul_ln73_62 : 2
		trunc_ln42_69 : 3
		mul_ln73_63 : 2
		trunc_ln42_70 : 3
		sext_ln42_27 : 4
		sext_ln70_30 : 1
		sext_ln70_31 : 1
		mul_ln73_64 : 2
		trunc_ln42_71 : 3
		mul_ln73_65 : 2
		trunc_ln42_72 : 3
		mul_ln73_66 : 2
		trunc_ln42_73 : 3
		tmp_9038 : 1
		sext_ln73_23 : 2
		add_ln73_1 : 3
		trunc_ln42_74 : 4
		sext_ln42_28 : 5
		tmp_9039 : 1
		sext_ln73_24 : 2
		tmp_9040 : 1
		sext_ln73_25 : 2
		sub_ln73_8 : 3
		trunc_ln42_75 : 4
		sext_ln42_29 : 5
		mul_ln73_67 : 2
		trunc_ln42_76 : 3
		mul_ln73_68 : 2
		trunc_ln42_77 : 3
		tmp_9041 : 1
		sext_ln73_26 : 2
		sext_ln73_27 : 2
		add_ln73_2 : 3
		trunc_ln42_78 : 4
		sext_ln70_32 : 1
		sext_ln70_33 : 1
		sext_ln70_34 : 1
		sext_ln70_35 : 1
		sext_ln70_36 : 1
		sext_ln70_37 : 1
		mul_ln73_69 : 2
		trunc_ln42_79 : 3
		sext_ln42_30 : 4
		tmp_9042 : 1
		sext_ln73_28 : 2
		sub_ln73_9 : 3
		trunc_ln42_80 : 4
		mul_ln73_70 : 2
		trunc_ln42_81 : 3
		tmp_9043 : 1
		sext_ln73_29 : 2
		sub_ln73_10 : 3
		trunc_ln42_82 : 4
		sext_ln42_31 : 5
		mul_ln73_71 : 2
		trunc_ln42_83 : 3
		sext_ln42_32 : 4
		mul_ln73_72 : 2
		trunc_ln42_84 : 3
		sext_ln42_33 : 4
		tmp_9044 : 1
		sext_ln73_30 : 2
		sub_ln73_11 : 3
		trunc_ln42_85 : 4
		mul_ln73_73 : 2
		trunc_ln42_86 : 3
		sext_ln42_34 : 4
		sext_ln70_38 : 1
		sext_ln70_39 : 1
		tmp_9045 : 1
		sext_ln73_31 : 2
		sub_ln73_12 : 3
		trunc_ln42_87 : 4
		sext_ln42_35 : 5
		sext_ln73_32 : 1
		tmp_9046 : 1
		sext_ln73_33 : 2
		sub_ln73_13 : 3
		tmp_9047 : 1
		sext_ln73_34 : 2
		sub_ln73_14 : 4
		trunc_ln42_89 : 5
		sext_ln42_36 : 6
		tmp_9048 : 1
		sext_ln73_35 : 2
		sub_ln73_15 : 4
		trunc_ln42_90 : 5
		sext_ln42_37 : 6
		mul_ln73_74 : 2
		trunc_ln42_91 : 3
		mul_ln73_75 : 2
		trunc_ln42_92 : 3
		mul_ln73_76 : 2
		trunc_ln42_93 : 3
		sext_ln42_38 : 4
		mul_ln73_77 : 2
		trunc_ln42_94 : 3
		sext_ln70_40 : 1
		sext_ln70_41 : 1
		sext_ln70_42 : 1
		mul_ln73_78 : 2
		trunc_ln42_95 : 3
		mul_ln73_79 : 2
		trunc_ln42_96 : 3
		sext_ln42_39 : 4
		tmp_9049 : 1
		sext_ln73_36 : 2
		sub_ln73_16 : 3
		trunc_ln42_97 : 4
		sext_ln42_40 : 5
		mul_ln73_80 : 2
		trunc_ln42_98 : 3
		sext_ln42_41 : 4
		mul_ln73_81 : 2
		trunc_ln42_99 : 3
		tmp_9050 : 1
		sext_ln73_37 : 2
		tmp_9051 : 1
		sext_ln73_38 : 2
		sub_ln73_17 : 3
		trunc_ln42_100 : 4
		mul_ln73_82 : 2
		trunc_ln42_101 : 3
		sext_ln42_42 : 4
		mul_ln73_83 : 2
		trunc_ln42_102 : 3
		sext_ln70_43 : 1
		sext_ln70_44 : 1
		mul_ln73_84 : 2
		trunc_ln42_103 : 3
		sext_ln42_43 : 4
		tmp_9052 : 1
		sext_ln73_39 : 2
		tmp_9053 : 1
		sext_ln73_40 : 2
		add_ln73_3 : 3
		trunc_ln42_104 : 4
		sext_ln42_44 : 5
		mul_ln73_85 : 2
		trunc_ln42_105 : 3
		mul_ln73_86 : 2
		trunc_ln42_106 : 3
		mul_ln73_87 : 2
		trunc_ln42_107 : 3
		tmp_9054 : 1
		sext_ln73_41 : 2
		tmp_9055 : 1
		sext_ln73_42 : 2
		add_ln73_4 : 3
		trunc_ln42_108 : 4
		sext_ln42_45 : 5
		mul_ln73_88 : 2
		trunc_ln42_109 : 3
		mul_ln73_89 : 2
		trunc_ln42_110 : 3
		sext_ln42_46 : 4
		sext_ln70_45 : 1
		sext_ln70_46 : 1
		sext_ln70_47 : 1
		mul_ln73_90 : 2
		trunc_ln42_111 : 3
		tmp_9056 : 1
		sext_ln73_43 : 2
		sub_ln73_18 : 3
		trunc_ln42_112 : 4
		sext_ln42_47 : 5
		tmp_9057 : 1
		sext_ln73_44 : 2
		tmp_9058 : 1
		sext_ln73_45 : 2
		sub_ln73_19 : 3
		trunc_ln42_113 : 4
		sext_ln42_48 : 5
		sext_ln73_46 : 2
		tmp_9059 : 1
		sext_ln73_47 : 2
		sub_ln73_20 : 3
		trunc_ln42_114 : 4
		sext_ln73_48 : 5
		mul_ln73_91 : 2
		trunc_ln42_115 : 3
		sext_ln42_49 : 4
		mul_ln73_92 : 2
		trunc_ln42_116 : 3
		sext_ln73_49 : 4
		mul_ln73_93 : 2
		trunc_ln42_117 : 3
		tmp_9060 : 1
		sext_ln73_50 : 2
		sext_ln73_51 : 2
		sub_ln73_21 : 3
		trunc_ln42_118 : 4
		sext_ln42_50 : 5
		sext_ln70_48 : 1
		sext_ln70_49 : 1
		sext_ln70_50 : 1
		mul_ln73_94 : 2
		trunc_ln42_119 : 3
		sext_ln42_51 : 4
		tmp_9061 : 1
		sext_ln73_52 : 2
		sub_ln73_22 : 3
		tmp_9062 : 1
		sext_ln73_53 : 2
		sub_ln73_23 : 4
		trunc_ln42_120 : 5
		sext_ln73_54 : 6
		mul_ln73_95 : 2
		trunc_ln42_121 : 3
		sext_ln42_52 : 4
		tmp_9063 : 1
		sext_ln73_55 : 2
		sub_ln73_24 : 3
		sext_ln73_56 : 2
		sub_ln73_25 : 4
		trunc_ln42_122 : 5
		sext_ln73_57 : 6
		mul_ln73_96 : 2
		trunc_ln42_123 : 3
		mul_ln73_97 : 2
		trunc_ln42_124 : 3
		sext_ln73_58 : 4
		mul_ln73_98 : 2
		trunc_ln42_125 : 3
		mul_ln73_99 : 2
		trunc_ln42_126 : 3
		add_ln58 : 5
		add_ln58_1 : 5
		add_ln58_2 : 6
		add_ln58_3 : 5
		sext_ln58 : 6
		add_ln58_4 : 5
		add_ln58_5 : 7
		add_ln58_7 : 4
		add_ln58_8 : 6
		add_ln58_10 : 5
		add_ln58_11 : 5
		add_ln58_12 : 6
		add_ln58_15 : 5
		sext_ln58_1 : 6
		add_ln58_16 : 5
		add_ln58_17 : 7
		add_ln58_18 : 5
		add_ln58_19 : 6
		sext_ln58_2 : 7
		add_ln58_20 : 8
		add_ln58_22 : 4
		add_ln58_23 : 5
		add_ln58_24 : 6
		add_ln58_25 : 6
		add_ln58_26 : 7
		sext_ln58_3 : 8
		add_ln58_27 : 9
		add_ln58_28 : 10
		add_ln58_30 : 4
		add_ln58_31 : 5
		add_ln58_32 : 6
		add_ln58_33 : 5
		add_ln58_34 : 5
		add_ln58_35 : 6
		add_ln58_37 : 7
		add_ln58_38 : 7
		add_ln58_40 : 6
		add_ln58_41 : 6
		add_ln58_42 : 7
		add_ln58_45 : 5
		add_ln58_46 : 4
		add_ln58_47 : 6
		add_ln58_48 : 5
		add_ln58_49 : 5
		sext_ln58_4 : 6
		add_ln58_50 : 7
		add_ln58_52 : 6
		add_ln58_53 : 7
		add_ln58_54 : 8
		add_ln58_55 : 5
		add_ln58_56 : 7
		sext_ln58_5 : 8
		add_ln58_57 : 9
		add_ln58_58 : 10
		add_ln58_60 : 4
		add_ln58_61 : 5
		add_ln58_62 : 6
		add_ln58_63 : 6
		add_ln58_64 : 5
		add_ln58_65 : 7
		add_ln58_67 : 6
		add_ln58_68 : 5
		add_ln58_70 : 4
		add_ln58_71 : 5
		add_ln58_72 : 6
		add_ln58_75 : 5
		add_ln58_76 : 5
		add_ln58_77 : 6
		add_ln58_78 : 4
		add_ln58_79 : 4
		add_ln58_80 : 5
		add_ln58_82 : 5
		add_ln58_83 : 5
		add_ln58_85 : 6
		add_ln58_86 : 5
		sext_ln58_6 : 6
		add_ln58_87 : 7
		add_ln58_90 : 6
		add_ln58_91 : 5
		add_ln58_92 : 7
		add_ln58_93 : 5
		add_ln58_94 : 4
		add_ln58_95 : 6
		add_ln58_97 : 4
		add_ln58_98 : 5
		add_ln58_100 : 5
		add_ln58_101 : 4
		add_ln58_102 : 6
		add_ln58_105 : 5
		add_ln58_106 : 6
		add_ln58_107 : 7
		add_ln58_108 : 6
		sext_ln58_7 : 7
		add_ln58_109 : 4
		add_ln58_110 : 8
		add_ln58_112 : 5
		add_ln58_113 : 5
		add_ln58_115 : 5
		add_ln58_116 : 6
		add_ln58_117 : 7
	State 2
		add_ln58_13 : 1
		add_ln58_14 : 2
		add_ln58_29 : 1
		add_ln58_43 : 1
		add_ln58_44 : 2
		add_ln58_59 : 1
		add_ln58_73 : 1
		add_ln58_74 : 2
		add_ln58_88 : 1
		add_ln58_89 : 2
		add_ln58_103 : 1
		add_ln58_104 : 2
		add_ln58_118 : 1
		add_ln58_119 : 2
		shl_ln : 3
		sext_ln111 : 4
		shl_ln111_1 : 2
		sext_ln111_1 : 3
		shl_ln111_2 : 3
		sext_ln111_2 : 4
		shl_ln111_3 : 2
		sext_ln111_3 : 3
		shl_ln111_4 : 3
		sext_ln111_4 : 4
		shl_ln111_5 : 3
		sext_ln111_5 : 4
		shl_ln111_6 : 3
		sext_ln111_6 : 4
		shl_ln111_7 : 3
		sext_ln68 : 4
		mrv : 5
		mrv_1 : 6
		mrv_2 : 7
		mrv_3 : 8
		mrv_4 : 9
		mrv_5 : 10
		mrv_6 : 11
		mrv_7 : 12
		ret_ln68 : 13


============================================================
+ Verbose Summary: Datapath Resource usage 
============================================================

* Functional unit list:
|----------|-----------------------------|---------|---------|---------|
| Operation|       Functional Unit       |   DSP   |    FF   |   LUT   |
|----------|-----------------------------|---------|---------|---------|
|          |      add_ln73_fu_52512      |    0    |    0    |    27   |
|          |     add_ln73_1_fu_53832     |    0    |    0    |    27   |
|          |     add_ln73_2_fu_53932     |    0    |    0    |    31   |
|          |     add_ln73_3_fu_54569     |    0    |    0    |    30   |
|          |     add_ln73_4_fu_54643     |    0    |    0    |    29   |
|          |      add_ln58_fu_55101      |    0    |    0    |    16   |
|          |     add_ln58_1_fu_55107     |    0    |    0    |    23   |
|          |     add_ln58_2_fu_55113     |    0    |    0    |    16   |
|          |     add_ln58_3_fu_55119     |    0    |    0    |    21   |
|          |     add_ln58_4_fu_55129     |    0    |    0    |    16   |
|          |     add_ln58_5_fu_55135     |    0    |    0    |    16   |
|          |     add_ln58_7_fu_55141     |    0    |    0    |    23   |
|          |     add_ln58_8_fu_55147     |    0    |    0    |    22   |
|          |     add_ln58_10_fu_55153    |    0    |    0    |    16   |
|          |     add_ln58_11_fu_55159    |    0    |    0    |    23   |
|          |     add_ln58_12_fu_55165    |    0    |    0    |    16   |
|          |     add_ln58_15_fu_55171    |    0    |    0    |    21   |
|          |     add_ln58_16_fu_55181    |    0    |    0    |    16   |
|          |     add_ln58_17_fu_55187    |    0    |    0    |    16   |
|          |     add_ln58_18_fu_55193    |    0    |    0    |    16   |
|          |     add_ln58_19_fu_55199    |    0    |    0    |    21   |
|          |     add_ln58_20_fu_55209    |    0    |    0    |    16   |
|          |     add_ln58_22_fu_55215    |    0    |    0    |    23   |
|          |     add_ln58_23_fu_55221    |    0    |    0    |    23   |
|          |     add_ln58_24_fu_55227    |    0    |    0    |    16   |
|          |     add_ln58_25_fu_55233    |    0    |    0    |    16   |
|          |     add_ln58_26_fu_55239    |    0    |    0    |    21   |
|          |     add_ln58_27_fu_55249    |    0    |    0    |    16   |
|          |     add_ln58_28_fu_55255    |    0    |    0    |    16   |
|          |     add_ln58_30_fu_55261    |    0    |    0    |    16   |
|          |     add_ln58_31_fu_55267    |    0    |    0    |    23   |
|          |     add_ln58_32_fu_55273    |    0    |    0    |    16   |
|          |     add_ln58_33_fu_55279    |    0    |    0    |    16   |
|          |     add_ln58_34_fu_55285    |    0    |    0    |    23   |
|          |     add_ln58_35_fu_55291    |    0    |    0    |    16   |
|          |     add_ln58_37_fu_55297    |    0    |    0    |    23   |
|          |     add_ln58_38_fu_55303    |    0    |    0    |    23   |
|          |     add_ln58_40_fu_55309    |    0    |    0    |    16   |
|          |     add_ln58_41_fu_55315    |    0    |    0    |    22   |
|          |     add_ln58_42_fu_55321    |    0    |    0    |    16   |
|          |     add_ln58_45_fu_55327    |    0    |    0    |    16   |
|          |     add_ln58_46_fu_55333    |    0    |    0    |    23   |
|          |     add_ln58_47_fu_55339    |    0    |    0    |    16   |
|          |     add_ln58_48_fu_55345    |    0    |    0    |    16   |
|          |     add_ln58_49_fu_55351    |    0    |    0    |    21   |
|          |     add_ln58_50_fu_55361    |    0    |    0    |    16   |
|          |     add_ln58_52_fu_55367    |    0    |    0    |    23   |
|          |     add_ln58_53_fu_55373    |    0    |    0    |    22   |
|          |     add_ln58_54_fu_55379    |    0    |    0    |    16   |
|          |     add_ln58_55_fu_55385    |    0    |    0    |    16   |
|          |     add_ln58_56_fu_55391    |    0    |    0    |    19   |
|          |     add_ln58_57_fu_55401    |    0    |    0    |    16   |
|          |     add_ln58_58_fu_55407    |    0    |    0    |    16   |
|          |     add_ln58_60_fu_55413    |    0    |    0    |    16   |
|          |     add_ln58_61_fu_55419    |    0    |    0    |    23   |
|          |     add_ln58_62_fu_55425    |    0    |    0    |    16   |
|          |     add_ln58_63_fu_55431    |    0    |    0    |    16   |
|          |     add_ln58_64_fu_55437    |    0    |    0    |    22   |
|          |     add_ln58_65_fu_55443    |    0    |    0    |    16   |
|          |     add_ln58_67_fu_55449    |    0    |    0    |    23   |
|          |     add_ln58_68_fu_55455    |    0    |    0    |    23   |
|          |     add_ln58_70_fu_55461    |    0    |    0    |    16   |
|    add   |     add_ln58_71_fu_55467    |    0    |    0    |    23   |
|          |     add_ln58_72_fu_55473    |    0    |    0    |    16   |
|          |     add_ln58_75_fu_55479    |    0    |    0    |    16   |
|          |     add_ln58_76_fu_55485    |    0    |    0    |    23   |
|          |     add_ln58_77_fu_55491    |    0    |    0    |    16   |
|          |     add_ln58_78_fu_55497    |    0    |    0    |    16   |
|          |     add_ln58_79_fu_55503    |    0    |    0    |    23   |
|          |     add_ln58_80_fu_55509    |    0    |    0    |    16   |
|          |     add_ln58_82_fu_55515    |    0    |    0    |    23   |
|          |     add_ln58_83_fu_55521    |    0    |    0    |    23   |
|          |     add_ln58_85_fu_55527    |    0    |    0    |    16   |
|          |     add_ln58_86_fu_55533    |    0    |    0    |    21   |
|          |     add_ln58_87_fu_55543    |    0    |    0    |    16   |
|          |     add_ln58_90_fu_55549    |    0    |    0    |    16   |
|          |     add_ln58_91_fu_55555    |    0    |    0    |    22   |
|          |     add_ln58_92_fu_55561    |    0    |    0    |    16   |
|          |     add_ln58_93_fu_55567    |    0    |    0    |    16   |
|          |     add_ln58_94_fu_55573    |    0    |    0    |    23   |
|          |     add_ln58_95_fu_55579    |    0    |    0    |    16   |
|          |     add_ln58_97_fu_55585    |    0    |    0    |    23   |
|          |     add_ln58_98_fu_55591    |    0    |    0    |    23   |
|          |    add_ln58_100_fu_55597    |    0    |    0    |    16   |
|          |    add_ln58_101_fu_55603    |    0    |    0    |    23   |
|          |    add_ln58_102_fu_55609    |    0    |    0    |    16   |
|          |    add_ln58_105_fu_55615    |    0    |    0    |    16   |
|          |    add_ln58_106_fu_55621    |    0    |    0    |    23   |
|          |    add_ln58_107_fu_55627    |    0    |    0    |    16   |
|          |    add_ln58_108_fu_55633    |    0    |    0    |    19   |
|          |    add_ln58_109_fu_55643    |    0    |    0    |    16   |
|          |    add_ln58_110_fu_55649    |    0    |    0    |    16   |
|          |    add_ln58_112_fu_55655    |    0    |    0    |    23   |
|          |    add_ln58_113_fu_55661    |    0    |    0    |    23   |
|          |    add_ln58_115_fu_55667    |    0    |    0    |    16   |
|          |    add_ln58_116_fu_55673    |    0    |    0    |    23   |
|          |    add_ln58_117_fu_55679    |    0    |    0    |    16   |
|          |     add_ln58_6_fu_55685     |    0    |    0    |    16   |
|          |     add_ln58_9_fu_55689     |    0    |    0    |    16   |
|          |     add_ln58_13_fu_55693    |    0    |    0    |    16   |
|          |     add_ln58_14_fu_55698    |    0    |    0    |    16   |
|          |     add_ln58_21_fu_55704    |    0    |    0    |    16   |
|          |     add_ln58_29_fu_55708    |    0    |    0    |    16   |
|          |     add_ln58_36_fu_55713    |    0    |    0    |    16   |
|          |     add_ln58_39_fu_55717    |    0    |    0    |    16   |
|          |     add_ln58_43_fu_55721    |    0    |    0    |    16   |
|          |     add_ln58_44_fu_55726    |    0    |    0    |    16   |
|          |     add_ln58_51_fu_55732    |    0    |    0    |    16   |
|          |     add_ln58_59_fu_55736    |    0    |    0    |    16   |
|          |     add_ln58_66_fu_55741    |    0    |    0    |    16   |
|          |     add_ln58_69_fu_55745    |    0    |    0    |    16   |
|          |     add_ln58_73_fu_55749    |    0    |    0    |    16   |
|          |     add_ln58_74_fu_55754    |    0    |    0    |    16   |
|          |     add_ln58_81_fu_55760    |    0    |    0    |    16   |
|          |     add_ln58_84_fu_55764    |    0    |    0    |    16   |
|          |     add_ln58_88_fu_55768    |    0    |    0    |    16   |
|          |     add_ln58_89_fu_55773    |    0    |    0    |    16   |
|          |     add_ln58_96_fu_55779    |    0    |    0    |    16   |
|          |     add_ln58_99_fu_55783    |    0    |    0    |    16   |
|          |    add_ln58_103_fu_55787    |    0    |    0    |    16   |
|          |    add_ln58_104_fu_55792    |    0    |    0    |    16   |
|          |    add_ln58_111_fu_55798    |    0    |    0    |    16   |
|          |    add_ln58_114_fu_55802    |    0    |    0    |    16   |
|          |    add_ln58_118_fu_55806    |    0    |    0    |    16   |
|          |    add_ln58_119_fu_55811    |    0    |    0    |    16   |
|----------|-----------------------------|---------|---------|---------|
|          |      sub_ln73_fu_52807      |    0    |    0    |    28   |
|          |     sub_ln73_1_fu_52966     |    0    |    0    |    32   |
|          |     sub_ln73_2_fu_53090     |    0    |    0    |    32   |
|          |     sub_ln73_3_fu_53138     |    0    |    0    |    27   |
|          |     sub_ln73_4_fu_53267     |    0    |    0    |    30   |
|          |     sub_ln73_5_fu_53388     |    0    |    0    |    30   |
|          |     sub_ln73_6_fu_53671     |    0    |    0    |    22   |
|          |     sub_ln73_7_fu_53689     |    0    |    0    |    24   |
|          |     sub_ln73_8_fu_53876     |    0    |    0    |    26   |
|          |     sub_ln73_9_fu_54013     |    0    |    0    |    32   |
|          |     sub_ln73_10_fu_54051    |    0    |    0    |    25   |
|          |     sub_ln73_11_fu_54111    |    0    |    0    |    32   |
|    sub   |     sub_ln73_12_fu_54175    |    0    |    0    |    31   |
|          |     sub_ln73_13_fu_54221    |    0    |    0    |    30   |
|          |     sub_ln73_14_fu_54239    |    0    |    0    |    32   |
|          |     sub_ln73_15_fu_54271    |    0    |    0    |    32   |
|          |     sub_ln73_16_fu_54399    |    0    |    0    |    30   |
|          |     sub_ln73_17_fu_54467    |    0    |    0    |    32   |
|          |     sub_ln73_18_fu_54735    |    0    |    0    |    31   |
|          |     sub_ln73_19_fu_54779    |    0    |    0    |    30   |
|          |     sub_ln73_20_fu_54815    |    0    |    0    |    28   |
|          |     sub_ln73_21_fu_54889    |    0    |    0    |    26   |
|          |     sub_ln73_22_fu_54963    |    0    |    0    |    22   |
|          |     sub_ln73_23_fu_54981    |    0    |    0    |    24   |
|          |     sub_ln73_24_fu_55027    |    0    |    0    |    20   |
|          |     sub_ln73_25_fu_55037    |    0    |    0    |    22   |
|----------|-----------------------------|---------|---------|---------|
|          |      mul_ln73_59_fu_365     |    1    |    0    |    5    |
|          |      mul_ln73_46_fu_366     |    1    |    0    |    5    |
|          |      mul_ln73_90_fu_367     |    1    |    0    |    5    |
|          |      mul_ln73_91_fu_368     |    1    |    0    |    5    |
|          |      mul_ln73_51_fu_371     |    1    |    0    |    5    |
|          |      mul_ln73_3_fu_373      |    1    |    0    |    5    |
|          |       mul_ln73_fu_374       |    1    |    0    |    5    |
|          |      mul_ln73_17_fu_377     |    1    |    0    |    5    |
|          |      mul_ln73_13_fu_378     |    1    |    0    |    5    |
|          |      mul_ln73_36_fu_379     |    1    |    0    |    5    |
|          |      mul_ln73_48_fu_382     |    1    |    0    |    5    |
|          |      mul_ln73_27_fu_383     |    1    |    0    |    5    |
|          |      mul_ln73_28_fu_384     |    1    |    0    |    5    |
|          |      mul_ln73_60_fu_385     |    1    |    0    |    5    |
|          |      mul_ln73_83_fu_386     |    1    |    0    |    5    |
|          |      mul_ln73_84_fu_387     |    1    |    0    |    5    |
|          |      mul_ln73_95_fu_389     |    1    |    0    |    5    |
|          |      mul_ln73_96_fu_390     |    1    |    0    |    5    |
|          |      mul_ln73_97_fu_391     |    1    |    0    |    5    |
|          |      mul_ln73_14_fu_392     |    1    |    0    |    5    |
|          |      mul_ln73_92_fu_393     |    1    |    0    |    5    |
|          |      mul_ln73_32_fu_394     |    1    |    0    |    5    |
|          |      mul_ln73_6_fu_397      |    1    |    0    |    5    |
|          |      mul_ln73_7_fu_398      |    1    |    0    |    5    |
|          |      mul_ln73_8_fu_399      |    1    |    0    |    5    |
|          |      mul_ln73_22_fu_400     |    1    |    0    |    5    |
|          |      mul_ln73_19_fu_401     |    1    |    0    |    5    |
|          |      mul_ln73_21_fu_403     |    1    |    0    |    5    |
|          |      mul_ln73_75_fu_404     |    1    |    0    |    5    |
|          |      mul_ln73_44_fu_405     |    1    |    0    |    5    |
|          |      mul_ln73_77_fu_406     |    1    |    0    |    5    |
|          |      mul_ln73_78_fu_407     |    1    |    0    |    5    |
|          |      mul_ln73_88_fu_408     |    1    |    0    |    5    |
|          |      mul_ln73_30_fu_409     |    1    |    0    |    5    |
|          |      mul_ln73_2_fu_410      |    1    |    0    |    5    |
|          |      mul_ln73_72_fu_411     |    1    |    0    |    5    |
|          |      mul_ln73_37_fu_412     |    1    |    0    |    5    |
|          |      mul_ln73_4_fu_414      |    1    |    0    |    5    |
|          |      mul_ln73_79_fu_415     |    1    |    0    |    5    |
|          |      mul_ln73_66_fu_416     |    1    |    0    |    5    |
|          |      mul_ln73_53_fu_417     |    1    |    0    |    5    |
|          |      mul_ln73_1_fu_418      |    1    |    0    |    5    |
|          |      mul_ln73_55_fu_419     |    1    |    0    |    5    |
|          |      mul_ln73_34_fu_420     |    1    |    0    |    5    |
|          |      mul_ln73_64_fu_421     |    1    |    0    |    5    |
|          |      mul_ln73_89_fu_422     |    1    |    0    |    5    |
|          |      mul_ln73_99_fu_423     |    1    |    0    |    5    |
|          |      mul_ln73_47_fu_424     |    1    |    0    |    5    |
|          |      mul_ln73_50_fu_425     |    1    |    0    |    5    |
|    mul   |      mul_ln73_49_fu_426     |    1    |    0    |    5    |
|          |      mul_ln73_39_fu_427     |    1    |    0    |    5    |
|          |      mul_ln73_82_fu_428     |    1    |    0    |    5    |
|          |      mul_ln73_61_fu_429     |    1    |    0    |    5    |
|          |      mul_ln73_33_fu_432     |    1    |    0    |    5    |
|          |      mul_ln73_56_fu_433     |    1    |    0    |    5    |
|          |      mul_ln73_24_fu_435     |    1    |    0    |    5    |
|          |      mul_ln73_11_fu_436     |    1    |    0    |    5    |
|          |      mul_ln73_69_fu_437     |    1    |    0    |    5    |
|          |      mul_ln73_26_fu_438     |    1    |    0    |    5    |
|          |      mul_ln73_5_fu_439      |    1    |    0    |    5    |
|          |      mul_ln73_65_fu_443     |    1    |    0    |    5    |
|          |      mul_ln73_52_fu_444     |    1    |    0    |    5    |
|          |      mul_ln73_42_fu_445     |    1    |    0    |    5    |
|          |      mul_ln73_29_fu_446     |    1    |    0    |    5    |
|          |      mul_ln73_54_fu_448     |    1    |    0    |    5    |
|          |      mul_ln73_73_fu_449     |    1    |    0    |    5    |
|          |      mul_ln73_98_fu_450     |    1    |    0    |    5    |
|          |      mul_ln73_18_fu_451     |    1    |    0    |    5    |
|          |      mul_ln73_93_fu_452     |    1    |    0    |    5    |
|          |      mul_ln73_23_fu_453     |    1    |    0    |    5    |
|          |      mul_ln73_57_fu_455     |    1    |    0    |    5    |
|          |      mul_ln73_87_fu_457     |    1    |    0    |    5    |
|          |      mul_ln73_12_fu_459     |    1    |    0    |    5    |
|          |      mul_ln73_16_fu_460     |    1    |    0    |    5    |
|          |      mul_ln73_10_fu_463     |    1    |    0    |    5    |
|          |      mul_ln73_35_fu_464     |    1    |    0    |    5    |
|          |      mul_ln73_67_fu_465     |    1    |    0    |    5    |
|          |      mul_ln73_68_fu_466     |    1    |    0    |    5    |
|          |      mul_ln73_9_fu_467      |    1    |    0    |    5    |
|          |      mul_ln73_70_fu_468     |    1    |    0    |    5    |
|          |      mul_ln73_43_fu_469     |    1    |    0    |    5    |
|          |      mul_ln73_81_fu_470     |    1    |    0    |    5    |
|          |      mul_ln73_80_fu_471     |    1    |    0    |    5    |
|          |      mul_ln73_38_fu_472     |    1    |    0    |    5    |
|          |      mul_ln73_62_fu_473     |    1    |    0    |    5    |
|          |      mul_ln73_85_fu_474     |    1    |    0    |    5    |
|          |      mul_ln73_58_fu_475     |    1    |    0    |    5    |
|          |      mul_ln73_45_fu_476     |    1    |    0    |    5    |
|          |      mul_ln73_15_fu_477     |    1    |    0    |    5    |
|          |      mul_ln73_71_fu_478     |    1    |    0    |    5    |
|          |      mul_ln73_31_fu_479     |    1    |    0    |    5    |
|          |      mul_ln73_25_fu_480     |    1    |    0    |    5    |
|          |      mul_ln73_86_fu_484     |    1    |    0    |    5    |
|          |      mul_ln73_63_fu_485     |    1    |    0    |    5    |
|          |      mul_ln73_40_fu_486     |    1    |    0    |    5    |
|          |      mul_ln73_41_fu_487     |    1    |    0    |    5    |
|          |      mul_ln73_20_fu_488     |    1    |    0    |    5    |
|          |      mul_ln73_74_fu_489     |    1    |    0    |    5    |
|          |      mul_ln73_94_fu_490     |    1    |    0    |    5    |
|          |      mul_ln73_76_fu_491     |    1    |    0    |    5    |
|----------|-----------------------------|---------|---------|---------|
|   read   |  data_val_read_read_fu_358  |    0    |    0    |    0    |
|----------|-----------------------------|---------|---------|---------|
|   trunc  |          a_fu_52393         |    0    |    0    |    0    |
|----------|-----------------------------|---------|---------|---------|
|          |      sext_ln70_fu_52397     |    0    |    0    |    0    |
|          |     sext_ln70_1_fu_52404    |    0    |    0    |    0    |
|          |     sext_ln70_2_fu_52409    |    0    |    0    |    0    |
|          |      sext_ln42_fu_52426     |    0    |    0    |    0    |
|          |      sext_ln73_fu_52440     |    0    |    0    |    0    |
|          |     sext_ln42_1_fu_52484    |    0    |    0    |    0    |
|          |     sext_ln73_1_fu_52496    |    0    |    0    |    0    |
|          |     sext_ln73_2_fu_52508    |    0    |    0    |    0    |
|          |     sext_ln42_2_fu_52528    |    0    |    0    |    0    |
|          |     sext_ln42_3_fu_52542    |    0    |    0    |    0    |
|          |     sext_ln70_3_fu_52556    |    0    |    0    |    0    |
|          |     sext_ln70_4_fu_52562    |    0    |    0    |    0    |
|          |     sext_ln70_5_fu_52567    |    0    |    0    |    0    |
|          |     sext_ln73_3_fu_52596    |    0    |    0    |    0    |
|          |     sext_ln42_4_fu_52620    |    0    |    0    |    0    |
|          |     sext_ln42_5_fu_52664    |    0    |    0    |    0    |
|          |     sext_ln70_6_fu_52678    |    0    |    0    |    0    |
|          |     sext_ln70_7_fu_52683    |    0    |    0    |    0    |
|          |     sext_ln70_8_fu_52690    |    0    |    0    |    0    |
|          |     sext_ln42_6_fu_52707    |    0    |    0    |    0    |
|          |     sext_ln42_7_fu_52721    |    0    |    0    |    0    |
|          |     sext_ln42_8_fu_52755    |    0    |    0    |    0    |
|          |     sext_ln42_9_fu_52779    |    0    |    0    |    0    |
|          |     sext_ln73_4_fu_52791    |    0    |    0    |    0    |
|          |     sext_ln73_5_fu_52803    |    0    |    0    |    0    |
|          |    sext_ln42_10_fu_52823    |    0    |    0    |    0    |
|          |     sext_ln70_9_fu_52837    |    0    |    0    |    0    |
|          |    sext_ln70_10_fu_52843    |    0    |    0    |    0    |
|          |    sext_ln70_11_fu_52849    |    0    |    0    |    0    |
|          |    sext_ln42_11_fu_52876    |    0    |    0    |    0    |
|          |    sext_ln42_12_fu_52890    |    0    |    0    |    0    |
|          |    sext_ln42_13_fu_52924    |    0    |    0    |    0    |
|          |    sext_ln42_14_fu_52938    |    0    |    0    |    0    |
|          |     sext_ln73_6_fu_52950    |    0    |    0    |    0    |
|          |     sext_ln73_7_fu_52962    |    0    |    0    |    0    |
|          |    sext_ln70_12_fu_52992    |    0    |    0    |    0    |
|          |    sext_ln70_13_fu_52996    |    0    |    0    |    0    |
|          |    sext_ln70_14_fu_53002    |    0    |    0    |    0    |
|          |    sext_ln70_15_fu_53009    |    0    |    0    |    0    |
|          |     sext_ln73_8_fu_53024    |    0    |    0    |    0    |
|          |    sext_ln42_15_fu_53048    |    0    |    0    |    0    |
|          |    sext_ln42_16_fu_53062    |    0    |    0    |    0    |
|          |     sext_ln73_9_fu_53074    |    0    |    0    |    0    |
|          |    sext_ln73_10_fu_53086    |    0    |    0    |    0    |
|          |    sext_ln73_11_fu_53134    |    0    |    0    |    0    |
|          | trunc_ln42_38_cast_fu_53154 |    0    |    0    |    0    |
|          |    sext_ln70_16_fu_53168    |    0    |    0    |    0    |
|          |    sext_ln70_17_fu_53174    |    0    |    0    |    0    |
|          |    sext_ln70_18_fu_53180    |    0    |    0    |    0    |
|          |    sext_ln70_19_fu_53186    |    0    |    0    |    0    |
|          |    sext_ln73_12_fu_53201    |    0    |    0    |    0    |
|          |    sext_ln42_17_fu_53215    |    0    |    0    |    0    |
|          |    sext_ln42_18_fu_53229    |    0    |    0    |    0    |
|          |    sext_ln73_13_fu_53251    |    0    |    0    |    0    |
|          |    sext_ln73_14_fu_53263    |    0    |    0    |    0    |
|          |    sext_ln42_19_fu_53283    |    0    |    0    |    0    |
|          |    sext_ln42_20_fu_53307    |    0    |    0    |    0    |
|          | trunc_ln42_46_cast_fu_53321 |    0    |    0    |    0    |
|          |    sext_ln70_20_fu_53335    |    0    |    0    |    0    |
|          |    sext_ln70_21_fu_53340    |    0    |    0    |    0    |
|          |    sext_ln70_22_fu_53346    |    0    |    0    |    0    |
|          |    sext_ln73_15_fu_53372    |    0    |    0    |    0    |
|          |    sext_ln73_16_fu_53384    |    0    |    0    |    0    |
|          |    sext_ln73_17_fu_53404    |    0    |    0    |    0    |
|          |    sext_ln42_21_fu_53418    |    0    |    0    |    0    |
|          |    sext_ln73_18_fu_53432    |    0    |    0    |    0    |
|          |    sext_ln42_22_fu_53446    |    0    |    0    |    0    |
|          |    sext_ln70_23_fu_53490    |    0    |    0    |    0    |
|          |    sext_ln70_24_fu_53495    |    0    |    0    |    0    |
|          |    sext_ln70_25_fu_53503    |    0    |    0    |    0    |
|          |    sext_ln70_26_fu_53508    |    0    |    0    |    0    |
|          |    sext_ln42_23_fu_53524    |    0    |    0    |    0    |
|          |    sext_ln73_19_fu_53538    |    0    |    0    |    0    |
|          |    sext_ln73_20_fu_53562    |    0    |    0    |    0    |
|          |    sext_ln42_24_fu_53576    |    0    |    0    |    0    |
|          |    sext_ln70_27_fu_53620    |    0    |    0    |    0    |
|          |    sext_ln70_28_fu_53625    |    0    |    0    |    0    |
|          |    sext_ln70_29_fu_53630    |    0    |    0    |    0    |
|          |    sext_ln73_21_fu_53667    |    0    |    0    |    0    |
|          |    sext_ln73_22_fu_53685    |    0    |    0    |    0    |
|          |    sext_ln42_25_fu_53705    |    0    |    0    |    0    |
|          |    sext_ln42_26_fu_53739    |    0    |    0    |    0    |
|          |    sext_ln42_27_fu_53763    |    0    |    0    |    0    |
|          |    sext_ln70_30_fu_53777    |    0    |    0    |    0    |
|          |    sext_ln70_31_fu_53781    |    0    |    0    |    0    |
|          |    sext_ln73_23_fu_53828    |    0    |    0    |    0    |
|          |    sext_ln42_28_fu_53848    |    0    |    0    |    0    |
|          |    sext_ln73_24_fu_53860    |    0    |    0    |    0    |
|          |    sext_ln73_25_fu_53872    |    0    |    0    |    0    |
|          |    sext_ln42_29_fu_53892    |    0    |    0    |    0    |
|   sext   |    sext_ln73_26_fu_53924    |    0    |    0    |    0    |
|          |    sext_ln73_27_fu_53928    |    0    |    0    |    0    |
|          |    sext_ln70_32_fu_53958    |    0    |    0    |    0    |
|          |    sext_ln70_33_fu_53963    |    0    |    0    |    0    |
|          |    sext_ln70_34_fu_53968    |    0    |    0    |    0    |
|          |    sext_ln70_35_fu_53973    |    0    |    0    |    0    |
|          |    sext_ln70_36_fu_53977    |    0    |    0    |    0    |
|          |    sext_ln70_37_fu_53982    |    0    |    0    |    0    |
|          |    sext_ln42_30_fu_53997    |    0    |    0    |    0    |
|          |    sext_ln73_28_fu_54009    |    0    |    0    |    0    |
|          |    sext_ln73_29_fu_54047    |    0    |    0    |    0    |
|          |    sext_ln42_31_fu_54067    |    0    |    0    |    0    |
|          |    sext_ln42_32_fu_54081    |    0    |    0    |    0    |
|          |    sext_ln42_33_fu_54095    |    0    |    0    |    0    |
|          |    sext_ln73_30_fu_54107    |    0    |    0    |    0    |
|          |    sext_ln42_34_fu_54137    |    0    |    0    |    0    |
|          |    sext_ln70_38_fu_54151    |    0    |    0    |    0    |
|          |    sext_ln70_39_fu_54158    |    0    |    0    |    0    |
|          |    sext_ln73_31_fu_54171    |    0    |    0    |    0    |
|          |    sext_ln42_35_fu_54191    |    0    |    0    |    0    |
|          |    sext_ln73_32_fu_54205    |    0    |    0    |    0    |
|          |    sext_ln73_33_fu_54217    |    0    |    0    |    0    |
|          |    sext_ln73_34_fu_54235    |    0    |    0    |    0    |
|          |    sext_ln42_36_fu_54255    |    0    |    0    |    0    |
|          |    sext_ln73_35_fu_54267    |    0    |    0    |    0    |
|          |    sext_ln42_37_fu_54287    |    0    |    0    |    0    |
|          |    sext_ln42_38_fu_54321    |    0    |    0    |    0    |
|          |    sext_ln70_40_fu_54345    |    0    |    0    |    0    |
|          |    sext_ln70_41_fu_54351    |    0    |    0    |    0    |
|          |    sext_ln70_42_fu_54356    |    0    |    0    |    0    |
|          |    sext_ln42_39_fu_54383    |    0    |    0    |    0    |
|          |    sext_ln73_36_fu_54395    |    0    |    0    |    0    |
|          |    sext_ln42_40_fu_54415    |    0    |    0    |    0    |
|          |    sext_ln42_41_fu_54429    |    0    |    0    |    0    |
|          |    sext_ln73_37_fu_54451    |    0    |    0    |    0    |
|          |    sext_ln73_38_fu_54463    |    0    |    0    |    0    |
|          |    sext_ln42_42_fu_54493    |    0    |    0    |    0    |
|          |    sext_ln70_43_fu_54517    |    0    |    0    |    0    |
|          |    sext_ln70_44_fu_54525    |    0    |    0    |    0    |
|          |    sext_ln42_43_fu_54541    |    0    |    0    |    0    |
|          |    sext_ln73_39_fu_54553    |    0    |    0    |    0    |
|          |    sext_ln73_40_fu_54565    |    0    |    0    |    0    |
|          |    sext_ln42_44_fu_54585    |    0    |    0    |    0    |
|          |    sext_ln73_41_fu_54627    |    0    |    0    |    0    |
|          |    sext_ln73_42_fu_54639    |    0    |    0    |    0    |
|          |    sext_ln42_45_fu_54659    |    0    |    0    |    0    |
|          |    sext_ln42_46_fu_54683    |    0    |    0    |    0    |
|          |    sext_ln70_45_fu_54697    |    0    |    0    |    0    |
|          |    sext_ln70_46_fu_54702    |    0    |    0    |    0    |
|          |    sext_ln70_47_fu_54707    |    0    |    0    |    0    |
|          |    sext_ln73_43_fu_54731    |    0    |    0    |    0    |
|          |    sext_ln42_47_fu_54751    |    0    |    0    |    0    |
|          |    sext_ln73_44_fu_54763    |    0    |    0    |    0    |
|          |    sext_ln73_45_fu_54775    |    0    |    0    |    0    |
|          |    sext_ln42_48_fu_54795    |    0    |    0    |    0    |
|          |    sext_ln73_46_fu_54799    |    0    |    0    |    0    |
|          |    sext_ln73_47_fu_54811    |    0    |    0    |    0    |
|          |    sext_ln73_48_fu_54831    |    0    |    0    |    0    |
|          |    sext_ln42_49_fu_54845    |    0    |    0    |    0    |
|          |    sext_ln73_49_fu_54859    |    0    |    0    |    0    |
|          |    sext_ln73_50_fu_54881    |    0    |    0    |    0    |
|          |    sext_ln73_51_fu_54885    |    0    |    0    |    0    |
|          |    sext_ln42_50_fu_54905    |    0    |    0    |    0    |
|          |    sext_ln70_48_fu_54919    |    0    |    0    |    0    |
|          |    sext_ln70_49_fu_54924    |    0    |    0    |    0    |
|          |    sext_ln70_50_fu_54931    |    0    |    0    |    0    |
|          |    sext_ln42_51_fu_54947    |    0    |    0    |    0    |
|          |    sext_ln73_52_fu_54959    |    0    |    0    |    0    |
|          |    sext_ln73_53_fu_54977    |    0    |    0    |    0    |
|          |    sext_ln73_54_fu_54997    |    0    |    0    |    0    |
|          |    sext_ln42_52_fu_55011    |    0    |    0    |    0    |
|          |    sext_ln73_55_fu_55023    |    0    |    0    |    0    |
|          |    sext_ln73_56_fu_55033    |    0    |    0    |    0    |
|          |    sext_ln73_57_fu_55053    |    0    |    0    |    0    |
|          |    sext_ln73_58_fu_55077    |    0    |    0    |    0    |
|          |      sext_ln58_fu_55125     |    0    |    0    |    0    |
|          |     sext_ln58_1_fu_55177    |    0    |    0    |    0    |
|          |     sext_ln58_2_fu_55205    |    0    |    0    |    0    |
|          |     sext_ln58_3_fu_55245    |    0    |    0    |    0    |
|          |     sext_ln58_4_fu_55357    |    0    |    0    |    0    |
|          |     sext_ln58_5_fu_55397    |    0    |    0    |    0    |
|          |     sext_ln58_6_fu_55539    |    0    |    0    |    0    |
|          |     sext_ln58_7_fu_55639    |    0    |    0    |    0    |
|          |     sext_ln111_fu_55825     |    0    |    0    |    0    |
|          |    sext_ln111_1_fu_55837    |    0    |    0    |    0    |
|          |    sext_ln111_2_fu_55849    |    0    |    0    |    0    |
|          |    sext_ln111_3_fu_55861    |    0    |    0    |    0    |
|          |    sext_ln111_4_fu_55873    |    0    |    0    |    0    |
|          |    sext_ln111_5_fu_55885    |    0    |    0    |    0    |
|          |    sext_ln111_6_fu_55897    |    0    |    0    |    0    |
|          |      sext_ln68_fu_55909     |    0    |    0    |    0    |
|----------|-----------------------------|---------|---------|---------|
|          |      trunc_ln_fu_52416      |    0    |    0    |    0    |
|          |    trunc_ln42_9_fu_52430    |    0    |    0    |    0    |
|          |    trunc_ln42_2_fu_52444    |    0    |    0    |    0    |
|          |    trunc_ln42_3_fu_52454    |    0    |    0    |    0    |
|          |    trunc_ln42_4_fu_52464    |    0    |    0    |    0    |
|          |    trunc_ln42_s_fu_52474    |    0    |    0    |    0    |
|          |    trunc_ln42_1_fu_52518    |    0    |    0    |    0    |
|          |    trunc_ln42_5_fu_52532    |    0    |    0    |    0    |
|          |         a_1_fu_52546        |    0    |    0    |    0    |
|          |    trunc_ln42_8_fu_52576    |    0    |    0    |    0    |
|          |    trunc_ln42_6_fu_52586    |    0    |    0    |    0    |
|          |    trunc_ln42_7_fu_52600    |    0    |    0    |    0    |
|          |    trunc_ln42_10_fu_52610   |    0    |    0    |    0    |
|          |    trunc_ln42_11_fu_52624   |    0    |    0    |    0    |
|          |    trunc_ln42_12_fu_52634   |    0    |    0    |    0    |
|          |    trunc_ln42_13_fu_52644   |    0    |    0    |    0    |
|          |    trunc_ln42_14_fu_52654   |    0    |    0    |    0    |
|          |         a_2_fu_52668        |    0    |    0    |    0    |
|          |    trunc_ln42_15_fu_52697   |    0    |    0    |    0    |
|          |    trunc_ln42_16_fu_52711   |    0    |    0    |    0    |
|          |    trunc_ln42_17_fu_52725   |    0    |    0    |    0    |
|          |    trunc_ln42_18_fu_52735   |    0    |    0    |    0    |
|          |    trunc_ln42_19_fu_52745   |    0    |    0    |    0    |
|          |    trunc_ln42_20_fu_52759   |    0    |    0    |    0    |
|          |    trunc_ln42_21_fu_52769   |    0    |    0    |    0    |
|          |    trunc_ln42_22_fu_52813   |    0    |    0    |    0    |
|          |         a_3_fu_52827        |    0    |    0    |    0    |
|          |    trunc_ln42_23_fu_52856   |    0    |    0    |    0    |
|          |    trunc_ln42_24_fu_52866   |    0    |    0    |    0    |
|          |    trunc_ln42_25_fu_52880   |    0    |    0    |    0    |
|          |    trunc_ln42_26_fu_52894   |    0    |    0    |    0    |
|          |    trunc_ln42_27_fu_52904   |    0    |    0    |    0    |
|          |    trunc_ln42_28_fu_52914   |    0    |    0    |    0    |
|          |    trunc_ln42_29_fu_52928   |    0    |    0    |    0    |
|          |    trunc_ln42_30_fu_52972   |    0    |    0    |    0    |
|          |         a_4_fu_52982        |    0    |    0    |    0    |
|          |    trunc_ln42_31_fu_53014   |    0    |    0    |    0    |
|          |    trunc_ln42_32_fu_53028   |    0    |    0    |    0    |
|          |    trunc_ln42_33_fu_53038   |    0    |    0    |    0    |
|          |    trunc_ln42_34_fu_53052   |    0    |    0    |    0    |
|          |    trunc_ln42_35_fu_53096   |    0    |    0    |    0    |
|          |    trunc_ln42_36_fu_53106   |    0    |    0    |    0    |
|          |    trunc_ln42_37_fu_53116   |    0    |    0    |    0    |
|          |    trunc_ln42_38_fu_53144   |    0    |    0    |    0    |
|          |         a_5_fu_53158        |    0    |    0    |    0    |
|          |    trunc_ln42_39_fu_53191   |    0    |    0    |    0    |
|          |    trunc_ln42_40_fu_53205   |    0    |    0    |    0    |
|          |    trunc_ln42_41_fu_53219   |    0    |    0    |    0    |
|          |    trunc_ln42_42_fu_53233   |    0    |    0    |    0    |
|          |    trunc_ln42_43_fu_53273   |    0    |    0    |    0    |
|          |    trunc_ln42_44_fu_53287   |    0    |    0    |    0    |
|          |    trunc_ln42_45_fu_53297   |    0    |    0    |    0    |
|          |    trunc_ln42_46_fu_53311   |    0    |    0    |    0    |
|          |         a_6_fu_53325        |    0    |    0    |    0    |
|          |    trunc_ln42_47_fu_53354   |    0    |    0    |    0    |
|          |    trunc_ln42_48_fu_53394   |    0    |    0    |    0    |
|          |    trunc_ln42_49_fu_53408   |    0    |    0    |    0    |
|          |    trunc_ln42_50_fu_53422   |    0    |    0    |    0    |
|          |    trunc_ln42_51_fu_53436   |    0    |    0    |    0    |
|          |    trunc_ln42_52_fu_53450   |    0    |    0    |    0    |
|          |    trunc_ln42_53_fu_53460   |    0    |    0    |    0    |
|          |    trunc_ln42_54_fu_53470   |    0    |    0    |    0    |
|          |         a_7_fu_53480        |    0    |    0    |    0    |
|          |    trunc_ln42_55_fu_53514   |    0    |    0    |    0    |
|          |    trunc_ln42_56_fu_53528   |    0    |    0    |    0    |
|          |    trunc_ln42_57_fu_53542   |    0    |    0    |    0    |
|          |    trunc_ln42_58_fu_53552   |    0    |    0    |    0    |
|          |    trunc_ln42_59_fu_53566   |    0    |    0    |    0    |
|          |    trunc_ln42_60_fu_53580   |    0    |    0    |    0    |
|          |    trunc_ln42_61_fu_53590   |    0    |    0    |    0    |
|          |    trunc_ln42_62_fu_53600   |    0    |    0    |    0    |
|partselect|         a_8_fu_53610        |    0    |    0    |    0    |
|          |    trunc_ln42_63_fu_53639   |    0    |    0    |    0    |
|          |    trunc_ln42_64_fu_53649   |    0    |    0    |    0    |
|          |    trunc_ln42_65_fu_53695   |    0    |    0    |    0    |
|          |    trunc_ln42_66_fu_53709   |    0    |    0    |    0    |
|          |    trunc_ln42_67_fu_53719   |    0    |    0    |    0    |
|          |    trunc_ln42_68_fu_53729   |    0    |    0    |    0    |
|          |    trunc_ln42_69_fu_53743   |    0    |    0    |    0    |
|          |    trunc_ln42_70_fu_53753   |    0    |    0    |    0    |
|          |         a_9_fu_53767        |    0    |    0    |    0    |
|          |    trunc_ln42_71_fu_53790   |    0    |    0    |    0    |
|          |    trunc_ln42_72_fu_53800   |    0    |    0    |    0    |
|          |    trunc_ln42_73_fu_53810   |    0    |    0    |    0    |
|          |    trunc_ln42_74_fu_53838   |    0    |    0    |    0    |
|          |    trunc_ln42_75_fu_53882   |    0    |    0    |    0    |
|          |    trunc_ln42_76_fu_53896   |    0    |    0    |    0    |
|          |    trunc_ln42_77_fu_53906   |    0    |    0    |    0    |
|          |    trunc_ln42_78_fu_53938   |    0    |    0    |    0    |
|          |        a_10_fu_53948        |    0    |    0    |    0    |
|          |    trunc_ln42_79_fu_53987   |    0    |    0    |    0    |
|          |    trunc_ln42_80_fu_54019   |    0    |    0    |    0    |
|          |    trunc_ln42_81_fu_54029   |    0    |    0    |    0    |
|          |    trunc_ln42_82_fu_54057   |    0    |    0    |    0    |
|          |    trunc_ln42_83_fu_54071   |    0    |    0    |    0    |
|          |    trunc_ln42_84_fu_54085   |    0    |    0    |    0    |
|          |    trunc_ln42_85_fu_54117   |    0    |    0    |    0    |
|          |    trunc_ln42_86_fu_54127   |    0    |    0    |    0    |
|          |        a_11_fu_54141        |    0    |    0    |    0    |
|          |    trunc_ln42_87_fu_54181   |    0    |    0    |    0    |
|          |    trunc_ln42_88_fu_54195   |    0    |    0    |    0    |
|          |    trunc_ln42_89_fu_54245   |    0    |    0    |    0    |
|          |    trunc_ln42_90_fu_54277   |    0    |    0    |    0    |
|          |    trunc_ln42_91_fu_54291   |    0    |    0    |    0    |
|          |    trunc_ln42_92_fu_54301   |    0    |    0    |    0    |
|          |    trunc_ln42_93_fu_54311   |    0    |    0    |    0    |
|          |    trunc_ln42_94_fu_54325   |    0    |    0    |    0    |
|          |        a_12_fu_54335        |    0    |    0    |    0    |
|          |    trunc_ln42_95_fu_54363   |    0    |    0    |    0    |
|          |    trunc_ln42_96_fu_54373   |    0    |    0    |    0    |
|          |    trunc_ln42_97_fu_54405   |    0    |    0    |    0    |
|          |    trunc_ln42_98_fu_54419   |    0    |    0    |    0    |
|          |    trunc_ln42_99_fu_54433   |    0    |    0    |    0    |
|          |   trunc_ln42_100_fu_54473   |    0    |    0    |    0    |
|          |   trunc_ln42_101_fu_54483   |    0    |    0    |    0    |
|          |   trunc_ln42_102_fu_54497   |    0    |    0    |    0    |
|          |        a_13_fu_54507        |    0    |    0    |    0    |
|          |   trunc_ln42_103_fu_54531   |    0    |    0    |    0    |
|          |   trunc_ln42_104_fu_54575   |    0    |    0    |    0    |
|          |   trunc_ln42_105_fu_54589   |    0    |    0    |    0    |
|          |   trunc_ln42_106_fu_54599   |    0    |    0    |    0    |
|          |   trunc_ln42_107_fu_54609   |    0    |    0    |    0    |
|          |   trunc_ln42_108_fu_54649   |    0    |    0    |    0    |
|          |   trunc_ln42_109_fu_54663   |    0    |    0    |    0    |
|          |   trunc_ln42_110_fu_54673   |    0    |    0    |    0    |
|          |        a_14_fu_54687        |    0    |    0    |    0    |
|          |   trunc_ln42_111_fu_54713   |    0    |    0    |    0    |
|          |   trunc_ln42_112_fu_54741   |    0    |    0    |    0    |
|          |   trunc_ln42_113_fu_54785   |    0    |    0    |    0    |
|          |   trunc_ln42_114_fu_54821   |    0    |    0    |    0    |
|          |   trunc_ln42_115_fu_54835   |    0    |    0    |    0    |
|          |   trunc_ln42_116_fu_54849   |    0    |    0    |    0    |
|          |   trunc_ln42_117_fu_54863   |    0    |    0    |    0    |
|          |   trunc_ln42_118_fu_54895   |    0    |    0    |    0    |
|          |        a_15_fu_54909        |    0    |    0    |    0    |
|          |   trunc_ln42_119_fu_54937   |    0    |    0    |    0    |
|          |   trunc_ln42_120_fu_54987   |    0    |    0    |    0    |
|          |   trunc_ln42_121_fu_55001   |    0    |    0    |    0    |
|          |   trunc_ln42_122_fu_55043   |    0    |    0    |    0    |
|          |   trunc_ln42_123_fu_55057   |    0    |    0    |    0    |
|          |   trunc_ln42_124_fu_55067   |    0    |    0    |    0    |
|          |   trunc_ln42_125_fu_55081   |    0    |    0    |    0    |
|          |   trunc_ln42_126_fu_55091   |    0    |    0    |    0    |
|----------|-----------------------------|---------|---------|---------|
|          |         tmp_fu_52488        |    0    |    0    |    0    |
|          |      tmp_9024_fu_52500      |    0    |    0    |    0    |
|          |      tmp_9025_fu_52783      |    0    |    0    |    0    |
|          |      tmp_9026_fu_52795      |    0    |    0    |    0    |
|          |      tmp_9027_fu_52942      |    0    |    0    |    0    |
|          |      tmp_9028_fu_52954      |    0    |    0    |    0    |
|          |      tmp_9029_fu_53066      |    0    |    0    |    0    |
|          |      tmp_9030_fu_53078      |    0    |    0    |    0    |
|          |      tmp_9031_fu_53126      |    0    |    0    |    0    |
|          |      tmp_9032_fu_53243      |    0    |    0    |    0    |
|          |      tmp_9033_fu_53255      |    0    |    0    |    0    |
|          |      tmp_9034_fu_53364      |    0    |    0    |    0    |
|          |      tmp_9035_fu_53376      |    0    |    0    |    0    |
|          |      tmp_9036_fu_53659      |    0    |    0    |    0    |
|          |      tmp_9037_fu_53677      |    0    |    0    |    0    |
|          |      tmp_9038_fu_53820      |    0    |    0    |    0    |
|          |      tmp_9039_fu_53852      |    0    |    0    |    0    |
|          |      tmp_9040_fu_53864      |    0    |    0    |    0    |
|          |      tmp_9041_fu_53916      |    0    |    0    |    0    |
|          |      tmp_9042_fu_54001      |    0    |    0    |    0    |
|          |      tmp_9043_fu_54039      |    0    |    0    |    0    |
|          |      tmp_9044_fu_54099      |    0    |    0    |    0    |
|          |      tmp_9045_fu_54163      |    0    |    0    |    0    |
|          |      tmp_9046_fu_54209      |    0    |    0    |    0    |
|bitconcatenate|      tmp_9047_fu_54227      |    0    |    0    |    0    |
|          |      tmp_9048_fu_54259      |    0    |    0    |    0    |
|          |      tmp_9049_fu_54387      |    0    |    0    |    0    |
|          |      tmp_9050_fu_54443      |    0    |    0    |    0    |
|          |      tmp_9051_fu_54455      |    0    |    0    |    0    |
|          |      tmp_9052_fu_54545      |    0    |    0    |    0    |
|          |      tmp_9053_fu_54557      |    0    |    0    |    0    |
|          |      tmp_9054_fu_54619      |    0    |    0    |    0    |
|          |      tmp_9055_fu_54631      |    0    |    0    |    0    |
|          |      tmp_9056_fu_54723      |    0    |    0    |    0    |
|          |      tmp_9057_fu_54755      |    0    |    0    |    0    |
|          |      tmp_9058_fu_54767      |    0    |    0    |    0    |
|          |      tmp_9059_fu_54803      |    0    |    0    |    0    |
|          |      tmp_9060_fu_54873      |    0    |    0    |    0    |
|          |      tmp_9061_fu_54951      |    0    |    0    |    0    |
|          |      tmp_9062_fu_54969      |    0    |    0    |    0    |
|          |      tmp_9063_fu_55015      |    0    |    0    |    0    |
|          |       shl_ln_fu_55817       |    0    |    0    |    0    |
|          |     shl_ln111_1_fu_55829    |    0    |    0    |    0    |
|          |     shl_ln111_2_fu_55841    |    0    |    0    |    0    |
|          |     shl_ln111_3_fu_55853    |    0    |    0    |    0    |
|          |     shl_ln111_4_fu_55865    |    0    |    0    |    0    |
|          |     shl_ln111_5_fu_55877    |    0    |    0    |    0    |
|          |     shl_ln111_6_fu_55889    |    0    |    0    |    0    |
|          |     shl_ln111_7_fu_55901    |    0    |    0    |    0    |
|----------|-----------------------------|---------|---------|---------|
|          |         mrv_fu_55913        |    0    |    0    |    0    |
|          |        mrv_1_fu_55919       |    0    |    0    |    0    |
|          |        mrv_2_fu_55925       |    0    |    0    |    0    |
|insertvalue|        mrv_3_fu_55931       |    0    |    0    |    0    |
|          |        mrv_4_fu_55937       |    0    |    0    |    0    |
|          |        mrv_5_fu_55943       |    0    |    0    |    0    |
|          |        mrv_6_fu_55949       |    0    |    0    |    0    |
|          |        mrv_7_fu_55955       |    0    |    0    |    0    |
|----------|-----------------------------|---------|---------|---------|
|   Total  |                             |   100   |    0    |   3549  |
|----------|-----------------------------|---------|---------|---------|

Memories:
N/A

* Register list:
+----------------------+--------+
|                      |   FF   |
+----------------------+--------+
|add_ln58_102_reg_56111|   16   |
|add_ln58_107_reg_56116|   16   |
|add_ln58_110_reg_56121|   16   |
|add_ln58_112_reg_56126|   16   |
|add_ln58_113_reg_56131|   16   |
|add_ln58_117_reg_56136|   16   |
| add_ln58_12_reg_55981|   16   |
| add_ln58_17_reg_55986|   16   |
| add_ln58_20_reg_55991|   16   |
| add_ln58_28_reg_55996|   16   |
| add_ln58_2_reg_55961 |   16   |
| add_ln58_32_reg_56001|   16   |
| add_ln58_35_reg_56006|   16   |
| add_ln58_37_reg_56011|   16   |
| add_ln58_38_reg_56016|   16   |
| add_ln58_42_reg_56021|   16   |
| add_ln58_47_reg_56026|   16   |
| add_ln58_50_reg_56031|   16   |
| add_ln58_58_reg_56036|   16   |
| add_ln58_5_reg_55966 |   16   |
| add_ln58_62_reg_56041|   16   |
| add_ln58_65_reg_56046|   16   |
| add_ln58_67_reg_56051|   16   |
| add_ln58_68_reg_56056|   16   |
| add_ln58_72_reg_56061|   16   |
| add_ln58_77_reg_56066|   16   |
| add_ln58_7_reg_55971 |   16   |
| add_ln58_80_reg_56071|   16   |
| add_ln58_82_reg_56076|   16   |
| add_ln58_83_reg_56081|   16   |
| add_ln58_87_reg_56086|   16   |
| add_ln58_8_reg_55976 |   16   |
| add_ln58_92_reg_56091|   16   |
| add_ln58_95_reg_56096|   16   |
| add_ln58_97_reg_56101|   16   |
| add_ln58_98_reg_56106|   16   |
+----------------------+--------+
|         Total        |   576  |
+----------------------+--------+

* Multiplexer (MUX) list: 
|--------|------|------|------|--------|
|  Comp  |  Pin | Size |  BW  | S x BW |
|--------|------|------|------|--------|
|  Total |      |      |      |    0   |
|--------|------|------|------|--------|



* Summary:
+-----------+--------+--------+--------+
|           |   DSP  |   FF   |   LUT  |
+-----------+--------+--------+--------+
|  Function |   100  |    0   |  3549  |
|   Memory  |    -   |    -   |    -   |
|Multiplexer|    -   |    -   |    -   |
|  Register |    -   |   576  |    -   |
+-----------+--------+--------+--------+
|   Total   |   100  |   576  |  3549  |
+-----------+--------+--------+--------+
